Type,Failed,MartenID,Run,PlateID,SampleID,Rep,Filepath,Raw.Reads,On.Target.Reads,On.Target.%,GT.%,N_GT,False.%,MC2,MC3,MC4,MC5,MC6,MC7,MC8,MC9,MC10,MC11,MC12,MC13,MC14,MC16,MC18,MC19,MC21,MC22,MC24-B,MC25,MC26,MC29,MC30,MC31,MC32,MC33,MC34,MC35,MC37,MC38,MC39,MC40,MC41,MC42,MC43,MC44,MC46,MC56,MC57,MC58,MC62,MC63,MC64,MC65,MC66,MC68,MC69,MC70,MC71,MC73,MC74,MC76,MC77,MC78,MC83,MC84,MC85,MC86,MC87,MC90,MC92,MC94,MC97,MC98,MC99,MC102,MC104,MC105,MC106,MC108,MC109,MC111,MC113,MC116,MC118,MC119,MC120,MC125,MC121,MC122,MC124,MC127,MC134,MC128,MC132,MC149,MC135,MC138,MC140,MC146,MC148,MC151,SRY_MAAM_1,SRY_MAAM_4,MC29.1,MC42.1,MC58.1,MC70.1,MC83.1,MC87.1,MC65.1,MC71.1,MC138.1,MC73.1,MC148.1,MC22.1,MC41.1,MC128.1,MC73.1,MC84.1,MC134.2
known_scat,NA,SOreg_F06.tr,Nextseq488,Marten90 / M90,MACA02,a,lane1-s002-index--TATCTGACCT-CTACAAGATA-M95_F06ELKO6403_22_a_S2_R1_001,598431,536289,89.62,100%,91,NA,AA,AC,CT,GC,TT,GG,GA,AT,GG,CT,CC,TC,GG,TC,CC,TC,CT,CC,AG,AA,CC,AA,AA,AA,GG,TT,TC,AA,CC,AA,AA,GG,GA,CC,GG,AG,CT,CC,AA,GA,CC,GG,AG,AG,GG,CC,TT,AA,TT,GG,GG,TT,TT,GG,CC,CC,CT,CT,CG,GA,AA,TT,GG,TC,AA,CC,GA,CT,TT,TT,TT,GG,AA,GA,GG,CC,AA,AA,GG,AG,TG,GA,GG,CC,GG,GG,GG,GA,AA,TT,CC,TT,(processed manually since panel still in dev),,AA,CC,GG,GG,CC,GG,TC,AA,GA,CC,GG,AA,CC,TT,GG,GG,CC
known_scat,NA,SOreg_F06.tr,Nextseq488,Marten90 / M90,MACA02,b,./illumina/lane1-s034-index--TACGCGGCTG-ACTAGCCGTG-M95_F06ELKO6403_22_b_S34_R1_001.fastq,907874,794804,87.5,95%,86,NA,AA,AC,CT,GC,TT,GG,GA,AT,GG,CT,CC,TC,0,TC,CC,TC,CT,CC,AG,AA,CC,AA,AA,AA,GG,TT,TC,AA,CC,AA,AA,GG,GA,0,GG,AG,CT,CC,AA,GA,CC,GG,AG,AG,GG,CC,TT,NA,TT,GG,GG,TT,TT,GG,CC,CC,CT,CT,CG,GA,AA,TT,GG,TC,AA,CC,GA,CT,TT,TT,TT,GG,AA,GA,GG,CC,AA,0,GG,AG,TG,GA,GG,CC,GG,GG,GG,GA,AA,TT,0,TT,(processed manually since panel still in dev),,NA,0,GG,GG,CC,GG,NA,NA,NA,0,0,AA,CC,TT,0,GG,CC
known_scat,NA,SOreg_F06.tr,Nextseq488,Marten90 / M90,MACA02,c,./illumina/lane1-s066-index--GCGTTGGTAT-AATTGCTGCG-M95_F06ELKO6403_22_c_S66_R1_001.fastq,193481,170604,88.2,100%,91,NA,AA,AC,CT,GC,TT,GG,GA,AT,GG,CT,CC,TC,GG,TC,CC,TC,CT,CC,AG,AA,CC,AA,AA,AA,GG,TT,TC,AA,CC,AA,AA,GG,GA,CC,GG,AG,CT,CC,AA,GA,CC,GG,AG,AG,GG,CC,TT,AA,TT,GG,GG,TT,TT,GG,CC,CC,CT,CT,CG,GA,AA,TT,GG,TC,AA,CC,GA,CT,TT,TT,TT,GG,AA,GA,GG,CC,AA,AA,GG,AA,TG,GA,GG,CC,GG,GG,GG,GA,AA,TT,CC,TT,(processed manually since panel still in dev),,AA,CC,GG,0,CC,GG,TC,AA,GA,CC,GG,0,CC,0,GG,GG,0
known_scat,0,SOreg_F06.tr,Nextseq488,Marten90 / M90,MACA02,3,CONSENSUS,"566,595","500,566",88.4,100%,91,0,AA,AC,CT,GC,TT,GG,GA,AT,GG,CT,CC,TC,GG,TC,CC,TC,CT,CC,AG,AA,CC,AA,AA,AA,GG,TT,TC,AA,CC,AA,AA,GG,GA,CC,GG,AG,CT,CC,AA,GA,CC,GG,AG,AG,GG,CC,TT,AA,TT,GG,GG,TT,TT,GG,CC,CC,CT,CT,CG,GA,AA,TT,GG,TC,AA,CC,GA,CT,TT,TT,TT,GG,AA,GA,GG,CC,AA,AA,GG,AG,TG,GA,GG,CC,GG,GG,GG,GA,AA,TT,CC,TT,(processed manually since panel still in dev),,AA,CC,GG,GG,CC,GG,TC,AA,GA,CC,GG,AA,CC,TT,GG,GG,CC
known_scat,NA,NA,Nextseq488,Marten90 / M90,M08QUOS6048_7,a,./illumina/lane1-s065-index--AGACACATTA-GTAAGGCATA-M95_M08QUOS6048_71_c_S65_R1_001.fastq,737404,242738,32.9,43%,39,NA,AA,CC,0,CC,TT,0,0,0,0,0,0,TT,NA,0,TT,0,TT,CC,GG,0,0,0,0,AA,GG,CC,TT,0,0,AA,0,0,NA,0,0,0,CC,0,AA,GG,0,0,0,AA,GG,CC,TT,0,0,0,0,0,CC,0,CC,TT,TT,TT,0,AA,0,0,CC,TT,0,0,0,CC,TT,0,TT,TT,AT,GG,GG,0,0,NA,0,AA,0,GG,0,0,0,0,0,0,0,CC,CC,CC,(processed manually since panel still in dev),,NA,0,GG,0,0,0,NA,NA,NA,0,NA,AA,CC,TT,0,GG,GG
known_scat,NA,NA,Nextseq488,Marten90 / M90,M08QUOS6048_71,b,lane1-s001-index--CGCTCAGTTC-TCGTGGAGCG-M95_M08QUOS6048_71_a_S1_R1_001,2989693,554051,18.53,51%,46,NA,AA,CC,0,CC,TT,0,0,AA,0,TT,0,0,GG,0,CT,TT,0,CC,AA,0,0,0,CC,AA,GG,0,CC,0,CC,0,0,GG,GG,CC,AA,0,0,CC,AA,GG,TT,AA,0,0,GG,CC,0,0,0,0,0,TT,0,GG,0,TT,CT,TT,0,0,0,TT,0,0,0,GG,AA,0,TT,TG,0,TT,TT,0,0,0,0,0,0,0,0,GA,CC,CC,AA,GG,0,GG,CC,0,CC,0,(processed manually since panel still in dev),,0,TT,GG,0,0,0,0,0,GG,0,GG,0,CC,0,0,GG,0
known_scat,NA,NA,Nextseq488,Marten90 / M90,M08QUOS6048_71,c,./illumina/lane1-s033-index--CGTATAATCA-GTCGATTACA-M95_M08QUOS6048_71_b_S33_R1_001.fastq,2102424,645756,30.7,40%,36,NA,0,0,0,CC,0,0,0,TT,GG,TT,CC,TT,NA,TC,0,0,0,0,0,GA,0,0,0,0,GG,CC,CC,0,0,0,0,0,GG,0,0,0,CC,CC,AA,0,TT,0,0,0,0,0,TT,0,0,GG,0,0,0,GG,0,0,CT,TT,CC,0,CC,TT,CC,TT,0,GG,0,CC,TT,TT,0,TT,TT,0,GG,0,0,NA,0,AA,TT,0,0,0,0,GG,GG,0,0,0,0,CC,(processed manually since panel still in dev),,NA,0,0,0,0,GG,0,NA,0,CC,0,0,CC,0,NA,0,GG
known_scat,1,NA,Nextseq488,Marten90 / M90,M08QUOS6048_71,3,CONSENSUS,"1,943,174","480,848",27.4,36%,33,58,AA,CC,CC,CC,TT,0,0,0,0,TT,0,TT,0,0,NA,0,0,CC,NA,0,0,0,0,AA,GG,CC,NA,0,0,0,0,0,GG,0,0,0,CC,CC,AA,GG,TT,0,0,0,GG,CC,TT,0,0,0,0,0,0,GG,0,TT,CT,TT,0,0,0,TT,CC,TT,0,GG,0,CC,TT,NA,0,TT,NA,0,GG,0,0,0,0,AA,0,NA,0,0,0,GG,0,0,0,0,0,CC,(processed manually since panel still in dev),,0,0,GG,0,0,0,0,0,0,0,0,0,CC,0,0,GG,0
known_scat,NA,SOreg_M11.tr,Nextseq488,Marten90 / M90,MACA09,a,lane1-s009-index--CTACTCAGTC-GTTGATAGTG-M95_M11STRA52_39_a_S9_R1_001,211118,176096,83.41,91%,83,NA,GA,CC,CT,GC,TT,GG,GG,AA,GG,CC,CC,TC,0,CC,0,CC,CT,CC,AG,AA,CT,CC,CA,AA,GG,TC,TC,AA,CT,AA,AA,GG,0,0,GG,GG,CT,CC,GA,GG,TC,AA,AG,AG,GT,CT,TT,AA,CT,GT,GG,TT,CC,GG,0,0,TT,TT,CG,GA,CC,TT,GC,TT,GG,CC,GG,CT,TT,TT,TT,GG,AA,GA,GA,CC,GA,0,GG,AG,TT,GG,CC,CC,AA,GG,GG,GG,AC,TC,0,CC,(processed manually since panel still in dev),,NA,0,GG,GG,0,GG,TC,0,NA,0,0,0,0,0,NA,0,0
known_scat,NA,SOreg_M11.tr,Nextseq488,Marten90 / M90,MACA09,b,./illumina/lane1-s041-index--ATTGCCGAGT-GACAACTGAA-M95_M11STRA52_39_b_S41_R1_001.fastq,865275,784877,90.7,96%,87,NA,GA,CC,CT,GC,TT,GG,GG,AA,GG,CC,CC,TC,NA,CC,CT,CC,CT,CC,AG,AA,CT,CC,CA,AA,GG,TC,TC,AA,CT,AA,AA,GG,GA,NA,GG,GG,CT,CC,GA,GG,TC,AA,AG,AG,GT,CT,TT,AA,CT,GT,GG,TT,CC,GG,0,CC,TT,TT,CG,GA,CC,TT,GC,TT,GG,CC,GG,CT,TT,TT,TT,GG,AA,GA,GA,CC,GA,NA,GG,AG,TT,GG,CC,CC,AA,GG,GG,GG,AC,TC,CC,CC,(processed manually since panel still in dev),,NA,NA,GG,GG,0,GG,NA,NA,NA,CC,NA,AA,CC,TT,NA,GG,CC
known_scat,NA,SOreg_M11.tr,Nextseq488,Marten90 / M90,MACA09,c,./illumina/lane1-s073-index--GTTCCGCAGG-ATCATAGGCT-M95_M11STRA52_39_c_S73_R1_001.fastq,301689,272675,90.4,98%,89,NA,GA,CC,CT,GC,TT,GG,GG,AA,GG,CC,CC,TC,GG,CC,CT,CC,CT,CC,AG,AA,CT,CC,CA,AA,0,TC,TC,AA,CT,AA,AA,GG,GA,CT,GG,GG,CT,CC,GA,GG,TC,AA,AG,AG,GT,CT,TT,AA,CT,GT,GG,TT,CC,GG,CT,CC,TT,TT,CG,GA,CC,TT,GC,TT,GG,CC,GG,CT,TT,TT,TT,GG,AA,GA,GA,CC,GA,GA,GG,0,TT,GG,CC,CC,AA,GG,GG,GG,AC,TC,CC,CC,(processed manually since panel still in dev),,GG,CC,GG,GG,CC,GG,TC,GA,GG,0,GG,0,CC,0,GG,GG,0
known_scat,0,SOreg_M11.tr,Nextseq488,Marten90 / M90,MACA09,3,CONSENSUS,"459,361","411,216",88.2,97%,88,3,GA,CC,CT,GC,TT,GG,GG,AA,GG,CC,CC,TC,0,CC,CT,CC,CT,CC,AG,AA,CT,CC,CA,AA,GG,TC,TC,AA,CT,AA,AA,GG,GA,0,GG,GG,CT,CC,GA,GG,TC,AA,AG,AG,GT,CT,TT,AA,CT,GT,GG,TT,CC,GG,CT,CC,TT,TT,CG,GA,CC,TT,GC,TT,GG,CC,GG,CT,TT,TT,TT,GG,AA,GA,GA,CC,GA,0,GG,AG,TT,GG,CC,CC,AA,GG,GG,GG,AC,TC,CC,CC,(processed manually since panel still in dev),,FALSE,0,GG,GG,0,GG,TC,GA,GG,0,0,0,CC,0,0,GG,0
known_scat,NA,SOreg_M13.tr,Nextseq488,Marten90 / M90,MACA03,a,lane1-s003-index--ATATGAGACG-TATAGTAGCT-M95_M13RDFL6056_133_a_S3_R1_001,1541669,1051657,68.22,80%,73,NA,AA,0,0,GC,0,0,GG,AA,GG,0,CC,TT,AA,TT,CT,0,CT,CC,0,AA,CC,0,CA,AA,GG,TT,TT,GA,CC,AA,0,GG,0,CC,AA,AA,CC,0,GA,GA,CC,0,0,AA,GG,CC,TT,AA,TT,TT,GG,TT,CC,GG,0,CT,CC,CC,GG,GG,AA,TT,CC,TC,AA,CC,GG,CT,TT,TT,TT,GT,AA,GG,GG,0,AA,AA,GG,GG,TT,0,GG,0,AA,GG,GG,GG,CC,TT,CC,TT,(processed manually since panel still in dev),,0,CC,GG,GG,0,GG,TT,AA,GG,CC,GG,AA,0,0,GG,GG,CC
known_scat,NA,SOreg_M13.tr,Nextseq488,Marten90 / M90,MACA03,b,./illumina/lane1-s035-index--GCGAGTTACC-AAGTTGGTGA-M95_M13RDFL6056_133_b_S35_R1_001.fastq,2096842,1257347,60,80%,73,NA,AA,CC,0,GC,TT,0,0,AA,GG,CC,CC,TT,AA,TC,CT,TC,CC,CC,AA,AA,CC,CA,AA,AA,GG,0,TT,GA,CC,AA,GG,GG,0,CT,0,AA,CC,CC,GG,0,CC,GG,AA,AA,0,CC,TT,0,TT,TT,GG,TT,CT,GG,0,CC,CC,CC,0,0,CA,TT,CC,TC,AA,CC,GG,CT,TT,TT,TT,GT,AA,GG,GG,0,0,0,0,GG,TT,GG,GG,CC,AA,GG,GG,0,AA,TT,CC,TT,(processed manually since panel still in dev),,AG,CC,GG,0,0,0,TT,AA,0,CC,GG,AA,0,TT,GG,GG,CC
known_scat,NA,SOreg_M13.tr,Nextseq488,Marten90 / M90,MACA03,c,./illumina/lane1-s067-index--AGCACATCCT-TTACAATTCC-M95_M13RDFL6056_133_c_S67_R1_001.fastq,981088,663582,67.6,73%,66,NA,AA,0,0,GC,0,0,0,AA,GG,CC,CC,TT,AA,0,CT,CC,0,CC,AA,AA,CC,0,CA,AA,GG,0,TT,0,CC,AA,0,GG,0,CC,GG,GG,CC,CC,GG,GA,CC,GG,0,AA,TT,CC,TT,AA,0,TT,GG,TT,CC,GG,0,CT,CC,0,0,0,CA,TT,CC,TT,AA,CC,GG,TT,0,TT,TT,TT,AA,GG,GG,CC,0,0,0,GG,0,GG,GG,CC,AA,GG,GG,0,CC,0,CC,TT,(processed manually since panel still in dev),,0,CC,GG,GG,0,0,TT,0,0,CC,GG,AA,0,TT,GG,GG,CC
known_scat,0.5,SOreg_M13.tr,Nextseq488,Marten90 / M90,MACA03,3,CONSENSUS,"1,539,866","990,862",65.3,68%,62,29,AA,0,0,GC,0,0,0,AA,GG,CC,CC,TT,AA,NA,CT,NA,NA,CC,AA,AA,CC,0,CA,AA,GG,0,TT,GA,CC,AA,0,GG,0,NA,NA,NA,CC,CC,NA,GA,CC,GG,0,AA,NA,CC,TT,AA,TT,TT,GG,TT,NA,GG,0,CT,CC,CC,0,0,CA,TT,CC,TC,AA,CC,GG,CT,TT,TT,TT,GT,AA,GG,GG,0,0,0,0,GG,TT,GG,GG,CC,AA,GG,GG,0,NA,TT,CC,TT,(processed manually since panel still in dev),,0,CC,GG,GG,0,0,TT,AA,0,CC,GG,AA,0,TT,GG,GG,CC
known_scat,NA,NA,Nextseq488,Marten90 / M90,M15630236,a,lane1-s006-index--GCGCGATGTT-GTCCACTTGT-M95_M15630236_a_S6_R1_001,396050,376139,94.97,97%,88,NA,GA,CC,TT,GC,TT,AG,GG,AA,GG,CC,CC,TC,0,TT,CC,TT,CT,CC,AG,AA,CC,CC,CA,AG,GG,TT,CC,GG,CC,AA,AA,GG,AA,0,AA,GG,CT,CT,AA,GA,TT,GG,AG,AA,GG,CC,TT,NA,CC,TT,GC,TT,CT,GG,CT,CT,CC,CT,CG,GA,CC,TC,GC,TC,AA,CC,AA,CC,TT,TG,TT,GT,AA,GA,GG,CC,AA,AA,GG,AG,TT,GG,CC,CC,GG,GG,GG,GA,AA,CC,CC,CC,(processed manually since panel still in dev),,NA,0,GG,GG,CC,GG,TT,NA,NA,CC,GG,AA,CC,TT,NA,GG,CC
known_scat,NA,NA,Nextseq488,Marten90 / M90,M15630236,b,./illumina/lane1-s038-index--CTGTCTGCAC-TACCATCCGT-M95_M15630236_b_S38_R1_001.fastq,965053,917371,95.1,100%,91,NA,GA,CC,TT,GC,TT,AG,GG,AA,GG,CC,CC,TC,AA,TT,CC,TT,CT,CC,AG,AA,CC,CC,CA,AG,GG,TT,CC,GG,CC,AA,AA,GG,AA,CC,AA,GG,CT,CT,AA,GA,TT,GG,AG,AA,GG,CC,TT,AA,CC,TT,GC,TT,CT,GG,CT,CT,CC,CT,CG,GA,CC,TC,GC,TC,AA,CC,AA,CC,TT,TG,TT,GT,AA,GA,GG,CC,AA,AA,GG,AG,TT,GG,CC,CC,GG,GG,GG,GA,AA,CC,CC,CC,(processed manually since panel still in dev),,GG,CC,GG,GG,CC,GG,TT,GG,GA,CC,GG,AA,CC,TT,GG,GG,CC
known_scat,NA,NA,Nextseq488,Marten90 / M90,M15630236,c,./illumina/lane1-s070-index--ACGTCAATAC-GGAATTCCAA-M95_M15630236_c_S70_R1_001.fastq,189376,178980,94.5,98%,89,NA,GA,CC,TT,GC,TT,AG,GG,AA,GG,CC,CC,TC,0,TT,CC,TT,CT,CC,AG,AA,CC,CC,CA,AG,GG,TT,CC,GG,CC,AA,AA,GG,AA,0,AA,GG,CT,CT,AA,GA,TT,GG,AG,AA,GG,CC,TT,AA,CC,TT,GC,TT,CT,GG,CT,CT,CC,CT,CG,GA,CC,TC,GC,TC,AA,CC,AA,CC,TT,TG,TT,GT,AA,GA,GG,CC,AA,AA,GG,AG,TT,GG,CC,CC,GG,GG,GG,GA,AA,CC,CC,CC,(processed manually since panel still in dev),,GG,CC,GG,0,CC,GG,TT,GG,GA,0,GG,0,CC,0,GG,GG,0
known_scat,0,NA,Nextseq488,Marten90 / M90,M15630236,3,CONSENSUS,"516,826","490,830",94.9,98%,89,2,GA,CC,TT,GC,TT,AG,GG,AA,GG,CC,CC,TC,0,TT,CC,TT,CT,CC,AG,AA,CC,CC,CA,AG,GG,TT,CC,GG,CC,AA,AA,GG,AA,0,AA,GG,CT,CT,AA,GA,TT,GG,AG,AA,GG,CC,TT,AA,CC,TT,GC,TT,CT,GG,CT,CT,CC,CT,CG,GA,CC,TC,GC,TC,AA,CC,AA,CC,TT,TG,TT,GT,AA,GA,GG,CC,AA,AA,GG,AG,TT,GG,CC,CC,GG,GG,GG,GA,AA,CC,CC,CC,(processed manually since panel still in dev),,GG,0,GG,GG,CC,GG,TT,GG,GA,CC,GG,AA,CC,TT,GG,GG,CC
known_scat,NA,NA,Nextseq488,Marten90 / M90,M15OPHR6735_17,a,lane1-s007-index--AGAGCACTAG-TGGAACAGTA-M95_M15OPHR6735_17_a_S7_R1_001,1409592,1216864,86.33,95%,86,NA,0,CC,TT,0,TT,0,GG,AA,GG,CC,CC,TC,AG,TT,CC,TT,0,CC,AG,AA,CC,CC,CA,AG,GG,TT,CC,GG,CC,AA,AA,GG,AA,CC,AA,GG,CT,CT,AA,GA,TT,GG,AG,AA,GG,CC,TT,AA,CC,TT,GC,TT,CT,GG,CT,CT,CC,CT,CC,GA,CC,TC,GC,TC,AA,CC,AA,CC,TT,TG,TT,GT,AA,0,GG,CC,AA,AA,GG,AG,TT,GG,CC,CC,GG,GG,GG,GA,AA,CC,CC,CC,(processed manually since panel still in dev),,GG,CC,GG,GG,CC,GG,TT,GG,GA,CC,GG,AA,CC,TT,GG,GG,CC
known_scat,NA,NA,Nextseq488,Marten90 / M90,M15OPHR6735_17,b,./illumina/lane1-s039-index--CAGCCGATTG-GCTGTAGGAA-M95_M15OPHR6735_17_b_S39_R1_001.fastq,639562,505667,79.1,100%,91,NA,GA,CC,TT,GC,TT,GG,GG,AA,GG,CC,CC,TC,AG,TT,CC,TT,CT,CC,AG,AA,CC,CC,CA,AA,GG,TT,CC,GG,CC,AA,AA,GG,AA,CC,AA,GG,CT,CT,AA,GA,TT,GG,AG,AA,GG,CC,TT,AA,CC,TT,GC,TT,CT,GG,CT,CT,CC,CT,CG,AA,CC,TC,GC,TC,AA,CC,AA,CC,TT,TG,TT,GT,AA,GA,GG,CC,AA,AA,GG,AG,TT,GG,CC,CC,GG,GG,GG,GA,AA,CC,CC,CC,(processed manually since panel still in dev),,GG,CC,GG,GG,CC,GG,TT,GG,GA,CC,GG,AA,CC,TT,GG,GG,CC
known_scat,NA,NA,Nextseq488,Marten90 / M90,M15OPHR6735_17,c,./illumina/lane1-s071-index--GGTGTACAAG-AAGCGCGCTT-M95_M15OPHR6735_17_c_S71_R1_001.fastq,387271,333683,86.2,88%,80,NA,GA,CC,TT,GC,TT,AG,GG,AA,GG,CC,CC,TC,0,TT,CC,TT,CT,CC,AG,AA,CC,CC,CA,GG,GG,TT,CC,GG,CC,AA,AA,GG,0,0,AA,GG,CT,CC,AA,0,TT,GG,AG,AA,GG,CC,TT,0,CC,TT,CC,TT,CC,GG,0,0,CC,TT,0,GA,CC,TC,GC,TC,AA,CC,AA,CC,TT,TG,TT,0,AA,GG,GG,CC,AA,0,GG,AG,TT,GG,CC,CC,GG,GG,GG,GA,AA,CC,0,CC,(processed manually since panel still in dev),,NA,0,0,0,0,0,0,NA,NA,0,0,0,0,0,NA,0,0
known_scat,0,NA,Nextseq488,Marten90 / M90,M15OPHR6735_17,3,CONSENSUS,"812,142","685,405",83.9,97%,88,3,GA,CC,TT,GC,TT,NA,GG,AA,GG,CC,CC,TC,AG,TT,CC,TT,CT,CC,AG,AA,CC,CC,CA,AG,GG,TT,CC,GG,CC,AA,AA,GG,AA,CC,AA,GG,CT,CT,AA,GA,TT,GG,AG,AA,GG,CC,TT,AA,CC,TT,GC,TT,CT,GG,CT,CT,CC,CT,NA,GA,CC,TC,GC,TC,AA,CC,AA,CC,TT,TG,TT,GT,AA,NA,GG,CC,AA,AA,GG,AG,TT,GG,CC,CC,GG,GG,GG,GA,AA,CC,CC,CC,(processed manually since panel still in dev),,GG,CC,GG,GG,CC,GG,TT,GG,GA,CC,GG,AA,CC,TT,GG,GG,CC
known_scat,NA,NCali_M05.tr,Nextseq488,Marten90 / M90,MACA08,a,lane1-s008-index--TGCCTTGATC-CCTTGTTAAT-M95_M15TRW6013_28_a_S8_R1_001,3171300,2413312,76.1,97%,88,NA,GA,AC,TT,GC,TT,GG,GG,AT,GG,0,CC,TT,AA,TC,CT,TT,CT,CG,GG,AA,CC,CC,CC,AA,GG,TC,TC,GG,CC,AA,0,GA,AA,CC,AA,AA,TT,CC,GA,GA,TC,AA,AG,AG,GG,CC,TC,AA,CC,GT,GG,CC,CC,GG,CC,0,CT,TT,CC,GG,CC,TT,GC,TT,AG,CG,GA,TT,TT,TT,TA,GT,AA,GG,GG,CC,GG,GG,GG,AA,TT,GG,CC,CT,AG,GC,GG,GG,AA,TC,CC,CT,(processed manually since panel still in dev),,GG,CC,GG,GG,CT,GG,TC,GG,GG,CC,GG,AA,CC,TT,GG,0,CG
known_scat,NA,NCali_M05.tr,Nextseq488,Marten90 / M90,MACA08,b,./illumina/lane1-s040-index--TGACTACATA-CGCACTAATG-M95_M15TRW6013_28_b_S40_R1_001.fastq,1086712,367030,33.8,79%,72,NA,GA,AC,TT,GC,TT,GG,GG,AT,GG,0,CC,TT,0,TC,CT,0,CT,CG,GG,AA,0,CC,CC,AA,GG,TC,TC,GG,CC,AA,0,0,0,0,AA,AA,TT,CC,GA,GA,TC,AA,AG,AG,GG,CC,TC,0,0,GT,GG,CC,CC,GG,0,0,CT,TT,0,GG,CC,TT,GC,TT,AG,CG,GA,TT,TT,TT,0,GT,AA,GG,GG,CC,GG,0,0,AA,0,GG,CC,CT,AG,GC,GG,GG,0,TC,0,CT,(processed manually since panel still in dev),,NA,0,GG,0,0,0,0,0,NA,0,0,0,0,0,NA,0,0
known_scat,NA,NCali_M05.tr,Nextseq488,Marten90 / M90,MACA08,c,./illumina/lane1-s072-index--CCACCTGTGT-TGAGCGTTGT-M95_M15TRW6013_28_c_S72_R1_001.fastq,1992878,1833251,92,89%,81,NA,GA,AC,TT,GC,TT,GG,GG,AT,GG,TT,CC,TT,NA,TC,CT,TT,CT,CG,GG,AA,CC,CC,CC,AA,GG,TC,TC,GG,CC,AA,0,GA,0,0,AA,AA,TT,CC,GA,GA,TC,AA,AG,AG,GG,CC,TC,0,CC,GT,GG,CC,CC,GG,0,CT,CT,TT,0,GG,CC,TT,GC,TT,AG,CG,GA,TT,TT,TT,0,GT,AA,GG,GG,CC,GG,NA,GG,AA,TT,GG,CC,CT,AG,GC,GG,GG,AA,TC,0,CT,(processed manually since panel still in dev),,NA,0,GG,0,0,0,0,0,NA,0,0,0,0,0,NA,GG,0
known_scat,0,NCali_M05.tr,Nextseq488,Marten90 / M90,MACA08,3,CONSENSUS,"2,083,630","1,537,864",67.3,87%,79,12,GA,AC,TT,GC,TT,GG,GG,AT,GG,0,CC,TT,0,TC,CT,TT,CT,CG,GG,AA,CC,CC,CC,AA,GG,TC,TC,GG,CC,AA,0,GA,0,0,AA,AA,TT,CC,GA,GA,TC,AA,AG,AG,GG,CC,TC,0,CC,GT,GG,CC,CC,GG,0,0,CT,TT,0,GG,CC,TT,GC,TT,AG,CG,GA,TT,TT,TT,0,GT,AA,GG,GG,CC,GG,0,GG,AA,TT,GG,CC,CT,AG,GC,GG,GG,AA,TC,0,CT,(processed manually since panel still in dev),,FALSE,0,GG,0,0,0,TC,0,FALSE,0,0,0,0,0,0,0,0
known_scat,NA,SOreg_M16.tr,Nextseq488,Marten90 / M90,MACA04,a,lane1-s004-index--CTTATGGAAT-TGCCTGGTGG-M95_M16RDFL6328_64_a_S4_R1_001,1264370,954000,75.45,99%,90,NA,GA,CC,CC,GC,TT,AA,GA,AA,GG,CC,CC,TT,GG,TT,CC,CC,CT,CC,AG,AA,CC,CC,AA,AA,GG,TT,TT,AA,CC,AA,AA,GG,GA,TT,GG,AG,CT,CT,GA,AA,TC,GA,AG,AA,TT,CC,TT,AG,CT,TT,GG,TT,TT,GA,0,CC,CC,TT,CG,AA,CC,TT,GC,TT,AA,CC,GA,CC,TT,TT,TA,TT,AT,GG,GA,CC,AA,AA,GT,AG,TG,GG,GG,CC,AG,CC,GG,GG,AC,TT,CC,CT,(processed manually since panel still in dev),,GG,CC,GG,GA,0,GG,TT,GA,GG,CC,GG,AA,CC,TT,GG,GG,CC
known_scat,NA,SOreg_M16.tr,Nextseq488,Marten90 / M90,MACA04,b,./illumina/lane1-s036-index--TACGGCCGGT-TGGCAATATT-M95_M16RDFL6328_64_b_S36_R1_001.fastq,1524082,1320362,86.6,91%,83,NA,GA,CC,CC,GC,TT,AA,GA,AA,0,CC,CC,TT,0,TT,CC,CC,CT,CC,AG,AA,CC,CC,AA,AA,GG,TT,TT,AA,CC,AA,AA,GG,0,0,GG,AG,CT,CT,GA,AA,TC,GA,AG,AA,TT,CC,TT,AG,CT,TT,GG,TT,TT,GA,NA,0,CC,TT,CG,AA,CC,TT,GC,TT,AA,CC,GA,CC,TT,TT,TA,TT,AT,GG,GA,CC,AA,0,GT,AA,TG,GG,GG,CC,AG,CC,GG,GG,AC,TT,0,CT,(processed manually since panel still in dev),,NA,0,GG,GA,NA,GG,TT,0,NA,0,0,0,0,0,NA,0,0
known_scat,NA,SOreg_M16.tr,Nextseq488,Marten90 / M90,MACA04,c,./illumina/lane1-s068-index--TTGTTCCGTG-AACCTAGCAC-M95_M16RDFL6328_64_c_S68_R1_001.fastq,311649,268860,86.3,92%,84,NA,GA,CC,CC,GC,TT,AA,GA,AA,GG,CC,CC,TT,NA,TT,CC,CC,CT,CC,AG,AA,CC,CC,AA,AA,GG,TT,TT,AA,CC,AA,AA,GG,0,0,GG,AG,CT,CT,GA,AA,TC,GA,AG,AA,TT,CC,TT,AG,CT,TT,GG,TT,TT,0,0,NA,CC,TT,CG,AA,CC,TT,GC,TT,AA,CC,GA,CC,TT,TT,TA,TT,AT,GG,GA,CC,AA,NA,GT,AG,TG,GG,GG,CC,AG,CC,GG,GG,AC,TT,CC,CT,(processed manually since panel still in dev),,NA,0,NA,GA,0,NA,0,0,NA,0,NA,,0,,NA,NA,
known_scat,0,SOreg_M16.tr,Nextseq488,Marten90 / M90,MACA04,3,CONSENSUS,"1,033,367","847,741",82.8,95%,86,5,GA,CC,CC,GC,TT,AA,GA,AA,GG,CC,CC,TT,0,TT,CC,CC,CT,CC,AG,AA,CC,CC,AA,AA,GG,TT,TT,AA,CC,AA,AA,GG,0,0,GG,AG,CT,CT,GA,AA,TC,GA,AG,AA,TT,CC,TT,AG,CT,TT,GG,TT,TT,GA,0,FALSE,CC,TT,CG,AA,CC,TT,GC,TT,AA,CC,GA,CC,TT,TT,TA,TT,AT,GG,GA,CC,AA,0,GT,AG,TG,GG,GG,CC,AG,CC,GG,GG,AC,TT,CC,CT,(processed manually since panel still in dev),,FALSE,0,GG,GA,0,GG,TT,GA,FALSE,0,0,0,0,0,0,0,0
known_scat,NA,SOreg_M16.tr,Nextseq488,Marten90 / M90,MACA05,a,lane1-s005-index--TAATCTCGTC-ACATTATCCT-M95_M16RDFL6328_65_a_S5_R1_001,415300,394939,95.1,99%,90,NA,GA,CC,CC,GC,TT,AA,GA,AA,GG,CC,CC,TT,0,TT,CC,CC,CT,CC,AG,AA,CC,CC,AA,AA,GG,TT,TT,AA,CC,AA,AA,GG,GA,TT,GG,AG,CT,CT,GA,AA,TC,GA,AG,AA,TT,CC,TT,AG,CT,TT,GG,TT,TT,GA,CT,CC,CC,TT,CG,AA,CC,TT,GC,TT,AA,CC,GA,CC,TT,TT,TA,TT,AT,GG,GA,CC,AA,AA,GT,AG,TG,GG,GG,CC,AG,CC,GG,GG,AC,TT,CC,CT,(processed manually since panel still in dev),,GG,CC,GG,GA,CC,GG,TT,GA,GG,CC,GG,AA,CC,TT,GG,GG,CC
known_scat,NA,SOreg_M16.tr,Nextseq488,Marten90 / M90,MACA05,b,./illumina/lane1-s037-index--GTCGATTACA-GATCACCGCG-M95_M16RDFL6328_65_b_S37_R1_001.fastq,1163042,1106019,95.1,96%,87,NA,GA,CC,CC,GC,TT,AA,GA,AA,GG,CC,CC,TT,0,TT,CC,CC,CT,CC,AG,AA,CC,CC,AA,AA,GG,TT,TT,AA,CC,AA,AA,GG,GA,0,GG,AG,CT,CT,GA,AA,TC,GA,AG,AA,TT,CC,TT,NA,CT,TT,GG,TT,TT,GA,CT,CC,CC,TT,CG,AA,CC,TT,GC,TT,AA,CC,GA,CC,TT,TT,TA,TT,AT,GG,GA,CC,AA,AA,GT,AG,TG,GG,GG,CC,AG,CC,GG,GG,AC,TT,0,CT,(processed manually since panel still in dev),,NA,0,GG,GA,CC,GG,TT,NA,NA,CC,0,AA,CC,TT,NA,GG,CC
known_scat,NA,SOreg_M16.tr,Nextseq488,Marten90 / M90,MACA05,c,./illumina/lane1-s069-index--AAGTACTCCA-TCTGTGTGGA-M95_M16RDFL6328_65_c_S69_R1_001.fastq,170897,159885,93.6,100%,91,NA,GA,CC,CC,GC,TT,AA,GA,AA,GG,CC,CC,TT,GG,TT,CC,CC,CT,CC,AG,AA,CC,CC,AA,AA,GG,TT,TT,AA,CC,AA,AA,GG,GA,TT,GG,AG,CT,CT,GA,AA,TC,GA,AG,AA,TT,CC,TT,AG,CT,TT,GG,TT,TT,GA,CT,CC,CC,TT,CG,AA,CC,TT,GC,TT,AA,CC,GA,CC,TT,TT,TA,TT,AT,GG,GA,CC,AA,AA,GT,AG,TG,GG,GG,CC,AG,CC,GG,GG,AC,TT,CC,CT,(processed manually since panel still in dev),,GG,CC,GG,0,CC,GG,TT,GA,GG,0,GG,0,CC,0,GG,GG,0
known_scat,0,SOreg_M16.tr,Nextseq488,Marten90 / M90,MACA05,3,CONSENSUS,"583,080","553,614",94.6,99%,90,1,GA,CC,CC,GC,TT,AA,GA,AA,GG,CC,CC,TT,0,TT,CC,CC,CT,CC,AG,AA,CC,CC,AA,AA,GG,TT,TT,AA,CC,AA,AA,GG,GA,TT,GG,AG,CT,CT,GA,AA,TC,GA,AG,AA,TT,CC,TT,AG,CT,TT,GG,TT,TT,GA,CT,CC,CC,TT,CG,AA,CC,TT,GC,TT,AA,CC,GA,CC,TT,TT,TA,TT,AT,GG,GA,CC,AA,AA,GT,AG,TG,GG,GG,CC,AG,CC,GG,GG,AC,TT,CC,CT,(processed manually since panel still in dev),,GG,CC,GG,GA,CC,GG,TT,GA,GG,CC,GG,AA,CC,TT,GG,GG,CC
known_scat,NA,NA,Nextseq488,Marten90 / M90,MACA0052_122_01_0918,a,./illumina/lane1-s018-index--GGTTGCCTCT-CTAATGATGG-M95_MACA0052_122_01_0918_a_S18_R1_001.fastq,906,0,0,-2%,-2,NA,0,0,0,0,0,0,0,0,0,0,0,0,NA,0,0,0,0,0,0,0,0,0,0,0,0,0,0,0,0,0,0,0,0,0,0,0,0,0,0,0,0,0,0,0,0,0,0,NA,0,0,0,0,0,0,0,0,0,0,0,0,0,0,0,0,0,0,0,0,0,0,0,0,0,0,0,0,0,NA,0,0,0,0,0,0,0,0,0,0,0,0,0,0,(processed manually since panel still in dev),,NA,0,0,0,0,0,0,NA,0,0,0,,0,,NA,0,
known_scat,NA,NA,Nextseq488,Marten90 / M90,MACA0052_122_01_0918,b,./illumina/lane1-s050-index--ACATGGTGTC-TCAACGTGTA-M95_MACA0052_122_01_0918_b_S50_R1_001.fastq,873,6,0.7,-2%,-2,NA,0,0,0,0,0,0,0,0,0,0,0,0,NA,0,0,0,0,0,0,0,0,0,0,0,0,0,0,0,0,0,0,0,0,0,0,0,0,0,0,0,0,0,0,0,0,0,0,NA,0,0,0,0,0,0,0,0,0,0,0,0,0,0,0,0,0,0,0,0,0,0,0,0,0,0,0,0,0,NA,0,0,0,0,0,0,0,0,0,0,0,0,0,0,(processed manually since panel still in dev),,NA,0,0,0,0,0,0,NA,0,0,0,,0,,NA,0,
known_scat,NA,NA,Nextseq488,Marten90 / M90,MACA0052_122_01_0918,c,./illumina/lane1-s082-index--TTGTAACGGT-CTCATAGCGA-M95_MACA0052_122_01_0918_c_S82_R1_001.fastq,1121,0,0,-2%,-2,NA,0,0,0,0,0,0,0,0,0,0,0,0,NA,0,0,0,0,0,0,0,0,0,0,0,0,0,0,0,0,0,0,0,0,0,0,0,0,0,0,0,0,0,0,0,0,0,0,NA,0,0,0,0,0,0,0,0,0,0,0,0,0,0,0,0,0,0,0,0,0,0,0,0,0,0,0,0,0,NA,0,0,0,0,0,0,0,0,0,0,0,0,0,0,(processed manually since panel still in dev),,NA,0,0,0,0,0,0,NA,0,0,0,,0,,NA,0,
known_scat,1,NA,Nextseq488,Marten90 / M90,MACA0052_122_01_0918,3,CONSENSUS,967,2,0.2,-2%,-2,93,0,0,0,0,0,0,0,0,0,0,0,0,0,0,0,0,0,0,0,0,0,0,0,0,0,0,0,0,0,0,0,0,0,0,0,0,0,0,0,0,0,0,0,0,0,0,0,0,0,0,0,0,0,0,0,0,0,0,0,0,0,0,0,0,0,0,0,0,0,0,0,0,0,0,0,0,0,0,0,0,0,0,0,0,0,0,0,0,0,0,0,0,(processed manually since panel still in dev),,0,0,0,0,0,0,0,0,0,0,0,0,0,0,NA,0,0
known_scat,NA,SOreg_M11.tr,Nextseq488,Marten90 / M90,MACA12s,a,lane1-s012-index--CCTATGACTC-GTGTGGCGCT-M95_MACA0052_322_12_0212_a_S12_R1_001,620043,444163,71.63,93%,85,NA,GA,CC,CT,GC,TT,0,GG,AA,GG,CC,CC,TC,GG,CC,CT,CC,CT,CC,0,AA,CC,CC,0,AA,GG,TC,TT,AA,CT,AA,0,GG,GA,CT,GG,GG,CT,CC,GA,GG,TC,AA,AG,AG,GT,CT,TT,AA,TT,GT,GG,TT,CC,GG,CT,CC,TT,TT,CG,GA,CC,TT,0,TT,GG,CC,GG,CT,TT,TT,TT,GG,AA,AA,GA,0,GA,GA,GG,AG,TT,GG,CC,CC,AA,GG,GG,GG,AC,TC,CC,CC,(processed manually since panel still in dev),,GG,CC,GG,GG,CC,GG,TC,AA,GG,CC,GG,,CC,,GG,GG,
known_scat,NA,SOreg_M11.tr,Nextseq488,Marten90 / M90,MACA12s,b,./illumina/lane1-s044-index--TGGCTCGCAG-AATCCGGCCA-M95_MACA0052_322_12_0212_b_S44_R1_001.fastq,1477945,1079155,73,98%,89,NA,GA,CC,CT,GC,TT,GG,GG,AA,GG,CC,CC,TC,GG,CC,0,CC,CT,CC,AG,AA,CT,CC,CA,AA,GG,TC,TT,AA,CT,AA,AA,GG,GA,CT,GG,GG,CT,CC,GA,GG,TC,AA,AG,AG,GT,CT,TT,AA,TT,GT,GG,TT,CC,GG,CT,CC,TT,TT,CG,GA,CC,TT,CC,TT,GG,CC,GG,CT,TT,TT,TT,GG,AA,GA,GA,CC,GA,GA,GG,0,TT,GG,CC,CC,AA,GG,GG,GG,AC,TC,CC,CC,(processed manually since panel still in dev),,GG,CC,GG,GG,CC,GG,TC,AA,GG,CC,GG,,CC,,GG,GG,
known_scat,NA,SOreg_M11.tr,Nextseq488,Marten90 / M90,MACA12s,c,./illumina/lane1-s076-index--GTAGAGTCAG-ACGGCCGTCA-M95_MACA0052_322_12_0212_c_S76_R1_001.fastq,1879266,1514884,80.6,91%,83,NA,GG,CC,CT,GC,TT,GG,GG,AA,GG,CC,CC,TC,NA,CC,CT,CC,CT,CC,AG,AA,0,CC,CA,AA,GG,TC,TC,AA,CT,AA,AA,GG,0,0,GG,GG,0,CC,GA,GG,TC,AA,AG,AG,GT,CT,TT,AA,CT,GT,GG,TT,CC,GG,0,CC,TT,TT,CG,GA,CC,TT,GC,TT,GG,CC,GG,CT,TT,TT,TT,GG,AA,GA,GA,CC,AA,NA,GG,AA,TT,GG,CC,CC,AA,GG,GG,GG,AC,TC,0,CC,(processed manually since panel still in dev),,NA,0,GG,GG,0,0,NA,GA,NA,CC,0,,0,,NA,GG,
known_scat,0,SOreg_M11.tr,Nextseq488,Marten90 / M90,MACA12s,3,CONSENSUS,"1,325,751","1,012,734",75.1,95%,86,5,GA,CC,CT,GC,TT,GG,GG,AA,GG,CC,CC,TC,GG,CC,CT,CC,CT,CC,AG,AA,NA,CC,CA,AA,GG,TC,NA,AA,CT,AA,AA,GG,GA,CT,GG,GG,CT,CC,GA,GG,TC,AA,AG,AG,GT,CT,TT,AA,NA,GT,GG,TT,CC,GG,CT,CC,TT,TT,CG,GA,CC,TT,NA,TT,GG,CC,GG,CT,TT,TT,TT,GG,AA,GA,GA,CC,GA,GA,GG,NA,TT,GG,CC,CC,AA,GG,GG,GG,AC,TC,CC,CC,(processed manually since panel still in dev),,GG,CC,GG,GG,CC,GG,TC,NA,GG,CC,GG,0,CC,0,GG,GG,0
known_scat,NA,NA,Nextseq488,Marten90 / M90,MACA1046_42023_02_1516,a,lane1-s016-index--GCCGTAACCG-AAGACTATAG-M95_MACA1046_42023_02_1516_a_S16_R1_001,633,1,0.16,89%,81,NA,AA,AC,CT,GG,TT,AG,GG,AA,GG,CC,CC,TT,NA,TC,CC,TC,CC,CC,AG,AA,CC,CC,AA,AA,GG,TT,TC,AA,CC,AA,AA,GG,0,0,GG,AG,CT,CT,AA,AA,TC,GG,AA,AA,GT,CC,TT,0,CT,TT,GG,TT,CT,GG,0,0,CC,CT,0,GA,CA,TT,GC,TT,AA,CC,GG,CC,TT,TG,TT,GT,AA,GA,GG,0,AA,NA,GG,GG,TG,GG,CG,CC,AG,GC,GG,GG,AC,TC,0,CT,(processed manually since panel still in dev),,NA,0,0,0,0,0,NA,NA,NA,,0,,0,,NA,0,
known_scat,NA,NA,Nextseq488,Marten90 / M90,MACA1046_42023_02_1516,b,./illumina/lane1-s048-index--AGTGCCACTG-TAACAATAGG-M95_MACA1046_42023_02_1516_b_S48_R1_001.fastq,998,3,0.3,-2%,-2,NA,0,0,0,0,0,0,0,0,0,0,0,0,NA,0,0,0,0,0,0,0,0,0,0,0,0,0,0,0,0,0,0,0,0,0,0,0,0,0,0,0,0,0,0,0,0,0,0,0,0,0,0,0,0,0,0,0,0,0,0,0,0,0,0,0,0,0,0,0,0,0,0,0,0,0,0,0,0,NA,0,0,0,0,0,0,0,0,0,0,0,0,0,0,(processed manually since panel still in dev),,NA,0,0,0,0,0,0,NA,0,0,0,,0,,NA,0,
known_scat,NA,NA,Nextseq488,Marten90 / M90,MACA1046_42023_02_1516,c,./illumina/lane1-s080-index--CTGGCTTGCC-CAAGCATCCG-M95_MACA1046_42023_02_1516_c_S80_R1_001.fastq,888,1,0.1,-2%,-2,NA,0,0,0,0,0,0,0,0,0,0,0,0,NA,0,0,0,0,0,0,0,0,0,0,0,0,0,0,0,0,0,0,0,0,0,0,0,0,0,0,0,0,0,0,0,0,0,0,0,0,0,0,0,0,0,0,0,0,0,0,0,0,0,0,0,0,0,0,0,0,0,0,0,0,0,0,0,0,NA,0,0,0,0,0,0,0,0,0,0,0,0,0,0,(processed manually since panel still in dev),,NA,0,0,0,0,0,0,NA,0,0,0,,0,,NA,0,
known_scat,1,NA,Nextseq488,Marten90 / M90,MACA1046_42023_02_1516,3,CONSENSUS,840,2,0.2,-2%,-2,93,0,0,0,0,0,0,0,0,0,0,0,0,0,0,0,0,0,0,0,0,0,0,0,0,0,0,0,0,0,0,0,0,0,0,0,0,0,0,0,0,0,0,0,0,0,0,0,0,0,0,0,0,0,0,0,0,0,0,0,0,0,0,0,0,0,0,0,0,0,0,0,0,0,0,0,0,0,0,0,0,0,0,0,0,0,0,0,0,0,0,0,0,(processed manually since panel still in dev),,0,0,0,0,0,0,0,0,0,0,0,0,0,0,0,0,0
known_scat,NA,NCali_F02.tr,Nextseq488,Marten90 / M90,MACA11,a,lane1-s011-index--GAACATACGG-CATACACTGT-M95_MACA22_02_096004_411_a_S11_R1_001,176407,148049,83.92,97%,88,NA,AA,AC,CC,CC,TT,GG,GG,AA,GG,TT,CC,TC,0,TC,TT,CC,TT,CC,AG,AA,CC,CC,AA,AA,GG,TC,TC,GA,CC,AT,AA,GG,GA,CC,AA,AA,CC,CT,GG,GG,TT,GA,0,AG,GG,CC,0,AA,TT,GT,GC,TT,TT,GG,CT,CC,TT,CT,CC,GG,CA,CC,CC,TC,AA,CG,AA,CC,TC,TT,TT,GG,TT,GA,GA,CC,AA,AA,GG,AG,TT,GA,CC,CC,GG,GC,GT,GG,AA,TT,CC,TT,(processed manually since panel still in dev),,GG,CC,GG,GG,CC,GG,TC,AA,GG,CC,GG,AA,CC,TT,GG,GG,CG
known_scat,NA,NCali_F02.tr,Nextseq488,Marten90 / M90,MACA11,b,./illumina/lane1-s043-index--GGCGAGATGG-TTCTATGGTT-M95_MACA22_02_096004_411_b_S43_R1_001.fastq,518902,462896,89.2,92%,84,NA,AA,AC,CC,CC,TT,GG,GG,AA,GG,TT,CC,TC,NA,TC,TT,CC,0,CC,AG,AA,CC,CC,AA,AA,GG,TC,TC,GA,CC,AT,AA,GG,0,0,AA,AA,CC,CT,GG,GG,TT,GA,AG,0,GG,CC,TC,0,TT,GT,GC,TT,TT,GG,CT,CC,TT,CT,CC,GG,CA,CC,CC,TC,AA,CG,AA,CC,TC,TT,TT,GG,TT,GA,GA,CC,AA,NA,GG,AG,TT,GA,CC,CC,GG,GC,GT,GG,AA,TT,CC,TT,(processed manually since panel still in dev),,NA,9,GG,0,NA,NA,0,NA,NA,0,NA,0,0,0,NA,NA,CG
known_scat,NA,NCali_F02.tr,Nextseq488,Marten90 / M90,MACA11,c,./illumina/lane1-s075-index--CGCTGCAGAG-GATGGATGTA-M95_MACA22_02_096004_411_c_S75_R1_001.fastq,668965,569674,85.2,99%,90,NA,AA,AA,CC,CC,TT,GG,GG,AA,GG,TT,CC,TC,AG,TC,TT,CC,TT,CC,AG,AA,CC,CC,AA,AA,GG,0,TC,GA,CC,AT,AA,GG,GA,CC,AA,AA,CC,CT,GG,GG,TT,GA,AG,GG,GG,CC,TC,AA,TT,GT,GC,TT,TT,GG,CT,CC,TT,CT,CC,GG,CA,CC,CC,TC,AA,CG,AA,CC,TC,TT,TT,GG,TT,GA,GA,CC,AA,AA,GG,AA,TT,GA,CC,CC,GG,GC,GT,GG,AA,TT,CC,TT,(processed manually since panel still in dev),,GG,CC,GG,GG,CC,GG,CC,AA,GG,CC,GG,AA,CC,TT,GG,GG,CG
known_scat,0,NCali_F02.tr,Nextseq488,Marten90 / M90,MACA11,3,CONSENSUS,"454,758","393,540",86.1,98%,89,2,AA,AC,CC,CC,TT,GG,GG,AA,GG,TT,CC,TC,0,TC,TT,CC,TT,CC,AG,AA,CC,CC,AA,AA,GG,TC,TC,GA,CC,AT,AA,GG,GA,CC,AA,AA,CC,CT,GG,GG,TT,GA,AG,NA,GG,CC,TC,AA,TT,GT,GC,TT,TT,GG,CT,CC,TT,CT,CC,GG,CA,CC,CC,TC,AA,CG,AA,CC,TC,TT,TT,GG,TT,GA,GA,CC,AA,AA,GG,AG,TT,GA,CC,CC,GG,GC,GT,GG,AA,TT,CC,TT,(processed manually since panel still in dev),,GG,CC,GG,GG,CC,GG,NA,AA,GG,CC,GG,AA,CC,TT,GG,GG,CG
known_scat,NA,SOreg_M07.tr,Nextseq488,Marten90 / M90,MACA21,a,./illumina/lane1-s021-index--AGTCAACCAT-GGCCTGTCCT-M95_MACA6040_822_09_2221_a_S21_R1_001.fastq,287889,271521,94.3,99%,90,NA,GA,CC,TT,CC,TT,AA,GG,AT,GG,CT,CC,TT,AA,TT,CC,TT,CT,CC,AG,AA,CC,CA,CA,AA,GG,TT,TC,AA,CC,AA,AA,GG,GA,CC,AA,AA,CC,CC,AA,GA,TC,GA,0,AG,GT,CC,TT,AG,CC,GT,GG,TT,TT,GG,TT,CT,CT,CT,CG,GG,CA,TC,GC,TT,AA,GG,AA,CC,TT,TT,TA,GT,AT,GA,GA,CC,GA,GA,GG,GG,TT,GA,CC,CC,AA,GG,GG,GG,AC,TC,CC,CC,(processed manually since panel still in dev),,AG,CT,GG,GA,CC,GG,TC,GG,GG,CC,GG,AA,CC,TT,GG,GG,GG
known_scat,NA,SOreg_M07.tr,Nextseq488,Marten90 / M90,MACA21,b,./illumina/lane1-s053-index--TTACAATTCC-AGCACATCCT-M95_MACA6040_822_09_2221_b_S53_R1_001.fastq,1526174,1431120,93.8,99%,90,NA,GA,CC,TT,CC,TT,AA,GG,AT,GG,CT,CC,TT,AA,TT,CC,TT,CT,CC,AG,AA,CC,CA,CA,AA,GG,TT,TC,AA,CC,AA,AA,GG,GA,CC,AA,AA,CC,CC,AA,GA,TC,GA,0,AG,GT,CC,TT,AG,CC,GT,GG,TT,TT,GG,TT,CT,CT,CT,CG,GG,CA,TC,GC,TT,AA,GG,AA,CC,TT,TT,TA,GT,AT,GA,GA,CC,GA,GA,GG,GG,TT,GA,CC,CC,AA,GG,GG,GG,AC,TC,CC,CC,(processed manually since panel still in dev),,AG,CT,GG,GA,CC,GG,TC,GG,GG,CC,GG,AA,CC,TT,GG,GG,GG
known_scat,NA,SOreg_M07.tr,Nextseq488,Marten90 / M90,MACA21,c,./illumina/lane1-s085-index--TTAGGTACCA-CATGAGTACT-M95_MACA6040_822_09_2221_c_S85_R1_001.fastq,329392,311302,94.5,93%,85,NA,GA,CC,TT,CC,TT,AA,GG,AT,GG,CT,CC,TT,0,TT,CC,TT,CT,CC,AG,AA,CC,CA,CA,AA,GG,TT,TC,AA,CC,AA,AA,GG,0,0,AA,AA,CC,CC,AA,GA,TC,GA,0,AG,GT,CC,TT,AG,CC,GT,GG,TT,TT,GG,0,CT,CT,CT,CG,GG,CA,TC,GC,TT,AA,GG,AA,CC,TT,TT,TA,GT,AT,GA,GA,CC,GA,GA,GG,GG,TT,GA,CC,CC,AA,GG,GG,GG,AC,TC,0,CC,(processed manually since panel still in dev),,NA,0,GG,0,0,GG,NA,NA,NA,CC,0,0,0,0,NA,0,0
known_scat,0,SOreg_M07.tr,Nextseq488,Marten90 / M90,MACA21,3,CONSENSUS,"714,485","671,314",94.2,99%,90,1,GA,CC,TT,CC,TT,AA,GG,AT,GG,CT,CC,TT,AA,TT,CC,TT,CT,CC,AG,AA,CC,CA,CA,AA,GG,TT,TC,AA,CC,AA,AA,GG,GA,CC,AA,AA,CC,CC,AA,GA,TC,GA,0,AG,GT,CC,TT,AG,CC,GT,GG,TT,TT,GG,TT,CT,CT,CT,CG,GG,CA,TC,GC,TT,AA,GG,AA,CC,TT,TT,TA,GT,AT,GA,GA,CC,GA,GA,GG,GG,TT,GA,CC,CC,AA,GG,GG,GG,AC,TC,CC,CC,(processed manually since panel still in dev),,AG,CT,GG,GA,CC,GG,TC,GG,GG,CC,GG,AA,CC,TT,GG,GG,GG
known_scat,NA,SOreg_M08_1.tr,Nextseq488,Marten90 / M90,MACA22,a,./illumina/lane1-s022-index--GAGCGCAATA-CTGTGTTAGG-M95_MACA6040_822_10_0822_a_S22_R1_001.fastq,311954,295568,94.7,100%,91,NA,GA,CC,CT,CC,TT,AG,GG,AT,GG,TT,CC,TC,GG,TC,CT,TT,CT,CC,AG,GA,CC,CA,CA,AA,GG,TC,CC,AA,CT,AT,AA,GG,GG,CC,AA,AA,CC,CC,AA,GA,TT,AA,AA,AG,GG,CC,TT,AA,CC,GG,GG,TT,CT,GG,CT,CT,CT,TT,CC,GA,CA,TT,CC,TT,AG,GG,AA,CC,TT,TG,TA,TT,AT,GA,GG,CC,GA,GA,GT,AG,TT,GA,CG,CC,AG,GG,GT,GG,AC,TC,CC,CC,(processed manually since panel still in dev),,AG,TT,GG,GG,CC,GG,TC,GG,GG,CC,GG,AA,CC,TT,GG,GG,GG
known_scat,NA,SOreg_M08_1.tr,Nextseq488,Marten90 / M90,MACA22,b,./illumina/lane1-s054-index--AAGCTTATGC-TTCCGTCGCA-M95_MACA6040_822_10_0822_b_S54_R1_001.fastq,807756,758804,93.9,96%,87,NA,GA,CC,CT,CC,TT,AG,GG,AT,GG,TT,CC,TC,NA,TC,CT,TT,CT,CC,AG,GA,CC,CA,CA,AA,GG,TC,CC,AA,CT,AT,AA,GG,GG,0,AA,AA,CC,CC,AA,GA,TT,AA,AA,AG,GG,CC,TT,NA,CC,GG,GG,TT,CT,GG,CT,CT,CT,TT,CC,GA,CA,TT,CC,TT,AG,GG,AA,CC,TT,TG,TA,TT,AT,GA,GG,CC,GA,NA,GT,AG,TT,GA,CG,CC,AG,GG,GT,GG,AC,TC,CC,CC,(processed manually since panel still in dev),,NA,0,GG,GG,CC,GG,NA,NA,NA,CC,NA,AA,CC,TT,NA,GG,GG
known_scat,NA,SOreg_M08_1.tr,Nextseq488,Marten90 / M90,MACA22,c,./illumina/lane1-s086-index--GGAATTCCAA-ACGTCAATAC-M95_MACA6040_822_10_0822_c_S86_R1_001.fastq,214046,195261,91.2,99%,90,NA,GA,CC,CT,CC,TT,AG,GG,AT,GG,TT,CC,TC,GG,TC,CT,TT,CT,CC,AG,GA,CC,CA,CA,AA,GG,TC,CC,AA,CT,AT,AA,GG,0,CC,AA,AA,CC,CC,AA,GA,TT,AA,AA,AG,GG,CC,TT,AA,CC,GG,GG,TT,CT,GG,CT,CT,CT,TT,CC,GA,CA,TT,CC,TT,AG,GG,AA,CC,TT,TG,TA,TT,AT,GA,GG,CC,GA,GA,GT,AG,TT,GA,CG,CC,AG,GG,GT,GG,AC,TC,CC,CC,(processed manually since panel still in dev),,AG,TT,GG,0,CC,0,TC,GG,GG,0,GG,0,0,0,GG,0,0
known_scat,0,SOreg_M08_1.tr,Nextseq488,Marten90 / M90,MACA22,3,CONSENSUS,"444,585","416,544",93.3,100%,91,0,GA,CC,CT,CC,TT,AG,GG,AT,GG,TT,CC,TC,GG,TC,CT,TT,CT,CC,AG,GA,CC,CA,CA,AA,GG,TC,CC,AA,CT,AT,AA,GG,GG,CC,AA,AA,CC,CC,AA,GA,TT,AA,AA,AG,GG,CC,TT,AA,CC,GG,GG,TT,CT,GG,CT,CT,CT,TT,CC,GA,CA,TT,CC,TT,AG,GG,AA,CC,TT,TG,TA,TT,AT,GA,GG,CC,GA,GA,GT,AG,TT,GA,CG,CC,AG,GG,GT,GG,AC,TC,CC,CC,(processed manually since panel still in dev),,AG,TT,GG,GG,CC,GG,TC,GG,GG,CC,GG,AA,CC,TT,GG,GG,GG
known_scat,NA,SOreg_F06.tr,Nextseq488,Marten90 / M90,MACA19,a,./illumina/lane1-s019-index--CTAATGATGG-GGTTGCCTCT-M95_MACA6043_82023_01_2119_a_S19_R1_001.fastq,216769,142955,65.9,93%,85,NA,AA,AC,CT,GC,TT,GG,GA,AT,GG,CT,CC,TC,GG,TC,CC,TC,0,CC,AG,AA,CC,0,AA,AA,GG,TT,0,AA,CC,AA,AA,GG,GA,CC,GG,AG,CT,CC,AA,GA,CC,GG,AG,AG,GG,CC,TT,AA,TT,GG,GG,TT,TT,GG,CC,CC,CT,CT,0,0,AA,TT,GG,0,AA,CC,GA,CT,TT,TT,TT,GG,AA,GG,GG,CC,AA,AA,GG,AG,TG,GA,GG,CC,GG,GG,GG,GA,AA,TT,CC,TT,(processed manually since panel still in dev),,0,CC,GG,GG,CC,GG,TC,AA,GA,CC,GG,AA,CC,TT,GG,GG,CC
known_scat,NA,SOreg_F06.tr,Nextseq488,Marten90 / M90,MACA19,b,./illumina/lane1-s051-index--GACAGACAGG-ACTGTTGTGA-M95_MACA6043_82023_01_2119_b_S51_R1_001.fastq,1114383,904679,81.2,96%,87,NA,AA,AC,CT,GC,TT,GG,GA,AT,GG,CC,CC,TC,GG,TC,CC,TT,CT,CC,GG,AA,CC,AA,AA,0,GG,TT,0,AA,CC,AA,AA,GG,GA,CC,GG,AG,CT,CC,AA,GA,CC,GG,AG,AG,GG,CC,TT,AA,TT,GG,GG,TT,TT,GG,CC,CC,0,CT,CG,GA,AA,TT,GG,TC,AA,CC,GA,CT,TT,TT,TT,GG,AA,GA,GG,CC,AA,AA,GG,AG,TG,GA,GG,CC,GG,GG,GG,0,AA,TT,CC,TT,(processed manually since panel still in dev),,AA,CC,GG,GG,CC,GG,TC,AA,0,CC,GG,AA,CC,TT,GG,GG,CC
known_scat,NA,SOreg_F06.tr,Nextseq488,Marten90 / M90,MACA19,c,./illumina/lane1-s083-index--GTAAGGCATA-AGACACATTA-M95_MACA6043_82023_01_2119_c_S83_R1_001.fastq,432030,359071,83.1,89%,81,NA,AA,CC,CT,GC,TT,GG,GA,AT,GG,CT,CC,TC,NA,TC,CC,TC,0,CC,AG,AA,CC,AA,CA,AA,GG,TT,TC,AA,CC,AA,AA,GG,AA,0,GG,0,CT,CC,AA,GA,CC,GG,AG,AA,GG,CC,TT,0,TT,GG,GG,TT,TT,GG,0,CC,CT,CT,CC,GA,AA,TT,GG,CC,AA,CC,GA,0,TT,TT,TT,GG,AA,GA,GG,CC,AA,NA,GG,AG,TG,GA,GG,CC,GG,GG,GG,GA,AA,0,0,TT,(processed manually since panel still in dev),,NA,0,GG,0,0,GG,NA,NA,NA,0,0,AA,CC,0,NA,0,0
known_scat,0,SOreg_F06.tr,Nextseq488,Marten90 / M90,MACA19,3,CONSENSUS,"587,727","468,902",76.7,95%,86,5,AA,AC,CT,GC,TT,GG,GA,AT,GG,CT,CC,TC,GG,TC,CC,TC,0,CC,AG,AA,CC,AA,NA,AA,GG,TT,0,AA,CC,AA,AA,GG,GA,CC,GG,AG,CT,CC,AA,GA,CC,GG,AG,AG,GG,CC,TT,AA,TT,GG,GG,TT,TT,GG,CC,CC,CT,CT,NA,GA,AA,TT,GG,NA,AA,CC,GA,CT,TT,TT,TT,GG,AA,GA,GG,CC,AA,AA,GG,AG,TG,GA,GG,CC,GG,GG,GG,GA,AA,TT,CC,TT,(processed manually since panel still in dev),,0,CC,GG,GG,CC,GG,TC,AA,GA,CC,GG,AA,CC,TT,GG,GG,CC
known_scat,NA,SOreg_F08.tr,Nextseq488,Marten90 / M90,MACA23,a,./illumina/lane1-s023-index--AACAAGGCGT-TAAGGAACGT-M95_MACA6327_1023_02_17_a_S23_R1_001.fastq,475368,452398,95.2,100%,91,NA,GA,AC,CT,CC,TT,AG,GA,AA,GG,CC,CC,TT,AA,TT,CC,CC,CT,CC,AG,AA,CC,CC,AA,AA,GG,TC,TC,AA,CC,AA,AA,GG,GA,CT,AG,AG,CC,CC,GA,AA,TT,GA,AG,AA,TT,CC,TT,AG,CT,TT,GC,TT,TT,GA,CT,CC,CT,TT,CG,AA,CC,TT,GC,TT,AA,CC,GA,CC,TT,TT,TA,GT,AT,GG,GA,CC,AA,AA,TT,AG,TT,GG,CG,CC,GG,GC,GG,GA,AA,TC,CC,CC,(processed manually since panel still in dev),,GG,CC,GG,GA,CC,GG,TT,GA,GA,CC,GG,AA,CC,TT,GG,GG,CC
known_scat,NA,SOreg_F08.tr,Nextseq488,Marten90 / M90,MACA23,b,./illumina/lane1-s055-index--TATTCCTCAG-CTTAACCACT-M95_MACA6327_1023_02_17_b_S55_R1_001.fastq,262734,249057,94.8,93%,85,NA,GA,AC,CT,CC,TT,AG,GA,AA,GG,CC,CC,TT,NA,TT,CC,CC,CT,CC,AG,AA,CC,CC,AA,AA,GG,TC,TC,AA,CC,AA,AA,GG,0,0,AG,AG,CC,CC,GA,AA,TT,GA,AG,AA,TT,CC,TT,0,CT,TT,GC,TT,TT,GA,CT,CC,CT,TT,CG,AA,CC,TT,GC,TT,AA,CC,GA,CC,TT,TT,TA,GT,AT,GG,GA,CC,AA,NA,TT,AG,TT,GG,CG,CC,GG,GC,GG,GA,AA,TC,0,CC,(processed manually since panel still in dev),,NA,0,GG,0,CC,GG,NA,NA,NA,0,0,0,0,TT,NA,0,0
known_scat,NA,SOreg_F08.tr,Nextseq488,Marten90 / M90,MACA23,c,./illumina/lane1-s087-index--CATGTAGAGG-GATACCTCCT-M95_MACA6327_1023_02_17_c_S87_R1_001.fastq,185106,176408,95.3,100%,91,NA,GA,AC,CT,CC,TT,AG,GA,AA,GG,CC,CC,TT,AA,TT,CC,CC,CT,CC,AG,AA,CC,CC,AA,AA,GG,TC,TC,AA,CC,AA,AA,GG,GA,CT,AG,AG,CC,CC,GA,AA,TT,GA,AG,AA,TT,CC,TT,AG,CT,TT,GC,TT,TT,GA,CT,CC,CT,TT,CG,AA,CC,TT,GC,TT,AA,CC,GA,CC,TT,TT,TA,GT,AT,GG,GA,CC,AA,AA,TT,AG,TT,GG,CG,CC,GG,GC,GG,GA,AA,TC,CC,CC,(processed manually since panel still in dev),,GG,CC,GG,GA,CC,GG,TT,GA,GA,CC,GG,AA,CC,TT,GG,GG,CC
known_scat,0,SOreg_F08.tr,Nextseq488,Marten90 / M90,MACA23,3,CONSENSUS,"307,736","292,621",95.1,100%,91,0,GA,AC,CT,CC,TT,AG,GA,AA,GG,CC,CC,TT,AA,TT,CC,CC,CT,CC,AG,AA,CC,CC,AA,AA,GG,TC,TC,AA,CC,AA,AA,GG,GA,CT,AG,AG,CC,CC,GA,AA,TT,GA,AG,AA,TT,CC,TT,AG,CT,TT,GC,TT,TT,GA,CT,CC,CT,TT,CG,AA,CC,TT,GC,TT,AA,CC,GA,CC,TT,TT,TA,GT,AT,GG,GA,CC,AA,AA,TT,AG,TT,GG,CG,CC,GG,GC,GG,GA,AA,TC,CC,CC,(processed manually since panel still in dev),,GG,CC,GG,GA,CC,GG,TT,GA,GA,CC,GG,AA,CC,TT,GG,GG,CC
known_scat,NA,SOreg_M10.tr,Nextseq488,Marten90 / M90,MACA24,a,./illumina/lane1-s024-index--GTATGTAGAA-CTAACTGTAA-M95_MACA6330_42023_01_2424_a_S24_R1_001.fastq,535812,504452,94.1,95%,86,NA,AA,AC,CT,GG,TT,AG,GG,AA,GG,CC,CC,TT,0,TC,CC,TC,CC,CC,AG,AA,CC,CC,AA,AA,GG,TT,TC,AA,CC,AA,AA,GG,0,0,GG,AG,CT,CT,AA,AA,TC,GG,AA,AA,GT,CC,TT,0,CT,TT,GG,TT,CT,GG,TT,CT,CC,CT,CG,GA,CA,TT,GC,TT,AA,CC,GG,CC,TT,TG,TT,GT,AA,GA,GG,CT,AA,AA,GG,GG,TG,GG,CG,CC,AG,GC,GG,GG,AC,TC,0,CT,(processed manually since panel still in dev),,NA,0,GG,0,CC,GG,0,NA,NA,CC,0,0,0,TT,NA,0,0
known_scat,NA,SOreg_M10.tr,Nextseq488,Marten90 / M90,MACA24,b,./illumina/lane1-s056-index--CTCGTGCGTT-GCCTCGGATA-M95_MACA6330_42023_01_2424_b_S56_R1_001.fastq,332972,310363,93.2,99%,90,NA,AA,AC,CT,GG,TT,AG,GG,AA,GG,CC,CC,TT,0,TC,CC,TC,CC,CC,AG,AA,CC,CC,AA,AA,GG,TT,TC,AA,CC,AA,AA,GG,GA,TT,GG,AG,CT,CT,AA,AA,TC,GG,AA,AA,GT,CC,TT,AA,CT,TT,GG,TT,CT,GG,TT,CT,CC,CT,CG,GA,CA,TT,GC,TT,AA,CC,GG,CC,TT,TG,TT,GT,AA,GA,GG,CT,AA,AA,GG,GG,TG,GG,CG,CC,AG,GC,GG,GG,AC,TC,CC,CT,(processed manually since panel still in dev),,GG,CC,GG,GG,CC,GG,TT,GA,GG,CC,GG,AA,CC,TT,GG,GG,CC
known_scat,NA,SOreg_M10.tr,Nextseq488,Marten90 / M90,MACA24,c,./illumina/lane1-s088-index--TACACGCTCC-ATCCGTAAGT-M95_MACA6330_42023_01_2424_c_S88_R1_001.fastq,290946,271483,93.3,99%,90,NA,AA,AC,CT,GG,TT,AG,GG,AA,GG,CC,CC,TT,0,TC,CC,TC,CC,CC,AG,AA,CC,CC,AA,AA,GG,TT,TC,AA,CC,AA,AA,GG,GA,TT,GG,AG,CT,CT,AA,AA,TC,GG,AA,AA,GT,CC,TT,AA,CT,TT,GG,TT,CT,GG,TT,CT,CC,CT,CG,GA,CA,TT,GC,TT,AA,CC,GG,CC,TT,TG,TT,GT,AA,GA,GG,CT,AA,AA,GG,GG,TG,GG,CG,CC,AG,GC,GG,GG,AC,TC,CC,CT,(processed manually since panel still in dev),,GG,CC,GG,GG,CC,GG,TT,GA,GG,CC,GG,AA,CC,TT,GG,GG,CC
known_scat,0,SOreg_M10.tr,Nextseq488,Marten90 / M90,MACA24,3,CONSENSUS,"386,577","362,099",93.5,99%,90,1,AA,AC,CT,GG,TT,AG,GG,AA,GG,CC,CC,TT,0,TC,CC,TC,CC,CC,AG,AA,CC,CC,AA,AA,GG,TT,TC,AA,CC,AA,AA,GG,GA,TT,GG,AG,CT,CT,AA,AA,TC,GG,AA,AA,GT,CC,TT,AA,CT,TT,GG,TT,CT,GG,TT,CT,CC,CT,CG,GA,CA,TT,GC,TT,AA,CC,GG,CC,TT,TG,TT,GT,AA,GA,GG,CT,AA,AA,GG,GG,TG,GG,CG,CC,AG,GC,GG,GG,AC,TC,CC,CT,(processed manually since panel still in dev),,GG,CC,GG,GG,CC,GG,TT,GA,GG,CC,GG,AA,CC,TT,GG,GG,CC
known_scat,NA,SOreg_M09.tr,Nextseq488,Marten90 / M90,MACA15,a,lane1-s015-index--CGGCAATGGA-GAATGCACGA-M95_MACA6403_222_09_2615_a_S15_R1_001,314458,266959,84.89,98%,89,NA,AA,AC,CC,GC,TT,GG,GG,AA,GG,CC,CC,TC,GG,CC,CC,CC,CT,CC,AA,AA,CC,0,AA,AA,GG,TT,TT,AA,CC,AA,AA,GG,GG,CT,GG,GG,CT,CC,AA,AA,TC,GG,AA,AG,GT,CC,TT,AA,CT,0,GG,TT,CT,GG,CT,CC,CT,TT,CG,AA,CA,TT,GG,TT,AA,CC,GG,CC,TT,TT,TT,GT,AA,GA,GG,CC,AA,AA,GG,GG,GG,GA,CG,CC,AG,GG,GG,AA,AA,TT,CC,TT,(processed manually since panel still in dev),,0,CC,GG,GG,CC,GG,TC,GA,AA,CC,GG,AA,CC,TT,GG,GG,CC
known_scat,NA,SOreg_M09.tr,Nextseq488,Marten90 / M90,MACA15,b,./illumina/lane1-s047-index--TATCCAGGAC-CGGTGGCGAA-M95_MACA6403_222_09_2615_b_S47_R1_001.fastq,519352,448897,86.4,100%,91,NA,AA,AC,CC,GC,TT,GG,GG,AA,GG,CC,CC,TC,GG,CC,CC,CC,CT,CC,AA,AA,CC,CA,AA,AA,GG,TT,TT,AA,CC,AA,AA,GG,GG,CT,GG,GG,CT,CC,AA,AA,TC,GG,AA,AG,GT,CC,TT,AA,CT,GT,GG,TT,CT,GG,CT,CC,CT,TT,CG,AA,CA,TT,GG,TT,AA,CC,GG,CC,TT,TT,TT,GT,AA,GA,GG,CC,AA,AA,GG,GG,GG,GA,CG,CC,AG,GG,GG,GA,AA,TT,CC,TT,(processed manually since panel still in dev),,AG,CC,GG,GG,CC,GG,TC,GA,GA,CC,GG,AA,CC,TT,GG,GG,CC
known_scat,NA,SOreg_M09.tr,Nextseq488,Marten90 / M90,MACA15,c,./illumina/lane1-s079-index--TCCTGACCGT-CGGCCTCGTT-M95_MACA6403_222_09_2615_c_S79_R1_001.fastq,607474,492715,81.1,98%,89,NA,AA,AC,CC,GC,TT,GG,GG,AA,GG,CC,CC,TC,GG,CC,CC,CC,CT,CC,AA,AA,CC,CA,AA,AA,GG,TT,TT,AA,CC,AA,AA,GG,GG,CT,GG,GG,CT,CC,AA,AA,TC,GG,AA,AG,GT,CC,TT,AA,CT,GT,GG,TT,CT,GG,CT,CC,CT,TT,CG,AA,CA,TT,GG,TT,AA,CC,GG,CC,TT,TT,TT,GT,0,GA,GG,CC,AA,AA,GG,GG,GG,GA,0,CC,AG,GG,GG,GA,AA,TT,CC,TT,(processed manually since panel still in dev),,AG,CC,GG,GG,CC,GG,TC,GA,GA,CC,GG,AA,CC,TT,GG,GG,CC
known_scat,0,SOreg_M09.tr,Nextseq488,Marten90 / M90,MACA15,3,CONSENSUS,"480,428","402,857",84.1,100%,91,0,AA,AC,CC,GC,TT,GG,GG,AA,GG,CC,CC,TC,GG,CC,CC,CC,CT,CC,AA,AA,CC,CA,AA,AA,GG,TT,TT,AA,CC,AA,AA,GG,GG,CT,GG,GG,CT,CC,AA,AA,TC,GG,AA,AG,GT,CC,TT,AA,CT,GT,GG,TT,CT,GG,CT,CC,CT,TT,CG,AA,CA,TT,GG,TT,AA,CC,GG,CC,TT,TT,TT,GT,AA,GA,GG,CC,AA,AA,GG,GG,GG,GA,CG,CC,AG,GG,GG,GA,AA,TT,CC,TT,(processed manually since panel still in dev),,AG,CC,GG,GG,CC,GG,TC,GA,GA,CC,GG,AA,CC,TT,GG,GG,CC
known_scat,NA,SOreg_M10.tr,Nextseq488,Marten90 / M90,MACA17,a,./illumina/lane1-s017-index--AACCATTCTC-TCGGCAGCAA-M95_MACA6403_222_10_2917_a_S17_R1_001.fastq,115314,101273,87.8,97%,88,NA,AA,AC,CT,GG,TT,AG,GG,AA,GG,CC,CC,TT,0,TC,CC,TC,CC,CC,AG,AA,CC,CC,AA,AA,GG,TT,TC,AA,CC,AA,AA,GG,GA,TT,GG,AG,CT,CT,AA,AA,TC,GG,AA,AA,GT,CC,TT,AA,CT,TT,GG,TT,CT,GG,TT,CT,CC,CT,CG,GA,CA,TT,GC,TT,AA,CC,GG,CC,TT,TG,TT,GT,AA,GA,GG,0,AA,0,GG,GG,TG,GG,CG,CC,AG,GC,GG,GG,AC,TC,CC,CT,(processed manually since panel still in dev),,GG,CC,GG,GG,CC,GG,TT,GA,GG,CC,GG,AA,CC,TT,GG,GG,CC
known_scat,NA,SOreg_M10.tr,Nextseq488,Marten90 / M90,MACA17,b,./illumina/lane1-s049-index--GTGCAACACT-CTGGTACACG-M95_MACA6403_222_10_2917_b_S49_R1_001.fastq,198545,178250,89.8,99%,90,NA,AA,AC,CT,GG,TT,AG,GG,AA,GG,CC,CC,TT,AA,TC,CC,TC,CC,CC,AG,AA,CC,CC,AA,AA,GG,TT,TC,AA,CC,AA,AA,GG,0,TT,GG,AG,CT,CT,AA,AA,TC,GG,AA,AA,GT,CC,TT,AA,CT,TT,GG,TT,CT,GG,TT,CT,CC,CT,CG,GA,CA,TT,GC,TT,AA,CC,GG,CC,TT,TG,TT,GT,AA,GA,GG,CT,AA,AA,GG,GG,TG,GG,CG,CC,AG,GC,GG,GG,AC,TC,CC,CT,(processed manually since panel still in dev),,GG,CC,GG,0,CC,GG,TT,GA,GG,0,GG,0,0,0,GG,0,0
known_scat,NA,SOreg_M10.tr,Nextseq488,Marten90 / M90,MACA17,c,./illumina/lane1-s081-index--ACCAGCGACA-TCGTCTGACT-M95_MACA6403_222_10_2917_c_S81_R1_001.fastq,235543,201438,85.5,100%,91,NA,AA,AC,CT,GG,TT,AG,GG,AA,GG,CC,CC,TT,AA,TC,CC,TC,CC,CC,AG,AA,CC,CC,AA,AA,GG,TT,TC,AA,CC,AA,AA,GG,GA,TT,GG,AG,CT,CT,AA,AA,TC,GG,AA,AA,GT,CC,TT,AA,CT,TT,GG,TT,CT,GG,TT,CT,CC,CT,CG,GA,CA,TT,GC,TT,AA,CC,GG,CC,TT,TG,TT,GT,AA,GA,GG,CT,AA,AA,GG,GG,TG,GG,CG,CC,AG,GC,GG,GG,AC,TC,CC,CT,(processed manually since panel still in dev),,GG,CC,GG,GG,CC,GG,TT,GA,GG,CC,GG,AA,CC,TT,GG,GG,CC
known_scat,0,SOreg_M10.tr,Nextseq488,Marten90 / M90,MACA17,3,CONSENSUS,"183,134","160,320",87.7,100%,91,0,AA,AC,CT,GG,TT,AG,GG,AA,GG,CC,CC,TT,AA,TC,CC,TC,CC,CC,AG,AA,CC,CC,AA,AA,GG,TT,TC,AA,CC,AA,AA,GG,GA,TT,GG,AG,CT,CT,AA,AA,TC,GG,AA,AA,GT,CC,TT,AA,CT,TT,GG,TT,CT,GG,TT,CT,CC,CT,CG,GA,CA,TT,GC,TT,AA,CC,GG,CC,TT,TG,TT,GT,AA,GA,GG,CT,AA,AA,GG,GG,TG,GG,CG,CC,AG,GC,GG,GG,AC,TC,CC,CT,(processed manually since panel still in dev),,GG,CC,GG,GG,CC,GG,TT,GA,GG,CC,GG,AA,CC,TT,GG,GG,CC
known_scat,NA,SOreg_M09.tr,Nextseq488,Marten90 / M90,MACA20,a,./illumina/lane1-s020-index--TCGGCCTATC-CGCACATGGC-M95_MACA6403_310_18_2220_a_S20_R1_001.fastq,109310,103624,94.8,92%,84,NA,AA,AC,CC,GC,TT,GG,GG,AA,GG,CC,CC,TC,0,CC,CC,CC,CT,CC,AA,AA,CC,CA,AA,AA,GG,TT,TT,AA,CC,AA,AA,GG,0,0,GG,GG,CT,CC,AA,AA,TC,GG,AA,AG,GT,CC,TT,0,CT,GT,GG,TT,CT,GG,0,CC,CT,TT,CG,AA,CA,TT,GG,TT,AA,CC,GG,CC,TT,TT,TT,GT,AA,GA,GG,CC,AA,0,GG,GG,GG,GA,CG,CC,AG,GG,GG,GA,AA,TT,0,TT,(processed manually since panel still in dev),,NA,0,GG,0,0,GG,TC,0,0,0,0,0,0,0,NA,0,0
known_scat,NA,SOreg_M09.tr,Nextseq488,Marten90 / M90,MACA20,b,./illumina/lane1-s052-index--TCTTACATCA-GTGCGTCCTT-M95_MACA6403_310_18_2220_b_S52_R1_001.fastq,618336,589464,95.3,100%,91,NA,AA,AC,CC,GC,TT,GG,GG,AA,GG,CC,CC,TC,GG,CC,CC,CC,CT,CC,AA,AA,CC,CA,AA,AA,GG,TT,TT,AA,CC,AA,AA,GG,GG,CT,GG,GG,CT,CC,AA,AA,TC,GG,AA,AG,GT,CC,TT,AA,CT,GT,GG,TT,CT,GG,CT,CC,CT,TT,CG,AA,CA,TT,GG,TT,AA,CC,GG,CC,TT,TT,TT,GT,AA,GA,GG,CC,AA,AA,GG,GG,GG,GA,CG,CC,AG,GG,GG,GA,AA,TT,CC,TT,(processed manually since panel still in dev),,AG,CC,GG,GG,CC,GG,TC,GA,GA,CC,GG,AA,CC,TT,GG,GG,CC
known_scat,NA,SOreg_M09.tr,Nextseq488,Marten90 / M90,MACA20,c,./illumina/lane1-s084-index--GTCCACTTGT-GCGCGATGTT-M95_MACA6403_310_18_2220_c_S84_R1_001.fastq,217693,204938,94.1,93%,85,NA,AA,AC,CC,GC,TT,GG,GG,AA,GG,CC,CC,TC,0,CC,CC,CC,CT,CC,AA,AA,CC,CA,AA,AA,GG,TT,TT,AA,CC,AA,AA,GG,0,0,GG,GG,CT,CC,AA,AA,TC,GG,AA,AG,GT,CC,TT,0,CT,GT,GG,TT,CT,GG,CT,CC,CT,TT,CG,AA,CA,TT,GG,TT,AA,CC,GG,CC,TT,TT,TT,GT,AA,GA,GG,CC,AA,0,GG,GG,GG,GA,CG,CC,AG,GG,GG,GA,AA,TT,0,TT,(processed manually since panel still in dev),,NA,0,GG,0,CC,GG,TC,0,0,CC,0,0,0,0,NA,0,CC
known_scat,0,SOreg_M09.tr,Nextseq488,Marten90 / M90,MACA20,3,CONSENSUS,"315,113","299,342",94.7,93%,85,6,AA,AC,CC,GC,TT,GG,GG,AA,GG,CC,CC,TC,0,CC,CC,CC,CT,CC,AA,AA,CC,CA,AA,AA,GG,TT,TT,AA,CC,AA,AA,GG,0,0,GG,GG,CT,CC,AA,AA,TC,GG,AA,AG,GT,CC,TT,0,CT,GT,GG,TT,CT,GG,CT,CC,CT,TT,CG,AA,CA,TT,GG,TT,AA,CC,GG,CC,TT,TT,TT,GT,AA,GA,GG,CC,AA,0,GG,GG,GG,GA,CG,CC,AG,GG,GG,GA,AA,TT,0,TT,(processed manually since panel still in dev),,FALSE,0,GG,0,CC,GG,TC,0,0,CC,0,0,0,0,0,0,CC
known_scat,NA,SOreg_F04.tr,Nextseq488,Marten90 / M90,MACA13,a,lane1-s013-index--TAATGGCAAG-ATCACGAAGG-M95_MACA6403_322_09_0613_a_S13_R1_001,1001801,766249,76.49,91%,83,NA,AA,0,CC,GG,TT,GG,GG,AT,GG,CT,0,TT,AG,TT,CC,CC,CC,CC,GG,AA,CC,CA,AA,AA,GG,0,CC,AA,CC,AA,AA,GG,0,CT,GG,0,TT,TT,AA,GA,TC,GG,AA,AA,GG,CC,TT,AA,TT,GT,GG,TT,CT,GG,CT,CC,CC,0,GG,GA,CA,TT,GC,TT,AA,CC,GG,CC,TT,TT,TT,GG,AA,GA,0,TT,AA,AA,GG,AG,TG,GG,GG,CC,GG,GG,GG,GG,AA,0,CC,TT,(processed manually since panel still in dev),,AG,CC,GG,GG,CC,GG,TT,AA,GG,CC,GG,AA,0,TT,GG,GG,CC
known_scat,NA,SOreg_F04.tr,Nextseq488,Marten90 / M90,MACA13,b,./illumina/lane1-s045-index--TAGAATAACG-CCATAAGGTT-M95_MACA6403_322_09_0613_b_S45_R1_001.fastq,1167012,994202,85.2,79%,72,NA,AA,0,CC,GG,TT,GG,GG,AT,GG,0,0,TT,GG,0,CC,CC,CC,CC,GG,AA,CC,CA,AA,AA,GG,0,CC,AA,CC,AA,AA,GG,0,CT,GG,0,TT,0,AA,GA,0,0,AA,AA,0,CC,TT,AA,TT,GT,GG,TT,0,GG,CT,0,CC,0,GG,GG,CA,TT,GC,TT,AA,CC,GA,0,0,TT,TT,GG,AA,GG,0,TT,AA,AA,GG,AG,TG,GG,GG,CC,GG,GG,GG,0,AA,0,CC,TT,(processed manually since panel still in dev),,AG,CC,GG,GG,CC,GG,TT,AA,0,CC,GG,AA,0,TT,GG,0,CC
known_scat,NA,SOreg_F04.tr,Nextseq488,Marten90 / M90,MACA13,c,./illumina/lane1-s077-index--GGATACCAGA-CGTTGCTTAC-M95_MACA6403_322_09_0613_c_S77_R1_001.fastq,1137073,881289,77.5,81%,74,NA,AA,0,CC,GG,TT,GG,GG,AT,GG,TT,0,TT,AA,0,CC,CC,CC,CC,GG,AA,CC,CA,AA,AA,GG,0,0,AA,CC,AA,0,GG,AA,CT,GG,GG,TT,0,AA,GA,TC,GG,AA,AA,0,CC,TT,AA,0,GT,GG,TT,CC,GG,CT,CC,CC,0,GG,GA,CA,TT,GC,TT,AA,CC,GA,0,0,TT,TT,GG,AA,GA,0,0,AA,AA,GG,AG,TG,GG,GG,CC,GG,GG,GG,0,AA,0,CC,TT,(processed manually since panel still in dev),,AG,CC,GG,GG,CC,GG,TT,0,0,CC,GG,AA,CC,TT,GG,GG,CC
known_scat,0.5,SOreg_F04.tr,Nextseq488,Marten90 / M90,MACA13,3,CONSENSUS,"1,101,962","880,580",79.7,81%,74,17,AA,0,CC,GG,TT,GG,GG,AT,GG,NA,0,TT,AG,0,CC,CC,CC,CC,GG,AA,CC,CA,AA,AA,GG,0,CC,AA,CC,AA,AA,GG,0,CT,GG,0,TT,0,AA,GA,TC,GG,AA,AA,0,CC,TT,AA,TT,GT,GG,TT,NA,GG,CT,CC,CC,0,GG,GA,CA,TT,GC,TT,AA,CC,GA,0,0,TT,TT,GG,AA,GA,0,TT,AA,AA,GG,AG,TG,GG,GG,CC,GG,GG,GG,0,AA,0,CC,TT,(processed manually since panel still in dev),,AG,CC,GG,GG,CC,GG,TT,AA,0,CC,GG,AA,0,TT,GG,GG,CC
known_scat,NA,SOreg_F07.tr,Nextseq488,Marten90 / M90,MACA14,a,lane1-s014-index--GTGCCGCTTC-CGGCTCTACT-M95_MACA6405_2623_02_0314_a_S14_R1_001,54386,52183,95.95,96%,87,NA,GA,CC,CT,GC,TT,AG,GA,AA,GG,CC,CC,TT,AA,TT,CC,TC,CC,CC,AG,AA,CC,CA,AA,GG,GG,TT,TC,AA,CC,AA,AA,0,AA,CC,GG,AA,CT,CC,GA,AA,TC,AA,0,AA,0,CC,TT,AG,TT,TT,GC,TT,CT,GG,CC,CT,CT,TT,GG,GA,CA,TT,GG,TC,AA,CC,GA,CC,TT,TT,TA,GT,AT,GG,AA,0,AA,AA,GT,AG,TT,GA,CC,CC,GG,GG,GG,GG,AA,CC,CC,CC,(processed manually since panel still in dev),,AG,CC,GG,GA,CC,GG,TT,AA,GG,CC,GG,AA,CC,TT,GG,GG,CC
known_scat,NA,SOreg_F07.tr,Nextseq488,Marten90 / M90,MACA14,b,./illumina/lane1-s046-index--TAATGGATCT-ATCTCTACCA-M95_MACA6405_2623_02_0314_b_S46_R1_001.fastq,663286,637608,96.1,99%,90,NA,GA,CC,CT,GC,TT,AG,GA,AA,GG,CC,CC,TT,AA,TT,CC,TC,CC,CC,AG,AA,CC,CA,AA,GG,GG,TT,TC,AA,CC,AA,AA,GG,AA,CC,GG,AA,CT,CC,GA,AA,TC,AA,0,AA,GT,CC,TT,AG,TT,TT,GC,TT,CT,GG,CC,CT,CT,TT,GG,GA,CA,TT,GG,TC,AA,CC,GA,CC,TT,TT,TA,GT,AT,GG,AA,CC,AA,AA,GT,AG,TT,GA,CC,CC,GG,GG,GG,GG,AA,CC,CC,CC,(processed manually since panel still in dev),,AG,CC,GG,GA,CC,GG,TT,AA,GG,CC,GG,AA,CC,TT,GG,GG,CC
known_scat,NA,SOreg_F07.tr,Nextseq488,Marten90 / M90,MACA14,c,./illumina/lane1-s078-index--CGCACTAATG-TGACTACATA-M95_MACA6405_2623_02_0314_c_S78_R1_001.fastq,222645,214178,96.2,100%,91,NA,GA,CC,CT,GC,TT,AG,GA,AA,GG,CC,CC,TT,AA,TT,CC,TC,CC,CC,AG,AA,CC,CA,AA,GG,GG,TT,TC,AA,CC,AA,AA,GG,AA,CC,GG,AA,CT,CC,GA,AA,TC,AA,AG,AA,GT,CC,TT,AG,TT,TT,GC,TT,CT,GG,CC,CT,CT,TT,GG,GA,CA,TT,GG,TC,AA,CC,GA,CC,TT,TT,TA,GT,AT,GG,AA,CC,AA,AA,GT,AG,TT,GA,CC,CC,GG,GG,GG,GG,AA,CC,CC,CC,(processed manually since panel still in dev),,AG,CC,GG,GA,CC,GG,TT,AA,GG,CC,GG,AA,CC,TT,GG,GG,CC
known_scat,0,SOreg_F07.tr,Nextseq488,Marten90 / M90,MACA14,3,CONSENSUS,"313,439","301,323",96.1,99%,90,1,GA,CC,CT,GC,TT,AG,GA,AA,GG,CC,CC,TT,AA,TT,CC,TC,CC,CC,AG,AA,CC,CA,AA,GG,GG,TT,TC,AA,CC,AA,AA,GG,AA,CC,GG,AA,CT,CC,GA,AA,TC,AA,0,AA,GT,CC,TT,AG,TT,TT,GC,TT,CT,GG,CC,CT,CT,TT,GG,GA,CA,TT,GG,TC,AA,CC,GA,CC,TT,TT,TA,GT,AT,GG,AA,CC,AA,AA,GT,AG,TT,GA,CC,CC,GG,GG,GG,GG,AA,CC,CC,CC,(processed manually since panel still in dev),,AG,CC,GG,GA,CC,GG,TT,AA,GG,CC,GG,AA,CC,TT,GG,GG,CC
known_scat,NA,NA,Nextseq488,Marten90 / M90,MACAM13RDFL6056_1528,a,./illumina/lane1-s025-index--TTCTATGGTT-GGCGAGATGG-M95_MACAM13RDFL6056_1528_a_S25_R1_001.fastq,1636957,764061,46.7,59%,54,NA,AA,0,CC,GC,0,0,0,AA,GG,0,CC,TT,NA,CC,CT,0,0,CC,AA,AA,0,CC,0,AA,GG,TT,0,AA,CC,AA,0,0,0,NA,0,GG,0,CC,0,0,CC,GG,0,0,GT,0,0,AA,TT,TT,0,TT,0,GG,NA,CC,CC,CT,CC,0,AA,TT,CC,TT,AA,CC,GG,CC,TT,TT,TT,GT,AA,GG,GG,0,0,NA,0,0,0,GG,GG,CC,AA,GG,GG,0,0,TT,NA,0,(processed manually since panel still in dev),,NA,NA,0,GG,NA,NA,0,NA,0,0,NA,0,0,0,NA,0,0
known_scat,NA,NA,Nextseq488,Marten90 / M90,MACAM13RDFL6056_1528,b,./illumina/lane1-s057-index--TTAGGATAGA-CGTCGACTGG-M95_MACAM13RDFL6056_1528_b_S57_R1_001.fastq,1090510,522070,47.9,54%,49,NA,AA,CC,0,CC,0,0,0,AA,GG,CC,CC,TT,NA,CC,CT,0,0,0,AA,0,CC,CC,0,AA,0,TT,TT,0,0,0,0,GG,0,0,0,0,CC,CC,AA,GG,CC,GG,AA,AA,GT,CC,0,0,TT,0,0,0,CC,0,0,CC,0,0,0,GG,AA,TT,CC,0,AA,CC,GG,TT,TT,TT,TT,GG,AA,0,GG,0,0,NA,TT,GG,0,GG,GG,0,AA,0,GG,0,0,TT,0,0,(processed manually since panel still in dev),,NA,0,GG,0,0,0,0,NA,0,0,0,AA,0,0,NA,0,CC
known_scat,NA,NA,Nextseq488,Marten90 / M90,MACAM13RDFL6056_1528,c,./illumina/lane1-s089-index--GCTTACGGAC-CGTGTATCTT-M95_MACAM13RDFL6056_1528_c_S89_R1_001.fastq,1604260,469846,29.3,51%,46,NA,AA,0,0,GG,TT,0,0,0,0,CC,0,TT,NA,0,TT,TT,0,CC,AA,AA,0,0,CA,AA,GG,TT,TT,0,CC,0,0,0,0,0,0,GG,CC,0,GG,AA,CC,GG,0,0,GT,CC,0,AA,0,0,GG,0,0,GG,0,0,CC,CC,0,0,AA,0,CC,0,0,CC,GG,TT,TT,TT,TT,GG,AA,0,GG,0,0,NA,GG,0,TT,0,GG,0,0,GG,0,GG,0,TT,CC,TT,(processed manually since panel still in dev),,0,0,GG,GG,,0,0,0,GG,0,GG,,0,,0,,
known_scat,1,NA,Nextseq488,Marten90 / M90,MACAM13RDFL6056_1528,3,CONSENSUS,"1,443,909","585,326",41.3,53%,48,43,AA,0,0,GC,0,0,0,AA,GG,CC,CC,TT,0,CC,CT,0,0,CC,AA,AA,0,CC,0,AA,GG,TT,TT,0,CC,0,0,0,0,0,0,GG,CC,CC,GA,GA,CC,GG,0,0,GT,CC,CC,AA,TT,0,0,0,0,GG,0,CC,CC,NA,0,0,AA,TT,CC,0,AA,CC,GG,NA,TT,TT,TT,NA,AA,0,GG,0,0,0,NA,0,0,GG,GG,0,AA,GG,GG,0,0,TT,0,0,(processed manually since panel still in dev),,0,0,0,GG,0,0,0,0,0,0,0,0,0,0,0,0,0
known_scat,NA,NA,Nextseq488,Marten90 / M90,MACATRWR6039_310,a,lane1-s010-index--TCGTCTGACT-ACCAGCGACA-M95_MACATRWR6039_310_a_S10_R1_001,143459,127026,88.55,92%,84,NA,GA,CC,TT,GG,TT,GG,GA,AA,GG,CT,CC,TT,NA,TT,TT,TC,CT,CC,AG,AA,CC,CA,CC,AA,GG,CC,TC,GG,CT,AA,0,GG,AA,NA,AA,AA,CT,CT,AA,GA,CC,GA,AG,AA,GG,CC,TC,0,CT,GT,GC,TC,CT,GG,CC,CC,CT,TT,CC,GG,CA,TC,GC,TT,AG,CG,GA,CT,TC,TT,TA,GG,AT,GG,GA,0,GA,NA,GG,AA,TG,GA,CC,CC,AG,GC,GG,GG,AA,TT,NA,CT,(processed manually since panel still in dev),,NA,NA,0,0,CT,GG,NA,NA,NA,0,NA,0,0,TT,NA,0,0
known_scat,NA,NA,Nextseq488,Marten90 / M90,MACATRWR6039_310,b,./illumina/lane1-s042-index--GCCATTAGAC-AGTGGTCAGG-M95_MACATRWR6039_310_b_S42_R1_001.fastq,490834,453157,92.3,99%,90,NA,GA,CC,TT,GG,TT,GG,GA,AA,GG,CT,CC,TT,AA,TT,TT,TC,CT,CC,AG,AA,CC,CA,CC,AA,GG,CC,TC,GG,CT,AA,0,GG,AA,CT,AA,AA,CT,CT,AA,GA,CC,GA,AG,AA,GG,CC,TC,AA,CT,GT,GC,TC,CT,GG,CC,CC,CT,TT,CC,GG,CA,TC,GC,TT,AG,CG,GA,CT,TC,TT,TA,GG,AT,GG,GA,CC,GA,GA,GG,AA,TG,GA,CC,CC,AG,GC,GG,GG,AA,TT,CC,CT,(processed manually since panel still in dev),,AG,CC,GG,GG,CT,GG,TT,GA,GG,CC,GG,AA,CC,TT,GG,GG,CG
known_scat,NA,NA,Nextseq488,Marten90 / M90,MACATRWR6039_310,c,./illumina/lane1-s074-index--ACCTTATGAA-TGTTAGAAGG-M95_MACATRWR6039_310_c_S74_R1_001.fastq,390456,363924,93.2,100%,91,NA,GA,CC,TT,GG,TT,GG,GA,AA,GG,CT,CC,TT,AA,TT,TT,TC,CT,CC,AG,AA,CC,CA,CC,AA,GG,CC,TC,GG,CT,AA,GG,GG,AA,CT,AA,AA,CT,CT,AA,GA,CC,GA,AG,AA,GG,CC,TC,AA,CT,GT,GC,TC,CT,GG,CC,CC,CT,TT,CC,GG,CA,TC,GC,TT,AG,CG,GA,CT,TC,TT,TA,GG,AT,GG,GA,CC,GA,GA,GG,AA,TG,GA,CC,CC,AG,GC,GG,GG,AA,TT,CC,CT,(processed manually since panel still in dev),,AG,CC,GG,GG,CT,GG,TT,GA,GG,,GG,,CC,,GG,,
known_scat,0,NA,Nextseq488,Marten90 / M90,MACATRWR6039_310,3,CONSENSUS,"341,583","314,702",91.4,99%,90,1,GA,CC,TT,GG,TT,GG,GA,AA,GG,CT,CC,TT,AA,TT,TT,TC,CT,CC,AG,AA,CC,CA,CC,AA,GG,CC,TC,GG,CT,AA,0,GG,AA,CT,AA,AA,CT,CT,AA,GA,CC,GA,AG,AA,GG,CC,TC,AA,CT,GT,GC,TC,CT,GG,CC,CC,CT,TT,CC,GG,CA,TC,GC,TT,AG,CG,GA,CT,TC,TT,TA,GG,AT,GG,GA,CC,GA,GA,GG,AA,TG,GA,CC,CC,AG,GC,GG,GG,AA,TT,CC,CT,(processed manually since panel still in dev),,AG,CC,GG,GG,CT,GG,TT,GA,GG,0,GG,0,0,TT,GG,0,0
tissue_marten,NA,SOreg_M08_1.tr,Nextseq488,Marten90 / M90,M08tiss1to10,a,./illumina/lane1-s029-index--AGAGTGCGGC-TCCGACCTCG-M95_M08tiss1to10_a_S29_R1_001.fastq,100597,96181,95.6,92%,84,NA,GA,CC,CT,CC,TT,AG,GG,AT,GG,TT,CC,TC,0,TC,CT,TT,CT,CC,AG,GA,CC,CA,CA,AA,GG,TC,CC,AA,CT,AT,AA,GG,0,0,AA,AA,CC,CC,AA,GA,TT,AA,AA,AG,GG,CC,TT,0,CC,GG,GG,TT,CT,GG,0,0,CT,TT,CC,GA,CA,TT,CC,TT,AG,GG,AA,CC,TT,TG,TA,TT,AT,GA,GG,CC,GA,GA,GT,AG,TT,GA,CG,CC,AG,GG,GT,GG,AC,TC,0,CC,(processed manually since panel still in dev),,NA,0,GG,0,0,GG,TC,NA,0,0,0,0,0,0,NA,0,0
tissue_marten,NA,SOreg_M08_1.tr,Nextseq488,Marten90 / M90,M08tiss1to10,b,./illumina/lane1-s090-index--CGCTTGAAGT-GAACCATGAA-M95_M08tiss1to10_b_S90_R1_001.fastq,58669,56487,96.3,100%,91,NA,GA,CC,CT,CC,TT,AG,GG,AT,GG,TT,CC,TC,GG,TC,CT,TT,CT,CC,AG,GA,CC,CA,CA,AA,GG,TC,CC,AA,CT,AT,AA,GG,GG,CC,AA,AA,CC,CC,AA,GA,TT,AA,AA,AG,GG,CC,TT,AA,CC,GG,GG,TT,CT,GG,CT,CT,CT,TT,CC,GA,CA,TT,CC,TT,AG,GG,AA,CC,TT,TG,TA,TT,AT,GA,GG,CC,GA,GA,GT,AG,TT,GA,CG,CC,AG,GG,GT,GG,AC,TC,CC,CC,(processed manually since panel still in dev),,AG,TT,GG,GG,CC,GG,TC,GG,GG,CC,GG,AA,CC,TT,GG,GG,GG
tissue_marten,0,SOreg_M08_1.tr,Nextseq488,Marten90 / M90,M08tiss1to10,2,CONSENSUS,"79,633","76,334",96,98%,89,2,GA,CC,CT,CC,TT,AG,GG,AT,GG,TT,CC,TC,GG,TC,CT,TT,CT,CC,AG,GA,CC,CA,CA,AA,GG,TC,CC,AA,CT,AT,AA,GG,GG,0,AA,AA,CC,CC,AA,GA,TT,AA,AA,AG,GG,CC,TT,AA,CC,GG,GG,TT,CT,GG,NA,CT,CT,TT,CC,GA,CA,TT,CC,TT,AG,GG,AA,CC,TT,TG,TA,TT,AT,GA,GG,CC,GA,GA,GT,AG,TT,GA,CG,CC,AG,GG,GT,GG,AC,TC,CC,CC,(processed manually since panel still in dev),,AG,0,GG,GG,0,GG,TC,GG,GG,CC,GG,AA,CC,TT,0,GG,GG
tissue_marten,NA,SOreg_M13.tr,Nextseq488,Marten90 / M90,M13tiss1to10,a,./illumina/lane1-s031-index--TGCGTGTCAC-GCTTACGGAC-M95_M13tiss1to10_a_S31_R1_001.fastq,154186,143923,93.3,98%,89,NA,AA,AC,CT,GC,TT,0,GG,AA,GG,CC,CC,TT,AA,TC,CT,TC,CT,CC,AA,AA,CC,CA,CA,AA,GG,TT,TT,GA,CC,AA,0,GG,GA,CT,AG,AG,CC,CC,GA,GA,CC,GG,AA,AA,GT,CC,TT,AA,TT,TT,GC,TT,CT,GG,CC,CT,CC,CT,CG,GG,CA,TT,CC,TC,AA,CC,GG,CT,TT,TT,TT,GT,AA,GG,GG,CC,AA,AA,GT,GG,TT,GG,GG,CC,AA,GG,GG,GG,AC,TT,CC,TT,(processed manually since panel still in dev),,AG,CC,GG,GG,CC,GG,TT,AA,GG,CC,GG,AA,CC,TT,GG,GG,CC
tissue_marten,NA,SOreg_M13.tr,Nextseq488,Marten90 / M90,M13tiss1to10,b,./illumina/lane1-s092-index--ATACCAACGC-ACATACTTCC-M95_M13tiss1to10_b_S92_R1_001.fastq,322149,302974,94,98%,89,NA,AA,AC,CT,GC,TT,0,GG,AA,GG,CC,CC,TT,AA,TC,CT,TC,CT,CC,AA,AA,CC,CA,CA,AA,GG,TT,TT,GA,CC,AA,0,GG,GA,CT,AG,AG,CC,CC,GA,GA,CC,GG,AA,AA,GT,CC,TT,AA,TT,TT,GC,TT,CT,GG,CC,CT,CC,CT,CG,GG,CA,TT,CC,TC,AA,CC,GG,CT,TT,TT,TT,GT,AA,GG,GG,CC,AA,AA,GT,GG,TT,GG,GG,CC,AA,GG,GG,GG,AC,TT,CC,TT,(processed manually since panel still in dev),,AG,CC,GG,GG,CC,GG,TT,AA,GG,CC,GG,AA,CC,TT,GG,GG,CC
tissue_marten,0,SOreg_M13.tr,Nextseq488,Marten90 / M90,M13tiss1to10,2,CONSENSUS,"238,168","223,449",94,98%,89,2,AA,AC,CT,GC,TT,0,GG,AA,GG,CC,CC,TT,AA,TC,CT,TC,CT,CC,AA,AA,CC,CA,CA,AA,GG,TT,TT,GA,CC,AA,0,GG,GA,CT,AG,AG,CC,CC,GA,GA,CC,GG,AA,AA,GT,CC,TT,AA,TT,TT,GC,TT,CT,GG,CC,CT,CC,CT,CG,GG,CA,TT,CC,TC,AA,CC,GG,CT,TT,TT,TT,GT,AA,GG,GG,CC,AA,AA,GT,GG,TT,GG,GG,CC,AA,GG,GG,GG,AC,TT,CC,TT,(processed manually since panel still in dev),,AG,CC,GG,GG,CC,GG,TT,AA,GG,CC,GG,AA,CC,TT,GG,GG,GG
tissue_marten,NA,SOreg_M15.tr,Nextseq488,Marten90 / M90,M15tiss1to10,a,./illumina/lane1-s027-index--TGGATGCTTA-TCAATCCATT-M95_M15tiss1to10_a_S27_R1_001.fastq,121173,115620,95.4,92%,84,NA,GA,CC,TT,GC,TT,AG,GG,AA,GG,CC,CC,TC,NA,TT,CC,TT,CT,CC,AG,AA,CC,CC,CA,AG,GG,TT,CC,GG,CC,AA,AA,GG,0,0,AA,GG,CT,CT,AA,GA,TT,GG,AG,AA,GG,CC,TT,0,CC,TT,GC,TT,CT,GG,0,CT,CC,CT,CG,GA,CC,TC,GC,TC,AA,CC,AA,CC,TT,TG,TT,GT,AA,GA,GG,0,AA,NA,GG,AG,TT,GG,CC,CC,GG,GG,GG,GA,AA,CC,CC,CC,(processed manually since panel still in dev),,NA,0,GG,0,0,GG,NA,NA,0,0,NA,0,0,0,NA,NA,0
tissue_marten,NA,SOreg_M15.tr,Nextseq488,Marten90 / M90,M15tiss1to10,b,./illumina/lane1-s059-index--GGACCAACAG-ATAGACCGTT-M95_M15tiss1to10_b_S59_R1_001.fastq,114279,108926,95.3,93%,85,NA,GA,CC,TT,GC,TT,AG,GG,AA,GG,CC,CC,TC,0,TT,CC,TT,CT,CC,AG,AA,CC,CC,CA,AG,GG,TT,CC,GG,CC,AA,AA,GG,0,0,AA,GG,CT,CT,AA,GA,TT,GG,AG,AA,GG,CC,TT,0,CC,TT,GC,TT,CT,GG,0,0,CC,CT,CG,GA,CC,TC,GC,TC,AA,CC,AA,CC,TT,TG,TT,GT,AA,GA,GG,CC,AA,AA,GG,AG,TT,GG,CC,CC,GG,GG,GG,GA,AA,CC,CC,CC,(processed manually since panel still in dev),,NA,0,GG,0,0,GG,TT,0,0,,NA,,0,,NA,0,
tissue_marten,0,SOreg_M15.tr,Nextseq488,Marten90 / M90,M15tiss1to10,2,CONSENSUS,"117,726","112,273",95,93%,85,6,GA,CC,TT,GC,TT,AG,GG,AA,GG,CC,CC,TC,NA,TT,CC,TT,CT,CC,AG,AA,CC,CC,CA,AG,GG,TT,CC,GG,CC,AA,AA,GG,0,0,AA,GG,CT,CT,AA,GA,TT,GG,AG,AA,GG,CC,TT,0,CC,TT,GC,TT,CT,GG,0,CT,CC,CT,CG,GA,CC,TC,GC,TC,AA,CC,AA,CC,TT,TG,TT,GT,AA,GA,GG,0,AA,AA,GG,AG,TT,GG,CC,CC,GG,GG,GG,GA,AA,CC,CC,CC,(processed manually since panel still in dev),,FALSE,0,GG,GG,0,GG,TT,0,0,CC,NA,AA,0,TT,0,0,GG
tissue_marten,NA,SOreg_M16.tr,Nextseq488,Marten90 / M90,M16tiss1to10,a,./illumina/lane1-s028-index--ATGTCGTGGT-TCGTATGCGG-M95_M16tiss1to10_a_S28_R1_001.fastq,103014,98804,95.9,100%,91,NA,GA,CC,CC,GC,TT,AA,GA,AA,GG,CC,CC,TT,GG,TT,CC,CC,CT,CC,AG,AA,CC,CC,AA,AA,GG,TT,TT,AA,CC,AA,AA,GG,GA,TT,GG,AG,CT,CT,GA,AA,TC,GA,AG,AA,TT,CC,TT,AG,CT,TT,GG,TT,TT,GA,CT,CC,CC,TT,CG,AA,CC,TT,GC,TT,AA,CC,GA,CC,TT,TT,TA,TT,AT,GG,GA,CC,AA,AA,GT,AG,TG,GG,GG,CC,AG,CC,GG,GG,AC,TT,CC,CT,(processed manually since panel still in dev),,GG,CC,GG,GA,CC,GG,TT,GA,GG,CC,GG,AA,CC,TT,GG,GG,CC
tissue_marten,NA,SOreg_M16.tr,Nextseq488,Marten90 / M90,M16tiss1to10,b,./illumina/lane1-s060-index--TTCCAGGTAA-ACAGTTCCAG-M95_M16tiss1to10_b_S60_R1_001.fastq,268199,257809,96.1,100%,91,NA,GA,CC,CC,GC,TT,AA,GA,AA,GG,CC,CC,TT,GG,TT,CC,CC,CT,CC,AG,AA,CC,CC,AA,AA,GG,TT,TT,AA,CC,AA,AA,GG,GA,TT,GG,AG,CT,CT,GA,AA,TC,GA,AG,AA,TT,CC,TT,AG,CT,TT,GG,TT,TT,GA,CT,CC,CC,TT,CG,AA,CC,TT,GC,TT,AA,CC,GA,CC,TT,TT,TA,TT,AT,GG,GA,CC,AA,AA,GT,AG,TG,GG,GG,CC,AG,CC,GG,GG,AC,TT,CC,CT,(processed manually since panel still in dev),,GG,CC,GG,GA,CC,GG,TT,GA,GG,CC,GG,AA,CC,TT,GG,GG,CC
tissue_marten,0,SOreg_M16.tr,Nextseq488,Marten90 / M90,M16tiss1to10,2,CONSENSUS,"185,607","178,307",96,100%,91,0,GA,CC,CC,GC,TT,AA,GA,AA,GG,CC,CC,TT,GG,TT,CC,CC,CT,CC,AG,AA,CC,CC,AA,AA,GG,TT,TT,AA,CC,AA,AA,GG,GA,TT,GG,AG,CT,CT,GA,AA,TC,GA,AG,AA,TT,CC,TT,AG,CT,TT,GG,TT,TT,GA,CT,CC,CC,TT,CG,AA,CC,TT,GC,TT,AA,CC,GA,CC,TT,TT,TA,TT,AT,GG,GA,CC,AA,AA,GT,AG,TG,GG,GG,CC,AG,CC,GG,GG,AC,TT,CC,CT,(processed manually since panel still in dev),,GG,CC,GG,GA,CC,GG,TT,GA,GG,CC,GG,AA,CC,TT,GG,GG,CC
tissue_marten,NA,NA,Nextseq488,Marten90 / M90,MSAtiss1to10,a,./illumina/lane1-s026-index--CCTCGCAACC-AATAGAGCAA-M95_MSAtiss1to10_a_S26_R1_001.fastq,151598,143593,94.7,93%,85,NA,GA,AC,TT,GC,TT,GG,GG,AT,GG,TT,CC,TT,0,TC,CT,TT,CT,CG,GG,AA,CC,CC,CC,AA,GG,TC,TC,GG,CC,AA,0,GA,0,0,AA,AA,TT,CC,GA,GA,TC,AA,AG,AG,GG,CC,TC,0,CC,GT,GG,CC,CC,GG,CC,CT,CT,TT,CC,GG,CC,TT,GC,TT,AG,CG,GA,TT,TT,TT,TA,GT,AA,GG,GG,CC,GG,GG,GG,AA,TT,GG,CC,CT,AG,GC,GG,GG,AA,TC,0,CT,(processed manually since panel still in dev),,NA,0,GG,0,CC,GG,TC,NA,NA,CC,0,0,0,0,NA,0,0
tissue_marten,NA,NA,Nextseq488,Marten90 / M90,MSAtiss1to10,b,./illumina/lane1-s058-index--CCGAAGCGAG-TACTAGTCAA-M95_MSAtiss1to10_b_S58_R1_001.fastq,93855,88758,94.6,99%,90,NA,GA,AC,TT,GC,TT,GG,GG,AT,GG,TT,CC,TT,AA,TC,CT,TT,CT,CG,GG,AA,CC,CC,CC,AA,GG,TC,TC,GG,CC,AA,0,GA,AA,CC,AA,AA,TT,CC,GA,GA,TC,AA,AG,AG,GG,CC,TC,AA,CC,GT,GG,CC,CC,GG,CC,CT,CT,TT,CC,GG,CC,TT,GC,TT,AG,CG,GA,TT,TT,TT,TA,GT,AA,GG,GG,CC,GG,GG,GG,AA,TT,GG,CC,CT,AG,GC,GG,GG,AA,TC,CC,CT,(processed manually since panel still in dev),,GG,CC,GG,GG,CT,GG,TC,GG,GG,CC,GG,AA,CC,TT,GG,GG,CG
tissue_marten,0,NA,Nextseq488,Marten90 / M90,MSAtiss1to10,2,CONSENSUS,"122,727","116,176",95,99%,90,1,GA,AC,TT,GC,TT,GG,GG,AT,GG,TT,CC,TT,AA,TC,CT,TT,CT,CG,GG,AA,CC,CC,CC,AA,GG,TC,TC,GG,CC,AA,0,GA,AA,CC,AA,AA,TT,CC,GA,GA,TC,AA,AG,AG,GG,CC,TC,AA,CC,GT,GG,CC,CC,GG,CC,CT,CT,TT,CC,GG,CC,TT,GC,TT,AG,CG,GA,TT,TT,TT,TA,GT,AA,GG,GG,CC,GG,GG,GG,AA,TT,GG,CC,CT,AG,GC,GG,GG,AA,TC,CC,CT,(processed manually since panel still in dev),,FALSE,CC,GG,GG,CT,GG,TC,GG,GG,CC,GG,AA,CC,TT,GG,GG,GG
mink_tissue,NA,NA,Nextseq488,Marten90 / M90,MINK1to10,a,./illumina/lane1-s030-index--TGCCTGGTGG-CTTATGGAAT-M95_MINK1to10_a_S30_R1_001.fastq,1009340,662884,65.7,21%,19,NA,0,0,CC,GG,0,0,0,0,0,0,0,0,NA,0,CC,0,0,0,GG,0,0,0,0,AA,AA,TT,TT,0,0,AA,0,0,0,0,0,0,0,0,0,0,0,AA,0,0,0,0,0,GG,0,GG,0,0,0,0,0,0,0,0,CC,0,CC,0,0,CC,0,0,0,CC,0,0,0,GG,0,0,0,0,0,NA,0,0,0,0,0,CC,AA,GG,0,0,0,0,0,CC,(processed manually since panel still in dev),,0,0,0,GG,0,GG,0,0,0,CC,0,0,0,0,GG,0,0
mink_tissue,NA,NA,Nextseq488,Marten90 / M90,MINK1to10,b,./illumina/lane1-s091-index--CGCCTTCTGA-GGCCATCATA-M95_MINK1to10_b_S91_R1_001.fastq,1116791,744175,66.6,24%,22,NA,0,0,CC,GG,TT,0,0,0,0,0,0,0,GG,0,CC,0,0,0,GG,0,0,0,0,0,AA,TT,TT,0,0,AA,0,0,0,0,0,0,0,0,0,0,0,AA,0,0,0,0,0,NA,0,GG,0,0,CC,0,0,0,0,0,CC,0,CC,0,0,CC,GG,0,0,CC,0,TT,0,GG,0,0,0,0,0,0,0,0,0,0,0,CC,AA,GG,0,0,0,0,0,CC,(processed manually since panel still in dev),,NA,0,0,0,0,GG,0,NA,0,0,0,0,0,0,NA,0,0
nontarget,1,NA,Nextseq488,Marten90 / M90,MINK1to10,2,CONSENSUS,"1,063,066","703,530",66,25%,23,68,0,0,CC,GG,TT,0,0,0,0,0,0,0,NA,0,CC,0,0,0,GG,0,0,0,0,AA,AA,TT,TT,0,0,AA,0,0,0,0,0,0,0,0,0,0,0,AA,0,0,0,0,0,GG,0,GG,0,0,CC,0,0,0,0,0,CC,0,CC,0,0,CC,GG,0,0,CC,0,TT,0,GG,0,0,0,0,0,NA,0,0,0,0,0,CC,AA,GG,0,0,0,0,0,CC,(processed manually since panel still in dev),,0,0,0,GG,0,GG,0,0,0,CC,0,0,0,0,GG,0,GG
vole_tissue,NA,NA,Nextseq488,Marten90 / M90,MYCA,a,./illumina/lane1-s062-index--TAACAGTGTT-GCAAGTCTCA-M95_MYCA_a_S62_R1_001.fastq,2575584,716019,27.8,-1%,-1,NA,0,0,0,0,0,0,0,0,0,0,0,0,NA,0,0,0,0,0,0,0,0,0,0,0,0,0,0,0,0,0,0,0,0,0,0,0,0,0,0,0,0,0,0,0,0,0,0,NA,0,0,0,0,0,0,0,0,0,0,0,0,0,0,0,0,0,0,0,0,0,0,0,0,0,0,0,0,AA,NA,0,0,0,0,0,0,0,0,0,0,0,0,0,0,(processed manually since panel still in dev),,NA,0,0,0,0,0,0,NA,0,0,0,,0,,NA,,
vole_tissue,NA,NA,Nextseq488,Marten90 / M90,MYCA,b,./illumina/lane1-s094-index--CAATCTATGA-GATTAAGGTG-M95_MYCA_b_S94_R1_001.fastq,2189745,556167,25.4,1%,1,NA,0,0,0,0,0,0,0,0,0,0,0,0,NA,0,0,0,CC,0,0,0,0,0,0,0,0,0,0,0,0,0,0,0,0,0,0,0,0,0,0,0,0,0,0,0,0,0,0,NA,0,0,0,0,0,0,0,0,0,0,0,0,0,0,0,0,0,0,GA,0,0,0,0,0,0,0,0,0,AA,NA,0,0,0,0,0,0,0,0,0,0,0,0,0,0,(processed manually since panel still in dev),,NA,0,0,0,,0,0,NA,0,0,0,,0,,NA,,
nontarget,1,NA,Nextseq488,Marten90 / M90,MYCA,2,CONSENSUS,"2,382,665","636,093",27,-1%,-1,92,0,0,0,0,0,0,0,0,0,0,0,0,0,0,0,0,0,0,0,0,0,0,0,0,0,0,0,0,0,0,0,0,0,0,0,0,0,0,0,0,0,0,0,0,0,0,0,NA,0,0,0,0,0,0,0,0,0,0,0,0,0,0,0,0,0,0,0,0,0,0,0,0,0,0,0,0,AA,0,0,0,0,0,0,0,0,0,0,0,0,0,0,0,(processed manually since panel still in dev),,0,0,0,GG,0,0,0,0,0,CC,0,AA,0,TT,0,GG,GG
mouse_tissue,NA,NA,Nextseq488,Marten90 / M90,PEMA,a,./illumina/lane1-s063-index--ACCGCGCAAT-TTGGCTCCGC-M95_PEMA_a_S63_R1_001.fastq,2852355,505,0,0%,0,NA,0,0,0,0,0,0,0,0,0,0,0,0,NA,0,0,0,0,0,0,0,0,0,0,0,0,0,0,0,0,0,0,0,0,0,0,0,0,0,0,0,0,0,0,0,0,0,0,0,0,0,0,0,0,0,0,0,0,0,0,0,0,0,0,0,0,0,GA,0,0,0,0,0,0,0,0,0,AA,NA,0,0,0,0,0,0,0,0,0,0,0,0,0,0,(processed manually since panel still in dev),,0,0,0,0,0,0,0,0,0,0,0,0,0,0,0,0,0
mouse_tissue,NA,NA,Nextseq488,Marten90 / M90,PEMA,b,./illumina/lane1-s095-index--GGTGGAATAC-ATGTAGACAA-M95_PEMA_b_S95_R1_001.fastq,2134099,217,0,0%,0,NA,0,0,0,0,0,0,0,0,0,0,0,0,0,0,0,0,0,0,0,0,0,0,0,0,0,0,0,0,0,0,0,0,0,0,0,0,0,0,0,0,0,0,0,0,0,0,0,0,0,0,0,0,0,0,0,0,0,0,0,0,0,0,0,0,0,0,GA,0,0,0,0,0,0,0,0,0,AA,0,0,0,0,0,0,0,0,0,0,0,0,0,0,0,(processed manually since panel still in dev),,0,0,0,0,0,0,0,0,0,0,0,0,0,0,0,0,0
nontarget,1,NA,Nextseq488,Marten90 / M90,PEMA,2,CONSENSUS,"2,493,227",361, -   ,0%,0,91,0,0,0,0,0,0,0,0,0,0,0,0,0,0,0,0,0,0,0,0,0,0,0,0,0,0,0,0,0,0,0,0,0,0,0,0,0,0,0,0,0,0,0,0,0,0,0,0,0,0,0,0,0,0,0,0,0,0,0,0,0,0,0,0,0,0,GA,0,0,0,0,0,0,0,0,0,AA,0,0,0,0,0,0,0,0,0,0,0,0,0,0,0,(processed manually since panel still in dev),,0,0,0,GG,0,0,0,0,0,CC,0,AA,0,TT,0,GG,GG
chipmunk_tissue,NA,NA,Nextseq488,Marten90 / M90,TATO,a,./illumina/lane1-s061-index--TGATTAGCCA-AGGCATGTAG-M95_TATO_a_S61_R1_001.fastq,2441894,93,0,-1%,-1,NA,0,0,0,0,0,0,0,0,0,0,0,0,NA,0,0,0,0,0,0,0,0,0,0,0,0,0,0,0,0,0,0,0,0,0,0,0,0,0,0,0,0,0,0,0,0,0,0,0,0,GG,0,0,0,0,0,0,0,0,0,0,0,0,0,0,0,0,0,0,0,0,0,0,0,0,0,0,0,NA,0,0,0,0,0,0,0,0,0,0,0,0,0,0,(processed manually since panel still in dev),,0,0,0,0,0,0,0,0,0,0,0,0,0,0,0,0,0
chipmunk_tissue,NA,NA,Nextseq488,Marten90 / M90,TATO,b,./illumina/lane1-s093-index--CTGGATATGT-TATGTGCAAT-M95_TATO_b_S93_R1_001.fastq,3418189,340,0,0%,0,NA,0,0,0,0,0,0,0,0,0,0,0,0,NA,0,0,0,0,0,0,0,0,0,0,0,0,0,0,0,0,0,0,0,0,0,0,0,0,0,0,0,0,0,0,0,0,0,0,0,0,GG,0,0,0,0,0,0,0,0,0,0,0,0,0,0,0,0,0,0,0,0,0,0,0,0,0,0,AA,NA,0,0,0,0,0,0,0,0,0,0,0,0,0,0,(processed manually since panel still in dev),,NA,0,0,0,0,0,0,NA,0,0,0,0,0,0,NA,0,0
nontarget,1,NA,Nextseq488,Marten90 / M90,TATO,2,CONSENSUS,"2,930,042",217, -   ,-1%,-1,91,0,0,0,0,0,0,0,0,0,0,0,0,0,0,0,0,0,0,0,0,0,0,0,0,0,0,0,0,0,0,0,0,0,0,0,0,0,0,0,0,0,0,0,0,0,0,0,0,0,GG,0,0,0,0,0,0,0,0,0,0,0,0,0,0,0,0,0,0,0,0,0,0,0,0,0,0,,0,0,0,0,0,0,0,0,0,0,0,0,0,0,0,(processed manually since panel still in dev),,0,0,0,0,0,0,0,0,0,0,0,,0,,0,,
blank,NA,NA,Nextseq488,Marten90 / M90,NTC0,a,./illumina/lane1-s032-index--CATACACTGT-GAACATACGG-M95_NTC_a_S32_R1_001.fastq,3935330,277,0,-1%,-1,NA,0,0,0,0,0,0,0,0,0,0,0,0,0,0,0,0,0,0,0,0,0,0,0,0,0,0,0,0,0,0,0,0,0,0,0,0,0,0,0,0,0,0,0,0,0,0,0,0,0,0,0,0,0,0,0,0,0,0,0,0,0,0,0,0,0,0,GA,0,0,0,0,0,0,0,0,0,0,0,0,0,0,0,0,0,0,0,0,0,0,0,0,0,(processed manually since panel still in dev),,0,0,0,0,0,0,0,0,0,0,0,0,0,0,0,0,0
blank,NA,NA,Nextseq488,Marten90 / M90,NTC0,b,./illumina/lane1-s064-index--GTTCGCGCCA-AACTGATACT-M95_NTC_b_S64_R1_001.fastq,2607597,265368,10.2,0%,0,NA,0,0,TT,0,0,0,0,0,0,0,0,0,NA,0,0,0,0,0,0,0,0,0,0,0,0,0,0,0,0,0,0,0,0,0,0,0,0,0,0,0,0,0,0,0,0,0,0,0,0,0,0,0,0,0,0,0,0,0,0,0,0,0,0,0,0,0,GG,0,0,0,0,0,0,0,0,0,0,NA,0,0,0,0,0,0,0,0,0,0,0,0,0,0,(processed manually since panel still in dev),,NA,0,0,0,0,0,0,NA,0,0,0,,0,,NA,,
blank,NA,NA,Nextseq488,Marten90 / M90,NTC0,c,./illumina/lane1-s096-index--TGGACGGAGG-CACATCGGTG-M95_NTC_c_S96_R1_001.fastq,3626073,140,0,-1%,-1,NA,0,0,0,0,0,0,0,0,0,0,0,0,NA,0,0,0,0,0,0,0,0,0,0,0,0,0,0,0,0,0,0,0,0,0,0,0,0,0,0,0,0,0,0,0,0,0,0,0,0,0,0,0,0,0,0,0,0,0,0,0,0,0,0,0,0,0,GA,0,0,0,0,0,0,0,0,0,0,NA,0,0,0,0,0,0,0,0,0,0,0,0,0,0,(processed manually since panel still in dev),,0,0,0,0,0,0,0,0,0,0,0,,0,,0,,
blank,1,NA,Nextseq488,Marten90 / M90,NTC0,3,CONSENSUS,"3,389,667","88,595",3.4,0%,0,91,0,0,FALSE,0,0,0,0,0,0,0,0,0,0,0,0,0,0,0,0,0,0,0,0,0,0,0,0,0,0,0,0,0,0,0,0,0,0,0,0,0,0,0,0,0,0,0,0,0,0,0,0,0,0,0,0,0,0,0,0,0,0,0,0,0,0,0,FALSE,0,0,0,0,0,0,0,0,0,0,0,0,0,0,0,0,0,0,0,0,0,0,0,0,0,(processed manually since panel still in dev),,NA,0,0,0,0,0,0,NA,0,0,0,0,0,0,NA,0,0
blank,NA,NA,Nextseq496,MACA_P1,NTC,a,lane1-s080-index--CTGGCTTGCC-CAAGCATCCG-NTC_1_S80.assembled,13205,2,0.02,-2%,-2,NA,0,0,0,0,0,0,0,0,0,0,0,0,NA,0,0,0,0,NA,0,0,0,0,0,0,NA,0,0,0,0,0,NA,0,0,0,0,0,0,0,0,NA,0,0,NA,0,0,0,0,0,0,NA,0,0,NA,0,NA,NA,0,0,NA,0,0,0,0,0,0,NA,0,0,0,0,0,0,0,0,0,0,NA,NA,0,NA,0,0,0,NA,0,NA,0,0,0,0,0,0,0,0,0,0,0,0,0,0,0,0,0,0,0,0,0,0,0,0,0
blank,NA,NA,Nextseq496,MACA_P1,NTC,b,lane1-s088-index--TACACGCTCC-ATCCGTAAGT-NTC_1_S88.assembled,64789,12986,20.04,-1%,-1,NA,AA,0,0,0,0,0,0,0,0,0,0,0,NA,0,0,0,0,NA,0,0,0,0,0,0,NA,0,0,0,0,0,NA,0,0,0,0,0,0,0,0,NA,0,0,NA,0,0,0,0,0,0,NA,0,0,NA,0,NA,NA,0,0,NA,0,0,0,0,0,0,NA,0,0,0,0,0,0,0,0,0,0,NA,NA,0,NA,0,0,0,NA,0,NA,0,0,0,0,0,0,0,0,NA,0,0,0,0,0,0,NA,0,0,0,0,0,0,NA,0,0
blank,NA,NA,Nextseq496,MACA_P1,NTC,c,lane1-s096-index--TGGACGGAGG-CACATCGGTG-NTC_1_S96.assembled,7341,3,0.04,-2%,-2,NA,0,0,0,0,0,0,0,0,0,0,0,0,NA,0,0,0,0,NA,0,0,0,0,0,0,NA,0,0,0,0,0,NA,0,0,0,0,0,0,0,0,NA,0,0,NA,0,0,0,0,0,0,NA,0,0,NA,0,NA,NA,0,0,NA,0,0,0,0,0,0,NA,0,0,0,0,0,0,0,0,0,0,NA,NA,0,NA,0,0,0,NA,0,NA,0,0,0,0,0,0,0,0,0,0,0,0,0,0,0,0,0,0,0,0,0,0,0,0,0
blank,1,NA,Nextseq496,MACA_P1,NTC1,3,CONSENSUS,28445,4330,6.7,-2%,-2,0,0,0,0,0,0,0,0,0,0,0,0,0,0,0,0,0,0,NA,0,0,0,0,0,0,NA,0,0,0,0,0,NA,0,0,0,0,0,0,0,0,NA,0,0,NA,0,0,0,0,0,0,NA,0,0,NA,0,NA,NA,0,0,NA,0,0,0,0,0,0,NA,0,0,0,0,0,0,0,0,0,0,NA,0,0,NA,0,0,0,NA,0,NA,0,0,0,0,0,0,0,0,0,0,0,0,0,0,0,0,0,0,0,0,0,0,0,0,0
scat_marten,NA,NA,Nextseq496,MACA_P1,PM1,a,lane1-s032-index--CATACACTGT-GAACATACGG-PM1_S32.assembled,,,0,-2%,-2,NA,0,0,0,0,0,0,0,0,0,0,0,0,NA,0,0,0,0,0,0,0,0,0,0,0,0,0,0,0,0,0,0,0,0,0,0,0,0,0,0,0,0,0,0,0,0,0,0,0,0,0,0,0,0,0,0,0,0,0,0,0,0,0,0,0,0,0,0,0,0,0,0,0,0,0,0,0,0,NA,0,0,0,0,0,0,0,0,0,0,0,0,0,0,0,0,0,0,0,0,0,0,0,0,0,0,0,0,0,0,0,0,0
scat_marten,NA,NA,Nextseq496,MACA_P1,PM1,b,lane1-s040-index--TGACTACATA-CGCACTAATG-PM1_S40.assembled,141462,5,0,-2%,-2,NA,0,0,0,0,0,0,0,0,0,0,0,0,NA,0,0,0,0,NA,0,0,0,0,0,0,NA,0,0,0,0,0,NA,0,0,0,0,0,0,0,0,NA,0,0,NA,0,0,0,0,0,0,NA,0,0,NA,0,NA,NA,0,0,NA,0,0,0,0,0,0,NA,0,0,0,0,0,0,0,0,0,0,NA,NA,0,NA,0,0,0,NA,0,NA,0,0,0,0,0,0,0,0,0,0,0,0,0,0,0,0,0,0,0,0,0,0,0,0,0
scat_marten,NA,NA,Nextseq496,MACA_P1,PM1,c,lane1-s048-index--AGTGCCACTG-TAACAATAGG-PM1_S48.assembled,,,0,-2%,-2,NA,0,0,0,0,0,0,0,0,0,0,0,0,NA,0,0,0,0,0,0,0,0,0,0,0,0,0,0,0,0,0,0,0,0,0,0,0,0,0,0,0,0,0,0,0,0,0,0,0,0,0,0,0,0,0,0,0,0,0,0,0,0,0,0,0,0,0,0,0,0,0,0,0,0,0,0,0,0,NA,0,0,0,0,0,0,0,0,0,0,0,0,0,0,0,0,0,0,0,0,0,0,0,0,0,0,0,0,0,0,0,0,0
scat_marten,1,NA,,,PM1,3,CONSENSUS,141462,5,0,5%,5,7,0,0,0,0,0,0,0,0,0,0,0,0,0,0,0,0,0,FALSE,0,0,0,0,0,0,FALSE,0,0,0,0,0,FALSE,0,0,0,0,0,0,0,0,NA,0,0,NA,0,0,0,0,0,0,NA,0,0,NA,0,NA,NA,0,0,NA,0,0,0,0,0,0,FALSE,0,0,0,0,0,0,0,0,0,0,0,0,0,FALSE,0,0,0,FALSE,0,FALSE,0,0,0,0,0,0,0,0,0,0,0,0,0,0,0,0,0,0,0,0,0,0,0,0,0
scat_marten,NA,NA,Nextseq496,MACA_P1,PM10,a,lane1-s028-index--ATGTCGTGGT-TCGTATGCGG-PM10_S28.assembled,218439,117126,53.62,10%,9,NA,AA,0,0,0,0,0,0,0,0,0,0,0,NA,0,0,0,0,0,0,GG,0,0,AA,GG,0,0,0,0,TT,0,0,0,0,CC,0,AA,0,0,0,0,0,0,0,0,0,0,TT,0,0,0,0,0,0,0,0,0,TT,0,0,0,0,TT,CC,0,0,0,0,0,0,0,0,0,0,0,0,0,0,NA,0,0,0,0,0,0,0,0,0,0,0,0,0,0,0,0,NA,CC,0,0,0,0,0,NA,0,0,0,0,0,0,NA,0,0
scat_marten,NA,NA,Nextseq496,MACA_P1,PM10,b,lane1-s036-index--TACGGCCGGT-TGGCAATATT-PM10_S36.assembled,242057,133608,55.2,7%,6,NA,0,0,0,0,0,0,0,0,0,0,0,TT,NA,0,0,0,0,0,0,0,0,0,0,AA,0,0,0,0,0,0,0,0,0,0,0,0,0,0,0,GG,0,0,0,0,0,CC,0,0,0,0,0,0,0,0,0,0,0,0,0,0,0,0,GG,CC,0,CC,0,0,0,0,0,0,0,0,AA,0,0,NA,0,0,0,0,0,0,0,0,0,0,0,0,0,0,0,0,NA,0,GG,0,0,0,0,NA,0,0,0,0,0,0,NA,0,CC
scat_marten,NA,NA,Nextseq496,MACA_P1,PM10,c,lane1-s044-index--TGGCTCGCAG-AATCCGGCCA-PM10_S44.assembled,67659,23907,35.33,8%,7,NA,AA,0,0,0,0,0,0,0,0,0,0,0,NA,0,0,0,0,0,0,0,0,0,0,0,0,0,0,0,0,0,0,0,0,0,0,0,0,0,0,0,0,0,0,0,0,CC,0,0,0,0,0,0,0,0,0,CC,TT,0,0,0,AA,0,0,CC,AA,0,0,0,0,GG,TT,0,0,0,0,0,0,NA,0,0,0,0,0,0,0,0,0,0,0,0,0,0,0,0,NA,0,0,0,0,0,0,NA,0,0,0,0,0,0,NA,GG,0
scat_marten,1,NA,,,PM10,3,CONSENSUS,176052,91547,48.05,2%,2,0,AA,0,0,0,0,0,0,0,0,0,0,0,0,0,0,0,0,0,0,0,0,0,0,NA,0,0,0,0,0,0,0,0,0,0,0,0,0,0,0,0,0,0,0,0,0,CC,0,0,0,0,0,0,0,0,0,0,TT,0,0,0,0,0,NA,CC,0,0,0,0,0,0,0,0,0,0,0,0,0,0,0,0,0,0,0,0,0,0,0,0,0,0,0,0,0,0,0,0,0,0,0,0,0,0,0,0,0,0,0,0,NA,0,0
scat_marten,NA,NA,Nextseq496,MACA_P1,PM12,a,lane1-s004-index--CTTATGGAAT-TGCCTGGTGG-PM12_S4.assembled,145786,41318,28.34,-1%,-1,NA,0,0,0,0,0,0,0,0,0,0,0,0,NA,0,0,0,0,0,0,0,0,0,0,0,0,0,0,0,0,0,0,0,0,0,0,0,0,0,0,0,0,0,0,0,0,0,0,0,0,0,0,0,0,0,0,0,0,0,0,0,0,0,0,0,0,0,0,0,0,0,0,0,0,0,0,0,AA,NA,0,0,0,0,0,0,0,0,0,0,0,0,0,0,0,0,NA,0,0,0,0,0,0,NA,0,0,0,0,0,0,NA,0,0
scat_marten,NA,NA,Nextseq496,MACA_P1,PM12,b,lane1-s012-index--CCTATGACTC-GTGTGGCGCT-PM12_S12.assembled,75495,31228,41.36,0%,0,NA,0,0,0,0,0,0,0,0,0,0,0,0,NA,0,0,0,0,0,0,0,0,0,0,0,0,0,0,0,0,0,0,0,0,0,0,0,0,0,0,0,0,0,0,0,0,0,0,0,0,0,0,0,0,0,0,0,0,0,CC,0,0,0,0,0,0,0,0,0,0,0,0,0,0,0,0,0,AA,NA,0,0,0,0,0,0,0,0,0,0,0,0,0,0,0,0,0,0,0,0,0,GG,0,0,0,0,0,0,0,0,0,0,0
scat_marten,NA,NA,Nextseq496,MACA_P1,PM12,c,lane1-s020-index--TCGGCCTATC-CGCACATGGC-PM12_S20.assembled,89674,2285,2.55,-1%,-1,NA,0,0,0,0,0,0,0,0,0,0,0,0,NA,0,0,0,0,0,0,0,0,0,0,0,0,0,0,0,0,0,0,0,0,0,0,0,0,0,0,0,0,0,0,0,0,0,0,0,0,0,0,0,0,0,0,0,0,0,CC,0,0,0,0,0,0,0,0,0,0,0,0,0,0,0,0,0,0,NA,0,0,0,0,0,0,0,0,0,0,0,0,0,0,0,0,NA,0,0,0,0,GG,0,NA,0,0,0,0,0,0,NA,0,0
scat_marten,1,NA,,,PM12,3,CONSENSUS,103652,24944,24.08,0%,0,0,0,0,0,0,0,0,0,0,0,0,0,0,0,0,0,0,0,0,0,0,0,0,0,0,0,0,0,0,0,0,0,0,0,0,0,0,0,0,0,0,0,0,0,0,0,0,0,0,0,0,0,0,0,0,0,0,0,0,CC,0,0,0,0,0,0,0,0,0,0,0,0,0,0,0,0,0,AA,0,0,0,0,0,0,0,0,0,0,0,0,0,0,0,0,0,0,0,0,0,0,GG,0,0,0,0,0,0,0,0,0,0,0
scat_marten,NA,SDunes_M20.sc,Nextseq496,MACA_P1,PM13,a,lane1-s027-index--TGGATGCTTA-TCAATCCATT-PM13_S27.assembled,457194,410820,89.86,76%,69,NA,AA,0,0,GC,TT,0,0,AT,GG,CC,CC,TT,0,CC,CC,0,CC,CC,AA,AA,TT,CC,CA,AA,GG,0,0,GG,CC,AA,AA,GG,0,CT,GG,AA,CC,CC,GG,GG,CC,GG,AA,AA,GG,CC,0,AA,0,TT,GG,0,CT,0,0,CC,CC,0,GG,GA,CC,TT,GG,CC,AA,CG,GA,CC,CC,TT,TT,TT,AA,AA,GG,TT,0,0,TT,0,0,GA,0,0,GG,GC,GG,AA,AA,CC,CC,0,GG,GG,GG,CC,GG,GG,0,GG,TT,0,AA,CC,GG,AA,0,0,GG,GG,CG
scat_marten,NA,SDunes_M20.sc,Nextseq496,MACA_P1,PM13,b,lane1-s035-index--GCGAGTTACC-AAGTTGGTGA-PM13_S35.assembled,497424,456902,91.85,75%,68,NA,AA,AC,0,GC,0,GG,0,AT,GG,0,CC,TT,AG,0,CC,TC,CC,CC,AA,AA,CC,0,CA,AA,GG,0,TT,GG,CC,0,AA,GG,GG,0,GG,0,CC,CC,GG,GG,CC,GG,AA,AA,GG,CC,TT,0,CC,GG,GG,TT,CC,GG,0,0,CC,0,GG,GA,CC,0,GG,TT,AA,CC,GA,CC,CC,TT,0,GG,0,AA,GG,CC,0,0,TT,AA,GG,0,GG,CC,GG,GC,GT,0,0,0,CC,CT,GG,GG,0,0,GG,0,0,GG,TT,GG,0,CC,GG,AA,CC,TT,GG,GG,CC
scat_marten,NA,SDunes_M20.sc,Nextseq496,MACA_P1,PM13,c,lane1-s043-index--GGCGAGATGG-TTCTATGGTT-PM13_S43.assembled,292481,275183,94.09,75%,68,NA,AA,0,0,GG,TT,0,GG,TT,GG,0,CC,TT,NA,CC,CC,0,0,CC,AA,AA,CC,0,CC,AA,0,TT,TT,GG,CC,AA,AA,GG,GG,CT,GG,AA,CC,CC,GG,GG,CC,GG,AA,AA,GG,CC,TC,0,CC,TT,0,0,0,0,CC,CC,CC,CT,0,GG,CC,CC,0,TC,AA,CC,GA,CC,CC,TT,TA,GT,AA,AA,GG,TT,0,NA,TT,AA,0,GA,GG,CC,GG,CC,0,0,0,CC,CC,CT,0,GG,0,CC,GG,0,CC,0,TT,GG,0,CC,GG,AA,CC,TT,GG,GG,CC
scat_marten,NA,SDunes_M20.sc,Nextseq533,MACA_P12,PM13,a,lane1-s699-index--GGCACTAAGG-ACATGCATAT-MACAP12,579156,502782,86.81,84%,76,0,AA,CC,CC,0,TT,GG,GG,AT,GG,CC,CC,TT,NA,CC,CC,CC,CC,0,0,AA,CC,CC,CA,AA,GG,0,TT,GG,CC,AA,AA,GG,GG,CT,GG,AA,CC,CC,GG,GG,CC,0,AA,0,GG,CC,TC,AA,CC,GT,GG,TT,CT,GG,0,CC,CC,CT,GG,GG,CC,TC,CC,0,AA,CC,GA,CC,0,TT,TA,GG,0,AA,GG,CC,0,NA,TT,AA,TG,GA,GG,TT,GG,GC,0,0,AA,CC,CC,CT,0,GG,GG,CC,GG,GG,0,GG,0,GG,0,CC,GG,0,CC,TT,GG,GG,CC
scat_marten,NA,SDunes_M20.sc,Nextseq533,MACA_P12,PM13,b,lane1-s707-index--AAGTTCTAGT-CGTTCAGCCT-MACAP12,482288,358452,74.32,81%,74,0,AA,0,CC,GC,TT,GG,GG,TT,GG,0,CC,TT,AA,CC,CC,TT,0,CC,0,AA,0,CC,CA,AA,GG,0,0,GG,CC,AA,AA,GG,GG,CT,GG,0,CC,CC,GG,GG,CC,GG,AA,AA,GG,CC,TC,AA,CC,0,GG,TT,0,GG,0,CC,CC,TT,0,0,CC,TC,GC,0,AA,CG,GA,CC,0,TT,TT,GT,AT,AA,GG,CC,AA,AA,0,AA,0,GA,GG,CC,GG,GC,GT,GA,AA,CC,CC,CT,0,GG,GG,CC,GG,GG,0,0,TT,GG,GA,CC,GG,AA,CC,TT,GG,GG,CG
scat_marten,NA,SDunes_M20.sc,Nextseq533,MACA_P12,PM13,c,lane1-s715-index--CAATCCTTGT-TGTACTTGTT-MACAP12,401879,319649,79.54,84%,76,0,AA,CC,CC,GC,TT,GG,GG,AA,GG,0,CC,TT,AG,CC,CC,TT,CC,CC,0,AA,CC,CC,CA,AA,GG,0,TT,GG,CC,AA,0,GG,GG,CT,GG,0,CC,CC,GG,GG,CC,GG,0,AA,GG,CC,0,AA,CC,TT,GG,TT,CT,GG,0,CC,CC,CT,GG,0,CC,TC,GC,0,AA,0,AA,CC,0,TT,TA,GT,AT,AA,GG,0,AA,AA,TT,AA,0,GA,GG,TT,GG,GC,GT,AA,AA,CC,CC,CT,GG,GG,GG,CC,GG,GG,0,GG,TT,GG,AA,CC,GG,AA,CC,TT,GG,GG,0
scat_marten,0,SDunes_M20.sc,Nextseq496 / Nextseq533,MACA_P1 / MACA_P12,PM13,6,CONSENSUS,451737,387298,86.08,92%,84,0,AA,NA,CC,GC,TT,GG,GG,AT,GG,CC,CC,TT,AG,CC,CC,TC,CC,CC,AA,AA,NA,CC,CA,AA,GG,0,TT,GG,CC,AA,AA,GG,GG,CT,GG,AA,CC,CC,GG,GG,CC,GG,AA,AA,GG,CC,NA,AA,CC,GT,GG,TT,CT,GG,0,CC,CC,CT,GG,GA,CC,TC,GC,TC,AA,CG,GA,CC,CC,TT,TA,GT,AT,AA,GG,CT,AA,AA,TT,AA,0,GA,GG,CT,GG,GC,GT,NA,AA,CC,CC,CT,GG,GG,GG,CC,GG,GG,0,GG,TT,GG,NA,CC,GG,AA,CC,TT,GG,GG,CG
scat_marten,NA,NA,Nextseq496,MACA_P1,PM14,a,lane1-s002-index--TATCTGACCT-CTACAAGATA-PM14_S2.assembled,244961,83523,34.1,-1%,-1,NA,0,0,0,0,0,0,0,0,0,0,0,0,NA,0,0,0,0,0,0,0,0,0,0,0,0,0,0,0,0,0,0,0,0,0,0,0,0,0,0,0,0,0,0,0,0,0,0,0,0,0,0,0,0,0,0,0,0,0,CC,0,0,0,0,0,0,0,0,0,0,0,0,0,0,0,0,0,0,NA,0,0,0,0,0,0,0,0,0,0,0,0,0,0,0,GG,0,0,0,0,0,GG,0,0,0,0,GG,0,0,0,0,0,0
scat_marten,NA,NA,Nextseq496,MACA_P1,PM14,b,lane1-s010-index--TCGTCTGACT-ACCAGCGACA-PM14_S10.assembled,128911,47952,37.2,-1%,-1,NA,0,0,0,0,0,0,0,0,0,0,0,0,NA,0,0,0,0,0,0,0,0,0,0,0,0,0,0,0,0,0,0,0,0,0,0,0,0,0,0,0,0,0,0,0,0,0,0,0,0,0,0,0,0,0,0,0,0,0,CC,0,0,0,0,0,0,0,0,0,0,0,0,0,0,0,0,0,0,NA,0,0,0,0,0,0,0,0,0,0,0,0,0,0,0,GG,0,0,0,0,0,GG,0,0,0,0,GG,0,0,0,0,0,0
scat_marten,NA,NA,Nextseq496,MACA_P1,PM14,c,lane1-s018-index--GGTTGCCTCT-CTAATGATGG-PM14_S18.assembled,233965,83168,35.55,0%,0,NA,0,0,0,0,0,0,0,0,0,0,0,0,NA,0,CC,0,0,0,0,0,0,0,0,0,0,0,0,0,0,0,0,0,0,0,0,0,0,0,0,0,0,0,0,0,0,0,0,0,0,0,0,0,0,0,0,0,0,0,CC,0,0,0,0,0,0,0,0,0,0,0,0,0,0,0,0,0,0,NA,0,0,0,0,0,0,0,0,0,0,0,0,0,0,0,GG,0,0,0,0,0,GG,0,0,0,0,GG,0,0,0,0,0,0
scat_marten,1,NA,,,PM14,,CONSENSUS,202612,71548,35.62,-1%,-1,0,0,0,0,0,0,0,0,0,0,0,0,0,0,0,0,0,0,0,0,0,0,0,0,0,0,0,0,0,0,0,0,0,0,0,0,0,0,0,0,0,0,0,0,0,0,0,0,0,0,0,0,0,0,0,0,0,0,0,CC,0,0,0,0,0,0,0,0,0,0,0,0,0,0,0,0,0,0,0,0,0,0,0,0,0,0,0,0,0,0,0,0,0,0,0,0,0,0,0,0,GG,0,0,0,0,GG,0,0,0,0,0,0
scat_marten,NA,NDunes_F03.tr,Nextseq496,MACA_P1,PM15,a,lane1-s077-index--GGATACCAGA-CGTTGCTTAC-PM15_S77.assembled,510848,477056,93.39,86%,78,NA,AA,0,CT,CC,TT,0,GG,AT,GA,CC,TT,TC,AA,TT,CC,CC,0,CC,AA,GA,0,AA,AA,GG,AA,TT,TT,AA,TT,AA,AA,AA,AA,CC,AG,GG,TT,TT,GA,GA,TT,0,GG,GG,GT,0,TC,AA,CC,GG,0,TT,TT,AA,0,CC,TT,CT,GG,0,AA,TT,GG,TT,AA,CC,AA,CC,TC,GG,TT,GG,AA,GG,GA,CT,0,0,TT,AA,TT,GG,CC,CC,AG,GG,GG,AA,0,TT,CC,CC,0,0,AA,CC,GG,GG,CC,GG,CC,GG,AA,CC,GG,AA,CC,TT,GG,GG,CC
scat_marten,NA,NDunes_F03.tr,Nextseq496,MACA_P1,PM15,b,lane1-s085-index--TTAGGTACCA-CATGAGTACT-PM15_S85.assembled,257597,241201,93.64,87%,79,NA,AA,0,CC,CC,TT,GG,GG,0,GA,CC,TT,TC,AA,TT,CC,CC,CC,CC,AA,GA,0,AA,AA,GG,0,TT,TT,AA,TT,AA,AA,AA,0,CC,AA,0,TT,TT,0,GA,TT,AA,0,GG,GT,CT,TC,AA,CC,TT,GC,TT,0,AA,0,CC,TT,CT,GG,0,AA,TT,GG,0,AA,CC,AA,CC,TC,GG,TT,GT,AA,GG,GA,TT,AA,AA,GG,AA,TT,GG,CC,CC,AA,GG,GG,GG,AA,TT,CC,CC,0,0,AA,CC,GG,GG,0,GG,CC,GG,GG,CC,GG,AA,0,TT,GG,GG,CC
scat_marten,NA,NDunes_F03.tr,Nextseq496,MACA_P1,PM15,c,lane1-s093-index--CTGGATATGT-TATGTGCAAT-PM15_S93.assembled,407614,375021,92,84%,76,NA,AA,AA,CC,CC,0,0,GA,AT,GA,CC,TT,TC,AA,TT,CC,CC,CC,CC,AA,GA,0,AA,AA,GG,0,TT,TT,AA,TT,AA,AA,AA,AA,CC,AG,AA,0,0,GA,GA,TT,AA,0,GG,TT,CT,TC,AA,0,0,GC,TT,TT,0,CC,CC,TT,TT,0,0,AA,TT,GG,TT,AA,CC,AA,CC,TC,GG,TT,GT,AA,GG,GG,CT,0,0,GG,AA,0,GG,CC,CC,AG,GG,GG,AA,AA,TT,TT,CC,0,0,AA,CC,GG,GG,CC,0,CC,0,AA,0,GG,AA,CC,TT,0,GG,CC
scat_marten,0,NDunes_F03.tr,,,PM15,,CONSENSUS,392020,364426,93.01,82%,75,0,AA,0,NA,CC,TT,0,NA,AT,GA,CC,TT,TC,AA,TT,CC,CC,CC,CC,AA,GA,0,AA,AA,GG,0,TT,TT,AA,TT,AA,AA,AA,AA,CC,AG,NA,TT,TT,GA,GA,TT,AA,0,GG,GT,CT,TC,AA,CC,NA,GC,TT,TT,AA,0,CC,TT,CT,GG,0,AA,TT,GG,TT,AA,CC,AA,CC,TC,GG,TT,GT,AA,GG,GA,CT,0,0,NA,AA,TT,GG,CC,CC,AG,GG,GG,NA,AA,TT,NA,CC,0,0,AA,CC,GG,GG,CC,GG,CC,GG,NA,CC,GG,AA,CC,TT,GG,GG,CC
scat_marten,NA,NDunes_M03.tr,Nextseq496,MACA_P1,PM17,a,lane1-s050-index--ACATGGTGTC-TCAACGTGTA-PM17_S50.assembled,364100,343365,94.31,68%,62,NA,AA,AA,0,CC,0,AG,AA,AA,0,0,TT,TC,0,TT,CC,0,0,CC,AA,GG,TT,0,AA,0,0,0,0,AA,TT,AA,AA,0,0,CC,GG,0,0,TT,0,AA,TT,0,0,0,TT,CC,TT,0,TT,GG,0,0,0,GG,0,CC,TT,CC,GG,AA,AA,TT,CC,CC,AA,CC,AA,CC,0,GG,TT,GG,AT,0,GG,CC,AA,AA,0,AA,0,GG,CC,CC,AG,GG,GG,GG,CC,TT,CC,CC,0,GG,0,CC,GG,0,0,GG,0,AA,GG,CC,GG,AA,0,TT,GG,GG,CC
scat_marten,NA,NDunes_M03.tr,Nextseq496,MACA_P1,PM17,b,lane1-s058-index--CCGAAGCGAG-TACTAGTCAA-PM17_S58.assembled,260161,236755,91,69%,63,NA,AA,AA,CC,CC,0,AG,0,AA,GG,0,TT,TT,AA,TT,CC,CC,0,0,AA,GG,TT,0,AA,AA,AA,TT,TT,0,0,AA,AA,AA,0,CC,0,0,0,CC,GG,GG,TT,AA,0,GG,TT,CC,TT,0,0,GT,CC,TT,TT,0,0,CC,TT,CC,0,0,AA,0,CC,CC,AA,CC,AA,CC,TC,GG,TT,TT,AA,0,GA,0,0,0,0,AA,TT,GG,CC,CC,AG,GG,0,GG,CC,0,CC,CC,0,GG,0,CC,GG,0,0,0,CC,0,GG,CC,GG,0,0,TT,GG,GG,CC
scat_marten,NA,NDunes_M03.tr,Nextseq496,MACA_P1,PM17,c,lane1-s066-index--GCGTTGGTAT-AATTGCTGCG-PM17_S66.assembled,692661,651441,94.05,67%,61,NA,AA,0,0,CC,TT,0,0,0,GA,0,TT,TT,AA,TC,CC,0,CC,CC,AA,GG,TT,0,AA,AA,AA,CC,TT,0,CT,0,AA,AA,AA,CC,GG,0,TT,0,GA,0,TT,AA,0,GG,TT,CC,TT,0,0,GG,GG,0,TT,0,0,CC,TT,CC,GG,AA,AA,TT,CC,0,0,CC,AA,0,TT,GG,TT,GG,AA,GG,AA,CT,0,0,GG,0,TT,GG,0,CC,0,GG,GG,0,CC,0,TT,CC,0,GG,0,CC,GG,0,0,GG,CC,0,0,CC,GG,AA,CC,TT,GG,GG,CC
scat_marten,NA,NDunes_M03.tr,Nextseq533,MACA_P12,PM17,a,lane1-s700-index--ATTCGGTACA-AACATACCTA-MACAP12,618422,563250,91.08,81%,74,0,AA,0,CT,CC,TT,GG,0,AA,GA,CC,TT,CC,AA,CC,CC,0,0,CC,0,GG,0,AA,AA,AA,0,0,TT,AA,0,AA,AA,AA,0,CC,0,AA,TT,CC,GA,GA,TT,AA,GG,GG,TT,CC,TT,0,0,GG,CC,TT,TT,GA,TT,CC,TT,CC,0,AA,AA,TT,CC,CC,AG,CC,AA,CC,0,GG,TT,GT,AT,GG,GA,0,AA,AA,GG,AA,TT,GG,CC,CC,GG,GG,GG,GG,AA,TT,0,CC,GG,GG,AA,CC,GG,0,CC,0,CC,0,GG,CC,0,AA,0,TT,GG,GG,CC
scat_marten,NA,NDunes_M03.tr,Nextseq533,MACA_P12,PM17,b,lane1-s708-index--CCAAGAGGTG-TTACTTCCTC-MACAP12,581566,542172,93.23,76%,69,0,AA,0,0,CC,TT,AG,0,AA,0,0,TT,TC,AA,0,CC,CC,CC,CC,0,GG,TT,AA,AA,AA,0,0,TT,AA,TT,0,AA,AA,AA,CC,GG,0,TT,TT,GG,GA,TT,0,GG,GG,TT,CC,TT,AA,TT,0,0,TT,TT,0,0,CC,TT,CC,GG,0,AA,TT,CC,CC,GG,CC,AA,CC,0,GG,TT,TT,AA,AA,GA,0,AA,AA,GG,AA,0,GG,CC,CC,0,GG,GG,GG,CC,TT,0,CC,0,GG,AA,CC,GG,GG,0,GG,CC,AA,GG,0,0,AA,CC,TT,0,GG,CC
scat_marten,NA,NDunes_M03.tr,Nextseq533,MACA_P12,PM17,c,lane1-s716-index--CACCTGTTGC-CTCTAAGTAG-MACAP12,433488,397658,91.73,75%,68,0,AA,AA,TT,CC,TT,AA,AA,AA,AA,CC,TT,TC,AA,0,CC,TT,CC,CC,0,GG,0,AA,AA,AA,0,0,TT,AA,0,AA,AA,AA,0,CC,0,0,TT,0,GG,GA,TT,AA,GG,GG,TT,CC,TT,AA,CC,0,0,TT,TT,0,0,CC,TT,CC,0,AA,AA,0,CC,CC,0,CC,AA,CC,0,GG,TT,GT,AT,GA,GA,TT,AA,0,0,0,TT,GG,CC,CC,AG,GG,GG,GG,0,TT,0,CC,0,GG,AA,CC,GG,GG,0,0,CC,GG,GG,CC,0,AA,0,TT,GG,GG,CC
scat_marten,0,NDunes_M03.tr,Nextseq496 / Nextseq533,MACA_P1 / MACA_P12,PM17,,CONSENSUS,491733,455774,92.57,87%,79,0,AA,AA,CT,CC,TT,AG,AA,AA,GA,CC,TT,TC,AA,TC,CC,NA,CC,CC,AA,GG,TT,AA,AA,AA,AA,NA,TT,AA,NA,AA,AA,AA,AA,CC,GG,0,TT,CT,GA,GA,TT,AA,GG,GG,TT,CC,TT,AA,NA,NA,NA,TT,TT,NA,0,CC,TT,CC,GG,AA,AA,TT,CC,CC,AG,CC,AA,CC,NA,GG,TT,GT,AT,GA,GA,CT,AA,AA,GG,AA,TT,GG,CC,CC,AG,GG,GG,GG,NA,TT,NA,CC,0,GG,AA,CC,GG,GG,0,GG,CC,NA,GG,CC,GG,AA,CC,TT,GG,GG,CC
scat_marten,NA,SDunes_F05.sc,Nextseq496,MACA_P1,PM18,a,lane1-s025-index--TTCTATGGTT-GGCGAGATGG-PM18_S25.assembled,27995,24437,87.29,93%,85,NA,GA,AA,CT,GC,TT,GG,AA,AT,GG,CC,CC,TT,AA,CC,CT,TT,CC,CG,AA,AA,0,CA,AA,AA,GG,TT,TC,GA,CC,AT,AA,AA,GG,TT,GG,AA,TT,CT,GG,GA,CC,GG,AG,AA,GG,CC,TC,AA,0,GG,GC,TT,CT,GG,CC,CC,CC,CT,CC,AA,CA,TC,GC,TT,AA,CC,AA,CT,TC,TT,TA,GG,AA,AA,GA,CC,AA,0,GT,0,TT,0,GG,CC,GG,CC,GT,GG,AC,CC,CC,CT,0,0,AG,CC,GG,GG,CC,GG,TT,0,GG,CC,GG,AA,CC,TT,GG,GG,CC
scat_marten,NA,SDunes_F05.sc,Nextseq496,MACA_P1,PM18,b,lane1-s033-index--CGTATAATCA-GTCGATTACA-PM18_S33.assembled,347218,313927,90.41,93%,85,NA,GA,AA,CT,GC,TT,GG,GA,AT,GG,CC,CC,TT,AA,CC,CT,TT,CC,CG,AA,AA,CT,CA,AA,AA,GG,TT,TC,GA,CC,AT,AA,AA,GG,TT,GG,0,TT,0,GG,GA,CC,GG,GG,AA,GG,CC,TC,AA,CT,GG,GC,TT,CT,GG,CC,CC,CC,0,0,AA,CA,TC,GC,TT,AA,CC,AA,0,TC,TT,TA,GG,AA,AA,GA,CC,AA,AA,0,AA,TT,GA,GG,CC,GG,CC,GT,GG,AC,CC,CC,CT,0,0,AG,CC,GG,GG,CC,0,TT,GA,GG,CC,GG,AA,CC,TT,GG,GG,CC
scat_marten,NA,SDunes_F05.sc,Nextseq496,MACA_P1,PM18,c,lane1-s041-index--ATTGCCGAGT-GACAACTGAA-PM18_S41.assembled,191590,166315,86.81,-1%,-1,NA,0,0,0,0,0,0,0,0,0,0,0,0,NA,0,0,0,0,NA,0,0,0,0,0,0,NA,0,0,0,0,0,NA,0,0,0,0,AA,0,0,0,NA,0,0,NA,0,0,0,0,0,0,NA,0,0,NA,0,NA,NA,0,0,NA,0,0,0,0,0,0,NA,0,0,0,0,0,0,0,0,0,0,NA,NA,0,NA,0,0,0,NA,0,NA,0,0,0,0,0,0,0,0,NA,0,0,0,0,0,NA,NA,0,0,NA,0,0,0,NA,0,0
scat_marten,0,SDunes_F05.sc,,,PM18,,CONSENSUS,188934,168226,88.17,87%,79,0,GA,AA,CT,GC,TT,GG,NA,AT,GG,CC,CC,TT,AA,CC,CT,TT,CC,CG,AA,AA,0,CA,AA,AA,GG,TT,TC,GA,CC,AT,AA,AA,GG,TT,GG,AA,TT,0,GG,GA,CC,GG,NA,AA,GG,CC,TC,AA,0,GG,GC,TT,CT,GG,CC,CC,CC,0,0,AA,CA,TC,GC,TT,AA,CC,AA,0,TC,TT,TA,GG,AA,AA,GA,CC,AA,AA,0,0,TT,0,GG,CC,GG,CC,GT,GG,AC,CC,CC,CT,0,0,AG,CC,GG,GG,CC,0,TT,0,GG,CC,GG,AA,CC,TT,GG,GG,CC
scat_marten,NA,NA,Nextseq496,MACA_P1,PM19,a,lane1-s008-index--TGCCTTGATC-CCTTGTTAAT-PM19_S8.assembled,120679,89610,74.25,4%,4,NA,0,0,0,0,0,0,0,0,0,CC,0,0,NA,0,0,0,0,0,AA,0,0,0,0,GG,0,0,0,0,0,0,0,0,0,0,0,0,0,0,0,0,0,0,0,0,0,0,0,0,0,0,0,0,0,0,0,0,0,0,0,0,0,0,0,0,0,0,0,0,0,0,0,0,AA,0,0,CC,0,NA,0,0,0,0,0,0,0,0,0,0,0,0,0,0,0,0,NA,0,0,0,0,0,0,NA,0,0,0,0,0,0,NA,0,0
scat_marten,NA,NA,Nextseq496,MACA_P1,PM19,b,lane1-s016-index--GCCGTAACCG-AAGACTATAG-PM19_S16.assembled,106740,58586,54.89,8%,7,NA,0,0,0,CC,0,0,0,0,0,0,0,TT,0,0,0,0,0,0,0,0,0,0,0,0,0,0,TT,0,0,0,0,0,0,CC,0,0,0,0,0,0,0,0,0,0,0,0,0,AA,0,0,0,0,0,AA,0,0,0,0,0,0,0,0,CC,0,0,0,0,0,CC,0,TT,0,0,0,0,0,0,0,0,0,0,0,0,0,0,0,0,0,0,0,0,0,0,0,0,CC,0,GG,0,0,0,0,0,0,0,0,0,0,0,0,0
scat_marten,NA,NA,Nextseq496,MACA_P1,PM19,c,lane1-s024-index--GTATGTAGAA-CTAACTGTAA-PM19_S24.assembled,,,0,-2%,-2,NA,0,0,0,0,0,0,0,0,0,0,0,0,NA,0,0,0,0,0,0,0,0,0,0,0,0,0,0,0,0,0,0,0,0,0,0,0,0,0,0,0,0,0,0,0,0,0,0,0,0,0,0,0,0,0,0,0,0,0,0,0,0,0,0,0,0,0,0,0,0,0,0,0,0,0,0,0,0,NA,0,0,0,0,0,0,0,0,0,0,0,0,0,0,0,0,0,0,0,0,0,0,0,0,0,0,0,0,0,0,0,0,0
scat_marten,1,NA,,,PM19,,CONSENSUS,113710,74098,43.05,-1%,-1,0,0,0,0,0,0,0,0,0,0,0,0,9,0,0,0,0,0,0,0,0,0,0,0,0,0,0,0,0,0,0,0,0,0,0,0,0,0,0,0,0,0,0,0,0,0,0,0,0,0,0,0,0,0,0,0,0,0,0,0,0,0,0,0,0,0,0,0,0,0,0,0,0,0,0,0,0,NA,0,0,0,0,0,0,0,0,0,0,0,0,0,0,0,0,0,0,0,0,0,0,0,0,0,0,0,0,0,0,0,0,0,0
scat_marten,NA,NA,Nextseq496,MACA_P1,PM2,a,lane1-s079-index--TCCTGACCGT-CGGCCTCGTT-PM2_S79.assembled,457202,243635,53.29,49%,45,NA,AA,CC,CC,GG,0,GG,0,0,AA,0,CC,0,AA,0,CC,TT,CC,CC,AA,AA,CC,0,CA,0,GG,TT,0,GG,CC,TT,0,0,GG,0,0,0,0,0,GG,0,TC,GG,0,0,GG,0,TT,0,0,0,0,0,TT,0,0,CT,0,0,CC,0,CC,TT,GG,TT,0,0,0,0,0,TT,0,0,AA,0,0,CC,AA,0,GG,AA,0,GG,0,0,GG,CC,GG,0,0,CC,CC,CC,0,0,0,0,0,0,0,GG,0,0,0,0,GG,AA,CC,0,0,GG,0
scat_marten,NA,NA,Nextseq496,MACA_P1,PM2,b,lane1-s087-index--CATGTAGAGG-GATACCTCCT-PM2_S87.assembled,319590,238325,74.57,49%,45,NA,AA,0,0,CC,TT,0,0,AA,GG,0,CC,TT,NA,CC,CC,0,CC,0,AA,AA,TT,0,AA,0,GG,TT,0,0,CC,TT,AA,GG,0,CT,0,0,0,CC,0,0,CC,GA,AA,0,GG,CC,0,0,0,TT,0,0,TT,GG,CC,TT,CT,TT,0,0,0,0,GG,0,0,0,AA,0,CC,TT,0,GG,AA,0,GG,0,0,NA,0,0,0,0,CC,0,GG,GG,GG,GG,0,0,0,0,0,GG,0,CC,0,0,CC,0,0,0,GG,CC,0,0,0,0,GG,GG,0
scat_marten,NA,NA,Nextseq496,MACA_P1,PM2,c,lane1-s095-index--GGTGGAATAC-ATGTAGACAA-PM2_S95.assembled,259348,198587,76.57,49%,45,NA,AA,0,0,GC,0,0,0,AA,0,0,CC,TT,GG,CC,CC,TT,CC,0,0,AA,0,0,AA,0,0,0,CC,0,CC,0,AA,GG,GG,TT,0,0,CC,CC,0,0,TT,AA,0,0,GG,CC,TT,0,0,GT,0,TT,0,0,0,CT,CT,TT,0,GG,CC,TT,GG,0,AA,CC,0,0,0,TT,TT,0,0,0,GG,0,AA,0,0,AA,TT,AA,CC,0,0,CC,0,0,0,CC,CC,0,GG,GG,0,CC,0,0,0,0,0,0,0,CC,GG,0,CC,0,GG,GG,CC
scat_marten,NA,NA,Nextseq533,MACA_P12,PM2,a,lane1-s701-index--ACTAATCTCC-CCATGTGTAG-MACAP12,264660,180806,68.32,45%,41,0,AA,0,TT,CC,0,0,0,AA,GG,0,0,TT,0,CC,0,0,0,CC,0,0,CC,CC,AA,0,0,0,0,0,0,TT,0,0,0,CT,0,GG,0,0,GG,GG,CC,0,0,0,GG,0,TT,0,0,GG,GG,0,0,GG,0,0,0,0,CC,0,CC,TT,0,TT,AA,CC,AA,0,0,TT,TT,GT,AA,0,GG,0,0,0,0,AA,0,GG,GG,CC,GG,GG,0,GG,0,CC,0,0,0,0,GG,CC,GG,0,0,GG,0,0,GG,CC,0,AA,0,TT,GG,0,CC
scat_marten,NA,NA,Nextseq533,MACA_P12,PM2,b,lane1-s709-index--ATATCTGCTT-CACGTCCACC-MACAP12,279501,246180,88.08,59%,54,0,0,CC,0,CC,TT,0,0,AA,0,CC,0,TT,AA,CC,CC,0,CC,0,0,0,0,CC,CC,AA,GG,0,CC,0,CC,0,0,GG,0,TT,0,AA,0,TT,0,GG,CC,GA,AA,AA,GG,CC,TT,0,0,GG,0,TT,TT,GG,0,CC,CC,TT,0,GG,CC,TT,GG,TT,0,CC,GA,CC,0,0,TT,TT,AA,GG,GG,0,AA,0,GG,0,0,GG,GG,CC,GG,0,GG,GG,0,0,0,0,0,0,GG,CC,GG,0,0,0,TT,0,GG,CC,0,0,0,TT,GG,GG,CC
scat_marten,NA,NA,Nextseq533,MACA_P12,PM2,c,lane1-s717-index--CGTCACCTTG-GTCACCACAG-MACAP12,164614,131136,79.66,36%,33,0,AA,0,0,0,TT,0,0,AA,GA,TT,CC,TT,GG,0,CC,0,CC,CC,0,0,0,0,AA,0,GG,0,0,GG,0,0,0,GG,GG,TT,0,0,CC,0,0,GG,0,0,0,0,0,0,0,0,0,0,0,0,0,0,0,CT,CC,0,0,0,CC,TT,GG,0,0,0,GG,TT,0,TT,0,0,0,0,GG,0,AA,0,0,AA,TT,0,0,0,GG,GG,0,GG,0,CC,0,0,0,GG,0,CC,GG,0,0,0,0,0,GG,0,0,AA,CC,0,0,GG,0
scat_marten,0.5,NA,Nextseq496 / Nextseq533,MACA_P1 / MACA_P12,PM2,,CONSENSUS,290819,206445,73.42,75%,68,0,AA,CC,NA,GC,TT,0,0,AA,GA,NA,CC,TT,AG,CC,CC,TT,CC,CC,AA,AA,NA,CC,CA,0,GG,TT,CC,GG,CC,TT,AA,GG,GG,CT,0,NA,CC,NA,GG,GG,TC,GA,AA,0,GG,CC,TT,0,0,GT,0,TT,TT,GG,0,CT,CT,TT,CC,GG,CC,TT,GG,TT,AA,CC,GA,NA,0,TT,TT,GT,AA,0,GG,0,AA,0,GG,AA,TT,NA,NA,CC,GG,GC,GG,GG,0,CC,CC,0,0,GG,GG,CC,GG,0,0,GG,NA,0,GG,CC,GG,AA,CC,TT,GG,GG,CC
scat_marten,NA,NDunes_F09.sc,Nextseq496,MACA_P1,PM20,a,lane1-s029-index--AGAGTGCGGC-TCCGACCTCG-PM20_S29.assembled,248683,224164,90.14,91%,83,NA,AA,AA,CC,CC,TC,AA,AA,AA,GG,CC,TT,CC,AA,TC,CC,TT,CT,CC,AA,GG,TT,AA,AA,AA,0,CC,TT,GA,TT,AA,AA,AA,AA,CC,GG,0,TT,CT,GA,GA,TT,GA,GG,GG,GG,CC,TT,AA,0,GG,0,TT,TT,GG,TT,CC,0,CC,0,AA,AA,TT,GC,TC,GG,CC,AA,CC,CC,GG,TT,GG,TT,GA,GA,CC,AA,AA,GG,AA,TT,GA,CC,CC,AA,GG,GG,0,AC,TT,CC,CC,0,0,AA,CC,GG,GG,CC,0,CC,0,0,CC,GG,AA,CC,TT,GG,GG,CC
scat_marten,NA,NDunes_F09.sc,Nextseq496,MACA_P1,PM20,b,lane1-s037-index--GTCGATTACA-GATCACCGCG-PM20_S37.assembled,567059,498883,87.98,92%,84,NA,AA,AA,CC,CC,CC,0,AA,AA,GG,0,TT,CC,AA,TC,CC,TT,CC,CC,AA,GG,0,AA,AA,AA,AA,CC,TT,GG,TT,AA,AA,AA,AA,CC,GG,AA,TT,0,GA,GA,TT,0,AG,GG,TT,CC,TT,AG,TT,GG,GC,TT,TT,GG,TT,CC,CC,TT,GG,AA,AA,TT,CC,TC,GG,CC,AA,CC,CC,GG,TT,GG,0,GA,GA,CC,AA,AA,GT,AA,TT,GG,CC,CC,AG,GG,GG,0,AC,TT,CC,CC,0,0,AA,CC,GG,GA,CC,GG,CC,AA,0,CC,GG,AA,CC,TT,GG,GG,CC
scat_marten,NA,NDunes_F09.sc,Nextseq496,MACA_P1,PM20,c,lane1-s045-index--TAGAATAACG-CCATAAGGTT-PM20_S45.assembled,634886,575880,90.71,92%,84,NA,AA,AA,0,CC,0,AA,AA,AA,GG,0,TT,CC,AA,TC,CC,TT,CT,CC,AA,GG,TT,AA,AA,AA,0,CC,TT,AA,TT,AA,AA,AA,AA,CC,GG,GG,TT,CT,GA,GA,TT,0,AG,GG,GT,CC,TT,0,TT,GG,CC,TT,TT,GG,TT,CC,CT,0,GG,AA,AA,TT,GG,TC,GG,CC,AA,CC,CC,GG,TT,GG,AT,AA,GA,CC,AA,AA,TT,AA,TT,GA,CC,CC,AA,GG,GG,GA,AC,TT,CC,CC,0,0,AA,CC,GG,0,CC,GG,CC,AA,GA,CC,GG,AA,CC,TT,GG,GG,CC
scat_marten,0,NDunes_F09.sc,,,PM20,,CONSENSUS,483543,432976,89.61,87%,79,0,AA,AA,CC,CC,NA,AA,AA,AA,GG,0,TT,CC,AA,TC,CC,TT,CT,CC,AA,GG,TT,AA,AA,AA,0,CC,TT,GA,TT,AA,AA,AA,AA,CC,GG,NA,TT,CT,GA,GA,TT,NA,AG,GG,GT,CC,TT,NA,TT,GG,NA,TT,TT,GG,TT,CC,NA,NA,GG,AA,AA,TT,GC,TC,GG,CC,AA,CC,CC,GG,TT,GG,NA,GA,GA,CC,AA,AA,GT,AA,TT,GA,CC,CC,NA,GG,GG,0,AC,TT,CC,CC,0,0,AA,CC,GG,NA,CC,GG,CC,AA,0,CC,GG,AA,CC,TT,GG,GG,CC
scat_marten,NA,SDunes_M17.sc,Nextseq496,MACA_P1,PM21,a,lane1-s003-index--ATATGAGACG-TATAGTAGCT-PM21_S3.assembled,96940,92384,95.3,93%,85,NA,AA,AC,CT,GC,TT,AG,GA,AT,GA,CT,CC,TT,AA,CC,CT,TT,CC,CG,AA,AA,CT,CC,AA,AA,GG,TT,TC,GA,CC,AT,AA,GA,GG,CT,AG,AG,CT,CT,GG,GA,TC,0,AG,AA,GG,CC,TC,AA,CT,GT,GC,TT,CT,GG,CC,CT,CT,CT,CC,AA,CA,TC,GC,TT,AA,CC,0,CT,TC,TT,TA,0,AA,GA,GA,CT,AA,AA,GT,AA,TG,GA,0,0,GG,0,GT,GG,AC,CC,CC,CT,GG,GG,0,CC,GG,GG,CC,GG,TT,GA,GG,CC,GG,AA,CC,TT,GG,GG,CC
scat_marten,NA,SDunes_M17.sc,Nextseq496,MACA_P1,PM21,b,lane1-s011-index--GAACATACGG-CATACACTGT-PM21_S11.assembled,27806,26391,94.91,90%,82,NA,GA,AC,CT,GC,TT,AG,GA,0,GA,0,CC,TT,AA,CC,CT,TT,CC,0,AA,AA,CT,CA,CA,AA,GG,TT,TC,GA,CC,AT,AA,GA,GG,CT,AG,0,CT,CT,GG,GA,TC,GA,AG,AA,GG,CC,0,AA,CT,GT,GC,TT,TT,GG,CC,CT,CT,CT,CC,AA,0,TC,GC,TT,AA,CC,GA,CT,TC,TT,0,GG,AA,GA,GA,CC,AA,AA,GT,0,TG,GA,GG,CC,GG,GC,GT,GG,AC,CC,CC,CT,GG,GG,AG,CC,GG,GG,CC,GG,TT,GA,GG,CC,GG,AA,CC,TT,GG,GG,CC
scat_marten,NA,SDunes_M17.sc,Nextseq496,MACA_P1,PM21,c,lane1-s019-index--CTAATGATGG-GGTTGCCTCT-PM21_S19.assembled,120049,115145,95.92,91%,83,NA,GA,AC,CT,GC,TT,AG,GA,AT,GA,CC,CC,TT,AA,CC,CT,TT,CC,CG,AA,AA,CT,0,CA,AA,GG,TT,TC,GA,CC,AT,AA,GA,GG,TT,AG,AG,CT,CT,GG,GA,TC,0,AG,AA,GG,CC,TC,AA,CT,0,GC,TT,CT,GG,CC,0,CT,0,CC,GA,CA,TC,GC,TT,AA,CC,0,CT,TC,TT,TA,GT,AA,GA,GA,CT,AA,AA,0,AA,TG,GA,CG,0,GG,GC,GT,GG,AC,CC,CC,CC,GG,GG,0,CC,GG,GG,CC,GG,TT,GA,GG,CC,GG,AA,CC,TT,GG,GG,CC
scat_marten,0,SDunes_M17.sc,,,PM21,,CONSENSUS,81598,77973,95.38,91%,83,0,GA,AC,CT,GC,TT,AG,GA,AT,GA,NA,CC,TT,AA,CC,CT,TT,CC,CG,AA,AA,CT,NA,CA,AA,GG,TT,TC,GA,CC,AT,AA,GA,GG,CT,AG,AG,CT,CT,GG,GA,TC,0,AG,AA,GG,CC,TC,AA,CT,GT,GC,TT,CT,GG,CC,CT,CT,CT,CC,NA,CA,TC,GC,TT,AA,CC,0,CT,TC,TT,TA,NA,AA,GA,GA,CT,AA,AA,GT,AA,TG,GA,NA,0,GG,GC,GT,GG,AC,CC,CC,CT,GG,GG,0,CC,GG,GG,CC,GG,TT,GA,GG,CC,GG,AA,CC,TT,GG,GG,CC
scat_marten,NA,SDunes_M04.tr,Nextseq496,MACA_P1,PM22,a,lane1-s078-index--CGCACTAATG-TGACTACATA-PM22_S78.assembled,251068,211157,84.1,97%,88,NA,AA,CC,CT,GC,TT,AG,GG,AA,GA,CC,CC,TT,GG,CC,CC,TT,CC,CC,AA,AA,CT,CC,CA,AA,GG,TT,TC,GG,CC,TT,AA,GG,GA,TT,AG,AA,CC,CC,GG,GG,CC,GG,AA,AA,GG,CC,TT,AA,CC,GT,GG,TT,CT,GG,CC,CC,CT,CC,GG,GG,CC,TC,GG,TC,AA,CC,AA,0,TT,TT,TA,GT,AT,GA,GA,CC,AA,AA,0,AA,TT,GG,CC,CT,GG,GG,TT,AA,AA,CC,CC,0,GG,GG,GG,CC,GG,GG,CC,GG,TT,GG,AA,CC,GG,AA,CC,TT,GG,GG,CC
scat_marten,NA,SDunes_M04.tr,Nextseq496,MACA_P1,PM22,b,lane1-s086-index--GGAATTCCAA-ACGTCAATAC-PM22_S86.assembled,243078,224637,92.41,84%,76,NA,AA,0,CT,GG,TT,AG,GG,AA,0,CC,CC,TT,AG,CC,CC,TT,CC,CC,AA,0,CC,CC,0,AA,GG,TT,TC,GG,CC,TT,AA,GG,GA,TT,GG,AA,CC,CC,GG,GG,CC,GG,AA,AA,GG,CC,0,AA,CC,GT,0,TT,CT,GG,CC,CC,CT,CC,CC,GG,CC,TC,GG,TC,AA,CC,GA,CC,TT,TT,TA,GT,0,GA,AA,CC,0,0,TT,0,TT,GG,CC,TT,GG,0,0,0,AA,CC,CC,0,GG,GG,GG,CC,GG,GG,CC,GG,TT,GG,0,CC,GG,AA,CC,TT,GG,GG,CC
scat_marten,NA,SDunes_M04.tr,Nextseq496,MACA_P1,PM22,c,lane1-s094-index--CAATCTATGA-GATTAAGGTG-PM22_S94.assembled,305105,284874,93.37,97%,88,NA,AA,CC,CT,GC,TT,AG,GG,AA,AA,CC,CC,TT,GG,CC,CC,TT,CC,CC,0,AA,TT,CC,CC,AA,GG,TT,TC,GG,CC,TT,AA,GG,GA,TT,0,AA,CC,CC,GG,GG,CC,GG,AA,AA,GG,CC,TT,AA,CC,GG,GG,TT,TT,GG,CC,CT,CT,CC,CG,GG,CC,TC,GG,TC,AA,CG,GG,CT,TT,TT,TA,GT,AT,0,AA,CT,AA,AA,TT,AA,TT,GG,CC,TT,GG,CC,TT,GA,AA,CC,CC,TT,GG,GG,GG,CC,GG,GG,CC,GG,TT,GG,GA,CC,GG,AA,CC,TT,GG,GG,CG
scat_marten,0,SDunes_M04.tr,,,PM22,,CONSENSUS,266417,240223,89.96,87%,79,0,AA,CC,CT,GC,TT,AG,GG,AA,NA,CC,CC,TT,AG,CC,CC,TT,CC,CC,AA,AA,CT,CC,NA,AA,GG,TT,TC,GG,CC,TT,AA,GG,GA,TT,NA,AA,CC,CC,GG,GG,CC,GG,AA,AA,GG,CC,TT,AA,CC,GT,GG,TT,CT,GG,CC,NA,CT,CC,CG,GG,CC,TC,GG,TC,AA,NA,GA,NA,TT,TT,TA,GT,AT,GA,NA,NA,AA,AA,TT,AA,TT,GG,CC,NA,GG,NA,TT,NA,AA,CC,CC,NA,GG,GG,GG,CC,GG,GG,CC,GG,TT,GG,NA,CC,GG,AA,CC,TT,GG,GG,NA
scat_marten,NA,SDunes_M04.tr,Nextseq496,MACA_P1,PM23,a,lane1-s030-index--TGCCTGGTGG-CTTATGGAAT-PM23_S30.assembled,103397,99788,96.51,99%,90,NA,AA,CC,CT,GC,TT,AG,GG,AA,GA,CC,CC,TT,GG,CC,CC,TT,CC,CC,AA,AA,CT,CC,CA,AA,GG,TT,TC,GG,CC,TT,AA,GG,GA,TT,AG,AA,CC,CC,GG,GG,CC,GG,AA,AA,GG,CC,TT,AA,CC,GT,GG,TT,CT,GG,CC,CT,CT,CC,CG,GG,CC,TC,GG,TC,AA,CC,GA,CT,TT,TT,TA,GT,AT,GA,GA,CT,AA,AA,TT,AA,TT,GG,CC,CT,GG,GC,TT,GA,AA,CC,CC,CT,GG,GG,GG,CC,GG,GG,CC,GG,TT,GG,GA,CC,GG,AA,CC,TT,GG,GG,CC
scat_marten,NA,SDunes_M04.tr,Nextseq496,MACA_P1,PM23,b,lane1-s038-index--CTGTCTGCAC-TACCATCCGT-PM23_S38.assembled,356338,345203,96.88,100%,91,NA,AA,CC,CT,GC,TT,AG,GG,AA,GA,CC,CC,TT,GG,CC,CC,TT,CC,CC,AA,AA,CT,CC,CA,AA,GG,TT,TC,GG,CC,TT,AA,GG,GA,TT,AG,AA,CC,CC,GG,GG,CC,GG,AA,AA,GG,CC,TT,AA,CC,GT,GG,TT,CT,GG,CC,CT,CT,CC,CG,GG,CC,TC,GG,TC,AA,CC,GA,CT,TT,TT,TA,GT,AT,GA,GA,CT,AA,AA,TT,AA,TT,GG,CC,CT,GG,GC,TT,GA,AA,CC,CC,CT,GG,GG,GG,CC,GG,GG,CC,GG,TT,GG,GA,CC,GG,AA,CC,TT,GG,GG,CC
scat_marten,NA,SDunes_M04.tr,Nextseq496,MACA_P1,PM23,c,lane1-s046-index--TAATGGATCT-ATCTCTACCA-PM23_S46.assembled,1002238,973217,97.1,100%,91,NA,AA,CC,CT,GC,TT,AG,GG,AA,GA,CC,CC,TT,GG,CC,CC,TT,CC,CC,AA,AA,CT,CC,CA,AA,GG,TT,TC,GG,CC,TT,AA,GG,GA,TT,AG,AA,CC,CC,GG,GG,CC,GG,AA,AA,GG,CC,TT,AA,CC,GT,GG,TT,CT,GG,CC,CT,CT,CC,CG,GG,CC,TC,GG,TC,AA,CC,GA,CT,TT,TT,TA,GT,AT,GA,GA,CT,AA,AA,TT,AA,TT,GG,CC,CT,GG,GC,TT,GA,AA,CC,CC,CT,GG,GG,GG,CC,GG,GG,CC,GG,TT,GG,GA,CC,GG,AA,CC,TT,GG,GG,CC
scat_marten,0,SDunes_M04.tr,,,PM23,,CONSENSUS,487324,472736,96.83,100%,91,0,AA,CC,CT,GC,TT,AG,GG,AA,GA,CC,CC,TT,GG,CC,CC,TT,CC,CC,AA,AA,CT,CC,CA,AA,GG,TT,TC,GG,CC,TT,AA,GG,GA,TT,AG,AA,CC,CC,GG,GG,CC,GG,AA,AA,GG,CC,TT,AA,CC,GT,GG,TT,CT,GG,CC,CT,CT,CC,CG,GG,CC,TC,GG,TC,AA,CC,GA,CT,TT,TT,TA,GT,AT,GA,GA,CT,AA,AA,TT,AA,TT,GG,CC,CT,GG,GC,TT,GA,AA,CC,CC,CT,GG,GG,GG,CC,GG,GG,CC,GG,TT,GG,GA,CC,GG,AA,CC,TT,GG,GG,CC
scat_marten,NA,NDunes_M02.tr,Nextseq496,MACA_P1,PM24,a,lane1-s076-index--GTAGAGTCAG-ACGGCCGTCA-PM24_S76.assembled,428013,407086,95.11,98%,89,NA,AA,AA,CT,CC,TT,AA,GA,AA,GA,CC,TT,TT,AA,TT,CT,CC,CC,CC,AA,GG,TT,AA,AA,AA,GG,TT,TT,AA,TT,AA,AA,GA,AA,CC,AG,AA,TT,TT,AA,GA,TT,AA,GG,GG,GT,CC,TT,AA,CC,TT,GC,TT,CT,GA,TT,CC,CT,CC,GG,AA,AA,TT,GC,CC,AA,CC,AA,CC,TC,GG,TT,TT,AA,GG,GA,TT,AA,AA,GG,AA,TT,GA,CC,CC,GG,GG,GG,GG,0,TT,0,CC,GG,GG,AA,CC,GG,GG,CC,GG,CC,GG,GG,CC,GG,AA,CC,TT,0,GG,CC
scat_marten,NA,NDunes_M02.tr,Nextseq496,MACA_P1,PM24,b,lane1-s084-index--GTCCACTTGT-GCGCGATGTT-PM24_S84.assembled,145811,134425,92.19,98%,89,NA,AA,AA,CT,CC,TT,AA,GG,AA,GA,CC,TT,TT,AA,TT,CT,CC,CC,CC,AA,GG,TT,AA,AA,AA,GG,TT,TT,AA,TT,AA,AA,AA,AA,CC,AG,AA,TT,TT,AA,GA,TT,AA,GG,GG,GT,CC,TT,AA,CC,TT,0,TT,CT,GG,TT,CC,CT,CC,GG,AA,AA,TT,GC,CC,AA,CC,AA,CC,TC,GG,TT,TT,AA,GG,GA,TT,AA,AA,GG,AA,TT,GA,CC,CC,GG,GG,GG,GA,AC,TT,0,CC,GG,GG,AA,CC,GG,GG,CC,GG,CC,GG,GA,CC,GG,AA,CC,TT,0,GG,CC
scat_marten,NA,NDunes_M02.tr,Nextseq496,MACA_P1,PM24,c,lane1-s092-index--ATACCAACGC-ACATACTTCC-PM24_S92.assembled,181993,174051,95.64,100%,91,NA,AA,AA,CT,CC,TT,AG,GA,AA,GA,CC,TT,TT,AA,TT,CT,CC,CC,CC,AA,GG,TT,AA,AA,AA,GG,TT,TT,AA,TT,AA,AA,GA,AA,CC,AG,AA,TT,TT,AA,GA,TT,AA,GG,GG,GT,CC,TT,AA,CC,TT,GC,TT,CT,GA,TT,CC,CT,CC,GG,AA,AA,TT,GC,CC,AA,CC,AA,CC,TC,GG,TT,TT,AA,GG,GA,TT,AA,AA,GG,AA,TT,GA,CC,CC,GG,GG,GG,GA,AC,TT,CT,CC,GG,GG,AA,CC,GG,GG,CC,GG,CC,GG,GA,CC,GG,AA,CC,TT,0,GG,CC
scat_marten,0,NDunes_M02.tr,,,PM24,,CONSENSUS,251939,238521,94.31,98%,89,0,AA,AA,CT,CC,TT,NA,GA,AA,GA,CC,TT,TT,AA,TT,CT,CC,CC,CC,AA,GG,TT,AA,AA,AA,GG,TT,TT,AA,TT,AA,AA,GA,AA,CC,AG,AA,TT,TT,AA,GA,TT,AA,GG,GG,GT,CC,TT,AA,CC,TT,GC,TT,CT,GA,TT,CC,CT,CC,GG,AA,AA,TT,GC,CC,AA,CC,AA,CC,TC,GG,TT,TT,AA,GG,GA,TT,AA,AA,GG,AA,TT,GA,CC,CC,GG,GG,GG,GA,AC,TT,0,CC,GG,GG,AA,CC,GG,GG,CC,GG,CC,GG,GA,CC,GG,AA,CC,TT,0,GG,CC
scat_marten,NA,SDunes_F05.sc,Nextseq496,MACA_P1,PM29,a,lane1-s056-index--CTCGTGCGTT-GCCTCGGATA-PM29_S56.assembled,443429,422718,95.33,99%,90,NA,GA,AC,CT,GC,TT,GG,GA,AT,GG,CC,CC,TT,AA,CC,CT,TT,CC,CG,AA,AA,TT,CA,AA,AA,GG,TT,TC,GA,CC,AT,AA,AA,GG,TT,GG,AA,TT,CT,GG,GA,CC,GG,0,AA,GG,CC,TC,AA,CT,GG,GC,TT,CT,GG,CC,CC,CC,CT,CC,AA,CA,TC,CC,TT,AA,CC,AA,CT,TC,TT,TA,GG,AA,AA,GA,CC,AA,AA,GT,AA,TT,GA,GG,CC,GG,CC,GT,GG,AC,CC,CC,CT,0,0,AG,CC,GG,GG,CC,GG,TT,GA,GG,CC,GG,AA,CC,TT,GG,GG,CC
scat_marten,NA,SDunes_F05.sc,Nextseq496,MACA_P1,PM29,b,lane1-s064-index--GTTCGCGCCA-AACTGATACT-PM29_S64.assembled,319933,304863,95.29,100%,91,NA,GA,AC,CT,GC,TT,GG,GA,AT,GG,CC,CC,TT,AA,CC,CT,TT,CC,CG,AA,AA,CT,CA,AA,AA,GG,TT,TC,GA,CC,AT,AA,AA,GG,TT,GG,AA,TT,CT,GG,GA,CC,GG,AG,AA,GG,CC,TC,AA,CT,GG,GC,TT,CT,GG,CC,CC,CC,CT,CC,AA,CA,TC,GC,TT,AA,CC,AA,CT,TC,TT,TA,GG,AA,AA,GA,CC,AA,AA,GT,AA,TT,GA,GG,CC,GG,CC,GT,GG,AC,CC,CC,CT,0,0,AG,CC,GG,GG,CC,GG,TT,GA,GG,CC,GG,AA,CC,TT,GG,GG,CC
scat_marten,NA,SDunes_F05.sc,Nextseq496,MACA_P1,PM29,c,lane1-s072-index--CCACCTGTGT-TGAGCGTTGT-PM29_S72.assembled,484061,461405,95.32,99%,90,NA,GA,AC,CT,GC,TT,GG,GA,AT,GG,CC,CC,TT,AA,CC,CT,TT,CC,CG,AA,AA,CT,0,AA,AA,GG,TT,TC,GA,CC,AT,AA,AA,GG,TT,GG,AA,TT,CT,GG,GA,CC,GG,AG,AA,GG,CC,TC,AA,CT,GG,GC,TT,CT,GG,CC,CC,CC,CT,CC,AA,CA,TC,GC,TT,AA,CC,AA,CT,TC,TT,TA,GG,AA,AA,GA,CC,AA,AA,GT,AA,TT,GA,GG,CC,GG,CC,GT,GG,AC,CC,CC,CT,0,0,0,CC,GG,GG,CC,GG,TT,GA,GG,CC,GG,AA,CC,TT,GG,GG,CC
scat_marten,0,SDunes_F05.sc,,,PM29,,CONSENSUS,415808,396329,95.31,100%,91,0,GA,AC,CT,GC,TT,GG,GA,AT,GG,CC,CC,TT,AA,CC,CT,TT,CC,CG,AA,AA,CT,CA,AA,AA,GG,TT,TC,GA,CC,AT,AA,AA,GG,TT,GG,AA,TT,CT,GG,GA,CC,GG,AG,AA,GG,CC,TC,AA,CT,GG,GC,TT,CT,GG,CC,CC,CC,CT,CC,AA,CA,TC,GC,TT,AA,CC,AA,CT,TC,TT,TA,GG,AA,AA,GA,CC,AA,AA,GT,AA,TT,GA,GG,CC,GG,CC,GT,GG,AC,CC,CC,CT,0,0,AG,CC,GG,GG,CC,GG,TT,GA,GG,CC,GG,AA,CC,TT,GG,GG,CC
scat_marten,NA,NA,Nextseq496,MACA_P1,PM30,a,lane1-s051-index--GACAGACAGG-ACTGTTGTGA-PM30_S51.assembled,231094,184551,79.86,14%,13,NA,0,0,0,0,0,0,0,0,0,0,0,0,NA,0,CC,0,0,0,0,0,0,0,AA,0,0,0,0,0,TT,AA,0,0,0,0,0,0,TT,0,GG,AA,TT,0,0,0,0,0,0,NA,0,0,0,0,0,0,0,0,0,0,0,AA,0,0,0,CC,0,CC,0,0,0,0,0,0,0,0,GG,0,0,NA,0,0,0,0,0,0,0,GG,0,0,AA,0,0,CC,0,0,NA,0,GG,0,0,0,0,NA,0,0,0,0,0,0,NA,0,CC
scat_marten,NA,NA,Nextseq496,MACA_P1,PM30,b,lane1-s059-index--GGACCAACAG-ATAGACCGTT-PM30_S59.assembled,189110,146484,77.46,22%,20,NA,0,0,0,CC,TT,0,0,0,0,0,TT,0,NA,CC,CC,0,0,0,0,GG,0,AA,AA,AA,AA,0,0,0,0,0,0,0,0,CC,0,GG,0,0,0,AA,0,0,0,0,0,0,TT,0,0,0,0,0,0,0,0,0,0,CC,0,AA,0,TT,0,0,0,0,0,0,0,GG,0,0,AA,0,0,0,0,NA,0,0,0,GG,0,0,GG,0,0,0,0,0,0,0,0,0,AA,CC,GG,0,0,0,0,0,0,0,0,0,0,0,0,0,0
scat_marten,NA,NA,Nextseq496,MACA_P1,PM30,c,lane1-s067-index--AGCACATCCT-TTACAATTCC-PM30_S67.assembled,373302,322904,86.5,18%,16,NA,0,0,0,0,0,0,0,AA,0,0,0,0,0,0,0,CC,0,CC,0,0,TT,0,AA,0,0,0,TT,0,0,0,AA,0,0,0,0,0,0,0,GG,AA,0,0,0,0,0,TT,0,NA,0,0,0,0,0,0,0,0,CC,0,0,0,AA,TT,0,0,0,CC,0,CC,0,0,0,0,AA,0,0,0,AA,0,0,0,0,0,0,0,0,0,0,0,0,0,0,CC,0,GG,NA,0,GG,0,0,0,0,NA,0,0,0,AA,0,0,NA,0,CC
scat_marten,1,NA,,,PM30,,CONSENSUS,264502,217980,81.27,8%,7,0,0,0,0,0,0,0,0,0,0,0,0,0,0,0,CC,0,0,0,0,0,0,0,AA,0,0,0,0,0,0,0,0,0,0,0,0,0,0,0,GG,AA,0,0,0,0,0,0,0,0,0,0,0,0,0,0,0,0,0,0,0,AA,0,TT,0,0,0,CC,0,0,0,0,0,0,AA,0,0,0,0,0,0,0,0,0,0,0,0,0,0,0,0,0,0,CC,0,0,0,0,GG,0,0,0,0,0,0,0,0,0,0,0,0,0,CC
scat_marten,NA,NDunes_F09.sc,Nextseq496,MACA_P1,PM31,a,lane1-s075-index--CGCTGCAGAG-GATGGATGTA-PM31_S75.assembled,311501,283350,90.96,71%,65,NA,AA,0,0,CC,0,AA,AA,AA,GG,0,TT,CC,AA,CC,CC,TT,0,CC,0,GG,0,0,AA,AA,0,0,0,GA,TT,AA,AA,AA,0,CC,GG,AA,TT,CC,GA,GA,TT,AA,0,0,0,CC,TT,0,TT,0,0,TT,TT,GG,0,CC,CT,CC,0,AA,AA,TT,GC,CC,GG,CC,AA,CC,CC,GG,TT,GG,AT,GA,GA,CC,AA,0,GG,0,TT,0,CC,CC,AG,GG,GG,0,0,TT,0,CC,0,0,0,CC,GG,0,0,0,0,AA,0,0,0,AA,0,TT,0,GG,CC
scat_marten,NA,NDunes_F09.sc,Nextseq496,MACA_P1,PM31,b,lane1-s083-index--GTAAGGCATA-AGACACATTA-PM31_S83.assembled,196052,172291,87.88,74%,67,NA,AA,0,0,CC,0,AA,AA,AA,GG,CC,TT,CC,AA,TC,CC,TC,0,0,0,0,0,0,AA,AG,AA,0,TT,0,TT,AA,AA,AA,AA,CC,0,GG,TT,0,GA,GA,TT,0,GG,GG,0,CC,TT,0,TT,GG,GG,TT,TT,GG,TT,CC,CC,CT,GG,AA,AA,TT,GC,0,GG,CC,AA,CC,CC,GG,TT,GG,TT,GA,GA,CC,AA,0,GG,AA,0,GA,CC,0,GG,GG,GG,0,0,0,CC,CC,0,0,0,CC,GG,0,CC,GG,CC,AA,0,CC,GG,0,CC,0,GG,GG,CC
scat_marten,NA,NDunes_F09.sc,Nextseq496,MACA_P1,PM31,c,lane1-s091-index--CGCCTTCTGA-GGCCATCATA-PM31_S91.assembled,299362,277268,92.62,74%,67,NA,AA,0,CC,CC,CC,AA,0,AA,GG,0,TT,CC,NA,TC,CC,0,0,CC,AA,0,0,AA,AA,AA,0,CC,TT,GG,TT,AA,AA,0,AA,CC,GG,0,TT,TT,GA,GA,TT,GA,AA,GG,0,CC,TT,AA,0,GG,GC,TT,TT,0,0,CC,CT,CT,0,0,AA,TT,GC,TT,GG,CC,AA,CC,CC,GG,TT,GG,AT,GG,GA,0,AA,NA,GG,AA,TT,GA,CC,CC,AA,GG,0,0,0,0,CC,CC,0,0,AA,CC,GG,GG,0,0,CC,0,0,CC,GG,AA,CC,TT,GG,GG,CC
scat_marten,NA,NDunes_F09.sc,Nextseq533,MACA_P12,PM31,a,lane1-s703-index--CAACGACCTA-GCTATGCGCA-MACAP12,540207,488072,90.35,87%,79,0,AA,0,CC,CC,TC,AA,AA,AA,GG,CC,TT,CC,AA,TC,CC,CC,0,CC,0,GG,TT,AA,AA,AA,AA,0,TT,0,TT,AA,AA,0,GA,CC,GG,AG,TT,CC,GA,GA,TT,GA,AG,GG,0,CC,TT,AA,TT,GG,CC,TT,TT,GG,0,CC,CT,TT,GG,AA,CA,TT,GC,0,GG,CC,AA,CC,0,GG,TT,GG,AT,GA,GA,CC,AA,0,TT,AA,TT,GA,CC,CC,AG,GG,GG,GA,AC,0,CC,CC,0,0,AA,CC,GG,GG,0,GG,CC,AA,GA,CC,GG,AA,CC,TT,GG,GG,CC
scat_marten,NA,NDunes_F09.sc,Nextseq533,MACA_P12,PM31,b,lane1-s711-index--TTGAATCCAA-AGTCAACCAT-MACAP12,636835,544589,85.51,80%,73,0,AA,CC,0,CC,CC,AA,0,AA,GG,CC,TT,CC,AA,TC,CC,0,CC,CC,0,GG,TT,AA,AA,AA,0,0,TT,AA,TT,AA,AA,AA,AA,CC,0,AG,TT,0,GG,GA,TT,AA,GG,GG,0,CC,TT,AA,TT,GG,CC,TT,TT,GG,TT,CC,CT,0,0,AA,AA,TT,0,CC,GG,CC,AA,CC,0,GG,TT,GG,AA,GG,0,CC,AA,0,GG,AA,0,GG,CC,CC,AG,GG,0,AA,CC,TT,CC,CC,0,0,AA,CC,GG,GG,CC,0,CC,AA,AA,CC,GG,AA,CC,TT,GG,GG,CC
scat_marten,NA,NDunes_F09.sc,Nextseq533,MACA_P12,PM31,c,lane1-s719-index--ATGATTCCGG-CACGTTAGGC-MACAP12,136185,123058,90.36,77%,70,0,AA,0,CC,CC,CC,AA,0,AA,GG,CC,TT,CC,AA,TC,CC,TT,TT,CC,0,GG,TT,0,AA,AA,0,0,TT,GA,TT,AA,AA,AA,AA,CC,GG,0,TT,0,GG,0,TT,AA,AA,0,0,CC,TT,0,TT,GG,CC,TT,TT,GG,TT,CC,CT,CT,0,0,AA,TT,GC,0,GG,CC,AA,CC,0,GG,TT,GG,AT,GA,GA,CC,AA,AA,0,AA,0,GG,CC,CC,0,GG,GG,0,AC,TT,0,CC,0,0,0,CC,GG,0,CC,0,0,AA,0,CC,0,AA,CC,TT,GG,GG,CC
scat_marten,0,NDunes_F09.sc,Nextseq496 / Nextseq533,MACA_P1 / MACA_P12,PM31,,CONSENSUS,353357,314771,89.61,85%,77,0,AA,0,CC,CC,NA,AA,AA,AA,GG,CC,TT,CC,AA,TC,CC,TC,0,CC,0,GG,TT,AA,AA,NA,AA,0,TT,GA,TT,AA,AA,AA,NA,CC,GG,AG,TT,NA,GA,GA,TT,GA,AG,GG,0,CC,TT,AA,TT,GG,GC,TT,TT,GG,TT,CC,CT,CT,GG,AA,NA,TT,GC,NA,GG,CC,AA,CC,CC,GG,TT,GG,AT,GA,GA,CC,AA,0,NA,AA,TT,GA,CC,CC,AG,GG,GG,NA,AC,TT,CC,CC,0,0,AA,CC,GG,GG,CC,GG,CC,AA,NA,CC,GG,AA,CC,TT,GG,GG,CC
scat_marten,NA,NDunes_F01.tr,Nextseq496,MACA_P1,PM33,a,lane1-s074-index--ACCTTATGAA-TGTTAGAAGG-PM33_S74.assembled,152951,146727,95.93,99%,90,NA,GG,AA,CC,CC,TT,AA,AA,AA,GG,CC,TT,TC,AA,TC,CC,TC,CT,CC,AG,GG,TT,AA,AA,AA,0,TC,TT,AA,TT,AA,AA,GA,AA,CC,GG,GG,TT,CT,GG,AA,TT,AA,GG,AG,TT,TT,TT,AG,CT,GG,GG,TT,TT,AA,CT,CC,CC,CC,GG,AA,AA,TT,GG,TC,AG,CC,AA,CC,CC,GG,TT,GT,AA,GG,GA,CC,AA,AA,GG,AA,TT,GG,CC,CC,AG,GG,GG,GA,AC,TT,CC,CC,0,0,AA,CC,GG,GA,CC,GG,TC,GA,GA,CC,GG,AA,CC,TT,GG,GG,CC
scat_marten,NA,NDunes_F01.tr,Nextseq496,MACA_P1,PM33,b,lane1-s082-index--TTGTAACGGT-CTCATAGCGA-PM33_S82.assembled,25657,24419,95.17,98%,89,NA,GG,AA,CC,CC,TT,AA,AA,AA,GG,CC,TT,TC,AA,TC,CC,TC,CT,CC,AG,GG,TT,AA,AA,AA,0,TC,TT,AA,TT,AA,AA,GA,AA,CC,GG,GG,TT,CT,GG,AA,TT,AA,GG,AG,TT,TT,TT,AG,CT,GG,GG,TT,TT,AA,CT,CC,CC,CC,GG,AA,AA,TT,GG,TC,AG,CC,AA,CC,CC,GG,TT,GT,AA,GG,GA,CC,AA,AA,GG,AA,TT,GG,CC,CC,AG,GG,GG,GA,AC,TT,CC,CC,0,0,AA,CC,GG,GA,CC,GG,TC,GA,GA,CC,GG,AA,CC,TT,GG,GG,CC
scat_marten,NA,NDunes_F01.tr,Nextseq496,MACA_P1,PM33,c,lane1-s090-index--CGCTTGAAGT-GAACCATGAA-PM33_S90.assembled,111218,106696,95.93,98%,89,NA,GG,AA,CC,CC,TT,AA,AA,AA,GG,CC,TT,TC,AA,TC,CC,TC,CT,CC,AG,GG,TT,AA,AA,AA,0,TC,TT,AA,TT,AA,AA,GA,AA,CC,GG,GG,TT,CT,GG,AA,TT,AA,GG,AG,TT,TT,TT,AG,CT,GG,GG,TT,TT,AA,CT,CC,CC,CC,GG,AA,AA,TT,GG,TC,AG,CC,AA,CC,CC,GG,TT,GT,AA,GG,GA,CC,AA,AA,GG,AA,TT,GG,CC,CC,AG,GG,GG,GA,AC,TT,CC,CC,0,0,AA,CC,GG,GA,CC,GG,TC,GA,GA,CC,GG,AA,CC,TT,GG,GG,CC
scat_marten,0,NDunes_F01.tr,,,PM33,,CONSENSUS,96609,92614,95.68,98%,89,0,GG,AA,CC,CC,TT,AA,AA,AA,GG,CC,TT,TC,AA,TC,CC,TC,CT,CC,AG,GG,TT,AA,AA,AA,0,TC,TT,AA,TT,AA,AA,GA,AA,CC,GG,GG,TT,CT,GG,AA,TT,AA,GG,AG,TT,TT,TT,AG,CT,GG,GG,TT,TT,AA,CT,CC,CC,CC,GG,AA,AA,TT,GG,TC,AG,CC,AA,CC,CC,GG,TT,GT,AA,GG,GA,CC,AA,AA,GG,AA,TT,GG,CC,CC,AG,GG,GG,GA,AC,TT,CC,CC,0,0,AA,CC,GG,GA,CC,GG,TC,GA,GA,CC,GG,AA,CC,TT,GG,GG,CC
scat_marten,NA,SDunes_F04.tr,Nextseq496,MACA_P1,PM34,a,lane1-s049-index--GTGCAACACT-CTGGTACACG-PM34_S49.assembled,611140,580608,95,98%,89,NA,AA,CC,TT,GC,TT,0,GA,AT,GA,CC,CC,TT,GG,CC,CC,TT,CC,CC,AA,AA,CT,CC,AA,AA,GG,TT,TT,GA,CC,0,AA,GA,GG,TT,AG,AA,CC,CC,GG,GG,CC,GG,AG,AA,GG,CC,TC,AA,CC,GG,GC,TT,CC,GG,CT,CC,CC,CC,CC,GG,CC,CC,GC,TC,AA,CC,AA,CT,TT,TT,TA,GG,AA,AA,GA,CC,AA,AA,GT,AA,TT,GG,CG,CT,GG,GG,TT,GA,AC,CC,CC,CT,0,0,GG,CC,GG,GG,CC,GG,TT,GG,GA,CC,GG,AA,CC,TT,GG,GG,CC
scat_marten,NA,SDunes_F04.tr,Nextseq496,MACA_P1,PM34,b,lane1-s057-index--TTAGGATAGA-CGTCGACTGG-PM34_S57.assembled,170923,164806,96.42,93%,85,NA,AA,CC,TT,GC,TT,AA,GG,AT,0,CC,CC,TT,GG,CC,CC,TT,CC,CC,AA,AA,0,CC,AA,AA,GG,TT,TT,GA,CC,TT,AA,GA,GG,TT,AG,AA,CC,CC,GG,GG,CC,GG,0,AA,GG,CC,TC,AA,CC,GG,0,TT,CC,GG,CT,CC,CC,CC,CC,GG,CC,CC,GC,CC,AA,CC,AA,CT,TT,TT,TA,GG,AA,AA,GA,CC,AA,AA,GT,AA,TT,GG,0,0,GG,GG,TT,GG,AC,CC,CC,CT,0,0,GG,CC,GG,GG,CC,GG,TT,GG,GG,CC,GG,AA,CC,TT,GG,GG,CC
scat_marten,NA,SDunes_F04.tr,Nextseq496,MACA_P1,PM34,c,lane1-s065-index--AGACACATTA-GTAAGGCATA-PM34_S65.assembled,424224,406378,95.79,98%,89,NA,AA,CC,TT,GC,TT,AG,GA,AT,GA,CC,CC,TT,GG,CC,CC,TT,CC,CC,AA,AA,CT,CC,AA,AA,GG,TT,TT,GA,CC,TT,AA,GA,GG,TT,AG,AA,CC,CC,GG,GG,CC,GG,AG,AA,GG,CC,TC,AA,CC,GG,GG,TT,CC,GG,CT,CC,CC,CC,CC,GG,CC,CC,GC,TT,AA,CC,AA,CT,TT,TT,TA,GG,AA,AA,GA,CC,AA,AA,GT,AA,TT,GG,CG,0,GG,GG,TT,GA,0,CC,CC,CT,0,0,GG,CC,GG,GG,CC,GG,TT,GG,GA,CC,GG,AA,CC,TT,GG,GG,CC
scat_marten,0,SDunes_F04.tr,,,PM34,,CONSENSUS,402096,383931,95.74,97%,88,0,AA,CC,TT,GC,TT,NA,GA,AT,GA,CC,CC,TT,GG,CC,CC,TT,CC,CC,AA,AA,CT,CC,AA,AA,GG,TT,TT,GA,CC,TT,AA,GA,GG,TT,AG,AA,CC,CC,GG,GG,CC,GG,AG,AA,GG,CC,TC,AA,CC,GG,NA,TT,CC,GG,CT,CC,CC,CC,CC,GG,CC,CC,GC,TC,AA,CC,AA,CT,TT,TT,TA,GG,AA,AA,GA,CC,AA,AA,GT,AA,TT,GG,CG,0,GG,GG,TT,GA,AC,CC,CC,CT,0,0,GG,CC,GG,GG,CC,GG,TT,GG,GA,CC,GG,AA,CC,TT,GG,GG,CC
scat_marten,NA,NDunes_M03.tr,Nextseq496,MACA_P1,PM35,a,lane1-s073-index--GTTCCGCAGG-ATCATAGGCT-PM35_S73.assembled,178680,172319,96.44,99%,90,NA,AA,AA,CT,CC,TT,AG,AA,AA,GA,CC,TT,TC,AA,TC,CC,TC,CC,CC,AA,GG,TT,AA,AA,AA,AA,TC,TT,AA,TT,AA,AA,AA,AA,CC,GG,AA,TT,CT,GA,0,TT,AA,GG,GG,TT,CC,TT,AA,CT,GT,GC,TT,TT,GA,TT,CC,TT,CC,GG,AA,AA,TT,CC,CC,AG,CC,AA,CC,TC,GG,TT,GT,AT,GA,GA,CT,AA,AA,GG,AA,TT,GG,CC,CC,AG,GG,GG,GG,AC,TT,CT,CC,GG,GG,AA,CC,GG,GG,CC,GG,CC,GA,GG,CC,GG,AA,CC,TT,GG,GG,CC
scat_marten,NA,NDunes_M03.tr,Nextseq496,MACA_P1,PM35,b,lane1-s081-index--ACCAGCGACA-TCGTCTGACT-PM35_S81.assembled,167091,160263,95.91,96%,87,NA,AA,AA,CT,CC,TT,AG,AA,AA,GA,CC,TT,0,AA,0,CC,TC,CC,CC,AA,GG,TT,AA,AA,AA,0,CC,TT,AA,TT,AA,AA,AA,AA,CC,GG,AA,TT,CC,0,GA,TT,AA,GG,GG,TT,CC,TT,AA,TT,GT,GC,TT,TT,GA,TT,CC,TT,CC,GG,AA,AA,TT,CC,CC,AG,CC,AA,CC,TC,GG,TT,GT,AT,GG,GA,CT,AA,AA,GG,AA,TT,GG,CC,CC,AG,GG,GG,GG,AC,TT,CC,CC,GG,GG,AA,CC,GG,GG,CC,GG,CC,AA,GG,CC,GG,AA,CC,TT,GG,GG,CC
scat_marten,NA,NDunes_M03.tr,Nextseq496,MACA_P1,PM35,c,lane1-s089-index--GCTTACGGAC-CGTGTATCTT-PM35_S89.assembled,127038,121470,95.62,97%,88,NA,AA,AA,CT,CC,TT,AG,AA,AA,GG,CC,TT,TC,AA,TC,CC,0,CC,CC,AA,GG,TT,AA,AA,AA,0,TC,TT,AA,TT,AA,AA,AA,AA,CC,GG,AA,TT,CT,GA,GA,TT,AA,GG,GG,TT,CC,TT,AA,CT,GT,GC,TT,TT,GA,TT,CC,TT,CC,GG,AA,AA,TT,CC,CC,AG,CC,AA,CC,TC,GG,TT,GT,AT,GA,GA,CT,AA,AA,GG,AA,TT,GG,CC,CC,AG,GG,GG,GG,AC,TT,CT,CC,GG,GG,AA,CC,GG,GG,CC,GG,CC,GA,GG,CC,GG,AA,CC,TT,GG,GG,CC
scat_marten,0,NDunes_M03.tr,,,PM35,,CONSENSUS,157603,151351,95.99,99%,90,0,AA,AA,CT,CC,TT,AG,AA,AA,GA,CC,TT,TC,AA,TC,CC,TC,CC,CC,AA,GG,TT,AA,AA,AA,0,TC,TT,AA,TT,AA,AA,AA,AA,CC,GG,AA,TT,CT,GA,GA,TT,AA,GG,GG,TT,CC,TT,AA,CT,GT,GC,TT,TT,GA,TT,CC,TT,CC,GG,AA,AA,TT,CC,CC,AG,CC,AA,CC,TC,GG,TT,GT,AT,GA,GA,CT,AA,AA,GG,AA,TT,GG,CC,CC,AG,GG,GG,GG,AC,TT,CT,CC,GG,GG,AA,CC,GG,GG,CC,GG,CC,GA,GG,CC,GG,AA,CC,TT,GG,GG,CC
scat_marten,NA,NA,Nextseq496,MACA_P1,PM38,a,lane1-s052-index--TCTTACATCA-GTGCGTCCTT-PM38_S52.assembled,408944,335822,82.12,40%,36,NA,0,AA,CT,0,TT,AA,0,0,0,0,0,0,0,TT,0,0,CC,CC,AA,GG,0,AA,AA,0,0,TT,0,0,0,0,AA,0,AA,0,AG,0,TT,0,0,GA,0,AA,0,0,0,CT,TT,0,0,0,GG,0,0,0,CT,CC,0,0,GG,AA,AA,0,0,0,AA,CC,0,0,0,GG,0,0,0,0,0,CT,AA,AA,0,0,0,0,0,CC,AG,0,GG,AA,AA,TT,0,0,0,0,AA,0,GG,0,CC,GG,0,0,AA,0,0,AA,CC,TT,0,GG,CC
scat_marten,NA,NA,Nextseq496,MACA_P1,PM38,b,lane1-s060-index--TTCCAGGTAA-ACAGTTCCAG-PM38_S60.assembled,138357,132612,95.85,20%,18,NA,0,0,0,0,0,AA,0,0,0,0,TT,0,NA,0,0,0,0,0,GG,0,0,0,0,AA,AA,0,TT,AA,TT,0,0,0,0,0,0,0,0,0,0,AA,0,0,0,0,0,0,0,AA,0,GG,0,0,0,0,0,CC,CC,0,0,0,0,0,0,0,0,CC,0,0,0,0,TT,TT,0,0,0,0,AA,NA,GG,0,0,0,CC,0,0,0,0,AA,0,0,0,0,0,0,0,0,GG,GG,0,0,0,0,AA,CC,0,0,0,0,GG,GG,CC
scat_marten,NA,NA,Nextseq496,MACA_P1,PM38,c,lane1-s068-index--TTGTTCCGTG-AACCTAGCAC-PM38_S68.assembled,284770,242725,85.24,21%,19,NA,0,0,0,0,0,0,0,0,0,0,TT,CC,NA,0,0,0,0,0,0,0,0,0,0,0,0,TT,0,0,TT,0,0,0,0,CC,0,0,0,0,GG,AA,TT,0,0,0,0,TT,0,GG,0,0,0,0,0,0,0,0,CC,0,0,0,0,0,0,0,0,CC,0,0,CC,0,0,0,AA,GG,0,CC,AA,NA,0,0,0,0,CC,0,0,0,0,0,0,0,CC,CC,0,0,0,CC,GG,AA,0,0,0,0,0,0,GG,0,0,0,0,0,CC
scat_marten,1,NA,,,PM38,,CONSENSUS,277357,237053,87.74,9%,8,0,0,0,0,0,0,AA,0,0,0,0,TT,0,NA,0,0,0,0,0,NA,0,0,0,0,0,0,TT,0,0,TT,0,0,0,0,0,0,0,0,0,0,NA,0,0,0,0,0,NA,0,NA,0,0,0,0,0,0,0,CC,CC,0,0,0,0,0,0,0,0,CC,0,0,0,0,0,0,0,0,0,NA,AA,NA,0,0,0,0,CC,0,0,0,0,AA,0,0,0,0,0,0,0,0,GG,NA,0,0,0,0,AA,0,0,0,0,0,0,GG,CC
scat_marten,NA,NA,Nextseq496,MACA_P1,PM39,a,lane1-s007-index--AGAGCACTAG-TGGAACAGTA-PM39_S7.assembled,145899,65577,44.95,5%,5,NA,0,0,0,0,0,0,0,AA,0,0,0,0,0,0,0,0,0,0,0,0,0,0,0,0,0,0,0,0,0,0,0,0,0,0,0,0,0,0,0,0,0,0,0,0,0,TT,0,NA,0,0,0,0,0,0,0,0,0,0,0,0,0,0,GG,0,AA,0,0,0,CC,0,0,GG,0,0,0,0,AA,0,0,0,0,0,0,0,0,0,0,0,0,0,0,0,0,0,NA,0,0,0,0,0,0,NA,0,0,0,0,0,0,NA,0,0
scat_marten,NA,NA,Nextseq496,MACA_P1,PM39,b,lane1-s015-index--CGGCAATGGA-GAATGCACGA-PM39_S15.assembled,67984,60945,89.65,5%,5,NA,AA,0,0,0,0,0,0,0,0,0,0,0,NA,0,0,0,0,0,0,0,0,0,0,0,0,0,0,0,0,0,0,0,0,0,0,0,0,0,0,0,TT,0,0,0,0,0,TT,NA,0,0,0,0,TT,0,0,0,0,0,0,0,0,0,0,0,0,0,0,CC,0,0,0,0,0,0,0,0,AA,NA,0,0,0,0,0,0,0,0,0,0,0,0,CC,0,0,0,NA,0,0,0,0,0,0,NA,0,0,GG,0,0,0,NA,0,0
scat_marten,NA,NA,Nextseq496,MACA_P1,PM39,c,lane1-s023-index--AACAAGGCGT-TAAGGAACGT-PM39_S23.assembled,48713,37084,76.13,8%,7,NA,0,AA,0,0,0,0,0,0,0,0,TT,0,NA,0,0,0,0,0,0,0,0,0,0,0,0,0,0,AA,0,0,0,0,0,0,0,0,0,0,GG,0,0,0,0,0,0,0,0,NA,0,0,0,0,0,0,0,0,0,CC,0,0,AA,0,0,0,GG,0,0,0,0,GG,0,0,0,0,0,0,0,NA,0,0,0,0,0,0,0,0,0,0,0,0,0,CC,0,0,NA,0,0,0,0,0,0,NA,0,0,0,0,0,0,NA,0,0
scat_marten,1,NA,,,PM39,,CONSENSUS,87532,54535,70.24,-1%,-1,0,0,0,0,0,0,0,0,0,0,0,0,0,NA,0,0,0,0,0,0,0,0,0,0,0,0,0,0,0,0,0,0,0,0,0,0,0,0,0,0,0,0,0,0,0,0,0,0,NA,0,0,0,0,0,0,0,0,0,0,0,0,0,0,0,0,NA,0,0,0,0,0,0,0,0,0,0,0,AA,NA,0,0,0,0,0,0,0,0,0,0,0,0,0,0,0,0,0,0,0,0,0,0,0,0,0,0,0,0,0,0,0,0,0
scat_marten,NA,NA,Nextseq496,MACA_P1,PM4,a,lane1-s005-index--TAATCTCGTC-ACATTATCCT-PM4_S5.assembled,313364,298005,95.1,58%,53,NA,AA,0,0,CC,0,AA,0,AA,AA,0,TT,TT,0,TT,TT,0,0,CC,AA,GG,0,0,AA,AA,GG,TT,TT,0,CC,AA,AA,0,0,CC,GG,0,0,0,0,GG,TT,0,0,0,GG,CC,TT,AA,0,TT,0,0,CC,AA,0,CC,CT,CC,GG,0,AA,TT,0,0,AA,CC,AA,0,TC,GG,TT,TT,AA,GG,GA,0,0,0,GG,0,TT,0,0,CC,GG,GG,GG,0,0,0,CT,CC,0,GG,0,CC,GG,GG,0,GG,0,0,0,CC,GG,AA,0,TT,0,GG,CC
scat_marten,NA,NA,Nextseq496,MACA_P1,PM4,b,lane1-s013-index--TAATGGCAAG-ATCACGAAGG-PM4_S13.assembled,138578,122857,88.66,60%,55,NA,AA,0,CC,0,TT,0,GG,AA,0,0,TT,TT,AA,TT,0,0,CC,0,AA,GG,TT,0,AA,AG,0,TT,TT,0,0,AA,AA,0,AA,CC,0,0,TT,TT,AA,GA,TT,AA,0,GG,0,CC,0,0,CC,0,CC,TT,0,GG,0,CC,0,0,0,AA,AA,TT,GC,0,AA,CC,AA,CC,TT,GG,TT,TT,AA,0,AA,0,0,0,0,AA,TT,0,CC,CC,GG,GG,0,0,AA,0,TT,CC,0,GG,0,CC,GG,0,0,0,CC,GG,0,0,GG,0,CC,TT,0,GG,CC
scat_marten,NA,NA,Nextseq496,MACA_P1,PM4,c,lane1-s021-index--AGTCAACCAT-GGCCTGTCCT-PM4_S21.assembled,288716,273300,94.66,59%,54,NA,AA,0,TT,CC,TT,0,0,0,GG,0,TT,TT,AA,0,TT,0,0,CC,0,GG,0,0,AA,AA,GG,TT,TT,0,TT,AA,AA,0,AA,CC,0,AA,TT,0,AA,GA,TT,AA,0,0,0,CC,0,0,0,0,0,0,TT,0,0,CC,TT,CC,0,AA,AA,TT,GG,CC,AA,CC,0,CC,CC,GG,0,TT,AA,GG,GA,TT,0,0,GG,AA,0,GG,0,CC,GG,GG,0,AA,0,0,0,CC,0,0,0,CC,GG,0,0,0,0,0,AA,0,0,AA,CC,TT,0,GG,CC
scat_marten,NA,NA,Nextseq533,MACA_P12,PM4,a,lane1-s722-index--CAACTGCAAC-GTAGAGTCAG-MACAP12,480309,420990,87.65,81%,74,0,AA,AA,CT,CC,TT,0,GG,AA,GA,CC,TT,TT,AA,TT,CT,CC,CC,CC,0,GG,0,AA,AA,0,GG,0,TT,AA,TT,AA,AA,AA,AA,CC,0,AA,TT,TT,AA,GA,TT,AA,GG,0,GT,CC,TT,AA,CC,TT,0,TT,0,0,0,CC,CT,CC,0,AA,AA,TT,GC,CC,AA,CC,AA,CC,0,GG,TT,TT,AA,0,GA,TT,0,0,GG,AA,TT,GA,CC,CC,GG,GG,GG,GG,AA,0,CC,CC,GG,GG,AA,CC,GG,GG,0,0,0,GG,GG,CC,GG,AA,CC,TT,0,GG,CC
scat_marten,NA,NA,Nextseq533,MACA_P12,PM4,b,lane1-s730-index--TAAGGAGGAA-GGATCCGCAT-MACAP12,497298,428400,86.15,77%,70,0,AA,AA,CT,CC,TT,0,GA,AA,GA,CC,TT,TT,AA,TT,CT,0,CC,CC,0,GG,0,AA,AA,AA,GA,0,TT,AA,0,AA,AA,AA,AA,CC,GG,0,TT,0,AA,AA,TT,AA,AA,GG,GG,CC,TT,0,0,TT,CC,TT,0,GA,0,CC,TT,CC,GG,0,AA,TT,CC,CC,AA,CC,AA,0,0,GG,TT,TT,AA,GG,GA,TT,0,0,GG,AA,0,AA,CC,CC,GG,GG,GG,0,0,0,TT,CC,0,GG,AA,CC,GG,0,0,GG,CC,0,0,CC,GG,AA,CC,TT,GC,GG,CC
scat_marten,NA,NA,Nextseq533,MACA_P12,PM4,c,lane1-s738-index--AGCGCTGTGT-GCAACAGGTG-MACAP12,309444,290348,93.83,63%,57,0,AA,AA,0,CC,0,0,0,AA,AA,CC,TT,TT,0,TT,0,0,0,CC,0,GG,0,0,AA,AA,AA,0,TT,0,TT,AA,0,AA,AA,CC,GG,0,0,0,AA,GA,TT,0,0,GG,TT,CC,TT,0,CC,TT,GG,0,0,AA,0,0,CT,CC,GG,0,AA,TT,CC,CC,AA,CC,AA,CC,0,GG,TT,TT,AA,GG,GA,0,0,0,0,AA,TT,AA,CC,CC,GG,GG,0,GG,0,TT,0,CC,GG,GG,0,CC,GG,0,0,GG,CC,GG,GG,CC,0,AA,CC,TT,0,0,CC
scat_marten,0,NA,Nextseq496 / Nextseq533,MACA_P1 / MACA_P12,PM4,,CONSENSUS,337952,305650,91.01,82%,75,0,AA,AA,CT,CC,TT,0,NA,AA,GA,CC,TT,TT,NA,TT,CT,0,CC,CC,AA,GG,0,AA,AA,NA,GA,TT,TT,AA,NA,AA,AA,AA,AA,CC,GG,AA,TT,0,AA,GA,TT,AA,NA,GG,GT,CC,TT,AA,CC,TT,NA,TT,NA,GA,0,CC,CT,CC,GG,AA,AA,TT,GC,CC,AA,CC,AA,CC,TC,GG,TT,TT,AA,GG,GA,TT,0,NA,GG,AA,TT,GA,CC,CC,GG,GG,GG,NA,AA,0,CT,CC,GG,GG,AA,CC,GG,GG,0,GG,CC,GG,NA,CC,GG,AA,CC,TT,0,GG,CC
scat_marten,NA,SDunes_M23.sc,Nextseq496,MACA_P1,PM40,a,lane1-s054-index--AAGCTTATGC-TTCCGTCGCA-PM40_S54.assembled,460865,399393,86.66,59%,54,NA,GG,0,0,GC,0,GG,0,AA,GG,0,0,0,0,TT,TT,TT,CC,0,AA,GA,TT,0,0,0,GG,TT,0,0,0,AA,AA,0,0,TT,GG,AA,TT,0,GG,0,0,GG,AA,0,GG,CC,0,0,0,GG,GC,0,0,GG,CC,CC,CC,TT,CC,0,AA,TT,GG,TT,0,CC,AA,0,0,TT,0,GG,AA,AA,0,0,AA,AA,0,0,TT,GG,0,CC,0,CC,GG,GG,AA,CC,CC,TT,0,0,0,CC,0,0,CC,GG,0,0,GG,CC,GG,0,0,TT,GG,GG,CC
scat_marten,NA,SDunes_M23.sc,Nextseq496,MACA_P1,PM40,b,lane1-s062-index--TAACAGTGTT-GCAAGTCTCA-PM40_S62.assembled,258249,215622,83.49,57%,52,NA,GG,0,0,GC,0,GG,0,0,GG,0,CC,TT,0,CC,TT,0,0,CC,AA,AA,TT,CA,AA,0,GG,0,TT,0,CC,AA,AA,GA,0,0,0,0,TT,TT,0,0,CC,0,AA,0,0,CC,TT,0,0,GG,0,TT,CC,0,0,0,CC,TT,CC,0,CC,TT,CC,TT,AA,CC,AA,TT,0,GG,AA,0,AA,AA,GG,0,0,0,GG,0,0,GG,GG,CC,0,CC,0,GG,AA,TC,0,0,0,GG,AG,0,0,0,0,GG,0,0,GG,CC,0,AA,0,TT,GG,0,CC
scat_marten,NA,SDunes_M23.sc,Nextseq496,MACA_P1,PM40,c,lane1-s070-index--ACGTCAATAC-GGAATTCCAA-PM40_S70.assembled,743193,615003,82.75,56%,51,NA,GA,AC,TT,0,0,0,0,0,GG,CC,CC,TT,AA,CC,CT,0,0,0,AA,AA,0,AA,AA,AA,GG,0,0,AA,0,0,AA,0,GG,0,0,AA,TT,TT,GG,0,0,GG,0,0,0,CC,TT,AA,0,0,0,TT,TT,GG,0,CC,CC,TT,0,0,AA,CC,GG,TT,0,CC,AA,0,TT,TT,TT,GG,AA,AA,0,0,AA,AA,GG,0,0,GA,GG,0,GG,0,GG,0,0,0,0,CT,0,0,AA,0,0,GG,0,0,0,0,0,0,0,0,CC,0,0,GG,CC
scat_marten,NA,SDunes_M23.sc,Nextseq533,MACA_P12,PM40,a,lane1-s721-index--TGTAAGGTGG-CTTCGAAGGA-MACAP12,469711,401895,85.56,90%,82,0,GA,AC,CT,GC,TT,AG,GA,AT,GG,CC,CC,TT,AA,TC,TT,TT,CC,0,0,GA,CT,CA,AA,AA,GG,0,0,GA,CC,0,AA,AA,GG,CT,GG,AA,TT,CT,GG,GA,CC,GG,AG,AA,GG,CC,TC,AA,CT,GG,GC,TT,CC,GG,CC,CC,CC,CC,CC,AA,CA,TC,GC,TT,AA,CC,0,CT,0,0,TA,GT,AA,GA,0,CT,AA,AA,GT,AA,TT,GA,GG,CC,GG,CC,GG,GG,AA,TC,CC,CT,0,0,AG,CC,GG,GG,CC,GG,TT,GA,GG,CC,GG,AA,CC,TT,GG,GG,CC
scat_marten,NA,SDunes_M23.sc,Nextseq533,MACA_P12,PM40,b,lane1-s729-index--CTGAATTAGT-CAGCGGACAA-MACAP12,375694,315459,83.97,80%,73,0,0,AC,TT,CC,TT,GG,GA,0,GG,0,CC,TT,AA,CC,CT,TT,0,CG,0,AA,TT,CA,AA,0,GG,0,CC,GG,CC,AT,AA,AA,GG,CT,GG,AA,TT,0,GG,GG,CC,GG,AG,AA,GG,CC,TT,0,CT,GG,CC,TT,CC,GG,0,CC,CC,CC,CC,0,CC,CC,0,TT,AA,CC,AA,TT,0,TG,TA,0,AA,AA,0,CC,AA,0,GG,AA,TT,GG,GG,CC,GG,0,0,GG,AC,CC,CC,TT,0,GG,AG,CC,GG,0,0,GG,TT,GA,GG,CC,GG,AA,CC,TT,GG,GG,CC
scat_marten,NA,SDunes_M23.sc,Nextseq533,MACA_P12,PM40,c,lane1-s737-index--GATATCACAC-CTCTGTATAC-MACAP12,276278,222740,80.62,58%,53,0,AA,0,CC,CC,TT,0,0,TT,0,CC,0,0,0,TC,0,TT,0,0,0,AA,TT,0,AA,AA,GG,0,0,AA,TT,0,0,0,GG,0,GG,0,TT,0,GG,0,0,GG,0,AA,GG,CC,0,AA,0,GG,0,TT,TT,0,CC,CC,CC,0,CC,AA,AA,CC,CC,TT,AA,0,AA,CC,0,TT,0,GG,AA,0,GA,CC,0,0,0,AA,0,GG,GG,CC,GG,CC,GT,0,0,CC,CC,CC,0,0,0,0,0,GG,CC,GG,TT,0,0,CC,GG,0,CC,TT,GG,GG,0
scat_marten,0.5,SDunes_M23.sc,Nextseq496 / Nextseq533,MACA_P1 / MACA_P12,PM40,,CONSENSUS,430665,361685,83.84,79%,72,0,GA,AC,CT,GC,TT,NA,GA,AT,GG,CC,CC,TT,AA,TC,CT,TT,CC,0,AA,GA,NA,CA,AA,AA,GG,0,NA,GA,NA,NA,AA,NA,GG,CT,GG,AA,TT,NA,GG,NA,CC,GG,AG,AA,GG,CC,NA,AA,CT,GG,GC,TT,CT,GG,CC,CC,CC,CT,CC,AA,CA,TC,GC,TT,AA,CC,AA,CT,0,TG,TA,NA,AA,NA,NA,NA,AA,AA,NA,AA,TT,GA,GG,CC,GG,CC,NA,GG,NA,TC,CC,CT,0,GG (2/6 reps),AG,CC,GG,GG,CC,GG,TT,GA,GG,CC,GG,AA,CC,TT,GG,GG,CC
scat_marten,NA,NDunes_M02.tr,Nextseq496,MACA_P1,PM41,a,lane1-s055-index--TATTCCTCAG-CTTAACCACT-PM41_S55.assembled,287450,273855,95.27,100%,91,NA,AA,AA,CT,CC,TT,AG,GA,AA,GA,CC,TT,TT,AA,TT,CT,CC,CC,CC,AA,GG,TT,AA,AA,AA,GG,TT,TT,AA,TT,AA,AA,GA,AA,CC,AG,AA,TT,TT,AA,GA,TT,AA,GG,GG,GT,CC,TT,AA,CC,TT,GC,TT,CT,GA,TT,CC,CT,CC,GG,AA,AA,TT,GC,CC,AA,CC,AA,CC,TC,GG,TT,TT,AA,GG,GA,TT,AA,AA,GG,AA,TT,GA,CC,CC,GG,GG,GG,GA,AC,TT,CT,CC,GG,GG,AA,CC,GG,GG,CC,GG,CC,GG,GA,CC,GG,AA,CC,TT,0,GG,CC
scat_marten,NA,NDunes_M02.tr,Nextseq496,MACA_P1,PM41,b,lane1-s063-index--ACCGCGCAAT-TTGGCTCCGC-PM41_S63.assembled,210327,199726,94.96,100%,91,NA,AA,AA,CT,CC,TT,AG,GA,AA,GA,CC,TT,TT,AA,TT,CT,CC,CC,CC,AA,GG,TT,AA,AA,AA,GG,TT,TT,AA,TT,AA,AA,GA,AA,CC,AG,AA,TT,TT,AA,GA,TT,AA,GG,GG,GT,CC,TT,AA,CC,TT,GC,TT,CT,GA,TT,CC,CT,CC,GG,AA,AA,TT,GC,CC,AA,CC,AA,CC,TC,GG,TT,TT,AA,GG,GA,TT,AA,AA,GG,AA,TT,GA,CC,CC,GG,GG,GG,GA,AC,TT,CT,CC,GG,GG,AA,CC,GG,GG,CC,GG,CC,GG,GA,CC,GG,AA,CC,TT,0,GG,CC
scat_marten,NA,NDunes_M02.tr,Nextseq496,MACA_P1,PM41,c,lane1-s071-index--GGTGTACAAG-AAGCGCGCTT-PM41_S71.assembled,171634,162701,94.8,100%,91,NA,AA,AA,CT,CC,TT,AG,GA,AA,GA,CC,TT,TT,AA,TT,CT,CC,CC,CC,AA,GG,TT,AA,AA,AA,GG,TT,TT,AA,TT,AA,AA,GA,AA,CC,AG,AA,TT,TT,AA,GA,TT,AA,GG,GG,GT,CC,TT,AA,CC,TT,GC,TT,CT,GA,TT,CC,CT,CC,GG,AA,AA,TT,GC,CC,AA,CC,AA,CC,TC,GG,TT,TT,AA,GG,GA,TT,AA,AA,GG,AA,TT,GA,CC,CC,GG,GG,GG,GA,AC,TT,CT,CC,GG,GG,AA,CC,GG,GG,CC,GG,CC,GG,GA,CC,GG,AA,CC,TT,0,GG,CC
scat_marten,0,NDunes_M02.tr,,,PM41,,CONSENSUS,223137,212094,95.01,100%,91,0,AA,AA,CT,CC,TT,AG,GA,AA,GA,CC,TT,TT,AA,TT,CT,CC,CC,CC,AA,GG,TT,AA,AA,AA,GG,TT,TT,AA,TT,AA,AA,GA,AA,CC,AG,AA,TT,TT,AA,GA,TT,AA,GG,GG,GT,CC,TT,AA,CC,TT,GC,TT,CT,GA,TT,CC,CT,CC,GG,AA,AA,TT,GC,CC,AA,CC,AA,CC,TC,GG,TT,TT,AA,GG,GA,TT,AA,AA,GG,AA,TT,GA,CC,CC,GG,GG,GG,GA,AC,TT,CT,CC,GG,GG,AA,CC,GG,GG,CC,GG,CC,GG,GA,CC,GG,AA,CC,TT,0,GG,CC
scat_marten,NA,NDunes_F03.tr,Nextseq496,MACA_P1,PM42,a,lane1-s031-index--TGCGTGTCAC-GCTTACGGAC-PM42_S31.assembled,46228,44304,95.84,98%,89,NA,AA,AA,CT,CC,TT,AG,GA,AT,GA,CC,TT,TC,AA,TT,CC,CC,CC,CC,AA,GA,TT,AA,AA,GG,0,TT,TT,AA,TT,AA,AA,AA,AA,CC,AG,AG,TT,TT,GA,GA,TT,AA,AG,GG,GT,CT,TC,AA,CC,GT,GC,TT,TT,AA,CT,CC,TT,CT,GG,AA,AA,TT,GG,TC,AA,CC,AA,CC,TC,GG,TT,GT,AA,GG,GA,CT,AA,AA,GT,AA,TT,GG,CC,CC,AG,GG,GG,GA,AA,TT,CT,CC,0,0,AA,CC,GG,GG,CC,GG,CC,GG,GA,CC,GG,AA,CC,TT,GG,GG,CC
scat_marten,NA,NDunes_F03.tr,Nextseq496,MACA_P1,PM42,b,lane1-s039-index--CAGCCGATTG-GCTGTAGGAA-PM42_S39.assembled,281319,266802,94.84,81%,74,NA,AA,AA,CT,CC,TT,AG,GA,AT,GA,CC,TT,TC,AA,TT,CC,CC,CC,NA,AA,GA,TT,AA,AA,GG,NA,TT,TT,AA,TT,AA,NA,AA,NA,CC,AG,AG,TT,TT,GA,NA,TT,AA,NA,GG,GT,CT,TC,AA,CC,NA,GC,TT,NA,AA,NA,NA,TT,CT,NA,AA,AA,TT,GG,TC,AA,NA,AA,CC,TC,GG,TT,GT,AA,GG,GA,CT,NA,AA,GT,NA,TT,GG,CC,NA,AG,NA,GG,GA,AA,TT,CT,CC,0,0,AA,CC,GG,GG,CC,GG,CC,GG,GA,CC,NA,AA,CC,TT,GG,GG,CC
scat_marten,NA,NDunes_F03.tr,Nextseq496,MACA_P1,PM42,c,lane1-s047-index--TATCCAGGAC-CGGTGGCGAA-PM42_S47.assembled,527236,506723,96.11,100%,91,NA,AA,AA,CT,CC,TT,AG,GA,AT,GA,CC,TT,TC,AA,TT,CC,CC,CC,CC,AA,GA,TT,AA,AA,GG,AA,TT,TT,AA,TT,AA,AA,AA,AA,CC,AG,AG,TT,TT,GA,GA,TT,AA,AG,GG,GT,CT,TC,AA,CC,GT,GC,TT,TT,AA,CT,CC,TT,CT,GG,AA,AA,TT,GG,TC,AA,CC,AA,CC,TC,GG,TT,GT,AA,GG,GA,CT,AA,AA,GT,AA,TT,GG,CC,CC,AG,GG,GG,GA,AA,TT,CT,CC,0,0,AA,CC,GG,GG,CC,GG,CC,GG,GA,CC,GG,AA,CC,TT,GG,GG,CC
scat_marten,0,NDunes_F03.tr,,,PM42,,CONSENSUS,284928,272610,95.6,98%,89,0,AA,AA,CT,CC,TT,AG,GA,AT,GA,CC,TT,TC,AA,TT,CC,CC,CC,CC,AA,GA,TT,AA,AA,GG,0,TT,TT,AA,TT,AA,AA,AA,AA,CC,AG,AG,TT,TT,GA,GA,TT,AA,AG,GG,GT,CT,TC,AA,CC,GT,GC,TT,TT,AA,CT,CC,TT,CT,GG,AA,AA,TT,GG,TC,AA,CC,AA,CC,TC,GG,TT,GT,AA,GG,GA,CT,AA,AA,GT,AA,TT,GG,CC,CC,AG,GG,GG,GA,AA,TT,CT,CC,0,0,AA,CC,GG,GG,CC,GG,CC,GG,GA,CC,GG,AA,CC,TT,GG,GG,CC
scat_marten,NA,SDunes_F04.tr,Nextseq496,MACA_P1,PM5,a,lane1-s026-index--CCTCGCAACC-AATAGAGCAA-PM5_S26.assembled,204211,197660,96.79,85%,77,NA,AA,CC,TT,GC,TT,AA,AA,AA,GA,CC,CC,TT,0,CC,CC,0,CC,CC,AA,AA,CT,CC,AA,AA,GG,0,TT,AA,CC,TT,AA,GA,GG,TT,AG,AA,CC,0,0,0,CC,GG,AA,AA,GG,CC,CC,0,0,GG,GC,TT,CC,GG,CT,CC,CC,CC,0,GG,CC,CC,GC,CC,AA,CC,AA,0,TT,TT,TT,GG,AA,AA,GG,CC,AA,0,TT,0,TT,GG,GG,CT,GG,GG,TT,AA,AC,CC,CC,0,0,0,GG,CC,0,0,CC,0,TT,0,AA,CC,GG,AA,CC,TT,GG,GG,CC
scat_marten,NA,SDunes_F04.tr,Nextseq496,MACA_P1,PM5,b,lane1-s034-index--TACGCGGCTG-ACTAGCCGTG-PM5_S34.assembled,349512,337737,96.63,85%,77,NA,AA,CC,TT,CC,TT,AA,GA,TT,GG,CC,CC,TT,GG,CC,CC,TT,CC,CC,AA,AA,TT,CC,AA,AA,GG,TT,0,0,CC,TT,AA,0,0,TT,AA,0,CC,0,GG,GG,0,GG,AG,AA,0,CC,TC,AA,CC,GG,GG,0,CC,GG,TT,0,CC,CC,CC,GG,CC,CC,GG,TC,AA,CG,AA,0,TT,TT,TA,GG,AA,AA,GG,CC,AA,AA,TT,AA,TT,GG,0,CT,GG,0,TT,AA,CC,CC,CC,0,0,0,GG,CC,GG,GG,CC,GG,TT,GG,AA,CC,GG,AA,0,TT,GG,0,CG
scat_marten,NA,SDunes_F04.tr,Nextseq496,MACA_P1,PM5,c,lane1-s042-index--GCCATTAGAC-AGTGGTCAGG-PM5_S42.assembled,602011,579044,96.18,86%,78,NA,AA,0,TT,GC,TT,GG,GA,AA,0,CC,CC,TT,GG,0,CC,TT,CC,0,AA,AA,0,CC,AA,AA,GG,TT,TT,GA,CC,TT,AA,AA,0,TT,AG,AA,CC,CC,GG,GG,CC,GG,AG,AA,GG,CC,TC,0,CC,GG,0,TT,CC,GG,CT,CC,CC,CC,0,GG,CC,0,GC,TT,AA,CC,AA,TT,TT,TT,TA,GG,AA,AA,0,CC,AA,0,GT,AA,0,GG,CC,CT,GG,GG,TT,GG,AC,CC,CC,CC,0,0,GG,CC,GG,0,CC,0,TT,GG,GG,CC,GG,0,0,TT,GG,GG,CC
scat_marten,0.5,SDunes_F04.tr,,,PM5,,CONSENSUS,385245,371480,96.53,80%,73,0,AA,CC,TT,GC,TT,NA,GA,NA,NA,CC,CC,TT,GG,CC,CC,TT,CC,CC,AA,AA,NA,CC,AA,AA,GG,TT,TT,NA,CC,TT,AA,NA,0,TT,AG,AA,CC,0,GG,GG,CC,GG,AG,AA,GG,CC,TC,0,CC,GG,NA,TT,CC,GG,CT,CC,CC,CC,0,GG,CC,CC,GC,TC,AA,NA,AA,0,TT,TT,TA,GG,AA,AA,GG,CC,AA,0,NA,AA,TT,GG,NA,CT,GG,GG,TT,NA,AC,CC,CC,0,0,0,GG,CC,GG,0,CC,0,TT,GG,NA,CC,GG,AA,0,TT,GG,GG,NA
scat_marten,NA,NA,Nextseq496,MACA_P1,PM6,a,lane1-s006-index--GCGCGATGTT-GTCCACTTGT-PM6_S6.assembled,196991,168026,85.3,16%,15,NA,0,0,0,0,0,0,AA,0,0,0,0,0,NA,TT,0,0,0,0,AA,GG,TT,0,0,0,0,0,0,0,TT,0,0,0,0,CC,0,0,TT,0,GG,0,0,0,0,0,0,CC,TT,0,0,0,0,0,0,0,0,0,TT,CC,0,0,0,0,0,0,0,0,0,0,0,0,0,0,0,0,0,0,0,NA,0,0,0,0,CC,0,0,GG,0,0,CC,0,TT,0,0,0,NA,CC,0,0,0,0,0,NA,0,0,GG,0,0,0,NA,0,0
scat_marten,NA,NA,Nextseq496,MACA_P1,PM6,b,lane1-s014-index--GTGCCGCTTC-CGGCTCTACT-PM6_S14.assembled,224328,164223,73.21,11%,10,NA,AA,0,TT,0,0,0,0,0,0,CC,0,0,AA,0,0,0,0,0,0,0,0,0,0,0,0,TT,0,0,0,AA,0,0,0,0,0,0,0,0,0,0,0,0,0,0,0,CC,0,0,0,0,0,0,0,0,0,0,0,0,0,AA,0,0,0,0,0,0,0,0,0,0,0,0,AA,0,0,TT,AA,AA,0,0,0,0,0,0,0,0,0,0,0,0,0,0,0,0,0,0,0,0,0,0,0,0,0,0,0,0,0,0,0,0,0
scat_marten,NA,NA,Nextseq496,MACA_P1,PM6,c,lane1-s022-index--GAGCGCAATA-CTGTGTTAGG-PM6_S22.assembled,143332,120974,84.4,18%,16,NA,AA,0,TT,CC,0,0,0,0,0,CC,0,CC,AA,0,0,0,0,0,0,GG,0,AA,AA,0,0,0,0,0,TT,0,0,0,0,0,0,0,TT,0,0,0,0,0,0,0,0,0,0,0,0,0,0,0,TT,GG,0,0,0,CC,0,0,0,0,CC,CC,0,0,0,0,0,0,0,0,0,0,0,0,0,0,0,0,0,0,0,0,AA,0,0,0,0,0,0,CC,0,0,AA,0,0,0,0,0,0,0,0,0,0,0,0,0,0,0,0
scat_marten,1,NA,,,PM6,,CONSENSUS,188217,151074,80.97,7%,6,0,AA,0,TT,0,0,0,0,0,0,CC,0,0,AA,0,0,0,0,0,0,GG,0,0,0,0,0,0,0,0,TT,0,0,0,0,0,0,0,TT,0,0,0,0,0,0,0,0,CC,0,0,0,0,0,0,0,0,0,0,0,0,0,0,0,0,0,0,0,0,0,0,0,0,0,0,0,0,0,0,0,0,0,0,0,0,0,0,0,0,0,0,0,0,0,0,0,0,0,0,0,0,0,0,0,0,0,0,0,0,0,0,0,0,0
scat_marten,NA,NA,Nextseq496,MACA_P1,PM8,a,lane1-s001-index--CGCTCAGTTC-TCGTGGAGCG-PM8_S1.assembled,34626,8878,25.64,2%,2,NA,0,0,0,CC,0,0,0,0,0,0,0,0,NA,0,0,0,0,0,0,0,0,0,0,0,0,0,0,0,0,0,0,0,0,0,0,0,0,0,0,0,0,0,0,0,0,CC,0,0,0,0,0,0,0,0,0,0,0,0,0,0,0,0,0,0,AA,0,0,0,0,TT,0,0,0,0,0,0,0,NA,0,0,0,0,0,0,0,0,0,0,0,0,0,0,0,GG,NA,0,0,0,0,0,0,NA,0,0,0,0,0,0,NA,0,0
scat_marten,NA,NA,Nextseq496,MACA_P1,PM8,b,lane1-s009-index--CTACTCAGTC-GTTGATAGTG-PM8_S9.assembled,11800,206,1.75,1%,1,NA,0,0,0,0,0,0,0,0,0,0,0,0,AA,0,0,0,0,0,0,AA,0,0,0,0,0,0,0,0,0,0,0,0,0,0,0,0,0,0,0,0,CC,0,0,0,0,0,0,0,0,0,0,0,0,0,0,0,0,0,0,0,0,0,0,0,0,0,0,0,0,0,0,0,0,0,0,0,0,0,0,0,0,0,0,0,0,0,0,0,0,0,0,0,0,0,NA,0,0,0,0,0,0,NA,0,0,0,0,0,0,NA,0,0
scat_marten,NA,NA,Nextseq496,MACA_P1,PM8,c,lane1-s017-index--AACCATTCTC-TCGGCAGCAA-PM8_S17.assembled,54359,49188,90.49,1%,1,NA,0,0,0,0,0,0,0,0,0,0,0,0,NA,0,0,0,0,NA,0,0,0,0,0,0,NA,CC,0,0,0,0,0,0,0,0,0,0,0,0,0,NA,0,0,NA,0,0,0,0,0,0,NA,0,TT,NA,0,NA,NA,0,0,NA,0,0,0,0,0,0,NA,0,0,0,0,0,0,0,0,0,0,NA,NA,0,NA,0,0,0,NA,0,NA,0,0,0,0,0,CC,0,0,NA,0,0,0,0,0,0,NA,0,0,NA,0,0,0,NA,0,0
scat_marten,1,NA,,,PM8,,CONSENSUS,33595,19424,39.29,-2%,-2,0,0,0,0,0,0,0,0,0,0,0,0,0,0,0,0,0,0,0,0,0,0,0,0,0,0,0,0,0,0,0,0,0,0,0,0,0,0,0,0,0,0,0,0,0,0,0,0,0,0,0,0,0,0,0,0,0,0,0,0,0,0,0,0,0,0,0,0,0,0,0,0,0,0,0,0,0,0,0,0,0,0,0,0,0,0,0,0,0,0,0,0,0,0,0,0,0,0,0,0,0,0,0,0,0,0,0,0,0,0,0,0
scat_marten,NA,NA,Nextseq496,MACA_P1,PM9,a,lane1-s053-index--TTACAATTCC-AGCACATCCT-PM9_S53.assembled,185872,144462,77.72,4%,4,NA,0,0,0,0,0,0,AA,0,0,0,0,0,NA,0,0,0,0,0,0,0,0,0,0,0,0,0,0,0,0,0,0,0,0,0,0,0,0,0,0,0,0,0,0,0,0,CC,0,0,0,0,0,0,0,0,0,0,0,0,0,0,0,0,0,0,0,0,0,0,0,0,0,0,TT,0,AA,0,0,NA,0,0,0,0,CC,0,0,GG,0,0,0,0,0,0,0,0,NA,0,0,0,0,0,0,NA,0,0,0,0,0,0,NA,0,0
scat_marten,NA,NA,Nextseq496,MACA_P1,PM9,b,lane1-s061-index--TGATTAGCCA-AGGCATGTAG-PM9_S61.assembled,37669,22416,59.51,4%,4,NA,0,0,0,0,0,0,0,0,0,0,0,0,NA,0,0,0,0,0,0,0,0,0,0,0,0,0,0,0,0,0,0,0,0,0,0,0,0,0,0,0,TT,0,0,0,0,0,0,0,0,0,0,0,TT,0,0,0,0,CC,0,0,0,0,0,0,0,0,0,0,0,0,0,0,0,0,AA,0,0,NA,0,0,0,0,0,0,0,0,0,0,0,0,0,CC,0,0,NA,0,0,0,0,0,0,NA,0,0,0,0,0,0,NA,0,0
scat_marten,NA,NA,Nextseq496,MACA_P1,PM9,c,lane1-s069-index--AAGTACTCCA-TCTGTGTGGA-PM9_S69.assembled,126224,118497,93.88,4%,4,NA,0,0,0,0,0,0,0,0,GG,0,0,0,NA,0,0,0,0,0,0,0,0,0,0,0,0,0,0,0,0,0,0,0,0,CC,0,0,0,0,0,0,0,0,0,0,0,0,0,0,0,0,0,0,0,0,0,0,0,0,0,0,AA,TT,0,CC,0,CC,0,0,0,0,0,0,0,0,0,0,0,NA,0,0,0,0,0,0,0,0,0,0,0,0,0,0,0,0,NA,CC,0,0,0,0,0,NA,0,0,0,0,0,0,NA,0,CC
scat_marten,1,NA,,,PM9,,CONSENSUS,116588,95125,77.04,-1%,-1,0,0,0,0,0,0,0,0,0,0,0,0,0,0,0,0,0,0,0,0,0,0,0,0,0,0,0,0,0,0,0,0,0,0,0,0,0,0,0,0,0,0,0,0,0,0,0,0,0,0,0,0,0,0,0,0,0,0,0,0,0,0,0,0,0,0,0,0,0,0,0,0,0,0,0,AA,0,0,0,0,0,0,0,0,0,0,0,0,0,0,0,0,0,0,0,0,0,0,0,0,0,0,0,0,0,0,0,0,0,0,0,0
scat_marten,NA,NA,Nextseq498,MACA_P2,5240-HT,a,lane1-s026-index--CCTCGCAACC-AATAGAGCAA-5240_a_S26.assembled,843535,788251,93.45,69%,63,NA,0,CC,CT,CC,TT,GG,0,AT,0,CC,CC,TT,0,TT,CC,CC,CC,0,AA,AA,0,AA,AA,AA,0,CC,TT,0,TT,0,AA,GG,0,CC,0,0,CC,0,AA,GG,0,0,AA,AA,GG,0,TT,AA,CC,TT,0,0,0,0,TT,CC,CC,0,0,0,AA,TC,GG,TT,AA,CC,0,0,TC,TG,TA,GG,TT,GG,GG,CC,AA,AA,0,AA,TT,GG,CC,CC,GG,CC,0,AA,AA,0,CC,CC,0,0,AA,CC,GG,GG,CC,0,TT,GG,AA,CC,GG,0,0,TT,GG,GG,CC
scat_marten,NA,NA,Nextseq498,MACA_P2,5240-HT,b,lane1-s034-index--TACGCGGCTG-ACTAGCCGTG-5240_b_S34.assembled,650253,596351,91.71,63%,57,NA,AA,CC,TT,0,0,0,0,AA,GG,CC,CC,TT,NA,CC,0,CC,0,CC,0,GG,CT,0,AA,GG,GG,0,0,GA,CC,0,AA,0,AA,0,AA,0,CC,TT,AA,GG,TT,0,AA,AA,GG,CC,TT,0,0,TT,0,TT,CC,GG,0,0,CC,TT,0,AA,AA,CC,GG,TT,AA,CG,GA,TT,0,TG,AA,GT,AA,GG,0,0,AA,NA,0,0,0,GG,CC,0,0,CC,GT,0,AA,TT,0,CC,0,0,0,0,GG,0,0,0,TT,0,0,CC,0,AA,CC,0,GG,0,CG
scat_marten,NA,NA,Nextseq498,MACA_P2,5240-HT,c,lane1-s042-index--GCCATTAGAC-AGTGGTCAGG-5240_c_S42.assembled,710935,690590,97.14,68%,62,NA,AA,0,CC,GG,TT,0,GG,AT,GG,CC,0,TT,GG,CC,CC,CC,0,0,AA,GG,0,0,0,0,GG,CC,TT,GG,CT,AA,AA,0,0,CC,AA,AA,CC,CC,AA,GG,0,AA,0,0,0,CC,TT,AA,0,TT,0,0,CC,GG,0,0,CC,0,0,GG,AA,TT,GG,TT,AA,CC,GA,TT,TT,TG,TT,TT,AT,GG,GG,0,AA,AA,TT,AA,0,GG,0,0,0,CC,GG,0,AA,CC,CC,0,0,0,0,CC,GG,GG,0,0,0,0,0,CC,GG,0,0,0,GG,0,CC
scat_marten,NA,NA,Nextseq533,MACA_P11,5240-HT,a,lane1-s079-index--AGGTATGGCG-CGCGAGCCTA-MACAP11,501860,467696,93.19,77%,70,0,GA,CC,0,GC,TT,AA,0,0,GG,CC,CC,0,AA,CC,CC,CC,CC,CC,0,0,CC,0,AA,GG,GG,0,TT,GG,TT,AA,AA,GA,0,CC,0,0,0,TT,AA,GG,TT,0,AA,0,GG,CC,TT,AA,TT,TT,0,0,CC,GA,TT,CC,0,TT,GG,GG,AA,CC,GG,TT,AA,CG,GG,CT,0,TG,TA,GT,0,GG,GG,CC,AA,AA,TT,AA,0,GG,CC,CC,GG,0,GT,GG,AA,CC,CC,CC,0,0,0,CC,GG,GG,CC,GG,0,AA,GG,CC,GG,AA,0,TT,GG,GG,CG
scat_marten,NA,NA,Nextseq533,MACA_P11,5240-HT,b,lane1-s087-index--TCTATTCAGT-GGCGAATTCT-MACAP11,395957,348943,88.13,67%,61,0,AA,CC,0,CC,TT,0,0,TT,GG,0,0,0,AA,TC,CC,0,CC,CC,0,0,0,0,AA,0,GG,0,TT,AA,CT,AA,AA,GG,0,CC,AA,GG,CC,0,AA,GG,0,AA,0,AA,GG,CC,TT,0,TT,GG,CC,TT,CC,GG,0,CC,CC,0,0,GG,AA,CC,GG,0,AA,0,0,TT,0,0,0,GT,TT,GG,GG,CC,AA,AA,TT,AA,0,GG,CC,0,GG,0,GG,AA,AA,TT,CC,CC,0,GG,0,CC,GG,0,0,0,TT,AA,AA,CC,GG,AA,0,0,GG,GG,0
scat_marten,NA,NA,Nextseq533,MACA_P11,5240-HT,c,lane1-s095-index--TATGAACTTG-CGCAATCTAG-MACAP11,789551,742571,94.05,66%,60,0,AA,0,TT,0,TT,GG,GG,TT,0,CC,0,0,0,CC,0,0,0,CC,0,GA,TT,AA,CC,0,GG,0,TT,GG,CC,AA,AA,GG,AA,CC,0,0,0,0,0,GG,CC,AA,AA,0,0,TT,TT,AA,CC,0,0,0,CC,GG,TT,0,CC,0,GG,0,AA,TC,GG,TT,AG,CC,GA,CT,0,0,AA,GG,AT,GG,0,CC,AA,0,GG,AA,TT,GG,CC,CC,AA,CC,GG,0,0,CC,CC,CC,0,GG,AA,CC,GG,GG,CC,GG,0,GG,0,0,GG,AA,CC,TT,0,0,CC
scat_marten,0.5,NA,Nextseq498 / Nextseq533,MACA_P2 / MACA_P11,5240-HT,,CONSENSUS,648682,605734,92.95,79%,72,0,NA,CC,CT,GC,TT,NA,GG,AT,GG,CC,CC,TT,NA,TC,CC,CC,CC,CC,AA,GA,CT,AA,NA,NA,GG,CC,TT,GA,CT,AA,AA,NA,AA,CC,AA,NA,CC,NA,AA,GG,NA,AA,AA,AA,GG,NA,TT,AA,CT,NA,0,TT,CC,NA,TT,CC,CC,TT,GG,NA,AA,TC,GG,TT,NA,CG,GA,CT,NA,TG,TA,GT,AT,GG,GG,CC,AA,AA,NA,AA,TT,GG,CC,CC,NA,CC,GT,NA,AA,TC,CC,CC,0,0,AA,CC,GG,GG,CC,GG,TT,GA,NA,CC,GG,AA,CC,TT,GG,GG,CG
scat_marten,NA,NCoast_F04.sc,Nextseq498,MACA_P2,5241-HT,a,lane1-s008-index--TGCCTTGATC-CCTTGTTAAT-5241_a_S8.assembled,223859,184679,82.5,82%,75,NA,GA,0,0,GG,TT,GG,GG,AT,GG,0,CC,TT,AA,TC,CC,CC,0,CC,AA,AA,CT,AA,AA,GG,GG,CC,TT,GG,TT,AA,AA,GG,0,CC,AA,GG,CC,CT,AA,GG,CC,GA,0,AA,GG,CC,TT,0,TT,GG,CC,0,0,GG,TT,CC,0,TT,GG,GG,AA,TC,GG,TT,AA,GG,0,CC,TT,TG,0,TT,TT,GG,GG,CC,AA,AA,TT,AA,TT,GG,CC,CC,GG,CC,TT,0,0,0,CC,CC,0,0,AA,CC,GG,0,CC,GG,TT,AA,0,CC,GG,AA,0,TT,GG,GG,GG
scat_marten,NA,NCoast_F04.sc,Nextseq498,MACA_P2,5241-HT,b,lane1-s016-index--GCCGTAACCG-AAGACTATAG-5241_b_S16.assembled,570115,537166,94.22,82%,75,NA,GA,CC,0,GG,TT,GG,0,AT,GG,0,CC,TT,AA,TT,CC,CC,CC,CC,0,GG,CC,0,AA,GG,GG,TT,TT,0,CT,AA,AA,GG,AA,CC,AA,AG,0,0,0,GG,TC,0,AA,AA,GG,CC,TT,AA,CC,0,CC,0,0,GG,TT,CC,CC,TT,GG,GG,AA,TT,GG,0,AA,GG,GA,CT,TT,TG,TT,GT,AA,GG,GG,CC,AA,0,TT,AA,TT,GG,CC,CC,GG,CC,GT,GG,0,TC,CC,CC,0,0,0,CC,GG,GG,CC,GG,TT,GG,GG,CC,GG,AA,CC,TT,GG,GG,GG
scat_marten,NA,NCoast_F04.sc,Nextseq498,MACA_P2,5241-HT,c,lane1-s024-index--GTATGTAGAA-CTAACTGTAA-5241_c_S24.assembled,534607,495310,92.65,86%,78,NA,GA,CC,TT,GC,TT,GG,GG,AA,GG,CC,CC,TT,AA,0,CC,CC,CC,CC,AA,AA,0,AA,AA,GG,GG,TT,TT,AA,CT,0,AA,GG,AA,CC,AA,AA,CC,0,AA,GG,0,GG,AA,AA,0,CC,TT,AA,TT,GG,CC,TT,CC,0,TT,CC,CC,TT,0,GG,AA,TC,GG,TT,AA,CG,GG,TT,TC,TT,TA,GG,0,0,GG,CC,AA,AA,TT,AA,TT,0,CC,CC,GG,CC,GT,0,AA,0,CC,CC,0,0,AA,CC,GG,GG,CC,0,TT,AA,0,CC,GG,AA,CC,TT,GG,GG,CG
scat_marten,NA,NCoast_F04.sc,Nextseq533,MACA_P11,5241-HT,a,lane1-s078-index--TACTCTGCGC-TCTCTAGATT-MACAP11,725769,673455,92.79,87%,79,0,GG,0,CC,GG,TT,0,0,TT,GG,CC,CC,TT,GG,TC,CC,CC,0,CC,0,GG,CC,AA,AA,GG,GG,0,TT,GA,CT,AA,AA,GG,AA,CC,AA,0,CC,0,AA,GG,TT,GG,AA,AA,GG,CC,TT,AA,TT,0,CC,TT,CC,GG,TT,CC,CC,TT,0,GG,AA,TC,GG,TT,AA,CG,GA,CT,0,TT,AA,GT,TT,GG,GG,CC,AA,AA,GG,AA,TT,GG,CC,CC,GG,CC,GG,GG,AA,CC,0,CC,0,0,AA,CC,GG,GG,CC,0,TT,AA,GG,CC,0,AA,CC,TT,GG,GG,CG
scat_marten,NA,NCoast_F04.sc,Nextseq533,MACA_P11,5241-HT,b,lane1-s086-index--CTTCAACCAC-TTGTCAACTT-MACAP11,267145,243291,91.07,85%,77,0,GA,CC,CT,GG,TT,GG,GG,TT,GG,CC,CC,TT,0,CC,CC,CC,0,CC,0,GA,CC,0,AA,0,GG,0,TT,GA,TT,AA,AA,0,AA,CC,0,AA,CC,CT,AA,GG,TC,0,AA,AA,GG,CC,TT,AA,CT,GT,CC,TT,CC,GG,TT,CC,CC,TT,GG,GG,AA,CC,GG,TT,AA,CG,AA,CT,0,TG,AA,GG,0,GG,0,CC,AA,AA,TT,AA,0,GG,CC,CC,GG,CC,GG,GA,AA,0,CC,CC,0,0,0,CC,GG,GG,CC,GG,TT,GA,GA,CC,GG,AA,CC,TT,GG,GG,CG
scat_marten,NA,NCoast_F04.sc,Nextseq533,MACA_P11,5241-HT,c,lane1-s094-index--TCAACCACGA-TTAGGATAGA-MACAP11,1022228,972077,95.09,87%,79,0,GA,CC,TT,GG,TT,GG,GG,0,GG,CC,CC,TT,0,CC,CC,CC,CC,CC,0,GG,CT,AA,AA,GG,GG,0,TT,0,CT,AA,AA,GG,AA,CC,AA,GG,CC,TT,AA,GG,TC,GG,AA,AA,GG,CC,TT,AA,0,0,CC,TT,0,GG,TT,CC,CC,TT,GG,GG,AA,TC,GG,0,AA,CG,GA,TT,0,TG,AA,GT,AT,GG,GG,CC,AA,AA,TT,0,TT,GG,CC,CC,GG,CC,GG,GA,0,TT,CC,CC,0,0,AA,CC,GG,GG,CC,GG,TT,0,GA,0,GG,AA,CC,TT,0,GG,CG
scat_marten,0,NCoast_F04.sc,Nextseq498 / Nextseq533,MACA_P2 / MACA_P11,5241-HT,,CONSENSUS,557287,517663,91.39,91%,83,0,GA,CC,CT,NA,TT,GG,GG,AT,GG,CC,CC,TT,NA,TC,CC,CC,CC,CC,AA,GA,CT,AA,AA,GG,GG,NA,TT,GA,CT,AA,AA,GG,AA,CC,AA,AG,CC,CT,AA,GG,TC,NA,AA,AA,GG,CC,TT,AA,CT,NA,CC,TT,CC,GG,TT,CC,CC,TT,GG,GG,AA,TC,GG,TT,AA,CG,GA,CT,NA,TG,NA,GT,AT,GG,GG,CC,AA,AA,NA,AA,TT,GG,CC,CC,GG,CC,GT,GA,AA,TC,CC,CC,0,0,AA,CC,GG,GG,CC,GG,TT,GA,GA,CC,GG,AA,CC,TT,GG,GG,CG
scat_marten,NA,NA,Nextseq498,MACA_P2,03M03,a,lane1-s005-index--TAATCTCGTC-ACATTATCCT-03M03_a_S5.assembled,129382,41566,32.13,-1%,-1,NA,0,0,0,0,0,0,0,0,0,0,0,0,NA,0,0,0,0,0,0,0,0,0,0,0,0,0,0,0,0,0,0,0,0,0,0,0,0,0,0,0,0,0,0,0,0,0,0,0,0,0,0,0,0,0,0,0,0,0,0,0,0,0,0,0,0,0,0,0,0,0,0,0,0,0,0,0,AA,NA,0,0,0,0,0,0,0,0,0,0,0,0,0,0,0,0,NA,0,0,0,0,0,0,NA,0,0,0,0,0,0,NA,0,0
scat_marten,NA,NA,Nextseq498,MACA_P2,03M03,b,lane1-s013-index--TAATGGCAAG-ATCACGAAGG-03M03_b_S13.assembled,90521,57,0.06,-1%,-1,NA,0,0,0,0,0,0,0,0,0,0,0,0,NA,0,0,0,0,0,0,0,CC,0,0,0,0,0,0,0,0,0,0,0,0,0,0,0,0,0,0,0,0,0,0,0,0,0,0,0,0,0,0,0,0,0,0,0,0,0,0,0,0,0,0,0,0,0,0,0,0,0,0,0,0,0,0,0,0,NA,0,0,0,0,0,0,0,0,0,0,0,0,0,0,0,0,NA,0,0,0,0,0,0,NA,0,0,0,0,0,0,NA,0,0
scat_marten,NA,NA,Nextseq498,MACA_P2,03M03,c,lane1-s021-index--AGTCAACCAT-GGCCTGTCCT-03M03_c_S21.assembled,361362,148077,40.98,0%,0,NA,0,0,0,0,0,0,0,0,0,0,0,0,NA,0,0,0,0,0,0,0,0,0,0,0,GG,0,0,0,0,0,0,0,0,0,0,0,0,0,0,0,0,0,0,0,0,0,0,0,0,0,0,0,0,0,0,0,0,0,0,0,0,0,0,0,0,0,0,0,0,0,0,0,0,0,0,0,AA,NA,0,0,0,0,0,0,0,0,0,0,0,0,0,0,0,0,0,0,0,0,0,0,0,0,0,0,0,0,0,0,0,0,0
scat_marten,1,NA,,,03M03,,CONSENSUS,193755,63233,24.39,-1%,-1,0,0,0,0,0,0,0,0,0,0,0,0,0,0,0,0,0,0,0,0,0,0,0,0,0,0,0,0,0,0,0,0,0,0,0,0,0,0,0,0,0,0,0,0,0,0,0,0,0,0,0,0,0,0,0,0,0,0,0,0,0,0,0,0,0,0,0,0,0,0,0,0,0,0,0,0,0,AA,0,0,0,0,0,0,0,0,0,0,0,0,0,0,0,0,0,0,0,0,0,0,0,0,0,0,0,0,0,0,0,0,0,0
scat_marten,NA,SDunes_M04.tr,Nextseq498,MACA_P2,06M01,a,lane1-s007-index--AGAGCACTAG-TGGAACAGTA-06M01_a_S7.assembled,337046,315880,93.72,77%,70,NA,AA,CC,TT,GC,TT,0,GG,AA,GA,0,CC,TT,GG,0,CC,TT,0,0,AA,0,0,CC,CC,AA,GG,TT,0,GG,CC,0,AA,GG,AA,TT,AG,AA,0,CC,GG,GG,CC,GG,AA,AA,GG,CC,TT,0,0,GT,0,TT,CC,GG,CC,TT,CT,CC,CG,GG,CC,TC,0,TC,AA,0,AA,CT,TT,0,AA,TT,AT,GA,GA,TT,0,0,TT,AA,TT,GG,CC,0,GG,GG,TT,AA,AA,CC,CC,0,GG,GG,GG,CC,GG,0,CC,GG,TT,0,AA,CC,GG,0,CC,0,GG,GG,0
scat_marten,NA,SDunes_M04.tr,Nextseq498,MACA_P2,06M01,b,lane1-s015-index--CGGCAATGGA-GAATGCACGA-06M01_b_S15.assembled,666497,590088,88.54,82%,75,NA,AA,CC,CT,CC,0,AG,GG,AA,0,CC,CC,TT,GG,CC,CC,TT,CC,CC,AA,AA,0,CC,CC,0,GG,TT,TC,GG,CC,TT,AA,GG,0,TT,0,AA,CC,CC,GG,GG,CC,GG,AA,AA,GG,CC,TT,AA,CC,TT,0,0,0,GG,CC,CT,CT,CC,0,0,CC,0,GG,TT,AA,CC,AA,CC,TT,TT,AA,TT,AA,GA,AA,CT,AA,AA,0,AA,TT,GG,CC,CT,GG,0,TT,0,0,CC,CC,TT,GG,GG,GG,CC,GG,GG,CC,0,TT,GG,0,CC,GG,AA,0,TT,GG,GG,CC
scat_marten,NA,SDunes_M04.tr,Nextseq498,MACA_P2,06M01,c,lane1-s023-index--AACAAGGCGT-TAAGGAACGT-06M01_c_S23.assembled,694187,634463,91.4,82%,75,NA,AA,CC,TT,CC,TT,AA,GG,AA,GA,CC,0,TT,GG,0,CC,TT,CC,CC,AA,AA,0,CC,CA,AA,GG,TT,TC,GG,0,TT,AA,GG,0,TT,0,0,CC,CC,GG,GG,CC,GG,0,0,GG,CC,0,AA,CC,GG,0,0,CT,GG,CC,CT,CT,CC,0,GG,CC,TT,GG,TC,AA,CC,GG,CT,0,TT,AA,GG,TT,AA,GA,TT,AA,AA,TT,AA,TT,GG,CC,TT,GG,CC,0,AA,AA,CC,CC,CT,0,0,GG,CC,GG,GG,CC,0,0,GG,AA,CC,GG,AA,CC,TT,GG,GG,CC
scat_marten,0.5,SDunes_M04.tr,,,06M01,,CONSENSUS,565910,513477,91.22,78%,71,0,AA,CC,NA,NA,TT,NA,GG,AA,GA,CC,CC,TT,GG,0,CC,TT,CC,CC,AA,AA,0,CC,NA,AA,GG,TT,TC,GG,CC,TT,AA,GG,0,TT,0,AA,CC,CC,GG,GG,CC,GG,AA,AA,GG,CC,TT,AA,CC,GT,0,0,NA,GG,CC,CT,CT,CC,0,GG,CC,NA,GG,TC,AA,CC,NA,CT,TT,TT,AA,NA,AT,GA,GA,NA,AA,AA,TT,AA,TT,GG,CC,NA,GG,NA,TT,AA,AA,CC,CC,NA,GG,GG,GG,CC,GG,GG,CC,0,TT,GG,AA,CC,GG,AA,CC,TT,GG,GG,CC
scat_marten,NA,SDunes_F03.tr,Nextseq498,MACA_P2,09M06,a,lane1-s006-index--GCGCGATGTT-GTCCACTTGT-09M06_a_S6.assembled,107943,104526,96.83,97%,88,NA,AA,AA,CC,CC,TT,GG,GA,AT,GG,CT,CC,TT,0,CC,CC,TT,CC,CC,AA,AA,CT,CA,AA,AA,GG,TT,TT,GA,CC,TT,AA,0,GG,TT,GG,AG,CT,CT,GG,GG,CC,GA,AA,AA,GG,CC,TC,AA,CC,GG,GC,TT,CT,GG,CC,CT,CT,CC,CC,GA,CA,TT,GC,TT,AA,CC,GA,TT,TT,TT,TT,GG,AA,GA,GA,CT,AA,AA,GG,AA,TT,GA,CG,CT,GG,GC,TT,GG,AA,CC,CC,CT,0,0,AG,CC,GG,GG,CC,GG,TT,GG,GG,CC,GG,AA,CC,TT,GG,GG,CC
scat_marten,NA,SDunes_F03.tr,Nextseq498,MACA_P2,09M06,b,lane1-s014-index--GTGCCGCTTC-CGGCTCTACT-09M06_b_S14.assembled,429887,414702,96.47,98%,89,NA,AA,AA,CC,CC,TT,GG,GA,0,GG,CT,CC,TT,0,CC,CC,TT,CC,CC,AA,AA,CT,CA,AA,AA,GG,TT,TT,GA,CC,TT,AA,GA,GG,TT,GG,AG,CT,CT,GG,GG,CC,GA,AA,AA,GG,CC,TC,AA,CC,GG,GC,TT,CT,GG,CC,CT,CT,CC,CC,GA,CA,TT,GC,TT,AA,CC,GA,TT,TT,TT,TT,GG,AA,GA,GA,CT,AA,AA,GG,AA,TT,GA,CG,CT,GG,GC,TT,GG,AA,CC,CC,CT,0,0,AG,CC,GG,GG,CC,GG,TT,GG,GG,CC,GG,AA,CC,TT,GG,GG,CC
scat_marten,NA,SDunes_F03.tr,Nextseq498,MACA_P2,09M06,c,lane1-s022-index--GAGCGCAATA-CTGTGTTAGG-09M06_c_S22.assembled,383952,370298,96.44,100%,91,NA,AA,AA,CC,CC,TT,GG,GA,AT,GG,CT,CC,TT,AA,CC,CC,TT,CC,CC,AA,AA,CT,CA,AA,AA,GG,TT,TT,GA,CC,TT,AA,GA,GG,TT,GG,AG,CT,CT,GG,GG,CC,GA,AA,AA,GG,CC,TC,AA,CC,GG,GC,TT,CT,GG,CC,CT,CT,CC,CC,GA,CA,TT,GC,TT,AA,CC,GA,TT,TT,TT,TT,GG,AA,GA,GA,CT,AA,AA,GG,AA,TT,GA,CG,CT,GG,GC,TT,GG,AA,CC,CC,CT,0,0,AG,CC,GG,GG,CC,GG,TT,GG,GG,CC,GG,AA,CC,TT,GG,GG,CC
scat_marten,0,SDunes_F03.tr,,,09M06,,CONSENSUS,307261,296509,96.58,99%,90,0,AA,AA,CC,CC,TT,GG,GA,AT,GG,CT,CC,TT,0,CC,CC,TT,CC,CC,AA,AA,CT,CA,AA,AA,GG,TT,TT,GA,CC,TT,AA,GA,GG,TT,GG,AG,CT,CT,GG,GG,CC,GA,AA,AA,GG,CC,TC,AA,CC,GG,GC,TT,CT,GG,CC,CT,CT,CC,CC,GA,CA,TT,GC,TT,AA,CC,GA,TT,TT,TT,TT,GG,AA,GA,GA,CT,AA,AA,GG,AA,TT,GA,CG,CT,GG,GC,TT,GG,AA,CC,CC,CT,0,0,AG,CC,GG,GG,CC,GG,TT,GG,GG,CC,GG,AA,CC,TT,GG,GG,CC
blank,NA,NA,Nextseq498,MACA_P2,NTC,a,lane1-s080-index--CTGGCTTGCC-CAAGCATCCG-NTC_2_a_S80.assembled,6028,3,0.05,-2%,-2,NA,0,0,0,0,0,0,0,0,0,0,0,0,NA,0,0,0,0,0,0,0,0,0,0,0,0,0,0,0,0,0,0,0,0,0,0,0,0,0,0,0,0,0,0,0,0,0,0,0,0,0,0,0,0,0,0,0,0,0,0,0,0,0,0,0,0,0,0,0,0,0,0,0,0,0,0,0,0,NA,0,0,0,0,0,0,0,0,0,0,0,0,0,0,0,0,0,0,0,0,0,0,0,0,0,0,0,0,0,0,0,0,0
blank,NA,NA,Nextseq498,MACA_P2,NTC,b,lane1-s088-index--TACACGCTCC-ATCCGTAAGT-NTC_2_b_S88.assembled,22583,5,0.02,-2%,-2,NA,0,0,0,0,0,0,0,0,0,0,0,0,NA,0,0,0,0,0,0,0,0,0,0,0,0,0,0,0,0,0,0,0,0,0,0,0,0,0,0,0,0,0,0,0,0,0,0,0,0,0,0,0,0,0,0,0,0,0,0,0,0,0,0,0,0,0,0,0,0,0,0,0,0,0,0,0,0,NA,0,0,0,0,0,0,0,0,0,0,0,0,0,0,0,0,0,0,0,0,0,0,0,0,0,0,0,0,0,0,0,0,0
blank,NA,NA,Nextseq498,MACA_P2,NTC,c,lane1-s096-index--TGGACGGAGG-CACATCGGTG-NTC_2_c_S96.assembled,20372,4,0.02,-2%,-2,NA,0,0,0,0,0,0,0,0,0,0,0,0,0,0,0,0,0,0,0,0,0,0,0,0,0,0,0,0,0,0,0,0,0,0,0,0,0,0,0,0,0,0,0,0,0,0,0,0,0,0,0,0,0,0,0,0,0,0,0,0,0,0,0,0,0,0,0,0,0,0,0,0,0,0,0,0,0,0,0,0,0,0,0,0,0,0,0,0,0,0,0,0,0,0,NA,0,0,0,0,0,0,NA,0,0,0,0,0,0,NA,0,0
blank,1,NA,,,NTC2,,CONSENSUS,16328,4,0.03,-2%,-2,0,0,0,0,0,0,0,0,0,0,0,0,0,0,0,0,0,0,0,0,0,0,0,0,0,0,0,0,0,0,0,0,0,0,0,0,0,0,0,0,0,0,0,0,0,0,0,0,0,0,0,0,0,0,0,0,0,0,0,0,0,0,0,0,0,0,0,0,0,0,0,0,0,0,0,0,0,0,0,0,0,0,0,0,0,0,0,0,0,0,0,0,0,0,0,0,0,0,0,0,0,0,0,0,0,0,0,0,0,0,0,0
scat_marten,NA,SDunes_M19.sc,Nextseq498,MACA_P2,PM27,a,lane1-s055-index--TATTCCTCAG-CTTAACCACT-PM27_a_S55.assembled,90825,87837,96.71,78%,71,NA,AA,0,TT,GC,TT,0,GG,AA,GA,CC,CC,TT,AG,CC,CC,TT,0,CC,AA,AA,CC,CC,CA,AA,GG,0,TC,GG,CC,TT,0,0,0,CT,GG,0,CC,TT,GG,GA,TC,GG,AA,AA,GG,CC,TT,0,CC,TT,GG,TT,TT,0,CC,0,CT,CT,CC,AA,CC,TT,GG,0,AA,CC,0,CT,TC,TT,TT,GT,AA,GG,GG,TT,0,0,GG,AA,TT,0,CC,CT,GG,0,GG,GG,0,0,CC,CC,0,GG,GG,CC,GG,0,CC,GG,TT,GG,GG,CC,GG,AA,0,TT,GG,0,CC
scat_marten,NA,SDunes_M19.sc,Nextseq498,MACA_P2,PM27,b,lane1-s063-index--ACCGCGCAAT-TTGGCTCCGC-PM27_b_S63.assembled,201741,195458,96.89,99%,90,NA,AA,AC,CT,GC,TT,AG,GG,AA,GA,TT,CC,TT,AG,CC,CC,TT,CC,CC,AA,AA,CT,CC,CA,AA,GG,TT,TC,GG,CC,TT,AA,GG,GG,CT,0,AA,CC,CT,GG,GA,TC,GA,AA,AA,GG,CC,TT,AA,CC,GT,GG,TT,TT,GG,CC,CT,CT,CT,CC,GA,CC,TT,GG,TT,AA,CC,GA,CT,TC,TT,TT,GT,AA,GG,GG,CT,AA,AA,GG,AA,TG,GA,CG,CT,GG,GC,GT,GG,AA,CC,CC,CC,GG,GG,GG,CC,GG,GG,CC,GG,TT,GG,GG,CC,GG,AA,CC,TT,GG,GG,CC
scat_marten,NA,SDunes_M19.sc,Nextseq498,MACA_P2,PM27,c,lane1-s071-index--GGTGTACAAG-AAGCGCGCTT-PM27_c_S71.assembled,92534,88858,96.03,99%,90,NA,AA,AA,CT,GC,TT,AG,GG,AA,GA,CT,CC,TT,AA,CC,CC,TT,CC,CC,AA,AA,CT,CC,CA,AA,GG,TT,TC,GG,CC,TT,AA,GG,GG,CT,AG,AG,CC,CC,GG,GA,TC,GA,AA,AA,GG,CC,TT,AA,CC,GT,GG,TT,TT,GG,CC,CT,CT,CT,CC,0,CC,TT,GG,TT,AA,CC,GA,CT,TC,TT,TT,GT,AA,GG,GG,TT,AA,AA,GG,AA,TG,GA,CG,CT,GG,GC,GT,GG,AA,CC,CC,CC,GG,GG,GG,CC,GG,GG,CC,GG,TT,GG,GG,CC,GG,AA,CC,TT,GG,GG,CC
scat_marten,0,SDunes_M19.sc,,,PM27,,CONSENSUS,128367,124051,96.54,95%,86,0,AA,NA,CT,GC,TT,AG,GG,AA,GA,CT,CC,TT,AG,CC,CC,TT,CC,CC,AA,AA,CT,CC,CA,AA,GG,TT,TC,GG,CC,TT,AA,GG,GG,CT,NA,NA,CC,CT,GG,GA,TC,GA,AA,AA,GG,CC,TT,AA,CC,GT,GG,TT,TT,GG,CC,CT,CT,CT,CC,NA,CC,TT,GG,TT,AA,CC,GA,CT,TC,TT,TT,GT,AA,GG,GG,NA,AA,AA,GG,AA,TG,GA,CG,CT,GG,GC,GT,GG,AA,CC,CC,CC,GG,GG,GG,CC,GG,GG,CC,GG,TT,GG,GG,CC,GG,AA,CC,TT,GG,GG,CC
scat_marten,NA,SDunes_M19.sc,Nextseq498,MACA_P2,PM28,a,lane1-s001-index--CGCTCAGTTC-TCGTGGAGCG-PM28_a_S1.assembled,611091,587434,96.13,54%,49,NA,0,0,0,GG,0,0,0,AA,0,0,CC,TT,AA,0,CC,TT,CC,CC,AA,0,0,CC,AA,AA,GG,0,0,GG,CC,0,AA,GG,0,0,0,0,0,0,GG,GG,TT,0,AA,0,GG,CC,0,0,CC,GG,GG,0,0,GG,0,CC,CC,TT,0,AA,CC,TT,GG,0,0,CC,GA,0,CC,0,TT,TT,AA,0,0,TT,AA,AA,GG,0,0,0,0,CC,GG,0,GG,GG,0,0,CC,CC,0,0,GG,0,GG,0,0,0,0,GG,GG,CC,GG,AA,0,TT,GG,GG,CC
scat_marten,NA,SDunes_M19.sc,Nextseq498,MACA_P2,PM28,b,lane1-s009-index--CTACTCAGTC-GTTGATAGTG-PM28_b_S9.assembled,847105,819490,96.74,55%,50,NA,AA,CC,TT,GG,0,0,GG,AA,GA,0,0,TT,GG,CC,CC,TT,0,CC,AA,AA,TT,CC,CA,AA,GG,TT,0,0,CC,0,AA,GG,0,CC,0,0,0,0,0,0,CC,0,AA,0,GG,CC,TT,AA,0,GG,0,0,TT,0,0,CC,0,TT,0,0,0,0,GG,0,AA,CC,AA,CC,0,TT,TT,GT,AA,0,GG,CC,0,0,0,0,TG,AA,0,TT,0,CC,GG,0,AA,0,0,0,0,0,GG,CC,GG,GG,0,0,0,0,0,CC,0,AA,0,TT,GG,GG,CC
scat_marten,NA,SDunes_M19.sc,Nextseq498,MACA_P2,PM28,c,lane1-s017-index--AACCATTCTC-TCGGCAGCAA-PM28_c_S17.assembled,872567,846000,96.96,63%,57,NA,AA,0,0,GG,TT,GG,GG,AA,AA,0,CC,TT,AA,CC,0,TT,CC,CC,0,0,0,CC,CA,0,GG,TT,TT,0,0,TT,AA,GG,0,TT,GG,0,CC,TT,GG,GG,TT,0,AA,AA,0,CC,TT,0,CC,0,GG,TT,0,GG,CC,CC,TT,TT,0,AA,CC,TT,GG,0,0,CC,0,CC,0,TT,0,0,0,GG,GG,CC,AA,AA,0,0,0,0,0,TT,GG,GG,0,0,0,CC,0,CC,0,0,GG,CC,GG,0,CC,0,TT,GG,0,0,0,AA,0,TT,0,GG,CC
scat_marten,NA,SDunes_M19.sc,Nextseq533,MACA_P12,PM28,a,lane1-s702-index--TGTGTTAGTA-GAGTCTCTCC-MACAP12,469448,430123,91.62,89%,81,0,AA,AC,CC,0,TT,AG,GG,AA,GA,TT,CC,TT,GG,CC,CC,TT,CC,CC,0,AA,CT,CC,CA,AA,GG,0,TT,GG,CC,TT,AA,GG,GG,CT,AA,GG,CC,0,GG,GA,TC,GA,AA,AA,GG,CC,TT,AA,0,0,GG,0,TT,GG,CC,CC,CT,CC,CC,GA,CC,TT,GG,TT,AA,CC,GA,TT,0,TT,TT,GT,AA,GG,GA,CT,AA,AA,GG,AA,0,0,CG,CT,GG,GC,TT,GG,AA,CC,CC,CC,GG,GG,GG,CC,GG,GG,CC,GG,TT,0,GG,CC,GG,AA,CC,TT,GG,GG,CC
scat_marten,NA,SDunes_M19.sc,Nextseq533,MACA_P12,PM28,b,lane1-s710-index--TGGATCTGGC-GCTACTATCT-MACAP12,403884,377522,93.47,82%,75,0,AA,AA,TT,0,TC,AG,GG,AA,GA,0,CC,TT,AA,CC,CC,0,CC,CC,0,AA,CT,0,0,AA,GG,0,CC,GG,CC,TT,AA,GG,GG,TT,AA,GG,CC,TT,0,GG,TC,GG,AA,AA,GG,CC,TT,AA,CC,0,GG,TT,TT,GG,CC,CT,CT,CC,0,GG,0,TT,GG,TT,AA,CC,GA,CT,0,TT,TT,TT,AA,0,GG,CT,AA,AA,GG,AA,GG,GG,0,CC,AA,GG,TT,0,0,CC,CC,CC,0,GG,0,CC,GG,GG,CC,0,TT,GG,0,0,GG,AA,CC,TT,0,GG,CC
scat_marten,NA,SDunes_M19.sc,Nextseq533,MACA_P12,PM28,c,lane1-s718-index--AATGACTGGT-TCTACATACC-MACAP12,296980,265871,89.52,66%,60,0,AA,0,0,GG,TT,0,GG,0,GG,CC,0,TT,GG,0,CC,0,0,CC,0,AA,0,CC,CC,AA,GG,0,CC,GG,CC,0,AA,GG,GG,0,AA,0,CC,CC,GG,AA,TC,AA,AA,0,0,CC,TT,AA,CC,0,0,TT,TT,GG,CC,TT,0,TT,CC,0,CC,TT,GG,TT,AA,CC,GA,0,0,TT,TT,GG,AA,0,GG,0,AA,AA,0,AA,TT,GG,0,CT,0,0,GG,GG,AA,0,0,CC,0,0,GG,0,GG,GG,CC,GG,0,GG,GG,0,0,AA,CC,TT,0,GG,CC
scat_marten,0,SDunes_M19.sc,Nextseq498 / Nextseq533,MACA_P2 / MACA_P12,PM28,,CONSENSUS,583513,554407,94.07,87%,79,0,AA,AC,NA,GG,NA,AG,GG,AA,GA,NA,CC,TT,AG,CC,CC,TT,CC,CC,AA,AA,CT,CC,CA,AA,GG,TT,NA,GG,CC,TT,AA,GG,GG,CT,NA,GG,CC,NA,GG,GA,TC,GA,AA,AA,GG,CC,TT,NA,CC,GG,GG,TT,TT,GG,CC,CT,CT,CT,CC,GA,CC,TT,GG,TT,AA,CC,GA,CT,0,TT,TT,GT,AA,GG,NA,CT,AA,AA,GG,AA,TG,NA,0,CT,NA,GC,GT,GG,AA,CC,CC,CC,0,GG (2 reps),GG,CC,GG,GG,CC,GG,TT,NA,GG,CC,GG,AA,CC,TT,GG,GG,CC
scat_marten,NA,NA,Nextseq498,MACA_P2,PM3,a,lane1-s056-index--CTCGTGCGTT-GCCTCGGATA-PM3_a_S56.assembled,286064,239391,83.68,31%,28,NA,AA,0,0,0,TT,0,0,TT,GA,0,TT,0,NA,TT,0,0,CC,0,0,0,0,0,0,GG,AA,0,0,0,TT,AA,0,0,0,CC,0,0,0,0,0,GG,TT,0,0,0,GG,0,CC,0,0,0,0,0,TT,0,0,0,0,0,0,0,0,TT,0,0,AA,CC,AA,CC,TT,0,0,0,0,0,0,TT,0,NA,TT,AA,0,0,CC,CC,GG,0,0,0,0,0,0,CC,0,0,0,CC,GG,0,CC,0,0,0,0,0,0,0,0,TT,0,0,CC
scat_marten,NA,NA,Nextseq498,MACA_P2,PM3,b,lane1-s064-index--GTTCGCGCCA-AACTGATACT-PM3_b_S64.assembled,378002,318473,84.25,37%,34,NA,AA,0,0,CC,0,0,0,TT,0,CC,TT,0,AA,0,CC,CC,0,CC,0,GA,0,AA,0,AA,0,0,0,0,TT,0,0,0,0,0,0,0,TT,TT,0,GA,0,0,GG,0,TT,CT,0,0,0,TT,0,0,0,0,0,CC,0,0,0,0,AA,TT,GG,0,AA,0,AA,CC,0,GG,0,TT,0,0,GG,0,AA,AA,0,AA,TT,0,0,0,0,0,0,GG,0,TT,0,0,0,0,AA,0,GG,0,0,0,0,0,GG,CC,0,AA,0,0,0,GG,0
scat_marten,NA,NA,Nextseq498,MACA_P2,PM3,c,lane1-s072-index--CCACCTGTGT-TGAGCGTTGT-PM3_c_S72.assembled,414572,306429,73.91,34%,31,NA,AA,0,0,0,0,AA,0,TT,0,0,TT,TT,NA,TT,CC,0,0,CC,0,0,0,0,0,GG,0,TT,0,0,0,0,AA,AA,0,CC,0,0,0,0,AA,GA,0,AA,0,0,0,CT,0,AA,0,0,0,0,TT,0,CC,0,TT,CT,0,0,AA,TT,GG,0,0,0,0,0,CC,0,0,0,0,0,AA,0,0,NA,0,0,TT,GG,0,0,0,0,0,GG,0,TT,0,CC,0,0,0,CC,GG,GG,CC,0,0,0,GG,0,0,AA,0,0,0,0,0
scat_marten,1,NA,,,PM3,,CONSENSUS,359546,288098,80.61,22%,20,0,AA,0,0,0,0,0,0,TT,0,0,TT,0,0,TT,CC,0,0,CC,0,0,0,0,0,NA,0,0,0,0,TT,0,0,0,0,CC,0,0,0,0,0,GA,0,0,0,0,NA,CT,0,0,0,0,0,0,TT,0,0,0,0,0,0,0,AA,TT,GG,0,AA,0,AA,CC,NA,0,0,0,0,0,NA,0,0,0,0,AA,TT,0,0,0,0,0,0,GG,0,TT,0,CC,0,0,0,CC,GG,0,CC,0,0,0,GG,0,0,AA,0,0,0,0,0
scat_marten,NA,NA,Nextseq498,MACA_P2,PM37,a,lane1-s002-index--TATCTGACCT-CTACAAGATA-PM37_a_S2.assembled,355799,337414,94.83,57%,52,NA,GG,AA,0,CC,TT,0,0,AA,0,0,0,TT,NA,0,CC,TT,CC,CC,AA,GG,0,AA,AA,AG,AA,TC,TT,AA,0,AA,AA,0,0,CC,0,0,0,0,GG,AA,TT,AA,GG,GG,TT,0,TT,0,0,0,GG,0,0,AA,0,CC,CC,0,0,0,AA,TT,GG,0,GG,CC,AA,0,CC,GG,0,TT,AA,0,GG,CC,0,NA,GG,0,TT,GG,CC,CC,AA,GG,0,0,CC,0,0,0,0,0,AA,CC,GG,0,0,0,CC,0,0,0,0,AA,0,TT,0,GG,CC
scat_marten,NA,NA,Nextseq498,MACA_P2,PM37,b,lane1-s010-index--TCGTCTGACT-ACCAGCGACA-PM37_b_S10.assembled,524922,484085,92.22,40%,36,NA,GG,0,0,0,0,0,AA,AA,GG,0,0,TC,NA,0,CC,0,TT,CC,GG,0,0,0,AA,AA,0,TT,0,0,TT,0,0,0,0,CC,0,0,TT,0,GG,AA,TT,AA,0,0,TT,TT,TT,0,TT,0,0,0,TT,0,0,0,CC,0,0,0,0,0,GG,0,0,CC,AA,0,0,GG,TT,0,AA,GG,AA,0,AA,NA,GG,0,0,0,CC,0,0,0,0,0,0,0,CC,CC,0,0,0,CC,GG,0,0,0,0,AA,0,0,GG,AA,0,0,0,0,CC
scat_marten,NA,NA,Nextseq498,MACA_P2,PM37,c,lane1-s018-index--GGTTGCCTCT-CTAATGATGG-PM37_c_S18.assembled,723180,656901,90.84,44%,40,NA,GG,AA,0,CC,0,0,0,AA,GG,0,0,0,AA,CC,CC,0,0,CC,0,GG,0,AA,0,AA,0,TT,0,0,0,0,AA,0,0,CC,0,0,0,TT,GG,AA,TT,0,GG,GG,0,TT,TT,0,0,GG,0,TT,0,AA,0,0,0,0,0,0,0,TT,GG,0,AA,CC,0,0,0,GG,0,GT,AA,GG,0,0,AA,AA,0,0,TT,0,0,0,AA,GG,0,AA,CC,0,0,CC,0,0,AA,CC,GG,0,0,0,CC,0,AA,CC,0,AA,0,0,GG,0,CC
scat_marten,NA,NA,Nextseq533,MACA_P12,PM37,a,lane1-s704-index--CGGTCGGCAT-ATCGCATATG-MACAP12,584280,528498,90.45,77%,70,0,GG,AA,0,CC,TT,AA,AA,AA,GG,CC,TT,CC,AA,0,CC,0,CT,CC,0,GG,TT,AA,AA,AA,0,0,TT,AA,TT,AA,AA,AA,0,CC,GG,0,0,TT,GG,AA,TT,AA,GG,GG,TT,TT,TT,0,0,GG,0,0,TT,AA,CC,CC,CC,CC,GG,AA,AA,TT,GG,TC,0,CC,AA,CC,0,GG,0,GG,AA,0,GA,CC,AA,AA,GG,AA,0,GG,0,CC,AG,GG,GG,0,AC,TT,CC,CC,0,0,AA,CC,GG,0,CC,GG,CC,0,0,CC,GG,AA,0,TT,GG,GG,CC
scat_marten,NA,NA,Nextseq533,MACA_P12,PM37,b,lane1-s712-index--CACGGCTAGT-CGAGGCGGTA-MACAP12,431986,360258,83.4,64%,58,0,GG,0,0,CC,TT,0,0,AA,GG,CC,TT,CC,AA,CC,CC,0,CT,0,0,GG,0,AA,AA,AA,0,0,TT,0,TT,AA,0,0,0,CC,0,GG,TT,0,GG,AA,TT,AA,0,GG,TT,0,TT,AG,0,GG,0,TT,0,AA,0,CC,CC,CC,GG,0,AA,TT,GG,TC,AA,CC,AA,CC,0,GG,TT,GG,AA,GG,0,CC,AA,AA,GG,0,0,0,0,0,AA,GG,0,GG,AA,0,0,CC,0,0,AA,CC,GG,GA,0,GG,CC,0,GG,CC,0,0,0,0,GG,GG,CC
scat_marten,NA,NA,Nextseq533,MACA_P12,PM37,c,lane1-s720-index--TTAGGCTCAA-TGGTGAGTCT-MACAP12,594291,509464,85.73,62%,56,0,GG,AA,0,CC,0,AA,0,0,GG,CC,TT,TT,AA,CC,CC,CC,0,CC,0,GG,0,0,AA,AA,0,0,TT,AA,TT,AA,0,AA,0,0,GG,0,TT,TT,GG,AA,TT,AA,0,0,TT,TT,0,0,TT,0,0,TT,0,AA,0,0,CC,CC,GG,0,AA,0,GG,TC,AA,CC,AA,CC,0,GG,TT,GT,AA,GG,AA,CC,AA,AA,0,AA,0,0,0,CC,AA,0,0,0,0,TT,0,CC,0,0,0,0,GG,0,0,GG,0,AA,0,0,0,AA,0,TT,0,0,CC
scat_marten,0.5,NA,Nextseq498 / Nextseq533,MACA_P2 / MACA_P12,PM37,,CONSENSUS,535743,479437,89.58,80%,73,0,GG,AA,0,CC,TT,AA,AA,AA,GG,CC,TT,TC,AA,CC,CC,0,CT,CC,NA,GG,0,AA,AA,NA,0,NA,TT,AA,TT,AA,AA,AA,0,CC,GG,0,TT,TT,GG,AA,TT,AA,GG,GG,TT,TT,TT,0,TT,GG,0,TT,TT,AA,0,CC,CC,CC,GG,0,AA,TT,GG,TC,NA,CC,AA,CC,0,GG,TT,GT,AA,GG,GA,CC,AA,AA,GG,AA,TT,GG,CC,CC,NA,GG,0,NA,AC,TT,CC,CC,0,0,AA,CC,GG,0,0,GG,CC,NA,NA,CC,GG,AA,0,TT,GG,GG,CC
scat_marten,NA,SDunes_M19.sc,Nextseq498,MACA_P2,PM45,a,lane1-s003-index--ATATGAGACG-TATAGTAGCT-PM45_a_S3.assembled,308717,247682,80.23,64%,58,NA,0,AA,0,0,TT,0,0,0,AA,TT,CC,TT,GG,CC,CC,0,0,CC,AA,AA,CT,0,AA,AA,GG,TT,0,GG,CC,0,AA,GG,GG,0,AA,AA,CC,CT,0,GG,0,GA,AA,0,0,0,TT,0,CC,0,0,0,TT,0,CC,CC,TT,0,CC,AA,0,0,GG,TT,AA,CC,AA,0,TT,0,0,TT,AA,GG,GG,CC,AA,AA,GG,AA,TT,AA,0,CC,0,CC,0,GG,0,CC,CC,CC,GG,GG,0,0,GG,0,CC,GG,0,GG,GG,0,GG,AA,CC,TT,0,GG,CC
scat_marten,NA,SDunes_M19.sc,Nextseq498,MACA_P2,PM45,b,lane1-s011-index--GAACATACGG-CATACACTGT-PM45_b_S11.assembled,842821,686138,81.41,59%,54,NA,AA,0,0,CC,TT,0,GG,AA,GG,0,CC,TT,AA,0,CC,TT,CC,CC,AA,AA,0,CC,AA,AA,0,0,CC,GG,CC,TT,0,0,GG,0,GG,0,0,0,GG,0,TT,GG,AA,AA,GG,0,0,0,0,TT,GG,TT,0,0,CC,0,CC,CC,0,GA,CC,TT,GG,TT,0,CC,GA,0,0,TT,TT,GG,AA,GG,GG,0,0,0,0,0,0,GA,GG,0,0,0,0,GG,AA,CC,CC,0,GG,GG,GG,CC,0,0,CC,0,TT,0,GG,CC,GG,AA,CC,0,GG,0,CC
scat_marten,NA,SDunes_M19.sc,Nextseq498,MACA_P2,PM45,c,lane1-s019-index--CTAATGATGG-GGTTGCCTCT-PM45_c_S19.assembled,466642,364587,78.13,67%,61,NA,AA,AA,CC,CC,TT,0,GG,AA,AA,0,CC,TT,AA,CC,0,TT,0,0,0,0,0,CC,CA,AA,GG,TT,TT,0,0,0,0,GG,0,CC,0,GG,CC,CC,GG,0,0,AA,AA,0,GG,0,TT,0,CC,GG,GG,TT,TT,0,0,TT,TT,0,0,GG,0,TT,GG,TT,AA,CC,AA,0,TC,TT,TT,GG,0,GG,GG,TT,AA,AA,GG,AA,0,GA,0,0,GG,CC,TT,GG,AA,CC,0,CC,0,GG,GG,CC,0,0,0,0,0,GG,GG,CC,0,0,0,0,GG,GG,CC
scat_marten,NA,SDunes_M19.sc,Nextseq533,MACA_P12,PM45,a,lane1-s723-index--ACATGAGTGA-GACATTGTCA-MACAP12,172816,134683,77.93,84%,76,0,AA,0,CT,GC,TT,0,GG,0,AA,TT,CC,TT,AA,CC,CC,0,CC,CC,0,AA,CT,CC,CA,AA,GG,0,0,GG,CC,0,AA,GG,GG,CC,AA,GG,CC,CT,GG,0,0,AA,AA,0,GG,CC,TT,AA,CC,GT,GG,TT,0,GG,CC,TT,CT,CT,CC,GA,CC,TT,GG,0,AA,CC,GG,TT,0,TT,TT,GG,AA,GG,GG,CC,AA,AA,GG,AA,GG,GA,GG,TT,GG,GG,TT,GG,AA,CC,0,CC,GG,GG,GG,CC,GG,GG,CC,GG,0,GG,GG,CC,0,AA,CC,TT,GG,GG,CC
scat_marten,NA,SDunes_M19.sc,Nextseq533,MACA_P12,PM45,b,lane1-s731-index--AGCTTACACA-TGCGGTGTTG-MACAP12,1523820,1198034,78.62,73%,66,0,AA,CC,TT,GG,TT,AG,GG,0,0,CC,CC,TT,AG,CC,CC,0,CC,CC,0,0,TT,CC,AA,AA,GG,0,0,GG,CC,0,0,GG,GG,CT,GG,GG,CC,TT,0,0,TT,GA,AA,AA,GG,CC,TT,AA,CC,GT,GG,TT,TT,GG,CC,CT,0,0,CC,0,CC,TT,GG,TT,AA,CC,GA,0,0,0,TT,GG,AA,0,GG,CC,AA,0,GG,AA,TT,AA,CC,CT,GG,GG,0,0,0,0,CC,0,GG,GG,GG,CC,0,GG,CC,GG,TT,GG,0,CC,GG,AA,CC,TT,GG,GG,CC
scat_marten,NA,SDunes_M19.sc,Nextseq533,MACA_P12,PM45,c,lane1-s739-index--TCACCGCGCT-GGTAACGCAG-MACAP12,212341,177215,83.46,73%,66,0,AA,AC,0,0,TT,AA,GG,AA,GA,TT,CC,TT,AA,0,CC,TT,0,CC,0,AA,0,CC,CC,AA,GG,0,TT,GG,CC,TT,0,0,0,TT,GG,AG,CC,TT,GG,AA,0,GA,AA,AA,GG,CC,0,AA,CC,GG,GG,0,0,GG,CC,CC,0,CT,CC,AA,0,TT,GG,TT,AA,CC,GG,0,0,TT,0,0,0,GG,GG,0,AA,AA,GG,AA,TT,0,GG,0,GG,GG,TT,GG,AA,CC,CC,CC,GG,GG,GG,CC,GG,GG,CC,GG,TT,GG,GG,CC,GG,AA,0,0,GG,GG,CC
scat_marten,0,SDunes_M19.sc,Nextseq498 / Nextseq533,MACA_P2 / MACA_P12,PM45,,CONSENSUS,587860,468057,79.96,90%,82,0,AA,AC,CT,GC,TT,0,GG,AA,GA,NA,CC,TT,AG,CC,CC,TT,CC,CC,AA,AA,CT,CC,CA,AA,GG,TT,NA,GG,CC,TT,AA,GG,GG,CT,AG,AG,CC,CT,GG,NA,TT,GA,AA,AA,GG,CC,TT,AA,CC,GT,GG,TT,TT,GG,CC,CT,CT,CT,CC,GA,CC,TT,GG,TT,AA,CC,GA,0,NA,TT,TT,GG,AA,GG,GG,NA,AA,AA,GG,AA,NA,GA,NA,CT,GG,GC,TT,GG,AA,CC,CC,CC,GG,GG,GG,CC,GG,GG,CC,GG,TT,GG,NA,CC,GG,AA,CC,TT,GG,GG,CC
scat_marten,NA,SDunes_F15.sc,Nextseq498,MACA_P2,PM46,a,lane1-s004-index--CTTATGGAAT-TGCCTGGTGG-PM46_a_S4.assembled,100216,95674,95.47,99%,90,NA,AA,CC,CT,GC,TT,GG,GG,AT,GG,CC,CC,TT,AA,CC,CC,TT,CC,CC,AA,AA,CC,CA,CA,AA,GG,TT,TC,AA,CC,AA,AA,AA,GG,TT,GG,AA,TT,CC,GG,GG,CC,GG,GG,AA,GG,CC,TC,AA,CT,GT,GG,TT,CC,GG,CC,CC,CC,CT,GG,AA,CA,TT,GC,TT,AA,GG,AA,CT,TT,TT,TA,GG,AA,GA,GA,CC,AA,AA,GG,AA,TT,GA,CG,CC,GG,GC,GG,GA,AA,TT,CC,CC,0,0,AG,CC,GG,GG,CC,GG,TT,GA,GA,CC,GG,AA,CC,TT,GG,GG,GG
scat_marten,NA,SDunes_F15.sc,Nextseq498,MACA_P2,PM46,b,lane1-s012-index--CCTATGACTC-GTGTGGCGCT-PM46_b_S12.assembled,219434,211046,96.18,100%,91,NA,AA,CC,CT,GC,TT,GG,GG,AT,GG,CC,CC,TT,AA,CC,CC,TT,CC,CC,AA,AA,CC,CA,CA,AA,GG,TT,TC,AA,CC,AA,AA,AA,GG,TT,GG,AA,TT,CC,GG,GG,CC,GG,GG,AA,GG,CC,TC,AA,CT,GT,GG,TT,CC,GG,CC,CC,CC,CT,GG,AA,CA,TT,GC,TT,AA,GG,AA,CT,TT,TT,TA,GG,AA,GA,GA,CC,AA,AA,GG,AA,TT,GA,CG,CC,GG,GC,GG,GA,AA,TT,CC,CC,0,0,AG,CC,GG,GG,CC,GG,TT,GA,GA,CC,GG,AA,CC,TT,GG,GG,GG
scat_marten,NA,SDunes_F15.sc,Nextseq498,MACA_P2,PM46,c,lane1-s020-index--TCGGCCTATC-CGCACATGGC-PM46_c_S20.assembled,187049,179231,95.82,97%,88,NA,AA,CC,0,GC,TT,GG,GG,0,GG,CC,CC,TT,AA,CC,CC,TT,CC,CC,AA,AA,CC,CA,0,AA,GG,TT,TC,AA,CC,AA,AA,AA,GG,TT,GG,AA,TT,CC,GG,GG,CC,GG,GG,AA,GG,CC,TC,AA,CT,GT,GG,TT,CC,GG,CC,CC,CC,CT,GG,AA,CA,TT,GC,TT,AA,GG,AA,CC,TT,TT,TA,GG,AA,GA,GA,CC,AA,AA,GG,AA,TT,GA,CG,CC,GG,GC,GG,GA,AA,TT,CC,CC,0,0,AG,CC,GG,GG,CC,GG,TT,GA,GA,CC,GG,AA,CC,TT,GG,GG,GG
scat_marten,0,SDunes_F15.sc,,,PM46,,CONSENSUS,168900,161984,95.82,100%,91,0,AA,CC,CT,GC,TT,GG,GG,AT,GG,CC,CC,TT,AA,CC,CC,TT,CC,CC,AA,AA,CC,CA,CA,AA,GG,TT,TC,AA,CC,AA,AA,AA,GG,TT,GG,AA,TT,CC,GG,GG,CC,GG,GG,AA,GG,CC,TC,AA,CT,GT,GG,TT,CC,GG,CC,CC,CC,CT,GG,AA,CA,TT,GC,TT,AA,GG,AA,CT,TT,TT,TA,GG,AA,GA,GA,CC,AA,AA,GG,AA,TT,GA,CG,CC,GG,GC,GG,GA,AA,TT,CC,CC,0,0,AG,CC,GG,GG,CC,GG,TT,GA,GA,CC,GG,AA,CC,TT,GG,GG,GG
scat_marten,NA,NA,Nextseq498,MACA_P2,PM48,a,lane1-s073-index--GTTCCGCAGG-ATCATAGGCT-PM48_a_S73.assembled,131078,30007,22.89,-1%,-1,NA,0,0,0,0,0,0,0,0,0,0,0,0,NA,0,0,0,0,0,0,0,0,0,0,0,0,0,0,0,0,0,0,0,0,0,0,0,0,0,0,0,0,0,0,0,0,0,0,0,0,0,0,0,0,0,0,0,0,0,0,0,0,0,0,0,0,0,0,0,CC,0,0,0,0,0,0,0,0,NA,0,0,0,0,0,0,0,0,0,0,0,0,0,0,0,0,NA,0,0,0,0,0,0,NA,0,0,0,0,0,0,NA,0,0
scat_marten,NA,NA,Nextseq498,MACA_P2,PM48,b,lane1-s081-index--ACCAGCGACA-TCGTCTGACT-PM48_b_S81.assembled,173563,5,0,-2%,-2,NA,0,0,0,0,0,0,0,0,0,0,0,0,NA,0,0,0,0,0,0,0,0,0,0,0,0,0,0,0,0,0,0,0,0,0,0,0,0,0,0,0,0,0,0,0,0,0,0,0,0,0,0,0,0,0,0,0,0,0,0,0,0,0,0,0,0,0,0,0,0,0,0,0,0,0,0,0,0,NA,0,0,0,0,0,0,0,0,0,0,0,0,0,0,0,0,NA,0,0,0,0,0,0,NA,0,0,0,0,0,0,NA,0,0
scat_marten,NA,NA,Nextseq498,MACA_P2,PM48,c,lane1-s089-index--GCTTACGGAC-CGTGTATCTT-PM48_c_S89.assembled,175393,4,0,-2%,-2,NA,0,0,0,0,0,0,0,0,0,0,0,0,NA,0,0,0,0,NA,0,0,0,0,0,0,NA,0,0,0,0,0,0,0,0,0,0,0,0,0,0,NA,0,0,NA,0,0,0,0,0,0,NA,0,0,NA,0,NA,NA,0,0,NA,0,0,0,0,0,0,NA,0,0,0,0,0,0,0,0,0,0,NA,NA,0,NA,0,0,0,NA,0,NA,0,0,0,0,0,0,0,0,0,0,0,0,0,0,0,0,0,0,NA,0,0,0,0,0,0
scat_marten,1,NA,,,PM48,,CONSENSUS,160011,10005,7.63,-2%,-2,0,0,0,0,0,0,0,0,0,0,0,0,0,0,0,0,0,0,0,0,0,0,0,0,0,0,0,0,0,0,0,0,0,0,0,0,0,0,0,0,0,0,0,0,0,0,0,0,0,0,0,0,0,0,0,0,0,0,0,0,0,0,0,0,0,0,0,0,0,0,0,0,0,0,0,0,0,0,0,0,0,0,0,0,0,0,0,0,0,0,0,0,0,0,0,0,0,0,0,0,0,0,0,0,0,0,0,0,0,0,0,0
scat_marten,NA,NA,Nextseq498,MACA_P2,PM49,a,lane1-s052-index--TCTTACATCA-GTGCGTCCTT-PM49_a_S52.assembled,330392,301417,91.23,11%,10,NA,0,0,CC,CC,0,0,0,0,0,0,0,0,NA,0,0,0,0,0,0,0,0,0,0,0,0,0,0,0,0,AA,0,0,0,0,0,GG,0,0,0,0,TT,0,0,0,0,0,0,0,0,0,0,0,0,0,0,CC,0,0,0,0,0,0,0,0,0,CC,0,0,0,0,0,0,AA,0,GG,0,0,NA,GG,0,0,0,0,0,GG,0,0,0,0,0,0,0,0,0,NA,0,0,0,0,0,0,NA,0,0,0,0,0,0,NA,GG,CC
scat_marten,NA,NA,Nextseq498,MACA_P2,PM49,b,lane1-s060-index--TTCCAGGTAA-ACAGTTCCAG-PM49_b_S60.assembled,110873,102029,92.02,5%,5,NA,0,0,0,0,0,0,0,0,0,CC,0,0,NA,0,0,0,0,0,0,0,TT,0,0,0,0,0,0,0,0,0,0,0,0,0,0,0,0,0,0,0,TT,0,0,0,0,0,0,0,0,0,0,0,0,0,0,0,0,0,0,0,0,0,0,0,0,CC,0,0,0,0,0,TT,0,0,0,0,0,NA,0,0,0,GG,CC,0,0,0,0,0,0,0,0,0,0,0,NA,0,0,0,0,0,0,NA,0,0,0,0,0,0,NA,0,CC
scat_marten,NA,NA,Nextseq498,MACA_P2,PM49,c,lane1-s068-index--TTGTTCCGTG-AACCTAGCAC-PM49_c_S68.assembled,136941,114498,83.61,1%,1,NA,0,0,0,0,0,0,0,0,0,0,0,0,NA,0,0,0,0,NA,0,0,0,0,AA,0,NA,0,0,0,0,0,0,0,0,0,0,0,0,0,0,NA,0,0,NA,0,0,0,0,0,0,NA,0,0,NA,AA,NA,NA,0,0,NA,0,0,0,0,0,0,NA,0,0,0,0,0,0,AA,0,0,0,NA,NA,0,NA,0,0,0,NA,0,NA,0,0,0,0,0,0,0,0,NA,0,0,0,0,0,0,NA,0,0,NA,0,0,0,NA,0,0
scat_marten,1,NA,,,PM49,,CONSENSUS,192735,172648,88.95,1%,1,0,0,0,0,0,0,0,0,0,0,0,0,0,0,0,0,0,0,0,0,0,0,0,0,0,0,0,0,0,0,0,0,0,0,0,0,0,0,0,0,0,TT,0,0,0,0,0,0,0,0,0,0,0,0,0,0,0,0,0,0,0,0,0,0,0,0,CC,0,0,0,0,0,0,AA,0,0,0,0,0,0,0,0,0,0,0,0,0,0,0,0,0,0,0,0,0,0,0,0,0,0,0,0,0,0,0,0,0,0,0,0,0,CC
scat_marten,NA,NDunes_M02.tr,Nextseq498,MACA_P2,PM50,a,lane1-s030-index--TGCCTGGTGG-CTTATGGAAT-PM50_a_S30.assembled,754468,734522,97.36,70%,64,NA,AA,0,TT,CC,TT,GG,AA,AA,0,0,TT,TT,NA,TT,0,CC,CC,CC,AA,0,TT,AA,AA,AA,0,TT,TT,0,TT,0,0,GG,AA,CC,AA,0,TT,TT,AA,0,0,AA,GG,GG,0,0,TT,AA,CC,0,0,TT,CT,AA,0,0,TT,CC,GG,0,AA,TT,CC,CC,AA,CC,AA,CC,CC,GG,TT,TT,0,GG,GA,0,0,NA,0,AA,TT,GG,CC,0,GG,GG,GG,0,AC,TT,CT,CC,GG,GG,AA,CC,GG,GG,0,GG,CC,GG,0,0,GG,AA,CC,0,0,0,CC
scat_marten,NA,NDunes_M02.tr,Nextseq498,MACA_P2,PM50,b,lane1-s038-index--CTGTCTGCAC-TACCATCCGT-PM50_b_S38.assembled,740696,722659,97.56,78%,71,NA,AA,0,0,CC,TT,AG,GA,AA,GG,CC,TT,TT,0,TT,CC,0,CC,CC,AA,GG,TT,AA,AA,AA,GG,TT,TT,AA,TT,0,AA,AA,0,CC,GG,AA,TT,0,0,GA,TT,AA,0,GG,TT,CC,TT,0,0,TT,0,TT,CT,AA,0,CC,0,CC,0,0,AA,TT,GG,CC,AA,CC,AA,CC,TT,GG,TT,TT,AA,GG,GG,TT,AA,AA,0,AA,TT,AA,CC,CC,GG,GG,0,0,AA,TT,TT,CC,GG,GG,AA,CC,GG,0,0,0,CC,0,0,CC,GG,AA,0,TT,0,GG,CC
scat_marten,NA,NDunes_M02.tr,Nextseq498,MACA_P2,PM50,c,lane1-s046-index--TAATGGATCT-ATCTCTACCA-PM50_c_S46.assembled,565058,550827,97.48,78%,71,NA,AA,AA,0,CC,TT,0,AA,AA,AA,CC,TT,TT,0,TT,CT,CC,CC,CC,AA,GG,TT,AA,AA,GG,GG,TT,TT,0,TT,AA,AA,GG,AA,0,GG,0,TT,TT,0,GA,TT,AA,GG,GG,0,0,TT,0,0,TT,GG,TT,CT,GA,0,CC,CT,CC,GG,0,AA,TT,CC,CC,AA,CC,AA,0,0,GG,0,TT,AA,GG,GA,TT,AA,AA,GG,0,TT,AA,CC,CC,GG,GG,GG,0,0,0,TT,CC,0,GG,AA,0,GG,0,0,GG,CC,0,0,CC,GG,AA,CC,TT,0,GG,CC
scat_marten,NA,NDunes_M02.tr,Nextseq533,MACA_P12,PM50,a,lane1-s724-index--GCAACCAGTC-TCCGCAAGGC-MACAP12,308158,294281,95.5,93%,85,0,AA,AA,0,CC,TT,0,GA,AA,GA,CC,TT,TT,AA,TT,TT,CC,CC,CC,0,GG,TT,AA,AA,AA,GG,0,TT,AA,TT,AA,AA,GA,AA,CC,AG,AA,TT,TT,AA,GA,TT,AA,GG,GG,GT,CC,TT,AA,CC,TT,CC,TT,TT,0,TT,CC,CT,CC,GG,AA,AA,TT,GC,CC,AA,CC,AA,CC,0,GG,TT,TT,AA,GG,GA,TT,AA,AA,GG,AA,TT,GA,CC,CC,GG,GG,GG,GA,CC,TT,CT,CC,GG,GG,AA,CC,GG,GG,CC,GG,CC,GG,GA,CC,GG,AA,CC,TT,0,GG,CC
scat_marten,NA,NDunes_M02.tr,Nextseq533,MACA_P12,PM50,b,lane1-s732-index--AACCAGCCAC-ACATAACGGA-MACAP12,411387,393850,95.74,89%,81,0,AA,AA,TT,CC,TT,AG,GA,AA,0,CC,0,TT,AA,TT,TT,CC,CC,CC,0,GG,TT,AA,AA,GG,GG,0,TT,AA,TT,AA,AA,GG,AA,CC,0,AA,TT,TT,AA,GA,TT,AA,GG,GG,GT,CC,TT,AA,CC,TT,GC,TT,TT,GA,TT,CC,0,CC,GG,0,AA,TT,0,CC,AA,CC,AA,CC,0,GG,TT,TT,AA,GG,0,TT,AA,AA,GG,AA,TT,GA,CC,CC,GG,GG,GG,GA,AC,TT,CT,CC,GG,GG,AA,CC,GG,GG,CC,GG,CC,GG,GA,CC,GG,AA,CC,TT,0,GG,CC
scat_marten,NA,NDunes_M02.tr,Nextseq533,MACA_P12,PM50,c,lane1-s740-index--GATAGCCTTG-ACCGCGCAAT-MACAP12,400648,376605,94,92%,84,0,AA,AA,TT,CC,TT,AG,GG,AA,GG,CC,TT,TT,AA,TT,CT,CC,CC,CC,0,GG,TT,CC,AA,AA,GG,0,TT,AA,TT,AA,AA,GA,AA,CC,GG,AA,TT,TT,AA,GG,TT,AA,GG,GG,GT,CC,TT,AA,0,TT,GG,TT,TT,AA,TT,CC,0,CC,GG,AA,AA,TT,0,CC,AA,CC,AA,CC,0,GG,TT,TT,AA,GG,GG,TT,AA,AA,GG,AA,TT,GA,CC,CC,GG,GG,GG,AA,0,TT,CT,CC,GG,GG,GG,CC,GG,GG,CC,GG,CC,0,AA,CC,GG,AA,CC,TT,0,GG,CC
scat_marten,0,NDunes_M02.tr,Nextseq498 / Nextseq533,MACA_P2 / MACA_P12,PM50,,CONSENSUS,530069,512124,96.27,98%,89,0,AA,AA,TT,CC,TT,AG,GA,AA,GA,CC,TT,TT,AA,TT,CT,CC,CC,CC,AA,GG,TT,NA,AA,AG,GG,TT,TT,AA,TT,AA,AA,GA,AA,CC,AG,AA,TT,TT,AA,GA,TT,AA,GG,GG,GT,CC,TT,AA,CC,TT,GC,TT,CT,GA,TT,CC,CT,CC,GG,AA,AA,TT,GC,CC,AA,CC,AA,CC,NA,GG,TT,TT,AA,GG,GA,TT,AA,AA,GG,AA,TT,GA,CC,CC,GG,GG,GG,GA,AC,TT,CT,CC,GG,GG,NA,CC,GG,GG,CC,GG,CC,GG,GA,CC,GG,AA,CC,TT,0,GG,CC
scat_marten,NA,NA,Nextseq498,MACA_P2,PM51,a,lane1-s053-index--TTACAATTCC-AGCACATCCT-PM51_a_S53.assembled,253029,234059,92.5,5%,5,NA,0,0,0,0,0,0,0,0,0,0,0,0,NA,CC,0,0,0,CC,0,0,0,AA,AA,AA,0,0,0,0,0,0,0,0,0,0,0,0,0,0,0,0,0,0,0,0,0,0,0,0,0,0,0,0,0,0,0,0,0,0,0,0,0,0,0,0,0,0,0,0,0,0,0,0,0,0,0,0,0,NA,GG,AA,0,0,0,0,0,0,0,0,0,0,0,0,0,0,AA,0,0,0,0,0,0,0,0,0,0,AA,0,0,0,0,0
scat_marten,NA,NA,Nextseq498,MACA_P2,PM51,b,lane1-s061-index--TGATTAGCCA-AGGCATGTAG-PM51_b_S61.assembled,250762,214180,85.41,10%,9,NA,0,0,0,0,0,0,0,0,GG,0,0,0,AA,0,0,0,0,0,0,0,0,0,0,AA,0,0,TT,0,0,0,0,0,0,0,0,GG,0,0,0,0,0,0,0,0,0,0,0,0,0,0,0,0,0,AA,0,0,0,0,0,0,0,0,0,0,0,0,0,0,0,0,0,TT,0,0,0,0,0,0,0,0,0,GG,CC,0,GG,GG,0,0,0,0,0,0,0,0,NA,0,0,0,0,0,0,NA,0,0,0,0,0,0,NA,0,0
scat_marten,NA,NA,Nextseq498,MACA_P2,PM51,c,lane1-s069-index--AAGTACTCCA-TCTGTGTGGA-PM51_c_S69.assembled,408875,178498,43.66,8%,7,NA,0,0,0,0,0,AA,0,0,0,0,0,0,AA,0,0,0,0,0,0,0,0,0,0,0,0,0,0,0,0,0,0,GG,0,0,0,0,0,0,0,0,0,0,0,0,0,0,0,GG,0,0,GG,0,0,0,0,CC,0,0,0,0,0,0,0,0,0,0,0,0,0,GG,0,0,0,GG,0,0,0,0,0,0,0,0,CC,0,0,0,0,0,0,0,0,0,0,0,0,0,0,AA,0,0,0,0,0,0,0,0,0,0,0,GG,0
scat_marten,1,NA,,,PM51,,CONSENSUS,304222,208912,73.86,0%,0,0,0,0,0,0,0,0,0,0,0,0,0,0,0,0,0,0,0,0,0,0,0,0,0,AA,0,0,0,0,0,0,0,0,0,0,0,0,0,0,0,0,0,0,0,0,0,0,0,0,0,0,0,0,0,0,0,0,0,0,0,0,0,0,0,0,0,0,0,0,0,0,0,0,0,0,0,0,0,0,0,0,0,0,CC,0,0,0,0,0,0,0,0,0,0,0,0,0,0,0,0,0,0,0,0,0,0,0,0,0,0,0,0
scat_marten,NA,SDunes_F04.tr,Nextseq498,MACA_P2,PM52,a,lane1-s032-index--CATACACTGT-GAACATACGG-PM52_a_S32.assembled,889520,861897,96.89,99%,90,NA,AA,CC,TT,GC,TT,AG,GA,AT,GA,CC,CC,TT,GG,CC,CC,TT,CC,CC,AA,AA,CT,CC,AA,AA,GG,TT,TT,GA,CC,TT,AA,0,GG,TT,AG,AA,CC,CC,GG,GG,CC,GG,AG,AA,GG,CC,TC,AA,CC,GG,GC,TT,CC,GG,CT,CC,CC,CC,CC,GG,CC,CC,GC,TC,AA,CC,AA,CT,TT,TT,TA,GG,AA,AA,GA,CC,AA,AA,GT,AA,TT,GG,CG,CT,GG,GG,TT,GA,AC,CC,CC,CT,0,0,GG,CC,GG,GG,CC,GG,TT,GG,GA,CC,GG,AA,CC,TT,GG,GG,CC
scat_marten,NA,SDunes_F04.tr,Nextseq498,MACA_P2,PM52,b,lane1-s040-index--TGACTACATA-CGCACTAATG-PM52_b_S40.assembled,1072123,1038437,96.86,100%,91,NA,AA,CC,TT,GC,TT,AG,GA,AT,GA,CC,CC,TT,GG,CC,CC,TT,CC,CC,AA,AA,CT,CC,AA,AA,GG,TT,TT,GA,CC,TT,AA,GA,GG,TT,AG,AA,CC,CC,GG,GG,CC,GG,AG,AA,GG,CC,TC,AA,CC,GG,GC,TT,CC,GG,CT,CC,CC,CC,CC,GG,CC,CC,GC,TC,AA,CC,AA,CT,TT,TT,TA,GG,AA,AA,GA,CC,AA,AA,GT,AA,TT,GG,CG,CT,GG,GG,TT,GA,AC,CC,CC,CT,0,0,GG,CC,GG,GG,CC,GG,TT,GG,GA,CC,GG,AA,CC,TT,GG,GG,CC
scat_marten,NA,SDunes_F04.tr,Nextseq498,MACA_P2,PM52,c,lane1-s048-index--AGTGCCACTG-TAACAATAGG-PM52_c_S48.assembled,604007,589053,97.52,100%,91,NA,AA,CC,TT,GC,TT,AG,GA,AT,GA,CC,CC,TT,GG,CC,CC,TT,CC,CC,AA,AA,CT,CC,AA,AA,GG,TT,TT,GA,CC,TT,AA,GA,GG,TT,AG,AA,CC,CC,GG,GG,CC,GG,AG,AA,GG,CC,TC,AA,CC,GG,GC,TT,CC,GG,CT,CC,CC,CC,CC,GG,CC,CC,GC,TC,AA,CC,AA,CT,TT,TT,TA,GG,AA,AA,GA,CC,AA,AA,GT,AA,TT,GG,CG,CT,GG,GG,TT,GA,AC,CC,CC,CT,0,0,GG,CC,GG,GG,CC,GG,TT,GG,GA,CC,GG,AA,CC,TT,GG,GG,CC
scat_marten,0,SDunes_F04.tr,,,PM52,,CONSENSUS,855217,829796,97.09,100%,91,0,AA,CC,TT,GC,TT,AG,GA,AT,GA,CC,CC,TT,GG,CC,CC,TT,CC,CC,AA,AA,CT,CC,AA,AA,GG,TT,TT,GA,CC,TT,AA,GA,GG,TT,AG,AA,CC,CC,GG,GG,CC,GG,AG,AA,GG,CC,TC,AA,CC,GG,GC,TT,CC,GG,CT,CC,CC,CC,CC,GG,CC,CC,GC,TC,AA,CC,AA,CT,TT,TT,TA,GG,AA,AA,GA,CC,AA,AA,GT,AA,TT,GG,CG,CT,GG,GG,TT,GA,AC,CC,CC,CT,0,0,GG,CC,GG,GG,CC,GG,TT,GG,GA,CC,GG,AA,CC,TT,GG,GG,CC
scat_marten,NA,NA,Nextseq498,MACA_P2,PM53,a,lane1-s054-index--AAGCTTATGC-TTCCGTCGCA-PM53_a_S54.assembled,225779,212749,94.23,43%,39,NA,AA,AA,CC,GG,0,GG,0,0,GG,0,0,TT,AA,0,0,0,0,CC,AA,AA,CC,0,CA,0,0,TT,0,0,CC,0,0,0,0,CC,0,GG,0,0,0,0,TT,AA,0,0,GG,0,0,0,0,TT,0,0,0,GG,0,TT,0,TT,0,0,CC,0,GG,TT,AA,0,GG,TT,TC,TT,TT,GG,AA,0,GG,TT,0,0,0,0,0,0,0,0,0,GG,0,0,AA,0,CC,CC,0,0,0,CC,0,0,0,0,0,0,0,CC,GG,AA,0,0,GG,GG,0
scat_marten,NA,NA,Nextseq498,MACA_P2,PM53,b,lane1-s062-index--TAACAGTGTT-GCAAGTCTCA-PM53_b_S62.assembled,288358,277248,96.15,36%,33,NA,AA,0,0,0,0,0,0,0,0,CC,0,0,GG,0,0,0,0,CC,AA,0,0,0,0,0,0,0,TC,GG,0,0,AA,0,GG,0,AA,0,CC,CT,0,0,TT,AA,0,AA,GG,CC,0,0,0,0,GG,0,0,0,0,0,TT,CC,CC,0,0,0,0,TT,0,0,GA,0,0,TT,TT,0,0,0,0,CT,0,0,GG,0,GG,AA,GG,0,GG,GG,0,GG,0,0,CC,CC,GG,GG,0,0,0,0,0,GG,TT,0,GG,0,GG,AA,CC,0,0,0,0
scat_marten,NA,NA,Nextseq498,MACA_P2,PM53,c,lane1-s070-index--ACGTCAATAC-GGAATTCCAA-PM53_c_S70.assembled,551212,526994,95.61,47%,43,NA,AA,CC,CC,CC,0,0,GG,0,0,0,0,TT,0,0,0,0,CC,CC,AA,AA,0,0,0,0,0,0,TT,GG,CC,0,0,0,0,TT,0,0,CC,CC,0,GG,TT,0,AA,0,0,0,TT,0,CC,0,0,0,0,GG,0,0,0,0,0,GG,CC,TT,GG,TT,0,0,GG,0,0,TT,TT,TT,AA,0,0,CC,AA,AA,GG,AA,TT,AA,CG,CC,0,0,0,0,AA,CC,CC,0,GG,GG,0,CC,GG,0,0,0,0,GG,0,0,GG,AA,0,TT,0,0,0
scat_marten,NA,NA,Nextseq533,MACA_P12,PM53,a,lane1-s725-index--GAGCGACGAT-ACTGCCTTAT-MACAP12,190994,156877,82.14,37%,34,0,0,0,0,0,TT,0,0,AA,GG,0,0,0,NA,CC,CC,TT,CC,CC,0,AA,0,0,AA,0,0,0,TT,GG,CC,TT,AA,0,0,0,0,0,0,0,GG,0,0,0,0,AA,0,0,TT,0,CC,0,0,0,TT,0,0,0,0,0,0,0,CC,TT,GG,0,AA,CC,AA,TT,0,0,TT,0,AA,0,0,0,AA,NA,GG,0,0,0,CC,0,GG,GG,0,GG,AA,0,0,0,0,0,0,0,0,0,0,0,TT,GG,GG,0,0,AA,0,0,0,0,CC
scat_marten,NA,NA,Nextseq533,MACA_P12,PM53,b,lane1-s733-index--CTTAAGTCGA-GACGTTCGCG-MACAP12,125017,113975,91.17,37%,34,0,0,0,0,0,TT,0,0,AA,0,0,CC,0,AA,0,CC,TT,0,0,0,AA,TT,CC,0,AA,GG,0,TT,0,CC,0,0,0,0,0,0,AA,CC,0,GG,0,0,GG,0,AA,0,CC,0,0,0,0,0,0,0,GG,0,CT,0,0,0,0,0,0,GG,TT,0,0,0,0,0,0,TT,0,AA,GG,0,CC,AA,0,GG,AA,TT,AA,CC,0,0,CC,0,AA,0,0,0,0,0,GG,GG,0,0,0,0,0,TT,0,AA,0,0,0,0,0,0,GG,0
scat_marten,NA,NA,Nextseq533,MACA_P12,PM53,c,lane1-s741-index--CCTGGACGCA-AGCCGGAACA-MACAP12,119800,111719,93.25,42%,38,0,AA,0,CC,0,TT,0,0,0,AA,0,0,TT,NA,CC,0,TT,TT,0,0,AA,TT,0,CC,AA,0,0,0,GG,0,0,AA,0,0,0,GG,AA,0,0,GG,0,0,AA,0,AA,0,0,0,AA,0,0,0,TT,TT,GG,0,CC,TT,0,CC,GG,0,0,GG,TT,0,CC,0,0,0,0,TT,0,AA,0,0,0,AA,NA,GG,AA,GG,0,0,CC,GG,0,0,0,AA,0,CC,0,0,GG,0,0,0,GG,0,GG,TT,0,0,0,GG,0,0,TT,0,GG,CC
scat_marten,0.5,NA,Nextseq498 / Nextseq533,MACA_P2 / MACA_P12,PM53,,CONSENSUS,250193,233260,92.09,56%,51,0,AA,NA,CC,NA,TT,0,0,AA,NA,0,0,TT,NA,CC,CC,TT,NA,CC,AA,AA,NA,0,CA,AA,0,0,NA,GG,CC,0,AA,0,0,NA,NA,NA,CC,0,GG,0,TT,NA,0,AA,GG,CC,TT,0,CC,0,0,0,TT,GG,0,CT,TT,NA,CC,GG,CC,TT,GG,TT,AA,CC,GA,TT,0,TT,TT,NA,AA,0,0,CT,AA,0,GG,AA,NA,AA,CG,CC,GG,NA,0,NA,AA,0,CC,CC,GG,GG,0,CC,0,0,0,GG,TT,GG,NA,0,GG,AA,0,TT,0,GG,CC
scat_marten,NA,NA,Nextseq498,MACA_P2,PM55,a,lane1-s029-index--AGAGTGCGGC-TCCGACCTCG-PM55_a_S29.assembled,824311,781924,94.86,43%,39,NA,0,0,0,0,TT,AA,0,0,GG,CC,0,0,AA,0,CC,TC,TT,CC,0,GG,0,AA,0,AA,0,TT,TT,0,TT,AA,AA,0,AA,CC,0,0,0,CC,GG,AA,TT,0,GG,0,0,0,0,0,0,0,0,0,0,0,0,0,0,0,0,AA,0,0,0,0,0,CC,0,CC,CC,GG,TT,GG,AA,0,AA,0,0,0,0,0,0,GG,CC,0,AG,GG,0,GG,0,TT,CC,0,0,0,AA,CC,GG,0,0,0,0,0,GG,0,GG,AA,CC,0,0,0,CC
scat_marten,NA,NA,Nextseq498,MACA_P2,PM55,b,lane1-s037-index--GTCGATTACA-GATCACCGCG-PM55_b_S37.assembled,784988,731393,93.17,49%,45,NA,0,0,0,CC,0,0,AA,0,GG,0,0,0,0,TT,CC,0,0,CC,AA,GG,TT,AA,AA,0,0,0,TT,AA,0,0,AA,AA,0,CC,0,GG,0,CC,GG,0,TT,AA,0,0,TT,TT,TT,AA,TT,0,0,0,TT,0,0,0,0,CC,0,0,AA,TT,GG,TT,AA,CC,AA,CC,0,GG,TT,0,AA,0,0,0,AA,AA,GG,0,0,0,CC,CC,0,GG,GG,0,0,0,CC,0,0,0,AA,CC,0,GG,0,0,0,AA,0,0,GG,AA,0,TT,0,0,CC
scat_marten,NA,NA,Nextseq498,MACA_P2,PM55,c,lane1-s045-index--TAGAATAACG-CCATAAGGTT-PM55_c_S45.assembled,786373,756755,96.23,45%,41,NA,0,0,0,0,0,0,0,0,GG,CC,0,0,NA,TC,0,0,0,CC,0,GG,0,0,0,0,0,CC,0,AA,TT,AA,0,GG,0,CC,0,GG,TT,CC,GG,AA,TT,AA,0,0,0,TT,TT,0,0,0,0,TT,0,0,TT,CC,0,0,0,0,0,TT,GG,CC,AA,CC,AA,CC,CC,0,TT,0,AA,GG,0,0,0,NA,0,AA,TT,0,CC,0,0,GG,GG,0,AA,TT,0,CC,0,0,0,CC,GG,0,CC,0,0,0,0,0,0,AA,0,0,0,GG,CC
scat_marten,NA,NA,Nextseq533,MACA_P12,PM55,a,lane1-s726-index--CGAACGCACC-TACGCACGTA-MACAP12,1203855,1096087,91.05,68%,62,0,GG,AA,0,CC,TT,AA,AA,AA,GG,0,TT,TT,AA,0,CC,0,TT,CC,0,0,TT,0,CC,AA,0,0,TT,0,TT,0,0,0,0,0,0,GG,TT,CT,GG,AA,CC,AA,0,GG,TT,0,TT,0,CC,0,0,0,TT,AA,0,0,CC,CC,0,AA,AA,TT,GG,TC,AG,CC,AA,CC,0,GG,TT,TT,AA,GG,GG,CC,AA,AA,GG,AA,TT,GG,CC,CC,AA,GG,0,0,0,TT,CC,CC,0,0,0,0,GG,0,0,0,CC,GG,0,0,GG,AA,0,TT,0,0,CC
scat_marten,NA,NA,Nextseq533,MACA_P12,PM55,b,lane1-s734-index--GCCTAACGTG-CATTCAACAA-MACAP12,688298,618895,89.92,56%,51,0,GG,0,0,CC,0,AA,AA,AA,0,CC,TT,CC,AA,TC,CC,0,0,CC,0,0,0,0,CC,0,0,0,TT,0,0,AA,AA,0,AA,CC,GG,0,TT,0,GG,0,TT,AA,GG,0,TT,CT,TT,GG,0,0,0,TT,TT,AA,CT,CC,CC,CC,0,AA,AA,TT,0,CC,0,CC,AA,CC,0,GG,TT,0,AA,0,GA,0,0,0,0,0,0,0,CC,0,GG,0,0,GA,CC,TT,CC,0,0,GG,0,CC,0,AA,CC,0,0,0,GA,0,GG,AA,CC,0,0,GG,CC
scat_marten,NA,NA,Nextseq533,MACA_P12,PM55,c,lane1-s742-index--TTACGCACCT-TCCTAGGAAG-MACAP12,544675,415372,76.26,38%,35,0,GG,0,0,0,TT,AA,AA,AA,GG,CC,TT,0,NA,TC,0,0,0,CC,0,0,0,0,0,AA,0,0,TT,0,0,0,0,AA,0,0,0,0,TT,CT,GG,GG,0,0,GG,0,TT,0,0,0,0,0,0,0,0,0,CC,0,CC,0,0,0,AA,0,0,CC,0,CC,AA,CC,0,GG,0,0,AA,GG,0,0,0,NA,0,0,TT,GG,CC,0,0,GG,GG,0,0,0,CC,CC,0,0,0,0,GG,0,CC,0,0,0,0,0,GG,AA,0,0,0,0,CC
scat_marten,0.5,NA,Nextseq498 / Nextseq533,MACA_P2 / MACA_P12,PM55,,CONSENSUS,805417,733404,90.25,73%,66,0,GG,0,0,CC,TT,AA,AA,AA,GG,CC,TT,NA,AA,TC,CC,0,TT,CC,0,GG,TT,AA,NA,AA,0,NA,TT,AA,TT,AA,AA,NA,AA,CC,0,GG,TT,CT,GG,NA,NA,AA,GG,0,TT,NA,TT,NA,NA,0,0,TT,TT,AA,CT,CC,CC,CC,0,AA,0,TT,GG,TC,NA,CC,AA,CC,CC,GG,TT,NA,AA,GG,GA,0,AA,AA,GG,AA,TT,GG,CC,CC,AG,GG,GG,NA,NA,TT,CC,CC,0,GG (1 rep),AA,CC,GG,NA,CC,0,0,NA,NA,0,GG,AA,CC,TT,0,GG,CC
scat_marten,NA,NA,Nextseq498,MACA_P2,PM57,a,lane1-s028-index--ATGTCGTGGT-TCGTATGCGG-PM57_a_S28.assembled,599375,564281,94.14,27%,25,NA,GG,0,0,CC,0,AA,0,0,GG,0,0,0,AA,CC,CC,0,0,0,AA,0,0,0,0,AA,0,0,0,0,0,0,AA,0,0,CC,0,0,0,0,GG,AA,TT,0,0,0,0,0,0,AA,CC,GG,GG,0,0,0,CC,0,CC,0,0,AA,0,0,GG,CC,0,CC,0,0,0,0,0,0,0,0,0,0,0,0,GG,0,0,0,0,0,0,0,0,0,0,TT,0,CC,0,0,0,CC,GG,GG,CC,0,0,GG,0,CC,0,0,0,0,GG,0,CC
scat_marten,NA,NA,Nextseq498,MACA_P2,PM57,b,lane1-s036-index--TACGGCCGGT-TGGCAATATT-PM57_b_S36.assembled,723250,676094,93.48,24%,22,NA,GG,0,0,0,0,0,0,0,0,0,0,0,AA,CC,CC,0,CC,CC,0,0,0,0,AA,0,0,0,0,0,0,0,0,0,0,CC,0,0,TT,0,GG,AA,TT,AA,0,0,0,0,0,GG,0,GG,0,0,0,0,0,0,CC,0,GG,0,0,0,GG,0,0,CC,AA,0,0,0,0,0,0,0,0,0,0,0,0,0,0,GG,0,0,0,0,0,GG,0,0,CC,CC,0,0,0,CC,GG,AA,0,GG,0,0,GG,CC,GG,AA,0,0,GG,0,CC
scat_marten,NA,NA,Nextseq498,MACA_P2,PM57,c,lane1-s044-index--TGGCTCGCAG-AATCCGGCCA-PM57_c_S44.assembled,383858,361757,94.24,20%,18,NA,GG,AA,0,CC,0,0,AA,0,0,0,0,0,NA,CC,0,0,0,0,0,0,0,AA,0,0,0,0,0,AA,0,AA,0,0,0,0,0,0,0,0,0,0,0,0,0,AA,0,0,0,0,0,0,0,0,0,AA,0,CC,CC,CC,GG,0,0,0,0,0,0,0,0,0,0,0,TT,0,AA,0,0,0,0,NA,0,AA,TT,0,CC,0,0,GG,0,0,0,0,0,0,0,0,AA,0,0,0,0,GG,TT,0,0,0,0,0,0,0,0,GG,0
scat_marten,1,NA,,,PM57,,CONSENSUS,568828,534044,93.95,14%,13,0,GG,0,0,CC,0,0,0,0,0,0,0,0,AA,CC,CC,0,0,0,0,0,0,0,0,0,0,0,0,0,0,0,0,0,0,CC,0,0,0,0,GG,AA,TT,0,0,0,0,0,0,NA,0,GG,0,0,0,0,0,0,CC,0,GG,0,0,0,GG,0,0,CC,0,0,0,0,0,0,0,0,0,0,0,0,0,0,0,0,0,0,0,0,0,0,0,0,0,CC,0,0,0,CC,GG,NA,0,GG,0,0,0,CC,0,0,0,0,GG,0,CC
scat_marten,NA,SDunes_M19.sc,Nextseq498,MACA_P2,PM60,a,lane1-s049-index--GTGCAACACT-CTGGTACACG-PM60_a_S49.assembled,69747,67525,96.81,99%,90,NA,AA,AC,CT,GC,TT,AG,GG,AA,GA,CT,CC,TT,AA,CC,CC,TT,CC,CC,AA,AA,CT,CC,CA,AA,GG,TT,TC,GG,CC,TT,AA,GG,GG,CT,AG,AG,CC,CT,GG,GA,TC,GA,AA,AA,GG,CC,TT,AA,CC,GT,GG,TT,TT,GG,CC,CT,CT,CT,CC,GA,CC,TT,GG,TT,AA,CC,GA,CT,TC,TT,TT,GT,AA,GG,GG,CT,AA,AA,GG,AA,TG,GA,CG,CT,GG,GC,GT,GG,AA,CC,CC,CC,GG,GG,GG,CC,GG,GG,CC,GG,TT,GG,GG,CC,GG,AA,CC,TT,GG,GG,CC
scat_marten,NA,SDunes_M19.sc,Nextseq498,MACA_P2,PM60,b,lane1-s057-index--TTAGGATAGA-CGTCGACTGG-PM60_b_S57.assembled,34804,33513,96.29,98%,89,NA,AA,AC,CT,GC,TT,AG,GG,AA,GA,CT,CC,TT,AA,CC,CC,TT,CC,CC,AA,AA,CT,CC,CA,AA,GG,TT,TC,GG,CC,TT,AA,GG,GG,CT,AG,AG,CC,CT,GG,GA,TC,GA,AA,AA,GG,CC,TT,AA,CC,GT,GG,TT,TT,GG,CC,CT,CT,CT,CC,GA,CC,TT,GG,TT,AA,CC,GA,CT,TC,TT,0,GT,AA,GG,GG,CT,AA,AA,GG,AA,TG,GA,CG,CT,GG,GC,GT,GG,AA,CC,CC,CC,GG,GG,GG,CC,GG,GG,CC,GG,TT,GG,GG,CC,GG,AA,CC,TT,GG,GG,CC
scat_marten,NA,SDunes_M19.sc,Nextseq498,MACA_P2,PM60,c,lane1-s065-index--AGACACATTA-GTAAGGCATA-PM60_c_S65.assembled,51800,50082,96.68,99%,90,NA,AA,AC,CT,GC,TT,AG,GG,AA,GA,CT,CC,TT,AA,CC,CC,TT,CC,CC,AA,AA,CT,CC,CA,AA,GG,TT,TC,GG,CC,TT,AA,GG,GG,CT,AG,AG,CC,CT,GG,GA,TC,GA,AA,AA,GG,CC,TT,AA,CC,GT,GG,TT,TT,GG,CC,CT,CT,CT,CC,GA,CC,TT,GG,TT,AA,CC,GA,CT,TC,TT,TT,GT,AA,GG,GG,CT,AA,AA,GG,AA,TG,GA,CG,CT,GG,GC,GT,GG,AA,CC,CC,CC,GG,GG,GG,CC,GG,GG,CC,GG,TT,GG,GG,CC,GG,AA,CC,TT,GG,GG,CC
scat_marten,0,SDunes_M19.sc,,,PM60,,CONSENSUS,52117,50373,96.59,99%,90,0,AA,AC,CT,GC,TT,AG,GG,AA,GA,CT,CC,TT,AA,CC,CC,TT,CC,CC,AA,AA,CT,CC,CA,AA,GG,TT,TC,GG,CC,TT,AA,GG,GG,CT,AG,AG,CC,CT,GG,GA,TC,GA,AA,AA,GG,CC,TT,AA,CC,GT,GG,TT,TT,GG,CC,CT,CT,CT,CC,GA,CC,TT,GG,TT,AA,CC,GA,CT,TC,TT,TT,GT,AA,GG,GG,CT,AA,AA,GG,AA,TG,GA,CG,CT,GG,GC,GT,GG,AA,CC,CC,CC,GG,GG,GG,CC,GG,GG,CC,GG,TT,GG,GG,CC,GG,AA,CC,TT,GG,GG,CC
scat_marten,NA,NDunes_F01.tr,Nextseq498,MACA_P2,PM62,a,lane1-s050-index--ACATGGTGTC-TCAACGTGTA-PM62_a_S50.assembled,343962,327239,95.14,85%,77,NA,GG,AA,CC,CC,TT,AA,AA,0,GG,CC,TT,TT,AA,CC,CC,0,CC,CC,0,GG,TT,AA,AA,AA,0,TC,TT,AA,TT,0,AA,0,AA,CC,0,0,TT,CC,GG,AA,TT,AA,0,GG,TT,TT,TT,0,TT,GG,GG,0,TT,AA,TT,CC,CC,CC,GG,AA,AA,TT,GG,TC,AA,CC,AA,CC,CC,GG,TT,GT,AA,0,AA,0,AA,AA,GG,AA,TT,0,CC,CC,GG,GG,GG,GG,AA,TT,CC,CC,0,0,AA,CC,GG,0,CC,GG,CC,AA,GG,CC,GG,AA,CC,TT,GG,GG,CC
scat_marten,NA,NDunes_F01.tr,Nextseq498,MACA_P2,PM62,b,lane1-s058-index--CCGAAGCGAG-TACTAGTCAA-PM62_b_S58.assembled,236572,227508,96.17,82%,75,NA,GG,AA,0,CC,TT,0,AA,AA,GG,0,TT,CC,AA,TT,0,TC,TT,CC,0,GG,TT,0,0,AA,0,0,0,AA,TT,AA,AA,0,AA,CC,GG,GG,TT,CC,GG,AA,TT,AA,GG,0,TT,TT,TT,AA,CC,GG,GG,0,TT,AA,CT,CC,0,CC,GG,AA,AA,TT,GG,TC,AA,0,AA,CC,CC,GG,TT,GG,AA,GG,AA,CC,AA,AA,GG,AA,0,GG,CC,CC,GG,GG,GG,AA,AC,TT,CC,CC,0,0,0,CC,GG,GG,CC,GG,0,GG,AA,CC,GG,AA,CC,TT,GG,GG,0
scat_marten,NA,NDunes_F01.tr,Nextseq498,MACA_P2,PM62,c,lane1-s066-index--GCGTTGGTAT-AATTGCTGCG-PM62_c_S66.assembled,525182,505558,96.26,86%,78,NA,GG,AA,CC,CC,TT,AA,AA,AA,GG,CC,TT,TC,AA,TT,CC,TT,CC,CC,AG,GG,0,AA,AA,AA,AA,CC,TT,AA,TT,0,0,GG,AA,CC,GG,GG,TT,0,GG,AA,TT,AA,GG,AA,TT,TT,TT,GG,0,GG,GG,TT,TT,0,CT,CC,CC,0,GG,0,AA,TT,GG,TC,GG,CC,AA,CC,CC,0,TT,GG,AA,GG,0,CC,AA,AA,0,0,TT,GG,CC,CC,GG,GG,0,GG,AA,TT,CC,CC,0,0,AA,CC,GG,AA,CC,GG,TT,0,GG,CC,GG,AA,CC,TT,GG,GG,CC
scat_marten,0,NDunes_F01.tr,,,PM62,,CONSENSUS,368572,353435,95.86,82%,75,0,GG,AA,CC,CC,TT,AA,AA,AA,GG,CC,TT,TC,AA,NA,CC,NA,NA,CC,0,GG,TT,AA,AA,AA,0,NA,TT,AA,TT,0,AA,0,AA,CC,GG,GG,TT,CC,GG,AA,TT,AA,GG,NA,TT,TT,TT,NA,NA,GG,GG,0,TT,AA,CT,CC,CC,CC,GG,AA,AA,TT,GG,TC,NA,CC,AA,CC,CC,GG,TT,NA,AA,GG,AA,CC,AA,AA,GG,AA,TT,GG,CC,CC,GG,GG,GG,NA,NA,TT,CC,CC,0,0,AA,CC,GG,NA,CC,GG,NA,NA,NA,CC,GG,AA,CC,TT,GG,GG,CC
scat_marten,NA,NA,Nextseq498,MACA_P2,PM63,a,lane1-s074-index--ACCTTATGAA-TGTTAGAAGG-PM63_a_S74.assembled,433486,306346,70.67,71%,65,NA,GG,AA,0,CC,TT,AA,AA,AA,GG,CC,0,TT,AA,TC,CC,CC,0,CC,0,GG,0,0,AA,AA,0,TT,TT,AA,TT,AA,0,0,AA,0,GG,0,TT,TT,GG,AA,TT,AA,GG,AA,0,TT,0,GG,TT,GG,GG,TT,TT,AA,TT,0,0,CC,GG,0,AA,TT,0,CC,GG,CC,AA,CC,CC,GG,TT,GT,AA,0,AA,CC,0,0,GG,AA,0,0,0,CC,AA,GG,0,0,AA,TT,CC,CC,0,0,0,0,GG,AA,CC,GG,TT,AA,0,CC,GG,AA,CC,TT,GG,0,CC
scat_marten,NA,NA,Nextseq498,MACA_P2,PM63,b,lane1-s082-index--TTGTAACGGT-CTCATAGCGA-PM63_b_S82.assembled,358438,257661,71.88,76%,69,NA,GG,AA,CC,CC,TT,AA,0,AA,GG,CC,TT,0,AA,TC,CC,0,CC,CC,0,GG,TT,AA,AA,AA,0,CC,TT,0,TT,AA,0,GG,AA,CC,0,GG,TT,CC,GG,AA,TT,0,GG,GG,TT,0,0,0,0,GG,GG,TT,TT,AA,0,CC,CC,CC,GG,AA,AA,TT,GG,0,AG,0,AA,CC,CC,GG,TT,0,AA,0,AA,CC,AA,AA,0,AA,TT,GG,CC,0,AG,GG,GG,AA,AA,0,0,CC,0,0,AA,CC,GG,0,0,GG,CC,0,AA,CC,0,AA,CC,0,GG,GG,0
scat_marten,NA,NA,Nextseq498,MACA_P2,PM63,c,lane1-s090-index--CGCTTGAAGT-GAACCATGAA-PM63_c_S90.assembled,467595,346256,74.05,67%,61,NA,0,0,CC,CC,TT,0,AA,AA,GG,0,TT,TC,AA,TC,CC,TT,CC,0,AG,GG,0,AA,AA,AA,AA,TT,TT,0,0,AA,0,GG,AA,CC,GG,GG,TT,0,0,AA,TT,AA,GG,GG,0,TT,TT,GG,0,GG,0,TT,TT,AA,CC,0,0,CC,GG,AA,AA,TT,GG,CC,AG,CC,AA,CC,CC,GG,TT,TT,AA,GG,GG,0,0,0,GG,0,0,0,0,CC,0,0,GG,0,0,0,CC,0,0,0,AA,CC,GG,AA,CC,GG,CC,0,0,CC,GG,0,CC,TT,GG,0,CC
scat_marten,0.5,NA,,,PM63,,CONSENSUS,419840,303421,72.2,69%,63,0,GG,AA,CC,CC,TT,AA,AA,AA,GG,CC,TT,NA,AA,TC,CC,NA,CC,CC,0,GG,0,AA,AA,AA,0,NA,TT,0,TT,AA,0,GG,AA,CC,GG,GG,TT,NA,GG,AA,TT,AA,GG,NA,0,TT,0,GG,0,GG,GG,TT,TT,AA,NA,0,0,CC,GG,AA,AA,TT,GG,CC,AG,CC,AA,CC,CC,GG,TT,NA,AA,0,NA,CC,0,0,GG,AA,0,0,0,CC,0,GG,GG,0,AA,0,CC,CC,0,0,AA,CC,GG,AA,CC,GG,NA,0,0,CC,GG,AA,CC,TT,GG,0,CC
scat_marten,NA,NA,Nextseq498,MACA_P2,PM64,a,lane1-s075-index--CGCTGCAGAG-GATGGATGTA-PM64_a_S75.assembled,414704,211183,50.92,0%,0,NA,0,0,0,0,0,0,0,AA,0,0,0,0,NA,0,0,0,0,0,0,0,0,0,0,0,0,0,0,0,0,0,0,0,0,0,0,0,0,0,0,0,0,0,0,0,0,0,0,0,0,0,0,0,0,0,0,0,0,0,0,0,0,0,0,0,0,0,0,0,0,0,0,0,0,0,0,0,AA,NA,0,0,0,0,0,0,0,0,0,0,0,0,0,0,0,0,0,0,0,0,0,0,0,0,0,0,0,0,0,0,0,0,0
scat_marten,NA,NA,Nextseq498,MACA_P2,PM64,b,lane1-s083-index--GTAAGGCATA-AGACACATTA-PM64_b_S83.assembled,281106,209030,74.36,-1%,-1,NA,0,0,0,0,0,0,0,0,0,0,0,0,NA,0,0,0,0,0,0,0,0,0,0,0,0,0,0,0,0,0,0,0,0,0,0,0,0,0,0,0,0,0,0,0,0,0,0,0,0,0,0,0,0,0,0,0,0,0,0,0,0,0,0,0,0,0,0,0,0,0,0,0,0,0,0,0,AA,NA,0,0,0,0,0,0,0,0,0,0,0,0,0,0,0,0,NA,0,0,0,0,0,0,NA,NA,0,0,0,0,0,NA,0,0
scat_marten,NA,NA,Nextseq498,MACA_P2,PM64,c,lane1-s091-index--CGCCTTCTGA-GGCCATCATA-PM64_c_S91.assembled,207684,114467,55.12,-1%,-1,NA,0,0,0,0,0,0,0,0,0,0,0,0,NA,0,0,0,0,0,0,0,0,0,0,0,0,0,0,0,0,0,0,0,0,0,0,0,0,0,0,0,0,0,0,0,0,0,0,0,0,0,0,0,0,0,0,0,0,0,0,0,0,0,0,0,0,0,0,0,0,0,0,0,0,0,0,0,AA,NA,0,0,0,0,0,0,0,0,0,0,0,0,0,0,0,0,0,0,0,0,0,0,0,0,0,0,0,0,0,0,0,0,0
scat_marten,1,NA,,,PM64,,CONSENSUS,301165,178227,60.13,-1%,-1,0,0,0,0,0,0,0,0,0,0,0,0,0,0,0,0,0,0,0,0,0,0,0,0,0,0,0,0,0,0,0,0,0,0,0,0,0,0,0,0,0,0,0,0,0,0,0,0,0,0,0,0,0,0,0,0,0,0,0,0,0,0,0,0,0,0,0,0,0,0,0,0,0,0,0,0,0,AA,0,0,0,0,0,0,0,0,0,0,0,0,0,0,0,0,0,0,0,0,0,0,0,0,0,0,0,0,0,0,0,0,0,0
scat_marten,NA,SDunes_F05.sc,Nextseq498,MACA_P2,PM65,a,lane1-s025-index--TTCTATGGTT-GGCGAGATGG-PM65_a_S25.assembled,491609,469282,95.46,97%,88,NA,GA,AC,CT,GC,TT,GG,GA,AT,GG,CC,CC,TT,AA,CC,CT,TT,CC,CC,AA,AA,CT,AA,AA,AA,GG,TT,TC,GA,CC,AT,AA,AA,GG,TT,GG,AA,TT,CT,GG,GA,CC,GG,GG,AA,GG,CC,TC,AA,0,GG,GC,TT,CT,GG,0,CC,CC,CT,0,AA,CA,TC,GC,TT,AA,CC,AA,CT,TC,TT,TA,GG,AA,AA,GA,CC,AA,AA,GG,AA,TT,GA,GG,CC,GG,CC,GT,GG,AC,CC,CC,CT,0,0,AA,CC,GG,GG,0,0,TT,0,GG,CC,GG,AA,CC,TT,GG,GG,CC
scat_marten,NA,SDunes_F05.sc,Nextseq498,MACA_P2,PM65,b,lane1-s033-index--CGTATAATCA-GTCGATTACA-PM65_b_S33.assembled,408629,383985,93.97,99%,90,NA,GA,AA,CT,GC,TT,GG,GA,AT,GG,CC,CC,TT,AA,CC,CT,TT,CC,CG,AA,AA,CT,CA,AA,AA,GG,TT,TC,GA,CC,AT,AA,AA,GG,TT,GG,AA,TT,CT,GG,GA,CC,GG,AG,AA,GG,CC,TC,AA,CT,GG,CC,TT,CT,GG,CC,CC,CC,CT,CC,AA,CA,TC,GC,TT,AA,CC,AA,CT,TC,TT,TA,GG,AA,AA,GA,CC,AA,AA,GT,AA,TT,GA,GG,CC,GG,CC,GT,GG,AC,CC,CC,0,0,0,AG,CC,GG,GG,CC,GG,TT,GA,GG,CC,GG,AA,CC,TT,GG,GG,CC
scat_marten,NA,SDunes_F05.sc,Nextseq498,MACA_P2,PM65,c,lane1-s041-index--ATTGCCGAGT-GACAACTGAA-PM65_c_S41.assembled,504946,478744,94.81,100%,91,NA,GA,AC,TT,GC,TT,GG,GG,AT,GG,CC,CC,TT,AA,CC,CC,TT,CC,CG,AA,AA,CC,CC,AA,AA,GG,TT,TC,GA,CC,AT,AA,AA,GG,TT,GG,AA,TT,CT,GG,GA,CC,GG,AG,AA,GG,CC,TC,AA,CT,GG,GC,TT,CT,GG,CC,CC,CC,CT,CC,AA,CA,TC,GC,TT,AA,CC,AA,CT,TC,TT,TA,GG,AA,AA,GA,CC,AA,AA,GT,AA,TT,GA,GG,CC,GG,CC,GT,GG,CC,CC,CC,CT,0,0,GG,CC,GG,GG,CC,0,TT,GA,GG,CC,GG,AA,CC,TT,GG,GG,CC
scat_marten,0,SDunes_F05.sc,,,PM65,,CONSENSUS,468395,444004,94.75,100%,91,0,GA,AC,CT,GC,TT,GG,GA,AT,GG,CC,CC,TT,AA,CC,CT,TT,CC,CG,AA,AA,CT,CA,AA,AA,GG,TT,TC,GA,CC,AT,AA,AA,GG,TT,GG,AA,TT,CT,GG,GA,CC,GG,AG,AA,GG,CC,TC,AA,CT,GG,GC,TT,CT,GG,CC,CC,CC,CT,CC,AA,CA,TC,GC,TT,AA,CC,AA,CT,TC,TT,TA,GG,AA,AA,GA,CC,AA,AA,GT,AA,TT,GA,GG,CC,GG,CC,GT,GG,AC,CC,CC,CT,0,0,AG,CC,GG,GG,CC,0,TT,GA,GG,CC,GG,AA,CC,TT,GG,GG,CC
scat_marten,NA,NA,Nextseq498,MACA_P2,PM66,a,lane1-s027-index--TGGATGCTTA-TCAATCCATT-PM66_a_S27.assembled,115872,9,0.01,-2%,-2,NA,0,0,0,0,0,0,0,0,0,0,0,0,NA,0,0,0,0,0,0,0,0,0,0,0,0,0,0,0,0,0,0,0,0,0,0,0,0,0,0,0,0,0,0,0,0,0,0,0,0,0,0,0,0,0,0,0,0,0,0,0,0,0,0,0,0,0,0,0,0,0,0,0,0,0,0,0,0,NA,0,0,0,0,0,0,0,0,0,0,0,0,0,0,0,0,0,0,0,0,0,0,0,0,0,0,0,0,0,0,0,0,0
scat_marten,NA,NA,Nextseq498,MACA_P2,PM66,b,lane1-s035-index--GCGAGTTACC-AAGTTGGTGA-PM66_b_S35.assembled,167355,152744,91.27,-1%,-1,NA,0,0,0,0,0,0,0,0,0,0,0,0,NA,0,0,0,0,0,0,0,0,0,0,AG,0,0,0,0,0,0,0,0,0,0,0,0,0,0,0,0,0,0,0,0,0,0,0,0,0,0,0,0,0,0,0,0,0,0,0,0,0,0,0,0,0,0,0,0,0,0,0,0,0,0,0,0,0,NA,0,0,0,0,0,0,0,0,0,0,0,0,0,0,0,0,NA,0,0,0,0,0,0,NA,0,0,0,0,0,0,NA,0,0
scat_marten,NA,NA,Nextseq498,MACA_P2,PM66,c,lane1-s043-index--GGCGAGATGG-TTCTATGGTT-PM66_c_S43.assembled,22854,3,0.01,-2%,-2,NA,0,0,0,0,0,0,0,0,0,0,0,0,NA,0,0,0,0,0,0,0,0,0,0,0,0,0,0,0,0,0,0,0,0,0,0,0,0,0,0,0,0,0,0,0,0,0,0,0,0,0,0,0,0,0,0,0,0,0,0,0,0,0,0,0,0,0,0,0,0,0,0,0,0,0,0,0,0,NA,0,0,0,0,0,0,0,0,0,0,0,0,0,0,0,0,NA,0,0,0,0,0,0,NA,0,0,0,0,0,0,NA,0,0
scat_marten,1,NA,,,PM66,,CONSENSUS,102027,50919,30.43,-2%,-2,0,0,0,0,0,0,0,0,0,0,0,0,0,0,0,0,0,0,0,0,0,0,0,0,0,0,0,0,0,0,0,0,0,0,0,0,0,0,0,0,0,0,0,0,0,0,0,0,0,0,0,0,0,0,0,0,0,0,0,0,0,0,0,0,0,0,0,0,0,0,0,0,0,0,0,0,0,0,0,0,0,0,0,0,0,0,0,0,0,0,0,0,0,0,0,0,0,0,0,0,0,0,0,0,0,0,0,0,0,0,0,0
scat_marten,NA,NA,Nextseq498,MACA_P2,PM67,a,lane1-s031-index--TGCGTGTCAC-GCTTACGGAC-PM67_a_S31.assembled,704085,671832,95.42,69%,63,NA,GG,0,0,CC,TT,0,0,AA,GG,0,TT,TC,AA,0,CC,0,0,CC,AG,GG,0,AA,AA,AA,0,TT,TT,AA,TT,AA,AA,AA,AA,CC,GG,GG,TT,TT,0,AA,TT,AA,0,0,TT,TT,TT,GG,0,GG,0,TT,TT,AA,0,CC,CC,CC,GG,0,AA,TT,GG,0,0,CC,AA,CC,CC,GG,TT,GT,AA,GG,GA,CC,0,0,0,AA,TT,GG,0,CC,0,GG,0,0,AA,TT,0,CC,0,0,AA,CC,GG,AA,0,GG,0,0,0,CC,0,AA,CC,TT,GG,GG,CC
scat_marten,NA,NA,Nextseq498,MACA_P2,PM67,b,lane1-s039-index--CAGCCGATTG-GCTGTAGGAA-PM67_b_S39.assembled,695792,637209,91.58,76%,69,NA,GG,AA,CC,CC,TT,0,0,AA,0,0,TT,TC,AA,TC,CC,0,0,CC,0,GG,TT,AA,AA,AA,AA,TC,0,0,TT,AA,AA,GG,AA,CC,GG,GG,TT,0,GG,AA,TT,AA,0,0,TT,TT,TT,0,CC,GG,GG,TT,0,AA,TT,CC,CC,CC,0,AA,AA,TT,GG,0,GG,CC,AA,CC,CC,GG,TT,GT,AA,GG,GA,CC,AA,AA,0,AA,0,GG,0,CC,0,GG,GG,GG,CC,0,CC,CC,0,0,AA,CC,GG,0,CC,0,0,GG,GG,CC,GG,AA,CC,TT,GG,GG,CC
scat_marten,NA,NA,Nextseq498,MACA_P2,PM67,c,lane1-s047-index--TATCCAGGAC-CGGTGGCGAA-PM67_c_S47.assembled,760694,697656,91.71,75%,68,NA,GG,AA,0,CC,TT,AA,AA,0,GG,0,TT,TC,AA,TC,CC,0,TT,CC,AG,GG,0,AA,AA,AA,0,CC,0,AA,CT,AA,AA,0,0,CC,0,GG,TT,CC,GG,AA,TT,0,0,0,TT,TT,TT,GG,0,GG,GG,0,TT,AA,0,CC,CC,CC,0,AA,AA,TT,GG,TT,AA,CC,AA,CC,CC,GG,TT,GT,AA,GG,0,CC,0,0,0,AA,0,GG,CC,CC,0,GG,GG,GG,AA,TT,CC,CC,0,0,AA,CC,GG,AA,0,0,0,0,GG,CC,GG,AA,0,TT,GG,GG,CC
scat_marten,0.5,NA,,,PM67,,CONSENSUS,720190,668899,92.9,70%,64,0,GG,AA,0,CC,TT,0,0,AA,GG,0,TT,TC,AA,TC,CC,0,0,CC,AG,GG,0,AA,AA,AA,0,TC,0,AA,NA,AA,AA,NA,AA,CC,GG,GG,TT,NA,GG,AA,TT,AA,0,0,TT,TT,TT,GG,0,GG,GG,TT,TT,AA,0,CC,CC,CC,0,AA,AA,TT,GG,0,NA,CC,AA,CC,CC,GG,TT,GT,AA,GG,GA,CC,0,0,0,AA,0,GG,0,CC,0,GG,GG,GG,NA,TT,CC,CC,0,0,AA,CC,GG,AA,0,0,0,0,GG,CC,GG,AA,CC,TT,GG,GG,CC
scat_marten,NA,NA,Nextseq498,MACA_P2,PM68,a,lane1-s051-index--GACAGACAGG-ACTGTTGTGA-PM68_a_S51.assembled,64020,86,0.13,-1%,-1,NA,0,0,0,0,0,0,0,0,0,0,0,0,0,0,0,0,0,0,0,0,0,0,0,0,0,0,0,0,0,0,0,0,0,0,0,0,0,0,0,0,0,0,0,0,0,0,0,0,0,0,0,0,0,0,0,0,0,0,0,0,0,0,0,0,0,0,0,0,0,0,0,0,0,0,0,0,0,0,0,0,0,0,0,0,0,0,0,0,0,TT,0,0,0,0,0,0,0,0,0,0,0,0,0,0,0,0,0,0,0,0,0
scat_marten,NA,NA,Nextseq498,MACA_P2,PM68,b,lane1-s059-index--GGACCAACAG-ATAGACCGTT-PM68_b_S59.assembled,139534,53745,38.52,-1%,-1,NA,0,0,0,0,0,0,0,0,0,0,0,0,NA,0,0,0,0,0,0,0,0,0,0,0,0,0,0,0,0,0,0,0,AA,0,0,0,0,0,0,0,0,0,0,0,0,0,0,0,0,0,0,0,0,0,0,0,0,0,0,0,0,0,0,0,0,0,0,0,0,0,0,0,0,0,0,0,0,NA,0,0,0,0,0,0,0,0,0,0,0,0,0,0,0,0,NA,0,0,0,0,0,0,NA,0,0,0,0,CC,0,NA,0,0
scat_marten,NA,NA,Nextseq498,MACA_P2,PM68,c,lane1-s067-index--AGCACATCCT-TTACAATTCC-PM68_c_S67.assembled,39597,2,0.01,-2%,-2,NA,0,0,0,0,0,0,0,0,0,0,0,0,NA,0,0,0,0,NA,0,0,0,0,0,0,NA,0,0,0,0,0,0,0,0,0,0,0,0,0,0,NA,0,0,NA,0,0,0,0,0,0,NA,0,0,NA,0,NA,NA,0,0,NA,0,0,0,0,0,0,NA,0,0,0,0,0,0,0,0,0,0,NA,NA,0,NA,0,0,0,NA,0,NA,0,0,0,0,0,0,0,0,0,0,0,0,0,0,0,0,0,0,NA,0,0,0,0,0,0
scat_marten,1,NA,,,PM68,,CONSENSUS,81050,17944,12.89,-2%,-2,0,0,0,0,0,0,0,0,0,0,0,0,0,0,0,0,0,0,0,0,0,0,0,0,0,0,0,0,0,0,0,0,0,0,0,0,0,0,0,0,0,0,0,0,0,0,0,0,0,0,0,0,0,0,0,0,0,0,0,0,0,0,0,0,0,0,0,0,0,0,0,0,0,0,0,0,0,0,0,0,0,0,0,0,0,0,0,0,0,0,0,0,0,0,0,0,0,0,0,0,0,0,0,0,0,0,0,0,0,0,0,0
scat_marten,NA,NA,Nextseq498,MACA_P2,PM69,a,lane1-s077-index--GGATACCAGA-CGTTGCTTAC-PM69_a_S77.assembled,274291,40189,14.65,3%,3,NA,0,0,0,0,0,0,0,0,0,0,0,0,NA,0,0,0,0,NA,0,0,0,0,0,0,NA,0,0,0,0,0,0,0,0,0,0,0,0,0,0,NA,TT,0,NA,0,0,0,0,0,0,NA,0,TT,NA,0,NA,NA,0,0,NA,0,0,0,0,0,0,NA,AA,0,0,0,0,0,AA,0,0,0,NA,NA,GG,NA,0,0,0,NA,0,NA,0,0,0,0,0,0,0,0,0,0,0,0,0,0,0,0,0,0,NA,0,0,0,0,0,0
scat_marten,NA,NA,Nextseq498,MACA_P2,PM69,b,lane1-s085-index--TTAGGTACCA-CATGAGTACT-PM69_b_S85.assembled,470558,146295,31.09,4%,4,NA,0,0,0,0,0,0,0,AA,0,0,TT,0,NA,0,0,0,0,0,0,0,0,0,0,0,0,0,0,0,TT,0,0,0,0,0,0,0,0,0,0,0,0,0,0,0,0,0,0,0,0,0,0,0,0,0,CC,0,0,0,0,0,0,0,0,0,0,0,0,0,0,0,TT,0,0,GG,0,0,0,NA,0,0,0,0,0,0,0,0,0,0,0,0,0,0,0,0,NA,0,0,0,CC,0,0,NA,0,0,0,0,0,0,NA,0,0
scat_marten,NA,NA,Nextseq498,MACA_P2,PM69,c,lane1-s093-index--CTGGATATGT-TATGTGCAAT-PM69_c_S93.assembled,324288,120608,37.19,9%,8,NA,0,0,0,0,0,0,0,0,0,0,0,0,NA,0,CC,0,0,0,0,GG,0,0,0,0,0,0,0,AA,0,0,0,0,0,0,0,0,0,CC,0,0,0,0,0,0,0,0,0,0,0,0,0,0,0,0,0,0,0,0,0,0,0,0,GG,0,0,0,AA,0,0,0,0,0,0,0,0,0,0,NA,0,0,0,0,CC,CC,AA,0,0,0,CC,0,0,0,0,0,0,0,0,0,0,0,0,0,0,0,0,0,0,TT,0,0,0
scat_marten,1,NA,,,PM69,,CONSENSUS,356379,102364,27.64,-1%,-1,0,0,0,0,0,0,0,0,0,0,0,0,0,0,0,0,0,0,0,0,0,0,0,0,0,0,0,0,0,0,0,0,0,0,0,0,0,0,0,0,0,0,0,0,0,0,0,0,0,0,0,0,0,0,0,0,0,0,0,0,0,0,0,0,0,0,0,AA,0,0,0,0,0,0,0,0,0,0,0,0,0,0,0,0,0,0,0,0,0,0,0,0,0,0,0,0,0,0,0,0,0,0,0,0,0,0,0,0,0,0,0,0
scat_marten,NA,NA,Nextseq498,MACA_P2,PM70,a,lane1-s076-index--GTAGAGTCAG-ACGGCCGTCA-PM70_a_S76.assembled,388005,90227,23.25,10%,9,NA,AA,0,0,CC,0,0,0,0,0,0,0,TC,AA,0,0,0,0,0,0,0,0,0,0,0,0,0,0,0,0,0,0,0,0,0,0,0,0,0,0,0,TT,0,0,0,0,0,0,0,0,0,0,0,TT,0,0,0,0,0,0,0,0,0,0,0,0,CC,0,0,0,GG,TT,0,0,0,0,0,0,0,0,0,0,0,0,0,AA,0,0,0,0,0,0,CC,0,0,NA,0,0,0,0,0,0,NA,0,0,0,0,0,0,NA,0,CC
scat_marten,NA,NA,Nextseq498,MACA_P2,PM70,b,lane1-s084-index--GTCCACTTGT-GCGCGATGTT-PM70_b_S84.assembled,414214,56577,13.66,4%,4,NA,0,0,0,0,0,0,0,0,0,0,0,0,NA,0,0,0,0,0,0,0,0,0,0,0,0,0,0,0,0,AA,0,0,0,CC,0,0,0,0,0,0,0,0,0,0,0,CC,0,0,0,0,0,0,0,0,0,0,0,0,0,0,0,TT,0,0,0,0,AA,0,0,0,0,0,0,0,0,0,0,NA,0,AA,0,0,0,0,0,0,0,0,0,0,0,0,0,GG,NA,CC,0,0,0,0,0,NA,0,0,0,0,0,0,NA,0,0
scat_marten,NA,NA,Nextseq498,MACA_P2,PM70,c,lane1-s092-index--ATACCAACGC-ACATACTTCC-PM70_c_S92.assembled,335609,156754,46.71,13%,12,NA,0,0,0,CC,0,0,0,AA,0,0,0,CC,NA,0,0,0,0,CC,0,GG,0,0,0,0,0,0,0,0,0,0,0,0,0,0,0,0,0,0,0,0,0,0,GG,0,0,CC,0,0,0,0,0,0,0,0,0,0,TT,CC,0,0,0,TT,0,0,0,0,0,CC,0,0,0,0,AA,GG,0,0,0,NA,0,0,0,0,0,0,0,0,0,0,0,0,0,CC,0,0,NA,0,0,0,0,0,0,NA,0,0,0,AA,0,0,NA,0,0
scat_marten,1,NA,,,PM70,,CONSENSUS,379276,101186,27.87,2%,2,0,0,0,0,CC,0,0,0,0,0,0,0,NA,0,0,0,0,0,0,0,0,0,0,0,0,0,0,0,0,0,0,0,0,0,0,0,0,0,0,0,0,0,0,0,0,0,CC,0,0,0,0,0,0,0,0,0,0,0,0,0,0,0,TT,0,0,0,0,0,0,0,0,0,0,0,0,0,0,0,0,0,0,0,0,0,0,0,0,0,0,0,0,0,CC,0,0,0,0,0,0,0,0,0,0,0,0,0,0,0,0,0,0,0
scat_marten,NA,NCali_M07.sc,Nextseq498,MACA_P2,PSW030,a,lane1-s078-index--CGCACTAATG-TGACTACATA-PSW030_a_S78.assembled,158565,153197,96.61,98%,89,NA,AA,CC,CT,CC,TC,AG,GG,AA,GG,CC,CC,TT,0,TC,CC,TC,CC,CG,AG,AA,CT,CA,CA,AA,GG,TC,CC,AA,CC,AT,AA,GG,GA,TT,AG,GG,CC,CC,GA,GG,CC,GG,0,AA,GT,CT,TC,AA,CC,GT,GG,CC,CC,GG,CC,CT,TT,CT,GG,GA,CC,TT,GG,TT,AA,CG,GA,CT,TC,TT,AA,GG,AA,GA,GG,CC,AA,AA,GT,GG,TG,GA,CC,TT,AG,GG,GG,GG,AA,TC,CC,TT,GG,GG,AG,CC,GG,GG,CC,GG,TT,GG,GG,CC,GG,AA,CC,TT,GG,GG,CG
scat_marten,NA,NCali_M07.sc,Nextseq498,MACA_P2,PSW030,b,lane1-s086-index--GGAATTCCAA-ACGTCAATAC-PSW030_b_S86.assembled,142162,137001,96.37,96%,87,NA,AA,CC,CT,CC,CC,GG,GG,AA,GG,CC,CC,TT,AG,TC,CC,TC,CC,0,AG,AA,CC,0,CA,AA,GG,TC,CC,AA,CC,AT,AA,GG,GA,TT,GG,GG,CC,CC,GA,GG,CC,GG,GG,AA,GT,CT,TC,AA,CC,GT,GG,CC,CC,GG,CC,CT,TT,CT,GG,AA,CC,TT,GG,TT,AA,CG,GA,CT,TC,TT,AA,GG,AA,GA,GG,CC,AA,AA,GT,GG,TG,0,CC,CT,AG,GG,GG,GG,AA,TC,CC,TT,GG,GG,0,CC,GG,GG,CC,GG,TT,GG,GG,CC,GG,AA,CC,TT,GG,GG,CG
scat_marten,NA,NCali_M07.sc,Nextseq498,MACA_P2,PSW030,c,lane1-s094-index--CAATCTATGA-GATTAAGGTG-PSW030_c_S94.assembled,144401,130321,90.25,98%,89,NA,AA,CC,TT,CC,TC,AG,GG,AA,GG,CC,CC,TT,AA,TC,CC,TT,CC,CG,AG,AA,CT,CA,CA,AA,GG,0,CC,AA,CC,AT,AA,GG,GA,TT,AG,GG,CC,CC,GA,GG,CC,GG,GG,AA,GT,CT,TC,AA,CC,GT,GG,CC,CC,GG,CC,CT,TT,CT,GG,GA,CC,TT,GG,TT,AA,CG,GA,CT,TC,TT,AA,GG,AA,GA,GG,CC,AA,AA,GT,GG,TG,GA,CC,TT,AG,GG,GG,GG,AA,TC,CC,TT,0,GG,AG,CC,GG,GG,CC,GG,TT,GG,GG,CC,GG,AA,CC,TT,GG,GG,CG
scat_marten,0,NCali_M07.sc,,,PSW030,,CONSENSUS,148376,140173,94.41,97%,88,0,AA,CC,CT,CC,TC,AG,GG,AA,GG,CC,CC,TT,NA,TC,CC,TC,CC,CG,AG,AA,CT,CA,CA,AA,GG,TC,CC,AA,CC,AT,AA,GG,GA,TT,AG,GG,CC,CC,GA,GG,CC,GG,GG,AA,GT,CT,TC,AA,CC,GT,GG,CC,CC,GG,CC,CT,TT,CT,GG,GA,CC,TT,GG,TT,AA,CG,GA,CT,TC,TT,AA,GG,AA,GA,GG,CC,AA,AA,GT,GG,TG,GA,CC,NA,AG,GG,GG,GG,AA,TC,CC,TT,GG,GG,AG,CC,GG,GG,CC,GG,TT,GG,GG,CC,GG,AA,CC,TT,GG,GG,CG
scat_marten,NA,NCali_M07.sc,Nextseq498,MACA_P2,PSW035,a,lane1-s079-index--TCCTGACCGT-CGGCCTCGTT-PSW035_a_S79.assembled,166974,161104,96.48,100%,91,NA,AA,CC,CT,CC,TC,AG,GG,AA,GG,CC,CC,TT,AA,TC,CC,TC,CC,CG,AG,AA,CT,CA,CA,AA,GG,TC,CC,AA,CC,AT,AA,GG,GA,TT,AG,GG,CC,CC,GA,GG,CC,GG,GG,AA,GT,CT,TC,AA,CC,GT,GG,CC,CC,GG,CC,CT,TT,CT,GG,GA,CC,TT,GG,TT,AA,CG,GA,CT,TC,TT,AA,GG,AA,GA,GG,CC,AA,AA,GT,GG,TG,GA,CC,TT,AG,GG,GG,GG,AA,TC,CC,TT,GG,GG,AG,CC,GG,GG,CC,GG,TT,GG,GG,CC,GG,AA,CC,TT,GG,GG,CG
scat_marten,NA,NCali_M07.sc,Nextseq498,MACA_P2,PSW035,b,lane1-s087-index--CATGTAGAGG-GATACCTCCT-PSW035_b_S87.assembled,146330,141148,96.46,100%,91,NA,AA,CC,CT,CC,TC,AG,GG,AA,GG,CC,CC,TT,AA,TC,CC,TC,CC,CG,AG,AA,CT,CA,CA,AA,GG,TC,CC,AA,CC,AT,AA,GG,GA,TT,AG,GG,CC,CC,GA,GG,CC,GG,GG,AA,GT,CT,TC,AA,CC,GT,GG,CC,CC,GG,CC,CT,TT,CT,GG,GA,CC,TT,GG,TT,AA,CG,GA,CT,TC,TT,AA,GG,AA,GA,GG,CC,AA,AA,GT,GG,TG,GA,CC,TT,AG,GG,GG,GG,AA,TC,CC,TT,GG,GG,AG,CC,GG,GG,CC,GG,TT,GG,GG,CC,GG,AA,CC,TT,GG,GG,CG
scat_marten,NA,NCali_M07.sc,Nextseq498,MACA_P2,PSW035,c,lane1-s095-index--GGTGGAATAC-ATGTAGACAA-PSW035_c_S95.assembled,108671,104358,96.03,99%,90,NA,AA,CC,CT,CC,TC,AG,GG,AA,GG,CC,CC,TT,AA,TC,CC,TC,CC,CG,AG,AA,CT,CA,CA,AA,GG,TC,CC,AA,CC,AT,AA,GG,GA,TT,AG,GG,CC,CC,GA,GG,CC,GG,GG,AA,GT,CT,TC,AA,CC,GT,GG,CC,CC,GG,CC,CT,TT,CT,GG,GA,CC,TT,GG,TT,AA,CG,GA,CT,TC,TT,AA,GG,AA,GA,GG,CC,AA,AA,GT,GG,TG,GA,CC,TT,AG,GG,GG,GG,AA,TC,CC,TT,GG,GG,AG,CC,GG,GG,CC,GG,TT,GG,GG,CC,GG,AA,CC,TT,GG,GG,CG
scat_marten,0,NCali_M07.sc,,,PSW035,,CONSENSUS,140658,135537,96.32,100%,91,0,AA,CC,CT,CC,TC,AG,GG,AA,GG,CC,CC,TT,AA,TC,CC,TC,CC,CG,AG,AA,CT,CA,CA,AA,GG,TC,CC,AA,CC,AT,AA,GG,GA,TT,AG,GG,CC,CC,GA,GG,CC,GG,GG,AA,GT,CT,TC,AA,CC,GT,GG,CC,CC,GG,CC,CT,TT,CT,GG,GA,CC,TT,GG,TT,AA,CG,GA,CT,TC,TT,AA,GG,AA,GA,GG,CC,AA,AA,GT,GG,TG,GA,CC,TT,AG,GG,GG,GG,AA,TC,CC,TT,GG,GG,AG,CC,GG,GG,CC,GG,TT,GG,GG,CC,GG,AA,CC,TT,GG,GG,CG
scat_marten,NA,SDunes_F08.sc,Nextseq499,MACA_P3,BLM010,a,lane1-s031-index--TGCGTGTCAC-GCTTACGGAC-BLM010_a_S31.assembled,468406,444249,94.84,90%,82,NA,AA,0,TT,GC,0,GG,GG,AA,GA,CT,CC,TT,GG,CC,CC,TT,CC,CC,AA,AA,0,CC,CA,AA,GG,TT,TC,GG,CC,TT,AA,0,GG,CC,AG,AG,CC,CC,GA,GG,TC,GA,AA,AA,GG,CC,TC,AA,CC,GT,GG,0,TT,GG,CC,CC,CC,CC,CC,AA,CC,TT,GC,TT,AA,CC,GA,CC,0,TT,0,GT,AA,GG,GG,CC,AA,AA,TT,AA,TG,GG,CC,CC,GG,CC,GG,AA,AA,CC,CC,0,0,0,GG,CC,GG,GG,CC,GG,TT,GG,AA,CC,GG,AA,CC,TT,GG,GG,CC
scat_marten,NA,SDunes_F08.sc,Nextseq499,MACA_P3,BLM010,b,lane1-s039-index--CAGCCGATTG-GCTGTAGGAA-BLM010_b_S39.assembled,409097,379429,92.75,89%,81,NA,AA,0,TT,GC,TT,AA,GG,AA,0,0,CC,TT,GG,CC,CC,TT,CC,CC,AA,AA,TT,CC,0,AA,GG,TT,TC,GG,CC,TT,AA,0,GG,CC,AG,AG,CC,CT,AA,GG,TC,AA,AA,AA,GG,CC,TT,AA,0,TT,GG,TT,TT,GG,CC,CC,CC,CC,CC,AA,0,TC,GC,TT,AA,CC,GG,CC,CC,TT,TA,GT,AA,GG,GG,CC,AA,AA,GG,AA,0,GG,CC,CC,0,CC,GG,AA,AA,CC,CC,CT,0,0,GG,CC,GG,GG,CC,GG,TT,0,AA,CC,GG,AA,CC,TT,GG,GG,CC
scat_marten,NA,SDunes_F08.sc,Nextseq499,MACA_P3,BLM010,c,lane1-s047-index--TATCCAGGAC-CGGTGGCGAA-BLM010_c_S47.assembled,348691,334624,95.97,93%,85,NA,AA,AA,TT,GC,TT,AA,GG,AA,GA,0,CC,TT,GG,CC,CC,TT,0,CC,AA,AA,0,CC,CA,AA,GG,TT,TC,GG,CC,TT,AA,GG,GG,CC,AG,GG,CT,0,GA,GG,CC,GA,AA,AA,GG,CC,TC,AA,CC,GG,GG,TT,TT,GG,CC,CC,CC,CC,CC,GG,CC,TC,GC,TT,AA,CC,AA,CC,TC,TT,TA,GT,AA,GG,GG,CC,AA,AA,0,AA,0,GG,CC,CC,GG,CC,GG,GA,AA,CC,CC,CT,0,0,GG,CC,GG,GG,CC,GG,TT,GG,GA,CC,GG,AA,CC,TT,GG,GG,CC
scat_marten,0,SDunes_F08.sc,,,BLM010,,CONSENSUS,408731,386101,94.52,86%,78,0,AA,0,TT,GC,TT,NA,GG,AA,GA,0,CC,TT,GG,CC,CC,TT,CC,CC,AA,AA,0,CC,CA,AA,GG,TT,TC,GG,CC,TT,AA,0,GG,CC,AG,AG,NA,NA,GA,GG,TC,GA,AA,AA,GG,CC,TC,AA,CC,GT,GG,TT,TT,GG,CC,CC,CC,CC,CC,NA,CC,TC,GC,TT,AA,CC,GA,CC,NA,TT,TA,GT,AA,GG,GG,CC,AA,AA,NA,AA,0,GG,CC,CC,GG,CC,GG,NA,AA,CC,CC,CT,0,0,GG,CC,GG,GG,CC,GG,TT,GG,NA,CC,GG,AA,CC,TT,GG,GG,CC
scat_marten,NA,NA,Nextseq499,MACA_P3,BLM055,a,lane1-s032-index--CATACACTGT-GAACATACGG-BLM055_a_S32.assembled,151478,4,0,-2%,-2,NA,0,0,0,0,0,0,0,0,0,0,0,0,NA,0,0,0,0,0,0,0,0,0,0,0,0,0,0,0,0,0,0,0,0,0,0,0,0,0,0,0,0,0,0,0,0,0,0,0,0,0,0,0,0,0,0,0,0,0,0,0,0,0,0,0,0,0,0,0,0,0,0,0,0,0,0,0,0,NA,0,0,0,0,0,0,0,0,0,0,0,0,0,0,0,0,NA,0,0,0,0,0,0,NA,0,0,0,0,0,0,NA,0,0
scat_marten,NA,NA,Nextseq499,MACA_P3,BLM055,b,lane1-s040-index--TGACTACATA-CGCACTAATG-BLM055_b_S40.assembled,297297,1992,0.67,-1%,-1,NA,0,0,0,0,0,0,0,0,GG,0,0,0,NA,0,0,0,0,0,0,0,0,0,0,0,0,0,0,0,0,0,0,0,0,0,0,0,0,0,0,0,0,0,0,0,0,0,0,0,0,0,0,0,0,0,0,0,0,0,0,0,0,0,0,0,0,0,0,0,0,0,0,0,0,0,0,0,0,NA,0,0,0,0,0,0,0,0,0,0,0,0,0,0,0,0,NA,0,0,0,0,0,0,NA,0,0,0,0,0,0,NA,0,0
scat_marten,NA,NA,Nextseq499,MACA_P3,BLM055,c,lane1-s048-index--AGTGCCACTG-TAACAATAGG-BLM055_c_S48.assembled,100128,2,0,-2%,-2,NA,0,0,0,0,0,0,0,0,0,0,0,0,NA,0,0,0,0,NA,0,0,0,0,0,0,NA,0,0,0,0,0,0,0,0,0,0,0,0,0,0,NA,0,0,NA,0,0,0,0,0,0,NA,0,0,NA,0,NA,NA,0,0,NA,0,0,0,0,0,0,NA,0,0,0,0,0,0,0,0,0,0,NA,NA,0,NA,0,0,0,NA,0,NA,0,0,0,0,0,0,0,0,NA,0,0,0,0,0,0,NA,0,0,NA,0,0,0,NA,0,0
scat_marten,1,NA,,,BLM055,,CONSENSUS,182968,666,0.22,-1%,-1,1,0,0,0,0,0,0,0,0,FALSE,0,0,0,0,0,0,0,0,0,0,0,0,0,0,0,0,0,0,0,0,0,0,0,0,0,0,0,0,0,0,0,0,0,0,0,0,0,0,0,0,0,0,0,0,0,0,0,0,0,0,0,0,0,0,0,0,0,0,0,0,0,0,0,0,0,0,0,0,0,0,0,0,0,0,0,0,0,0,0,0,0,0,0,0,0,0,0,0,0,0,0,0,0,0,0,0,0,0,0,0,0,0
scat_marten,NA,SDunes_M07.sc,Nextseq499,MACA_P3,BLM059,a,lane1-s050-index--ACATGGTGTC-TCAACGTGTA-BLM059_a_S50.assembled,311436,299784,96.26,97%,88,NA,GA,CC,CT,GG,TT,GG,GG,AA,AA,CC,CC,TT,AA,CC,CC,CC,CT,CC,AA,AA,TT,CC,CC,AA,GG,TT,TC,GG,CT,AT,AA,GG,GG,CC,GG,AG,CC,TT,GG,GA,CC,GG,AA,AA,GG,CC,TT,AA,CC,0,GC,TT,TT,GG,CC,CC,CC,CT,GG,GA,CC,TC,GG,TC,AA,CC,GG,CC,TT,TT,TT,GG,AA,GG,AA,TT,AA,AA,GT,AA,TT,AA,0,TT,GG,0,TT,GA,AA,CC,CC,CT,GG,GG,GG,CC,GG,GG,CC,GG,TT,GG,GA,CC,GG,AA,CC,TT,GG,GG,CC
scat_marten,NA,SDunes_M07.sc,Nextseq499,MACA_P3,BLM059,b,lane1-s058-index--CCGAAGCGAG-TACTAGTCAA-BLM059_b_S58.assembled,669073,652100,97.46,97%,88,NA,GA,CC,CC,GG,TT,0,GG,AA,GA,CC,CC,TT,AG,CC,CC,TC,CT,CC,AA,AA,CT,CC,CC,AA,GG,TT,TC,GG,CT,AT,AA,GG,GG,CC,GG,GG,CC,TT,GG,GA,CC,GG,AA,AA,GG,CC,TT,AA,CC,GT,GG,TT,TT,GG,CC,CC,CC,CT,GG,GA,CC,TC,GG,CC,AA,CC,GG,CC,TT,TT,TA,GG,AA,GG,AA,CC,AA,AA,0,AA,TT,AA,CC,TT,GG,0,TT,GA,AA,CC,CC,CC,GG,GG,GG,CC,GG,GG,CC,GG,TT,GG,GA,CC,GG,AA,CC,TT,GG,GG,CC
scat_marten,NA,SDunes_M07.sc,Nextseq499,MACA_P3,BLM059,c,lane1-s066-index--GCGTTGGTAT-AATTGCTGCG-BLM059_c_S66.assembled,442089,428666,96.96,93%,85,NA,GA,CC,CT,GG,TT,AG,GG,AA,GA,CC,CC,TT,0,CC,CC,TC,TT,CC,AA,AA,CT,CC,CC,AA,GG,TT,TC,GG,CT,AT,AA,GG,GG,CC,GG,AG,CC,TT,GG,GA,CC,GG,AA,AA,GG,CC,TT,AA,CC,0,CC,TT,TT,GG,CC,CC,CC,CT,GG,0,CC,0,GG,TC,AA,CC,GG,CC,TT,TT,0,GG,AA,GG,AA,CT,AA,AA,GT,AA,TT,AA,CC,TT,GG,GC,TT,GG,AA,CC,CC,0,GG,GG,GG,CC,GG,GG,CC,GG,TT,GG,GG,CC,GG,AA,CC,TT,GG,GG,CC
scat_marten,0,SDunes_M07.sc,,,BLM059,,CONSENSUS,474199,460183,96.89,93%,85,0,GA,CC,CT,GG,TT,NA,GG,AA,GA,CC,CC,TT,NA,CC,CC,TC,CT,CC,AA,AA,CT,CC,CC,AA,GG,TT,TC,GG,CT,AT,AA,GG,GG,CC,GG,AG,CC,TT,GG,GA,CC,GG,AA,AA,GG,CC,TT,AA,CC,0,GC,TT,TT,GG,CC,CC,CC,CT,GG,GA,CC,TC,GG,TC,AA,CC,GG,CC,TT,TT,NA,GG,AA,GG,AA,CT,AA,AA,GT,AA,TT,AA,CC,TT,GG,0,TT,GA,AA,CC,CC,NA,GG,GG,GG,CC,GG,GG,CC,GG,TT,GG,GA,CC,GG,AA,CC,TT,GG,GG,CC
scat_marten,NA,NCoast_F02.sc,Nextseq499,MACA_P3,Coos02,a,lane1-s005-index--TAATCTCGTC-ACATTATCCT-Coos02_a_S5.assembled,452046,365454,80.84,93%,85,NA,GA,AA,CC,CC,TT,GG,GG,AA,GG,CC,CC,TT,GG,TT,CT,CC,CC,CC,AA,GG,TT,AA,0,AA,0,TT,TT,AA,CC,AT,AA,0,GA,CT,GG,AA,CC,CC,GA,GG,CC,AA,AA,AA,GT,CT,TC,AA,CC,GT,GG,TT,TT,GG,CT,CC,CC,CC,GG,AA,AA,TT,GG,TT,AG,GG,GA,CC,CC,GG,TT,TT,0,AA,GG,CC,AA,0,TT,AG,TT,AA,CC,0,GG,GG,GG,AA,AA,CC,CC,CC,0,0,AA,CC,GG,GG,CC,GG,TT,GG,AA,CC,GG,AA,CC,0,GG,GG,GG
scat_marten,NA,NCoast_F02.sc,Nextseq499,MACA_P3,Coos02,b,lane1-s013-index--TAATGGCAAG-ATCACGAAGG-Coos02_b_S13.assembled,518276,457154,88.21,92%,84,NA,GA,AA,CC,CC,TT,GG,GG,AA,GG,CC,CC,TT,GG,TT,TT,TT,CC,0,0,GG,TT,AA,CA,AA,GG,CC,TT,AA,CC,AT,AA,0,0,CT,GG,AA,CC,0,AA,GG,CC,AA,AA,AA,GT,CT,TC,0,CT,GT,GG,TT,TT,GG,CT,CC,CC,CC,GG,AA,AA,TT,0,TT,AA,GG,GA,CC,CC,GG,TT,GT,TT,GG,GA,CC,AA,AA,TT,AG,TT,GG,CC,CC,GG,GG,GG,AA,AA,CC,CC,CC,0,0,AA,CC,GG,0,CC,GG,TT,GA,AA,CC,GG,0,CC,TT,GG,GG,GG
scat_marten,NA,NCoast_F02.sc,Nextseq499,MACA_P3,Coos02,c,lane1-s021-index--AGTCAACCAT-GGCCTGTCCT-Coos02_c_S21.assembled,355765,300752,84.54,91%,83,NA,GA,AA,CC,CC,0,GG,AA,AA,GG,CC,CC,TT,0,TT,CT,TC,CC,CC,AA,GG,TT,AA,CA,AA,GG,CC,TT,AA,CC,AA,AA,GG,AA,CT,GG,AA,CC,CC,GA,GG,CC,AA,AA,AA,TT,CC,TC,AA,0,GT,0,TT,TT,GG,0,CC,CC,CC,0,AA,AA,TT,GG,TT,AG,GG,0,CC,CC,GG,TT,GT,TT,GG,GG,CC,AA,AA,GT,AA,TT,GG,CC,CC,GG,GG,GG,AA,AA,CC,CC,CC,0,0,AA,CC,GG,GG,0,0,TT,0,AA,CC,GG,AA,CC,TT,GG,GG,GG
scat_marten,0,NCoast_F02.sc,,,Coos02,,CONSENSUS,442029,374453,84.53,90%,82,0,GA,AA,CC,CC,TT,GG,NA,AA,GG,CC,CC,TT,GG,TT,CT,TC,CC,CC,AA,GG,TT,AA,CA,AA,GG,NA,TT,AA,CC,AT,AA,0,NA,CT,GG,AA,CC,CC,GA,GG,CC,AA,AA,AA,GT,CT,TC,AA,NA,GT,GG,TT,TT,GG,CT,CC,CC,CC,GG,AA,AA,TT,GG,TT,AG,GG,GA,CC,CC,GG,TT,GT,TT,NA,NA,CC,AA,AA,NA,AG,TT,NA,CC,CC,GG,GG,GG,AA,AA,CC,CC,CC,0,0,AA,CC,GG,GG,CC,GG,TT,NA,AA,CC,GG,AA,CC,TT,GG,GG,GG
scat_marten,NA,NCoast_F03.sc,Nextseq499,MACA_P3,Coos04,a,lane1-s004-index--CTTATGGAAT-TGCCTGGTGG-Coos04_a_S4.assembled,423587,396852,93.69,100%,91,NA,AA,AA,CT,GC,TT,GG,GA,AT,GA,CC,CC,TT,AA,TC,CT,TC,CC,CC,AA,GA,TT,AA,AA,AA,AA,TT,TT,AA,CT,AT,AA,GG,AA,CC,AG,AA,CC,CC,GA,GG,CC,AA,AG,AA,GG,CT,TT,AA,CT,GT,GC,TT,CT,AA,TT,CC,CC,CT,CG,AA,AA,TT,GG,TT,AG,GG,GA,CC,CC,GG,TT,GT,AT,GA,GG,CC,AA,AA,TT,AA,TT,GG,CC,CC,GG,GC,GG,AA,AA,TC,CC,CC,0,0,AA,CC,GG,GG,CC,GG,TT,GA,AA,CC,GG,AA,CC,TT,GG,GG,GG
scat_marten,NA,NCoast_F03.sc,Nextseq499,MACA_P3,Coos04,b,lane1-s012-index--CCTATGACTC-GTGTGGCGCT-Coos04_b_S12.assembled,267350,247501,92.58,98%,89,NA,AA,AA,CT,GC,TT,GG,GA,AT,GA,CC,CC,TT,AA,TC,CT,TC,CC,CC,AA,GA,TT,AA,AA,AA,0,TT,TT,AA,CT,AT,AA,GG,AA,CC,AG,AA,CC,CC,GA,GG,CC,AA,AG,AA,GG,CT,TT,AA,CT,GT,GC,TT,CT,AA,TT,CC,CC,CT,CG,AA,AA,TT,GG,TT,AG,GG,GA,CC,CC,GG,TT,GT,AT,GA,GG,CC,AA,AA,TT,AA,TT,GG,CC,CC,GG,GC,GG,AA,AA,TC,CC,CC,0,0,AA,CC,GG,GG,CC,GG,TT,GA,AA,CC,GG,AA,CC,TT,GG,GG,GG
scat_marten,NA,NCoast_F03.sc,Nextseq499,MACA_P3,Coos04,c,lane1-s020-index--TCGGCCTATC-CGCACATGGC-Coos04_c_S20.assembled,84388,78907,93.51,98%,89,NA,AA,AA,CT,GC,TT,GG,GA,AT,GA,CC,CC,TT,AA,TC,CT,TC,CC,CC,AA,GA,TT,AA,AA,AA,0,TT,TT,AA,CT,AT,AA,GG,AA,CC,AG,AA,CC,CC,GA,GG,CC,AA,AG,AA,GG,CT,TT,AA,CT,GT,GC,TT,CT,AA,TT,CC,CC,CT,CG,AA,AA,TT,GG,TT,AG,GG,GA,CC,CC,GG,TT,GT,AT,GA,GG,CC,AA,AA,TT,AA,TT,GG,CC,CC,GG,GC,GG,AA,AA,TC,CC,CC,0,0,AA,CC,GG,GG,CC,GG,TT,GA,AA,CC,GG,AA,CC,TT,GG,GG,GG
scat_marten,0,NCoast_F03.sc,,,Coos04,,CONSENSUS,258442,241087,93.26,99%,90,0,AA,AA,CT,GC,TT,GG,GA,AT,GA,CC,CC,TT,AA,TC,CT,TC,CC,CC,AA,GA,TT,AA,AA,AA,0,TT,TT,AA,CT,AT,AA,GG,AA,CC,AG,AA,CC,CC,GA,GG,CC,AA,AG,AA,GG,CT,TT,AA,CT,GT,GC,TT,CT,AA,TT,CC,CC,CT,CG,AA,AA,TT,GG,TT,AG,GG,GA,CC,CC,GG,TT,GT,AT,GA,GG,CC,AA,AA,TT,AA,TT,GG,CC,CC,GG,GC,GG,AA,AA,TC,CC,CC,0,0,AA,NA,GG,GG,CC,GG,TT,GA,AA,CC,GG,AA,CC,TT,GG,GG,GG
scat_marten,NA,SDunes_M08.sc,Nextseq499,MACA_P3,Coos05,a,lane1-s002-index--TATCTGACCT-CTACAAGATA-Coos05_a_S2.assembled,355476,311861,87.73,93%,85,NA,AA,CC,CC,GG,TT,AG,GG,AT,GG,CC,CC,TT,AA,CC,CC,TC,CC,CC,AA,AA,CC,CC,CA,AA,GG,TT,TC,GA,TT,AT,AA,GG,GG,CC,AG,AA,CC,CC,GG,GG,CC,GG,0,AA,GG,CC,TT,AA,0,GG,GG,TT,CT,GG,0,CC,CC,CT,CC,0,CC,CC,GG,TT,AA,CC,GG,TT,TT,TT,TT,GT,AT,AA,GG,CT,AA,AA,GG,AA,TT,GA,CG,CC,GG,0,GT,GG,AA,CC,CC,CC,AA,GG,GG,CC,GG,GG,CC,GG,TT,0,GG,CC,GG,AA,CC,TT,GG,GG,CC
scat_marten,NA,SDunes_M08.sc,Nextseq499,MACA_P3,Coos05,b,lane1-s010-index--TCGTCTGACT-ACCAGCGACA-Coos05_b_S10.assembled,270444,228402,84.45,91%,83,NA,AA,CC,CC,GG,TT,AA,GG,AT,GG,0,CC,TT,AA,CC,CC,TT,CC,CC,AA,AA,CC,CC,0,AA,GG,TT,TC,GA,TT,AA,AA,GG,GG,CT,0,AA,CC,CC,GG,GG,CC,GG,AG,AA,GG,CC,TT,AA,CC,GG,0,TT,CT,GG,TT,CC,CC,CT,CC,GA,CC,CC,GG,TT,AA,CC,GA,TT,TT,TT,TT,GT,AT,AA,GA,TT,AA,AA,GG,AA,0,GA,CG,CT,GG,0,TT,GG,AA,0,CC,CC,GA,GG,GG,CC,GG,GG,CC,GG,TT,GG,GG,CC,GG,AA,CC,TT,GG,GG,CC
scat_marten,NA,SDunes_M08.sc,Nextseq499,MACA_P3,Coos05,c,lane1-s018-index--GGTTGCCTCT-CTAATGATGG-Coos05_c_S18.assembled,363811,331527,91.13,90%,82,NA,AA,CC,CC,GG,TT,GG,GG,AT,GG,CC,CC,TT,AG,CC,CC,TC,CC,CC,AA,AA,CC,CC,AA,AA,GG,TT,TC,AA,TT,AT,AA,0,GG,CT,AG,AA,CC,CC,GG,GG,CC,GG,AA,AA,GG,CC,TT,AA,CC,GG,GG,0,CT,GG,CT,CC,CC,0,CC,0,CC,CC,GG,TT,AA,CC,GA,TT,TT,TT,TT,0,AT,AA,GA,CT,AA,AA,GG,0,TT,GA,CG,CT,GG,0,TT,GG,0,CC,CC,CC,GA,GG,GG,CC,GG,GG,CC,GG,TT,GG,GG,CC,GG,AA,CC,TT,GG,GG,CC
scat_marten,0,SDunes_M08.sc,,,Coos05,,CONSENSUS,329910,290597,87.77,91%,83,0,AA,CC,CC,GG,TT,AG,GG,AT,GG,CC,CC,TT,NA,CC,CC,TC,CC,CC,AA,AA,CC,CC,NA,AA,GG,TT,TC,GA,TT,AT,AA,GG,GG,CT,AG,AA,CC,CC,GG,GG,CC,GG,NA,AA,GG,CC,TT,AA,CC,GG,GG,TT,CT,GG,NA,CC,CC,CT,CC,0,CC,CC,GG,TT,AA,CC,GA,TT,TT,TT,TT,GT,AT,AA,GA,CT,AA,AA,GG,AA,TT,GA,CG,CT,GG,0,NA,GG,AA,CC,CC,CC,GA,GG,GG,CC,GG,GG,CC,GG,TT,GG,GG,CC,GG,AA,CC,TT,GG,GG,CC
scat_marten,NA,NA,Nextseq499,MACA_P3,Coos08,a,lane1-s001-index--CGCTCAGTTC-TCGTGGAGCG-Coos08_a_S1.assembled,542945,511872,94.28,23%,21,NA,0,CC,TT,CC,TT,GG,0,0,0,0,0,TT,NA,0,0,0,0,CC,0,0,0,0,0,0,0,0,0,GG,0,TT,0,0,0,0,GG,0,0,0,0,GG,0,0,0,0,0,CC,0,0,0,0,0,0,0,0,0,TT,0,0,0,0,0,CC,GG,0,0,CC,GG,0,0,0,TT,GG,AA,0,0,TT,0,NA,0,0,0,0,0,0,0,0,GG,0,0,0,CC,0,0,GG,NA,0,GG,0,0,0,0,NA,0,0,GG,AA,0,0,NA,GG,CC
scat_marten,NA,NA,Nextseq499,MACA_P3,Coos08,b,lane1-s009-index--CTACTCAGTC-GTTGATAGTG-Coos08_b_S9.assembled,225606,214172,94.93,30%,27,NA,AA,CC,0,CC,0,0,0,0,0,0,CC,TT,GG,0,0,0,0,0,0,0,0,0,0,0,0,0,0,GG,0,0,AA,AA,0,0,0,0,0,0,GG,0,CC,0,0,0,0,CC,TT,0,0,0,0,0,TT,0,0,0,0,0,0,GG,CC,0,GG,CC,0,0,AA,TT,0,TT,AA,0,0,0,0,0,AA,AA,GG,0,0,GG,0,TT,0,0,0,0,0,0,CC,CC,0,0,NA,0,0,0,0,0,0,NA,0,0,GG,0,0,TT,NA,0,0
scat_marten,NA,NA,Nextseq499,MACA_P3,Coos08,c,lane1-s017-index--AACCATTCTC-TCGGCAGCAA-Coos08_c_S17.assembled,168200,160946,95.69,26%,24,NA,AA,0,0,GG,0,GG,0,AA,0,0,0,0,GG,0,CC,0,0,0,0,0,TT,0,0,0,GG,0,0,0,CC,TT,AA,0,0,0,0,0,0,CC,GG,0,CC,0,0,0,0,CC,0,0,0,0,0,TT,0,0,CC,TT,0,0,0,0,0,CC,0,0,0,0,0,CC,TT,TT,0,GG,0,0,AA,0,0,0,0,AA,0,0,0,0,0,0,0,GG,0,0,0,0,0,0,0,0,0,0,CC,0,0,0,GG,0,0,0,0,0,0,GG,0
scat_marten,1,NA,,,Coos08,,CONSENSUS,312250,295663,94.97,16%,15,0,AA,CC,0,NA,0,GG,0,0,0,0,0,TT,GG,0,0,0,0,0,0,0,0,0,0,0,0,0,0,GG,0,TT,AA,0,0,0,0,0,0,0,GG,0,CC,0,0,0,0,CC,0,0,0,0,0,0,0,0,0,TT,0,0,0,0,0,CC,GG,0,0,0,NA,NA,0,TT,NA,GG,0,0,0,0,0,0,0,0,0,0,0,0,0,0,0,0,0,0,CC,0,GG* (1 rep),GG* (1 rep),0,0,0,0,0,0,0,0,0,0,GG,0,0,0,0,GG,0
scat_marten,NA,NA,Nextseq499,MACA_P3,Coos26,a,lane1-s003-index--ATATGAGACG-TATAGTAGCT-Coos26_a_S3.assembled,217925,189356,86.89,23%,21,NA,0,0,0,GG,0,GG,0,AA,AA,0,0,0,NA,0,CC,TT,0,0,0,0,0,0,0,0,0,TT,CC,0,0,0,0,0,0,TT,0,0,0,0,0,0,0,GG,0,AA,0,0,0,0,0,0,0,0,0,0,CC,0,0,CC,CC,0,0,0,0,TT,AA,0,0,CC,0,TT,AA,0,0,0,0,0,0,NA,0,0,0,AA,0,0,0,0,TT,GG,0,0,0,0,0,0,0,CC,0,0,CC,GG,TT,0,GG,0,0,0,0,0,0,0,0
scat_marten,NA,NA,Nextseq499,MACA_P3,Coos26,b,lane1-s011-index--GAACATACGG-CATACACTGT-Coos26_b_S11.assembled,256318,219422,85.61,38%,35,NA,GG,0,CT,GG,0,AA,0,0,0,0,CC,0,AA,0,CC,0,TT,0,AA,0,0,0,CC,AA,GG,0,TT,0,0,0,AA,GG,0,0,0,0,0,0,0,GG,0,AA,AA,0,0,CC,0,AA,0,0,CC,0,TT,0,0,0,0,0,0,GA,CC,TT,GG,CC,0,CC,0,0,TT,TT,0,0,0,GG,0,0,0,0,0,AA,TT,0,0,CC,GG,0,0,0,0,CC,0,TT,0,0,0,0,GG,GG,0,0,0,0,0,0,0,0,0,TT,0,0,CC
scat_marten,NA,NA,Nextseq499,MACA_P3,Coos26,c,lane1-s019-index--CTAATGATGG-GGTTGCCTCT-Coos26_c_S19.assembled,148540,139993,94.25,27%,25,NA,0,0,0,GG,0,0,0,0,0,0,0,TT,NA,0,CC,0,0,GG,0,0,0,0,CC,0,0,0,TT,0,CC,TT,0,0,0,0,0,0,0,0,GG,0,0,AA,0,0,0,CC,0,0,0,0,CC,TT,TT,0,0,CC,CC,0,0,0,CC,TT,0,TT,0,0,0,0,0,0,AA,0,0,GG,AA,0,0,NA,0,AA,0,AA,CC,0,0,CC,0,GG,0,0,0,0,0,0,0,0,0,0,0,0,0,0,GG,0,0,AA,0,0,0,GG,0
scat_marten,1,NA,,,Coos26,,CONSENSUS,207594,182924,88.92,13%,12,0,0,0,0,GG,0,NA,0,0,0,0,0,0,0,0,CC,0,0,0,0,0,0,0,CC,0,0,0,NA,0,0,0,0,0,0,0,0,0,0,0,0,0,0,NA,0,0,0,CC,0,0,0,0,CC,0,TT,0,0,0,0,0,0,0,CC,TT,0,NA,0,0,0,0,0,TT,AA,0,0,GG,0,0,0,0,0,AA,0,AA,0,0,0,0,0,GG,0,0,0,0,0,0,0,0,0,0,0,0,0,0,GG,0,0,0,0,0,0,0,0
scat_marten,NA,SDunes_M13.sc,Nextseq499,MACA_P3,Coos52,a,lane1-s076-index--GTAGAGTCAG-ACGGCCGTCA-Coos52_a_S76.assembled,681818,662888,97.22,100%,91,NA,GG,CC,CT,GG,TT,AG,GG,AA,GA,CT,CC,TT,AA,CC,CC,TC,CT,CG,AA,GA,CC,CC,CC,AA,GG,TT,TC,GG,CC,AT,AA,GG,GG,CT,AG,AG,CC,TT,GG,GG,CC,GA,AA,AA,GG,CC,TT,AA,CC,GG,CC,TT,TT,GG,CC,CC,CC,CC,CG,GA,CC,TT,GG,TC,AA,CC,GG,CC,TT,TT,TA,GT,AA,GG,GA,CC,AA,AA,GT,AA,TT,AA,CC,CT,GG,CC,TT,GG,AA,CC,CC,TT,GG,GG,GG,CC,GG,GG,CC,GG,TT,GG,GG,CC,GG,AA,CC,TT,GG,GG,CC
scat_marten,NA,SDunes_M13.sc,Nextseq499,MACA_P3,Coos52,b,lane1-s084-index--GTCCACTTGT-GCGCGATGTT-Coos52_b_S84.assembled,321745,313384,97.4,100%,91,NA,GG,CC,CT,GG,TT,AG,GG,AA,GA,CT,CC,TT,AA,CC,CC,TC,CT,CG,AA,GA,CC,CC,CC,AA,GG,TT,TC,GG,CC,AT,AA,GG,GG,CT,AG,AG,CC,TT,GG,GG,CC,GA,AA,AA,GG,CC,TT,AA,CC,GG,CC,TT,TT,GG,CC,CC,CC,CC,CG,GA,CC,TT,GG,TC,AA,CC,GG,CC,TT,TT,TA,GT,AA,GG,GA,CC,AA,AA,GT,AA,TT,AA,CC,CT,GG,CC,TT,GG,AA,CC,CC,TT,GG,GG,GG,CC,GG,GG,CC,GG,TT,GG,GG,CC,GG,AA,CC,TT,GG,GG,CC
scat_marten,NA,SDunes_M13.sc,Nextseq499,MACA_P3,Coos52,c,lane1-s092-index--ATACCAACGC-ACATACTTCC-Coos52_c_S92.assembled,449148,435541,96.97,100%,91,NA,GG,CC,CT,GG,TT,AG,GG,AA,GA,CT,CC,TT,AA,CC,CC,TC,CT,CG,AA,GA,CC,CC,CC,AA,GG,TT,TC,GG,CC,AT,AA,GG,GG,CT,AG,AG,CC,TT,GG,GG,CC,GA,AA,AA,GG,CC,TT,AA,CC,GG,CC,TT,TT,GG,CC,CC,CC,CC,CG,GA,CC,TT,GG,TC,AA,CC,GG,CC,TT,TT,TA,GT,AA,GG,GA,CC,AA,AA,GT,AA,TT,AA,CC,CT,GG,CC,TT,GG,AA,CC,CC,TT,GG,GG,GG,CC,GG,GG,CC,GG,TT,GG,GG,CC,GG,AA,CC,TT,GG,GG,CC
scat_marten,0,SDunes_M13.sc,,,Coos52,,CONSENSUS,484237,470604,97.2,100%,91,0,GG,CC,CT,GG,TT,AG,GG,AA,GA,CT,CC,TT,AA,CC,CC,TC,CT,CG,AA,GA,CC,CC,CC,AA,GG,TT,TC,GG,CC,AT,AA,GG,GG,CT,AG,AG,CC,TT,GG,GG,CC,GA,AA,AA,GG,CC,TT,AA,CC,GG,CC,TT,TT,GG,CC,CC,CC,CC,CG,GA,CC,TT,GG,TC,AA,CC,GG,CC,TT,TT,TA,GT,AA,GG,GA,CC,AA,AA,GT,AA,TT,AA,CC,CT,GG,CC,TT,GG,AA,CC,CC,TT,GG,GG,GG,CC,GG,GG,CC,GG,TT,GG,GG,CC,GG,AA,CC,TT,GG,GG,CC
scat_marten,NA,SDunes_M10.sc,Nextseq499,MACA_P3,Coos73,a,lane1-s006-index--GCGCGATGTT-GTCCACTTGT-Coos73_a_S6.assembled,136469,131909,96.66,99%,90,NA,AA,CC,TT,GG,TT,GG,GG,AT,GG,CT,CC,TT,GG,CC,CC,TT,CC,CG,AA,GA,CC,AA,CA,AA,GG,TT,TC,GA,CC,AA,AA,AA,GA,CC,GG,AG,TT,CC,GA,GG,CC,GA,AA,AA,GG,CC,TT,AA,CC,GT,CC,TT,CT,GG,CC,CC,CC,CT,CC,GA,AA,TC,GG,TT,AA,GG,GA,CC,TT,TT,AA,GT,AA,GG,GA,CC,AA,AA,TT,AA,TT,GA,CC,CC,GG,GC,GG,AA,AA,CC,CC,CT,0,GG,AA,CC,GG,GG,CC,GG,TT,GG,AA,CC,GG,AA,CC,TT,GG,GG,GG
scat_marten,NA,SDunes_M10.sc,Nextseq499,MACA_P3,Coos73,b,lane1-s014-index--GTGCCGCTTC-CGGCTCTACT-Coos73_b_S14.assembled,675933,659192,97.52,100%,91,NA,AA,CC,TT,GG,TT,GG,GG,AT,GG,CT,CC,TT,GG,CC,CC,TT,CC,CG,AA,GA,CC,AA,CA,AA,GG,TT,TC,GA,CC,AA,AA,AA,GA,CC,GG,AG,TT,CC,GA,GG,CC,GA,AA,AA,GG,CC,TT,AA,CC,GT,CC,TT,CT,GG,CC,CC,CC,CT,CC,GA,AA,TC,GG,TT,AA,GG,GA,CC,TT,TT,AA,GT,AA,GG,GA,CC,AA,AA,TT,AA,TT,GA,CC,CC,GG,GC,GG,AA,AA,CC,CC,CT,GG,GG,AA,CC,GG,GG,CC,GG,TT,GG,AA,CC,GG,AA,CC,TT,GG,GG,GG
scat_marten,NA,SDunes_M10.sc,Nextseq499,MACA_P3,Coos73,c,lane1-s022-index--GAGCGCAATA-CTGTGTTAGG-Coos73_c_S22.assembled,484091,472355,97.58,99%,90,NA,AA,CC,TT,GG,TT,GG,GG,AT,GG,CT,CC,TT,GG,CC,CC,TT,CC,CG,AA,GA,CC,AA,CA,AA,GG,TT,TC,GA,CC,AA,AA,AA,GA,CC,GG,AG,TT,CC,GA,GG,CC,GA,AA,AA,GG,CC,TT,AA,CC,GT,CC,TT,CT,GG,CC,CC,CC,CT,CC,GA,AA,TC,GG,TT,AA,GG,GA,CC,TT,TT,AA,GT,AA,GG,GA,CC,AA,AA,TT,AA,TT,GA,CC,CC,GG,GC,GG,AA,AA,CC,CC,CT,GG,GG,AA,CC,GG,GG,CC,GG,TT,GG,AA,CC,GG,AA,CC,TT,GG,GG,GG
scat_marten,0,SDunes_M10.sc,,,Coos73,,CONSENSUS,432164,421152,97.25,99%,90,0,AA,CC,TT,GG,TT,GG,GG,AT,GG,CT,CC,TT,GG,CC,CC,TT,CC,CG,AA,GA,CC,AA,CA,AA,GG,TT,TC,GA,CC,AA,AA,AA,GA,CC,GG,AG,TT,CC,GA,GG,CC,GA,AA,AA,GG,CC,TT,AA,CC,GT,CC,TT,CT,GG,CC,CC,CC,CT,CC,GA,AA,TC,GG,TT,AA,GG,GA,CC,TT,TT,AA,GT,AA,GG,GA,CC,AA,AA,TT,AA,TT,GA,CC,CC,GG,GC,GG,AA,AA,CC,CC,CT,GG,GG,AA,CC,GG,GG,CC,GG,TT,GG,AA,CC,GG,AA,CC,TT,GG,GG,GG
scat_marten,NA,SCoast_M02.sc,Nextseq499,MACA_P3,Coos75,a,lane1-s007-index--AGAGCACTAG-TGGAACAGTA-Coos75_a_S7.assembled,348891,335232,96.09,78%,71,NA,GG,AA,0,GC,TT,0,GG,TT,GG,0,0,TT,0,CC,CC,0,0,CC,GG,GG,0,CC,CC,AA,GG,TT,CC,AA,CC,AA,AA,GG,AA,TT,0,AA,TT,TT,AA,GA,CC,GG,0,AA,0,CC,TT,AA,CT,GT,0,0,TT,GG,0,CC,TT,CC,GG,GG,CA,TC,GG,TT,AA,CC,0,CC,0,TT,TT,TT,AA,GG,GG,0,GA,GA,0,GG,0,GG,CC,CC,GG,CC,GG,GA,CC,CC,CC,TT,GG,GG,GG,CC,GG,GG,0,GG,TT,GA,GA,CC,GG,AA,CC,TT,GG,GG,CC
scat_marten,NA,SCoast_M02.sc,Nextseq499,MACA_P3,Coos75,b,lane1-s015-index--CGGCAATGGA-GAATGCACGA-Coos75_b_S15.assembled,399876,388631,97.19,84%,76,NA,GG,CC,CC,GG,TT,0,GG,0,GG,CC,CC,TT,GG,TC,CC,0,CC,CC,AG,GG,CC,0,AA,AA,0,TC,CC,AA,0,0,AA,GG,AA,TT,GG,AA,TT,TT,AA,GG,CC,0,AG,AA,GG,CC,TT,AA,CC,GT,GG,TT,TT,GG,0,CC,TT,CC,0,GG,CA,TC,GG,TT,AA,CC,AA,CC,0,TT,TT,TT,AA,GG,GG,CC,0,0,0,GG,0,GG,CC,CC,GG,CC,GG,AA,CC,CC,CC,TT,GG,GG,0,CC,GG,GG,0,0,TT,GG,AA,CC,GG,AA,CC,TT,GG,GG,CC
scat_marten,NA,SCoast_M02.sc,Nextseq499,MACA_P3,Coos75,c,lane1-s023-index--AACAAGGCGT-TAAGGAACGT-Coos75_c_S23.assembled,338922,330102,97.4,80%,73,NA,GG,0,TT,GC,TT,0,GG,TT,GG,0,CC,TT,0,TC,CC,0,0,CC,0,GG,0,CC,AA,AA,GG,0,CC,AA,CC,AT,AA,GG,AA,TT,AA,AA,TT,TT,GA,GG,CC,GG,AG,AA,GT,CC,TC,AA,TT,TT,0,TT,TT,GG,0,CC,TT,0,0,GG,0,TC,GG,TT,AA,CC,AA,0,TC,TT,0,TT,AA,GG,GG,0,GA,GA,GT,GG,TT,GG,CC,CC,GG,CC,GG,GG,CC,CC,CC,TT,0,GG,GG,CC,GG,GG,0,0,TT,AA,GG,CC,GG,AA,CC,TT,GG,GG,CC
scat_marten,NA,SCoast_M02.sc,Nextseq533,MACA_P11,Coos75,a,lane1-s076-index--AGTTAATGCT-CATAACACCA-MACAP11,363325,339296,93.39,77%,70,0,GG,CC,0,0,0,AA,0,AA,GG,0,CC,0,0,TC,CC,CC,CC,CC,0,GG,CC,CC,AA,0,GG,0,CC,AA,CC,AA,AA,GG,AA,0,GG,AA,TT,TT,0,0,CC,GG,0,0,0,CC,TT,AA,CT,GT,GG,TT,0,GG,CT,CC,TT,CT,GG,GG,CA,TC,GG,TT,AA,CC,AA,CC,0,TT,TT,TT,AA,GG,GG,CC,0,GA,GG,GG,GG,GG,CC,CC,GG,CC,GG,0,CC,0,CC,TT,0,0,GG,CC,GG,GG,CC,GG,0,GA,0,CC,GG,AA,CC,TT,GG,GG,CC
scat_marten,NA,SCoast_M02.sc,Nextseq533,MACA_P11,Coos75,b,lane1-s084-index--AACGGTCTAT-ATTACTCACC-MACAP11,31712,27938,88.1,79%,72,0,0,CC,CT,GG,TT,AA,GG,AT,GG,CC,CC,TT,GG,TT,CC,CC,CC,CC,0,GG,CC,CC,CC,AA,GG,0,CC,AA,CC,AA,0,0,0,TT,GG,AA,0,TT,GG,GG,CC,0,AA,0,TT,CC,TC,0,TT,GT,GG,TT,TT,0,0,0,TT,CC,GG,GG,CC,CC,GG,TT,AA,CC,AA,CC,0,TT,0,TT,AA,GG,GG,CC,AA,AA,TT,0,TG,GG,CC,0,GG,CC,GG,AA,CC,0,CC,TT,0,0,GG,CC,GG,0,0,GG,0,AA,AA,CC,GG,AA,0,0,GG,0,CC
scat_marten,NA,SCoast_M02.sc,Nextseq533,MACA_P11,Coos75,c,lane1-s092-index--GGATTATGGA-CAACCGGAGG-MACAP11,185308,170251,91.87,80%,73,0,GG,CC,CT,GG,TT,0,GG,TT,GG,CC,CC,TT,GG,TC,CC,0,CC,CC,0,0,CC,CC,CA,0,GG,0,CC,0,CC,AT,AA,GG,AA,TT,0,AA,TT,TT,GG,GA,0,GG,AA,AA,0,CC,0,AA,CC,TT,0,0,0,GG,CC,CC,TT,CT,GG,GG,CA,TT,GG,0,AA,0,AA,CC,0,TT,TT,TT,AA,GG,GG,CC,GG,GG,GG,GG,0,GG,CC,CC,GG,CC,GG,GG,CC,CC,CC,TT,0,0,GG,CC,GG,GG,CC,GG,TT,GG,GG,CC,GG,AA,CC,TT,GG,GG,0
scat_marten,0,SCoast_M02.sc,Nextseq499 / Nextseq533,MACA_P3 / MACA_P11,Coos75,,CONSENSUS,278006,265242,94.01,91%,83,0,GG,NA,CT,GC,TT,AA,GG,AT,GG,CC,CC,TT,NA,TC,CC,CC,CC,CC,NA,GG,CC,CC,CA,AA,GG,NA,CC,AA,CC,AT,AA,GG,AA,TT,NA,AA,TT,TT,GA,GA,CC,GG,AG,AA,GT,CC,TC,AA,CT,GT,GG,TT,TT,GG,NA,CC,TT,CT,GG,GG,CA,TC,GG,TT,AA,CC,AA,CC,0,TT,TT,TT,AA,GG,GG,CC,GA,NA,GT,GG,TG,GG,CC,CC,GG,CC,GG,GA,CC,CC,CC,TT,GG,GG,GG,CC,GG,GG,CC,GG,TT,NA,GA,CC,GG,AA,CC,TT,GG,GG,CC
scat_marten,NA,SCoast_M02.sc,Nextseq499,MACA_P3,Coos78,a,lane1-s025-index--TTCTATGGTT-GGCGAGATGG-Coos78_a_S25.assembled,344051,315227,91.62,84%,76,NA,GG,AC,0,0,TT,0,GG,TT,GG,0,CC,TT,GG,TT,CC,CC,CC,0,AA,GG,CC,CC,CA,AA,0,TC,CC,AA,CC,AT,AA,0,AA,TT,GG,AA,TT,TT,GA,GA,CC,0,AG,AA,GT,CC,TC,AA,0,GT,GG,TT,TT,GG,CT,0,TT,CT,GG,GG,CA,CC,GG,TT,AA,CC,AA,CC,CC,TT,TT,TT,AA,GG,GG,0,0,NA,GG,0,0,GG,CC,CC,GG,CC,GG,AA,CC,CC,CC,TT,GG,GG,GG,CC,GG,GG,CC,GG,TT,0,AA,CC,GG,0,CC,TT,GG,0,CC
scat_marten,NA,SCoast_M02.sc,Nextseq499,MACA_P3,Coos78,b,lane1-s033-index--CGTATAATCA-GTCGATTACA-Coos78_b_S33.assembled,324142,294799,90.95,82%,75,NA,GG,0,0,CC,TT,AA,0,AT,GG,CC,CC,TT,GG,0,CC,0,CC,CC,GG,GG,CC,CC,CA,AA,0,CC,CC,0,CC,AT,AA,GG,AA,TT,GG,AA,TT,0,GG,AA,CC,GG,AG,AA,GG,CC,TC,AA,TT,GT,GG,TT,0,GG,0,CC,TT,CT,0,GG,CA,TC,GG,TT,AA,CC,AA,CC,0,TT,TT,TT,AA,GG,GG,CC,0,0,GT,GG,0,GG,CC,CC,GG,CC,GG,GG,0,CC,CC,TT,0,GG,GG,CC,GG,GG,0,0,TT,AA,GG,CC,GG,AA,CC,TT,GG,GG,CC
scat_marten,NA,SCoast_M02.sc,Nextseq499,MACA_P3,Coos78,c,lane1-s041-index--ATTGCCGAGT-GACAACTGAA-Coos78_c_S41.assembled,452144,409926,90.66,88%,80,NA,GG,CC,TT,GC,TT,0,0,AT,GG,0,CC,TT,GG,CC,CC,0,CC,CC,AA,GG,CC,CC,CC,AA,GG,CC,CC,AA,CC,AT,AA,GG,0,TT,GG,AA,TT,TT,AA,GA,CC,GG,0,AA,TT,CC,TC,AA,TT,GT,0,TT,TT,GG,TT,CC,TT,TT,GG,0,AA,0,GG,TT,AA,CC,AA,CC,TC,TT,TT,TT,AA,GG,GG,CC,0,0,GG,GG,TG,GG,CC,CC,GG,CC,GG,GA,CC,CC,CC,TT,GG,GG,GG,CC,GG,GG,CC,GG,TT,AA,GA,CC,GG,AA,0,TT,GG,GG,CC
scat_marten,NA,SCoast_M02.sc,Nextseq552,MACA_P13,Coos78,a,lane1-s028-index--CTGCGTTACC-AGTCCGAGGA-M13_Coos78_a_S28.assembled,386256,355244,91.97,67%,61,0,GG,0,TT,GG,TT,0,GG,0,0,0,0,TT,GG,TC,CC,CC,0,CC,0,GG,TT,0,CA,AA,GG,0,0,AA,CC,AT,AA,0,AA,TT,0,AA,,0,AA,GA,CC,0,AG,AA,GG,CC,0,AA,CC,0,GG,TT,0,GG,TT,CC,TT,TT,GG,0,CA,TT,GG,0,AA,CC,AA,CC,0,TT,TT,TT,AA,GG,0,CC,0,0,0,GG,0,GG,0,CC,0,CC,GG,GG,CC,CC,0,TT,0,0,0,CC,GG,0,CC,GG,TT,GG,GG,0,0,AA,CC,TT,0,GG,CC
scat_marten,NA,SCoast_M02.sc,Nextseq552,MACA_P13,Coos78,b,lane1-s036-index--ATGTAACGTT-AACGAGCCAG-M13_Coos78_b_S36.assembled,27201,25567,93.99,9%,8,0,0,0,0,GG,0,0,0,0,GG,0,0,TT,GG,0,0,0,0,0,0,0,0,0,0,0,0,0,0,0,0,0,0,0,0,TT,0,0,,0,0,0,CC,0,GG,0,0,0,0,0,0,0,0,0,0,0,0,0,0,0,0,0,0,0,0,0,0,0,0,0,0,0,0,0,AA,0,0,0,0,0,0,GG,0,0,0,0,GG,0,0,0,0,0,0,0,0,0,NA,CC,0,0,0,0,TT,NA,0,0,0,0,0,0,NA,0,0
scat_marten,NA,SCoast_M02.sc,Nextseq552,MACA_P13,Coos78,c,lane1-s044-index--TACGTGAAGG-ATTGACACAT-M13_Coos78_c_S44.assembled,125451,115311,91.92,81%,74,0,GG,AA,CC,GC,0,0,GG,AT,GG,CC,CC,TT,GG,TC,CC,CC,CC,CC,0,GG,CC,0,CA,AA,GG,0,CC,AA,CC,TT,AA,GG,AA,TT,GG,AA,,0,AA,GA,CC,GG,GG,AA,TT,CC,0,AA,CT,GG,0,0,TT,GG,CC,CC,TT,CT,CG,0,CA,CC,GG,TT,AA,CC,AA,CC,0,TT,0,TT,0,GG,GG,CC,0,0,GG,GG,TT,GG,CC,CC,GG,CC,GG,GG,0,CC,CC,TT,0,GG,0,CC,GG,0,CC,GG,TT,GA,GG,CC,GG,AA,CC,TT,GG,GG,CC
scat_marten,0,SCoast_M02.sc,,,Coos78,6,CONSENSUS,276541,252679,91.85,88%,80,0,GG,AC,NA,GC,TT,0,GG,AT,GG,CC,CC,TT,GG,TC,CC,CC,CC,CC,NA,GG,NA,CC,CA,AA,GG,NA,CC,AA,CC,AT,AA,GG,AA,TT,GG,AA,TT,TT,GA,GA,CC,GG,AG,AA,GT,CC,TC,AA,CT,GT,GG,TT,TT,GG,CT,CC,TT,CT,NA,GG,CA,TC,GG,TT,AA,CC,AA,CC,NA,TT,TT,TT,AA,GG,GG,CC,0,0,NA,GG,NA,GG,CC,CC,GG,CC,GG,GA,CC,CC,CC,TT,GG,GG,GG,CC,GG,GG,CC,GG,TT,GA,GA,CC,GG,AA,CC,TT,GG,GG,CC
scat_marten,NA,SCoast_M02.sc,Nextseq499,MACA_P3,Coos92,a,lane1-s026-index--CCTCGCAACC-AATAGAGCAA-Coos92_a_S26.assembled,700894,653725,93.27,92%,84,NA,GG,CC,CT,GC,TT,AA,GG,0,GG,CC,CC,TT,GG,TC,CC,CC,CC,CC,AG,GG,CC,CC,AA,AA,GG,TT,CC,AA,CC,AT,0,0,AA,TT,AG,AA,TT,TT,GA,0,CC,GG,AG,AA,GG,CC,TC,AA,CT,GG,GG,TT,TT,GG,0,CC,TT,CT,GG,GG,CA,TC,GG,TT,AA,CC,AA,CC,TC,TT,TT,TT,AA,GG,GG,0,GA,GA,GG,GG,GG,GG,CC,CC,GG,CC,GG,GG,CC,CC,CC,TT,0,GG,GG,CC,GG,GG,0,GG,TT,GA,GG,CC,GG,AA,CC,TT,GG,GG,CC
scat_marten,NA,SCoast_M02.sc,Nextseq499,MACA_P3,Coos92,b,lane1-s034-index--TACGCGGCTG-ACTAGCCGTG-Coos92_b_S34.assembled,565066,517621,91.6,93%,85,NA,GG,AC,CT,0,TT,AA,GG,TT,GG,CC,CC,TT,GG,0,CC,CC,0,CC,AG,GG,CC,CC,CA,AG,GG,TT,CC,AA,CC,AT,AA,GG,AA,TT,AA,AA,TT,TT,GA,GA,CC,GG,GG,AA,GT,CC,TC,AA,CT,GT,GG,TT,TT,GG,CT,CC,TT,CT,GG,GG,0,TC,GG,TT,AA,CC,AA,CC,TT,TT,TT,TT,AA,GG,GG,CC,GG,GG,GG,GG,GG,GG,CC,CC,GG,CC,GG,0,CC,CC,CC,TT,0,GG,GG,CC,GG,GG,CC,GG,TT,GA,0,CC,GG,AA,CC,TT,GG,GG,CC
scat_marten,NA,SCoast_M02.sc,Nextseq499,MACA_P3,Coos92,c,lane1-s042-index--GCCATTAGAC-AGTGGTCAGG-Coos92_c_S42.assembled,643881,531277,82.51,90%,82,NA,GG,CC,CT,GC,TT,0,0,AA,GG,CC,CC,TT,GG,CC,CC,CC,CC,CC,AG,GG,CC,CC,CA,AA,GG,CC,CC,AA,CC,AA,AA,GG,AA,TT,AA,AA,TT,TT,GA,GA,CC,GG,AG,0,GT,CC,TC,AA,CT,TT,0,TT,TT,GG,TT,CC,TT,CT,GG,0,CA,TC,GG,TT,AA,CC,AA,CC,TC,TT,TT,TT,AA,GG,GG,CC,0,0,0,GG,TG,GG,CC,CC,GG,CC,0,GG,CC,CC,CC,TT,GG,GG,GG,CC,GG,GG,CC,GG,0,GA,GG,CC,GG,AA,CC,TT,GG,GG,CC
scat_marten,0,SCoast_M02.sc,,,Coos92,,CONSENSUS,636614,567541,89.13,88%,80,0,GG,NA,CT,GC,TT,AA,GG,NA,GG,CC,CC,TT,GG,NA,CC,CC,CC,CC,AG,GG,CC,CC,CA,NA,GG,NA,CC,AA,CC,AT,AA,GG,AA,TT,NA,AA,TT,TT,GA,GA,CC,GG,AG,AA,GT,CC,TC,AA,CT,GT,GG,TT,TT,GG,NA,CC,TT,CT,GG,GG,CA,TC,GG,TT,AA,CC,AA,CC,TC,TT,TT,TT,AA,GG,GG,CC,NA,NA,GG,GG,NA,GG,CC,CC,GG,CC,GG,GG,CC,CC,CC,TT,GG* (1 rep),GG,GG,CC,GG,GG,CC,GG,TT,GA,GG,CC,GG,AA,CC,TT,GG,GG,CC
scat_marten,NA,NA,Nextseq499,MACA_P3,Coos93,a,lane1-s008-index--TGCCTTGATC-CCTTGTTAAT-Coos93_a_S8.assembled,455202,430817,94.64,68%,62,NA,GG,CC,CC,CC,TT,0,0,AA,0,CC,CC,TT,GG,CC,0,CC,CC,CC,0,GG,CC,0,CC,0,GG,TT,0,AA,CC,AA,AA,0,AA,TT,AA,AA,0,TT,AA,GA,0,GG,0,0,TT,CC,0,0,0,0,GG,TT,0,GG,0,CC,TT,TT,0,GG,0,0,GG,TT,AA,CC,AA,0,TT,TT,TT,TT,AA,0,GG,0,AA,GA,0,GG,TT,GG,CC,0,GG,CC,0,AA,CC,CC,0,TT,0,0,0,CC,GG,0,0,0,0,0,AA,0,0,AA,CC,0,0,GG,CC
scat_marten,NA,NA,Nextseq499,MACA_P3,Coos93,b,lane1-s016-index--GCCGTAACCG-AAGACTATAG-Coos93_b_S16.assembled,421827,409818,97.15,71%,65,NA,GG,0,0,CC,TT,AA,GG,AA,0,CC,CC,TT,GG,TC,CC,0,CC,CC,AG,GG,CC,CC,AA,AA,0,TT,CC,AA,CC,0,AA,0,AA,TT,GG,0,TT,0,AA,0,CC,GG,0,AA,0,CC,0,AA,CC,TT,GG,0,TT,GG,0,0,TT,0,0,0,CA,TC,GG,TT,AA,CC,AA,CC,TC,TT,0,TT,AA,GG,GG,0,AA,0,0,GG,GG,GG,CC,CC,GG,CC,GG,0,0,CC,CC,0,GG,GG,GG,CC,GG,GG,0,0,TT,GG,0,CC,GG,AA,CC,TT,GG,0,CC
scat_marten,NA,NA,Nextseq499,MACA_P3,Coos93,c,lane1-s024-index--GTATGTAGAA-CTAACTGTAA-Coos93_c_S24.assembled,565316,552365,97.71,76%,69,NA,GG,CC,0,GG,0,AA,GG,TT,GG,CC,CC,0,0,TT,CC,CC,0,CC,AG,0,CC,CC,CC,AA,GG,TT,CC,AA,0,AT,0,GG,AA,TT,AA,AA,TT,TT,AA,GA,CC,0,0,AA,GG,CC,TT,AA,0,0,GG,TT,TT,GG,CC,0,0,CT,0,0,CA,TC,GG,TT,AA,CC,AA,CC,TT,TT,TT,TT,AA,GG,GG,0,AA,0,TT,GG,GG,GG,CC,0,GG,CC,GG,0,CC,0,CC,TT,GG,GG,GG,CC,GG,GG,CC,0,TT,0,0,0,GG,AA,CC,0,0,0,CC
scat_marten,NA,NA,Nextseq533,MACA_P11,Coos93,a,lane1-s077-index--GGTGAGTAAT-TCCTATTAGC-MACAP11,736885,692276,93.95,70%,64,0,GG,0,CC,GG,0,AA,0,AA,GG,CC,0,TT,AG,CC,CC,0,0,CC,0,GG,0,CC,AA,AA,GG,0,CC,AA,CC,AA,AA,0,0,TT,0,AA,TT,0,AA,GA,CC,GG,0,AA,0,0,0,AA,0,GT,0,TT,TT,GG,CC,CC,TT,TT,0,GG,CA,0,GC,TT,AA,CC,AA,CC,0,TT,TT,TT,AA,GG,GG,CC,AA,0,GT,0,GG,GG,CC,CC,GG,CC,GG,0,CC,0,CC,TT,GG,GG,GG,CC,GG,GG,CC,0,TT,0,0,CC,GG,AA,0,TT,GG,GG,CC
scat_marten,NA,NA,Nextseq533,MACA_P11,Coos93,b,lane1-s085-index--GTTGCGTTCA-AATTGGCGGA-MACAP11,123450,119549,96.84,63%,57,0,GG,0,0,CC,TT,0,GG,TT,GG,0,CC,TT,0,0,CC,CC,0,CC,0,GG,CC,0,CC,0,GG,0,0,AA,CC,0,0,GG,AA,TT,AG,0,0,TT,GG,GG,CC,GG,GG,0,TT,CC,0,0,CC,TT,0,0,TT,GG,0,CC,TT,0,GG,0,CA,0,GG,0,AA,CC,AA,CC,0,TT,TT,TT,AA,GG,GG,CC,AA,0,GG,GG,0,GG,0,CC,GG,CC,0,0,0,CC,0,TT,GG,GG,0,CC,GG,0,0,GG,0,GG,0,CC,0,AA,CC,TT,GG,GG,CC
scat_marten,NA,NA,Nextseq533,MACA_P11,Coos93,c,lane1-s093-index--TGGTTCTCAT-GGCAGTAGCA-MACAP11,552289,537981,97.41,65%,59,0,GG,0,0,GG,0,0,GG,AT,GG,0,CC,TT,GG,TT,CC,0,0,CC,0,GG,0,0,0,0,GG,0,CC,0,CC,0,AA,GG,AA,TT,GG,0,0,0,GG,AA,CC,GG,GG,AA,GG,CC,CC,AA,TT,0,0,0,TT,GG,0,CC,TT,CC,0,GG,CA,TC,GG,TT,AA,CC,AA,CC,0,TT,TT,TT,AA,GG,GG,0,AA,0,TT,0,0,GG,0,CC,GG,CC,GG,0,CC,0,0,TT,0,GG,0,CC,GG,GG,0,0,TT,AA,0,0,0,AA,CC,TT,0,GG,CC
scat_marten,0,NA,Nextseq499 / Nextseq533,MACA_P3 / MACA_P11,Coos93,,CONSENSUS,475828,457134,96.28,89%,81,0,GG,CC,0,GC,TT,AA,GG,AT,GG,CC,CC,TT,NA,TC,CC,CC,CC,CC,AG,GG,CC,CC,CA,AA,GG,TT,CC,AA,CC,NA,AA,GG,AA,TT,AG,AA,TT,TT,GA,GA,CC,GG,GG,AA,GT,CC,NA,AA,NA,NA,GG,TT,TT,GG,CC,CC,TT,CT,0,GG,CA,TC,GG,TT,AA,CC,AA,CC,NA,TT,TT,TT,AA,GG,GG,CC,AA,0,GT,GG,GG,GG,CC,CC,GG,CC,GG,0,CC,CC,CC,TT,GG,GG,GG,CC,GG,GG,CC,0,TT,NA,0,CC,GG,AA,CC,TT,GG,GG,CC
scat_marten,NA,NA,Nextseq499,MACA_P3,Curr25,a,lane1-s028-index--ATGTCGTGGT-TCGTATGCGG-Curr25_a_S28.assembled,125586,278,0.22,-1%,-1,NA,0,0,0,0,0,0,0,0,0,0,0,0,NA,0,0,0,0,0,0,0,0,0,0,0,0,0,0,0,0,0,0,0,0,0,0,0,0,0,0,0,0,0,0,0,0,0,0,0,0,0,0,0,0,0,0,0,0,0,0,0,0,0,0,0,0,0,0,0,0,0,0,0,0,0,0,0,AA,NA,0,0,0,0,0,0,0,0,0,0,0,0,0,0,0,0,NA,0,0,0,0,0,0,NA,0,0,0,0,0,0,NA,0,0
scat_marten,NA,NA,Nextseq499,MACA_P3,Curr25,b,lane1-s036-index--TACGGCCGGT-TGGCAATATT-Curr25_b_S36.assembled,231885,3,0,-2%,-2,NA,0,0,0,0,0,0,0,0,0,0,0,0,NA,0,0,0,0,0,0,0,0,0,0,0,0,0,0,0,0,0,0,0,0,0,0,0,0,0,0,0,0,0,0,0,0,0,0,0,0,0,0,0,0,0,0,0,0,0,0,0,0,0,0,0,0,0,0,0,0,0,0,0,0,0,0,0,0,NA,0,0,0,0,0,0,0,0,0,0,0,0,0,0,0,0,NA,0,0,0,0,0,0,NA,0,0,0,0,0,0,NA,0,0
scat_marten,NA,NA,Nextseq499,MACA_P3,Curr25,c,lane1-s044-index--TGGCTCGCAG-AATCCGGCCA-Curr25_c_S44.assembled,56880,2,0,-2%,-2,NA,0,0,0,0,0,0,0,0,0,0,0,0,NA,0,0,0,0,NA,0,0,0,0,0,0,NA,0,0,0,0,0,0,0,0,0,0,0,0,0,0,NA,0,0,NA,0,0,0,0,0,0,NA,0,0,NA,0,NA,NA,0,0,NA,0,0,0,0,0,0,NA,0,0,0,0,0,0,0,0,0,0,NA,NA,0,NA,0,0,0,NA,0,NA,0,0,0,0,0,0,0,0,NA,0,0,0,0,0,0,NA,0,0,NA,0,0,0,NA,0,0
scat_marten,1,NA,,,Curr25,,CONSENSUS,138117,94,0.07,-2%,-2,0,0,0,0,0,0,0,0,0,0,0,0,0,0,0,0,0,0,0,0,0,0,0,0,0,0,0,0,0,0,0,0,0,0,0,0,0,0,0,0,0,0,0,0,0,0,0,0,0,0,0,0,0,0,0,0,0,0,0,0,0,0,0,0,0,0,0,0,0,0,0,0,0,0,0,0,0,0,0,0,0,0,0,0,0,0,0,0,0,0,0,0,0,0,0,0,0,0,0,0,0,0,0,0,0,0,0,0,0,0,0,0
scat_marten,NA,NA,Nextseq499,MACA_P3,Curr29,a,lane1-s029-index--AGAGTGCGGC-TCCGACCTCG-Curr29_a_S29.assembled,478020,385502,80.65,46%,42,NA,0,AA,CC,0,0,0,GG,0,0,CC,0,0,0,0,CC,TT,CC,GG,GG,AA,0,CC,0,0,AA,TT,TT,GG,CC,AA,0,GG,0,CC,0,AA,0,0,GG,0,0,AA,0,GG,0,TT,CC,GG,0,GG,0,0,0,0,0,0,0,0,CC,AA,CC,TT,0,CC,0,0,0,CC,0,0,0,GG,0,0,0,CC,AA,AA,0,0,0,0,0,0,AA,GG,0,GG,CC,CC,CC,TT,0,0,0,TT,0,0,0,CC,CC,0,GG,TT,AA,GG,0,0,GG,0,0
scat_marten,NA,NA,Nextseq499,MACA_P3,Curr29,b,lane1-s037-index--GTCGATTACA-GATCACCGCG-Curr29_b_S37.assembled,535581,423873,79.14,48%,44,NA,0,AA,CC,GG,0,0,GG,0,0,CC,0,0,0,TT,CC,TT,CC,GG,GG,AA,0,CC,0,0,AA,TT,TT,GG,CC,AA,0,GG,0,CC,0,AA,0,0,GG,0,0,AA,0,GG,0,0,CC,GG,0,GG,0,0,0,GG,0,0,0,0,CC,0,CC,TT,0,CC,0,0,0,CC,0,0,0,GG,0,0,0,CC,AA,AA,0,0,0,0,CC,0,AA,GG,0,GG,CC,CC,CC,TT,0,0,0,TT,0,0,0,CC,CC,0,GG,TT,AA,GG,0,0,GG,0,0
scat_marten,NA,NA,Nextseq499,MACA_P3,Curr29,c,lane1-s045-index--TAGAATAACG-CCATAAGGTT-Curr29_c_S45.assembled,640653,477462,74.53,47%,43,NA,0,AA,CC,0,0,0,GG,0,0,CC,0,0,0,TT,CT,TT,CC,GG,GG,AA,0,CC,0,0,AA,TT,TT,GG,CC,AA,0,GG,0,CC,0,AA,0,0,0,0,0,AA,0,GG,0,TT,CC,GG,0,GG,0,0,0,GG,0,0,0,0,CC,0,CC,TT,0,CC,0,0,0,CC,0,0,0,GG,0,0,0,CC,AA,AA,GG,0,0,0,0,0,AA,GG,0,GG,CC,CC,CC,TT,0,0,0,TT,0,0,0,CC,CC,0,GG,TT,AA,GG,0,0,GG,0,0
scat_marten,NA,NA,Nextseq533,MACA_P12,Curr29,a,lane1-s674-index--TGTGGTCCGG-GTGTTACCGG-MACAP12,588809,480492,81.6,60%,55,0,0,AA,CC,0,TT,0,GG,0,0,CC,0,0,GG,TT,CC,TT,CC,GG,0,AA,0,CC,AA,AA,AA,0,TT,GG,CC,AA,0,GG,GA,CC,0,AA,0,0,GG,GG,CC,AA,AG,GG,0,TT,CC,GG,0,GG,0,0,0,GG,0,CC,0,0,CC,AA,CC,TT,GC,CC,0,0,0,CC,0,TT,0,GG,0,0,0,CC,AA,AA,0,0,0,0,CC,0,AA,GG,GG,GG,CC,CC,CC,TT,0,0,0,TT,GG,0,0,CC,CC,0,GG,TT,AA,GG,CT,0,GG,0,0
scat_marten,NA,NA,Nextseq533,MACA_P12,Curr29,b,lane1-s682-index--AGGAGTCGAG-CAGGCGCCAT-MACAP12,380812,286412,75.21,51%,46,0,0,AA,0,0,TT,0,GG,0,0,CC,0,0,GG,TT,CC,TT,CC,GG,0,AA,0,CC,AA,AA,AA,0,TT,GG,CC,AA,0,GG,0,CC,0,AA,0,0,0,0,0,AA,0,0,0,TT,CC,0,0,GG,0,0,0,0,0,CC,0,0,CC,0,CC,TT,0,CC,0,0,0,CC,0,TT,0,GG,0,0,0,CC,AA,AA,GG,0,0,0,CC,0,AA,GG,GG,GG,CC,CC,CC,TT,0,0,0,TT,0,0,0,CC,0,0,GG,TT,AA,GG,0,0,GG,AA,0
scat_marten,NA,NA,Nextseq533,MACA_P12,Curr29,c,lane1-s690-index--TAGGTATGTT-GTTATATGGC-MACAP12,479267,363535,75.85,46%,42,0,0,AA,CC,0,TT,0,GG,0,0,CC,0,0,0,TT,CC,0,CC,GG,0,AA,0,CC,0,0,AA,0,TT,GG,CC,AA,0,GG,GG,CC,0,AA,0,0,GG,0,0,AA,0,0,0,TT,CC,GG,0,GG,0,0,0,0,0,0,0,0,CC,0,CC,TT,0,CC,0,0,0,CC,0,0,0,GG,0,0,0,CC,AA,AA,0,0,0,0,CC,0,AA,GG,GG,0,CC,CC,CC,TT,0,0,0,TT,0,0,0,CC,0,0,0,TT,AA,GG,TT,0,GG,0,0
scat_marten,NA,NA,Nextseq552,MACA_P13,Curr29,a,lane1-s006-index--ATGGCGCCTG-TGTGCTAACA-M13_Curr29_a_S6.assembled,344225,278926,81.03,46%,42,0,0,AA,CC,0,TT,0,GG,0,0,CC,0,0,0,TT,CC,TT,CC,GG,0,AA,0,CC,0,0,AA,0,TT,GG,CC,AA,0,GG,0,CC,0,AA,,0,0,0,0,AA,0,GG,0,0,CC,GG,0,GG,0,0,0,0,0,0,0,0,CC,AA,CC,TT,CC,CC,0,0,0,CC,0,0,0,GG,0,0,0,CC,AA,AA,0,0,0,0,0,0,AA,GG,GG,GG,CC,CC,0,TT,0,0,0,TT,0,0,0,CC,CC,0,GG,TT,0,GG,0,0,GG,0,0
scat_marten,NA,NA,Nextseq552,MACA_P13,Curr29,b,lane1-s014-index--TAATTAGCGT-CGGATTATAT-M13_Curr29_b_S14.assembled,195940,158607,80.95,45%,41,0,0,AA,CC,GG,TT,0,0,0,0,CC,0,0,0,TT,CC,TT,CC,GG,0,AA,0,CC,0,0,AA,0,TT,GG,CC,AA,0,0,0,CC,0,AA,,0,0,0,0,AA,0,GG,0,0,CC,GG,0,GG,0,0,TT,0,0,0,0,0,CC,0,CC,TT,0,CC,0,0,0,CC,0,0,0,GG,0,0,0,CC,AA,AA,0,0,0,0,0,CC,AA,GG,0,GG,CC,CC,CC,TT,0,0,0,TT,0,0,0,CC,CC,0,GG,TT,AA,GG,0,CC,GG,0,0
scat_marten,0.5,NA,Nextseq499 / Nextseq533,MACA_P3 / MACA_P12,Curr29,8,CONSENSUS,455413,356851,78.62,60%,55,0,0,AA,CC,GG,TT,0,GG,0,0,CC,0,0,GG,TT,CC,TT,CC,GG,GG,AA,0,CC,AA,AA,AA,TT,TT,GG,CC,AA,0,GG,NA,CC,0,AA,0,0,GG,0,0,AA,0,GG,0,TT,CC,GG,0,GG,0,0,0,GG,0,CC,0,0,CC,AA,CC,TT,NA,CC,0,0,0,CC,0,TT,0,GG,0,0,0,CC,AA,AA,GG,0,0,0,CC,0,AA,GG,GG,GG,CC,CC,CC,TT,0,0,0,TT,0,0,0,CC,CC,0,GG,TT,AA,GG,NA,0,GG,0,0
scat_marten,NA,NA,Nextseq499,MACA_P3,Curr72,a,lane1-s030-index--TGCCTGGTGG-CTTATGGAAT-Curr72_a_S30.assembled,256482,104243,40.64,2%,2,NA,0,0,0,0,0,AA,0,0,0,0,0,0,NA,0,0,0,0,0,0,0,0,0,0,0,0,0,0,0,0,0,0,0,0,0,0,0,0,0,0,0,0,0,0,0,0,0,0,0,0,GG,0,0,0,0,0,0,0,0,CC,0,0,0,0,0,0,0,0,0,0,0,0,0,0,0,0,0,AA,NA,0,0,0,0,0,0,0,0,0,0,0,0,0,0,0,0,0,0,0,0,0,CC,0,0,0,CC,0,0,0,0,GG,0,0
scat_marten,NA,NA,Nextseq499,MACA_P3,Curr72,b,lane1-s038-index--CTGTCTGCAC-TACCATCCGT-Curr72_b_S38.assembled,265832,93748,35.27,1%,1,NA,0,0,0,0,0,0,0,0,0,0,0,0,NA,0,0,0,0,0,0,0,0,0,0,0,0,0,0,0,0,0,0,0,0,0,0,0,0,0,0,0,0,0,0,0,0,0,0,0,0,GG,0,0,0,0,0,0,0,0,CC,0,0,0,0,0,0,0,0,0,0,0,0,0,0,0,0,0,AA,NA,0,0,0,0,0,0,0,0,0,0,0,0,0,0,0,0,0,0,0,0,0,CC,0,0,0,CC,0,0,0,0,GG,0,0
scat_marten,NA,NA,Nextseq499,MACA_P3,Curr72,c,lane1-s046-index--TAATGGATCT-ATCTCTACCA-Curr72_c_S46.assembled,252165,71868,28.5,1%,1,NA,0,0,0,0,0,0,0,0,0,0,0,0,NA,0,0,0,0,0,0,0,0,0,0,0,0,0,0,0,0,0,0,0,0,0,0,0,0,0,0,0,0,0,0,0,0,0,0,0,0,GG,0,0,0,0,0,0,0,0,CC,0,0,0,0,0,0,0,0,0,0,0,0,0,0,0,0,0,AA,NA,0,0,0,0,0,0,0,0,0,0,0,0,0,0,0,0,0,0,0,0,0,CC,0,0,0,CC,0,0,0,0,GG,0,0
scat_marten,1,NA,,,Curr72,,CONSENSUS,258160,89953,34.8,1%,1,0,0,0,0,0,0,0,0,0,0,0,0,0,0,0,0,0,0,0,0,0,0,0,0,0,0,0,0,0,0,0,0,0,0,0,0,0,0,0,0,0,0,0,0,0,0,0,0,0,0,GG,0,0,0,0,0,0,0,0,CC,0,0,0,0,0,0,0,0,0,0,0,0,0,0,0,0,0,AA,0,0,0,0,0,0,0,0,0,0,0,0,0,0,0,0,0,0,0,0,0,0,CC,0,0,0,CC,0,0,0,0,GG,0,0
scat_marten,NA,SCoast_M01.sc,Nextseq499,MACA_P3,KM002,a,lane1-s027-index--TGGATGCTTA-TCAATCCATT-KM002_a_S27.assembled,756485,487331,64.42,95%,86,NA,AA,AA,CT,CC,TT,GG,GG,AA,GG,CC,CC,TT,GG,TT,CC,TT,CT,CG,AA,AA,CC,AA,0,GG,GA,TC,TC,GA,CC,AT,AA,GG,0,TT,AA,AG,CC,CC,AA,GG,CC,GA,AA,AA,GG,CC,TT,0,CC,GG,GG,TT,CT,AA,0,CC,CC,CT,CC,AA,AA,TT,CC,TT,AG,CC,GA,CC,TC,TG,AA,GT,AA,GG,GA,CC,AA,AA,GG,AA,TT,GG,CG,CC,GG,GC,GT,GG,AA,TT,CC,TT,0,GG,AA,CC,GG,0,0,CC,TT,GG,GG,CC,GG,AA,0,TT,GG,GG,CC
scat_marten,NA,SCoast_M01.sc,Nextseq499,MACA_P3,KM002,b,,,,,-2%,-2,NA,0,0,0,0,0,0,0,0,0,0,0,0,NA,0,0,0,0,0,0,0,0,0,0,0,0,0,0,0,0,0,0,0,0,0,0,0,0,0,0,0,0,0,0,0,0,0,0,0,0,0,0,0,0,0,0,0,0,0,0,0,0,0,0,0,0,0,0,0,0,0,0,0,0,0,0,0,0,NA,0,0,0,0,0,0,0,0,0,0,0,0,0,0,0,0,0,NA,0,0,0,0,0,0,0,0,0,0,0,0,0,0,0
scat_marten,NA,SCoast_M01.sc,Nextseq499,MACA_P3,KM002,c,lane1-s043-index--GGCGAGATGG-TTCTATGGTT-KM002_c_S43.assembled,388392,222085,57.18,93%,85,NA,AA,AA,CT,CC,TT,AG,GG,AA,GG,CC,CC,TT,GG,TT,CC,TT,CT,CC,AA,AA,CC,AA,CA,GG,GG,TC,CC,GA,CC,AT,AA,GG,AA,TT,AA,0,CC,CC,AA,GG,CC,GA,AA,AA,GG,CC,TT,AA,TT,GG,GG,TT,CT,AA,TT,CC,CC,CT,CC,AA,AA,TT,CC,TT,0,CC,GA,CC,TC,TG,AA,GT,AA,GG,GA,CC,AA,AA,0,AA,TT,GG,0,CC,GG,GC,0,AA,AA,TT,CC,TT,GG,GG,AA,CC,GG,GG,CC,0,TT,AA,AA,CC,GG,AA,CC,TT,GG,GG,CC
scat_marten,0,SCoast_M01.sc,,,KM002,,CONSENSUS,572439,354708,60.8,82%,75,0,AA,AA,CT,CC,TT,NA,GG,AA,GG,CC,CC,TT,GG,TT,CC,TT,CT,NA,AA,AA,CC,AA,0,GG,NA,TC,NA,GA,CC,AT,AA,GG,0,TT,AA,0,CC,CC,AA,GG,CC,GA,AA,AA,GG,CC,TT,0,NA,GG,GG,TT,CT,AA,0,CC,CC,CT,CC,AA,AA,TT,CC,TT,0,CC,GA,CC,TC,TG,AA,GT,AA,GG,GA,CC,AA,AA,0,AA,TT,GG,0,CC,GG,GC,0,NA,AA,TT,CC,TT,0,GG,AA,CC,GG,0,0,0,TT,NA,NA,CC,GG,AA,0,TT,GG,GG,CC
scat_marten,NA,NA,Nextseq499,MACA_P3,KM56,a,lane1-s049-index--GTGCAACACT-CTGGTACACG-KM56_a_S49.assembled,156734,124535,79.46,13%,12,NA,0,0,0,CC,0,0,0,AA,0,CC,0,TT,NA,0,0,0,0,0,0,0,0,0,0,0,0,0,0,0,CC,0,0,0,0,TT,GG,0,0,0,0,0,0,0,0,GG,0,0,0,0,0,0,0,0,0,0,0,0,TT,TT,0,0,0,0,0,0,0,0,0,0,TT,GG,0,0,0,0,0,0,0,NA,0,0,0,0,0,CC,0,CC,0,0,0,0,0,0,0,0,0,CC,0,0,0,0,CC,0,0,0,0,0,0,TT,0,0,0
scat_marten,NA,NA,Nextseq499,MACA_P3,KM56,b,lane1-s057-index--TTAGGATAGA-CGTCGACTGG-KM56_b_S57.assembled,154721,69564,44.96,7%,6,NA,0,0,0,0,0,0,0,0,0,0,0,0,GG,0,0,0,0,0,0,0,0,0,0,0,0,0,0,0,0,0,0,0,0,0,0,0,0,0,0,GG,0,0,0,0,0,0,0,0,0,0,0,0,TT,0,0,0,0,0,0,0,0,0,0,0,0,0,0,0,TT,0,0,0,0,0,0,0,0,0,0,0,0,0,0,0,0,CC,GG,0,AA,0,0,TT,0,0,NA,0,GG,0,0,0,0,NA,0,0,0,0,0,0,NA,0,0
scat_marten,NA,NA,Nextseq499,MACA_P3,KM56,c,lane1-s065-index--AGACACATTA-GTAAGGCATA-KM56_c_S65.assembled,127224,119995,94.32,11%,10,NA,0,CC,0,0,0,0,0,AA,0,0,0,TT,NA,0,0,0,0,CC,0,0,0,0,0,0,0,TT,0,0,0,0,0,0,0,0,0,0,0,0,0,0,0,0,0,AA,GG,0,0,0,0,0,0,0,0,0,0,0,0,TT,0,0,0,0,0,0,0,GG,GG,0,0,0,0,0,0,0,0,0,0,NA,0,0,0,0,0,CC,0,0,0,0,0,CC,0,0,0,0,0,0,0,0,0,0,TT,0,0,0,0,AA,0,TT,0,0,GG
scat_marten,1,NA,,,KM56,,CONSENSUS,146226,104698,72.91,4%,4,0,0,0,0,0,0,0,0,AA,0,0,0,TT,0,0,0,0,0,0,0,0,0,0,0,0,0,0,0,0,0,0,0,0,0,0,0,0,0,0,0,0,0,0,0,NA,0,0,0,0,0,0,0,0,0,0,0,0,0,TT,0,0,0,0,0,0,0,0,0,0,TT,0,0,0,0,0,0,0,0,0,0,0,0,0,0,CC,0,CC,0,0,0,0,0,0,0,0,0,0,0,0,0,0,NA,0,0,0,0,0,0,TT,0,0,0
hair_marten,NA,NCali_M12.hr,Nextseq499,MACA_P3,KMSM82,a,lane1-s075-index--CGCTGCAGAG-GATGGATGTA-KMSM82_a_S75.assembled,431672,420264,97.36,100%,91,NA,GA,CC,CT,GC,TT,GG,GG,AT,GG,CC,CC,TT,GG,TT,CC,TT,CC,CC,GG,AA,CT,CC,CA,GG,GG,TT,TC,GA,CC,AA,AA,GG,GA,CC,AG,AA,CC,CC,GG,GG,TT,GA,AG,AA,GT,CC,TT,AA,TT,GT,GG,TT,CC,GA,CC,CT,CT,TT,GG,GA,CC,TT,CC,TT,AA,CC,AA,CT,TT,TT,TA,GT,AA,AA,GG,CC,AA,AA,GG,AA,TT,GG,CC,TT,AG,GC,GG,GG,AA,CC,CC,CC,GG,GG,GG,CC,GG,GG,CC,GG,TT,AA,GG,CC,GG,AA,CC,TT,GG,GG,CC
hair_marten,NA,NCali_M12.hr,Nextseq499,MACA_P3,KMSM82,b,lane1-s083-index--GTAAGGCATA-AGACACATTA-KMSM82_b_S83.assembled,41300,37783,91.48,-1%,-1,NA,0,0,0,0,0,0,0,0,0,0,0,0,NA,0,0,0,0,NA,GG,0,0,0,0,0,NA,0,0,0,0,0,0,0,0,0,0,0,0,0,0,NA,0,0,NA,0,0,0,0,0,0,NA,0,0,NA,0,NA,NA,0,0,NA,0,0,0,0,0,0,NA,0,0,0,0,0,0,0,0,0,0,NA,NA,0,NA,0,0,0,NA,0,NA,0,0,0,0,0,0,0,0,NA,0,0,0,0,0,0,NA,0,0,NA,0,0,0,NA,0,0
hair_marten,NA,NCali_M12.hr,Nextseq499,MACA_P3,KMSM82,c,lane1-s091-index--CGCCTTCTGA-GGCCATCATA-KMSM82_c_S91.assembled,51763,19724,38.1,0%,0,NA,0,0,0,0,0,0,0,0,0,0,0,0,NA,0,0,0,0,0,0,0,0,0,0,0,0,0,0,0,0,0,0,0,0,0,0,0,0,0,0,0,0,0,0,0,0,0,0,0,0,0,0,0,0,0,0,0,0,0,0,0,0,0,0,0,0,0,0,0,0,0,AA,0,0,0,GG,0,0,NA,0,0,0,0,0,0,0,0,0,0,0,0,0,0,0,0,NA,0,0,0,0,0,0,NA,0,0,0,0,0,0,NA,0,0
hair_marten,1,NCali_M12.hr,,,KMSM82,,CONSENSUS,174912,159257,75.65,-2%,-2,0,0,0,0,0,0,0,0,0,0,0,0,0,0,0,0,0,0,0,0,0,0,0,0,0,0,0,0,0,0,0,0,0,0,0,0,0,0,0,0,0,0,0,0,0,0,0,0,0,0,0,0,0,0,0,0,0,0,0,0,0,0,0,0,0,0,0,0,0,0,0,0,0,0,0,0,0,0,0,0,0,0,0,0,0,0,0,0,0,0,0,0,0,0,0,0,0,0,0,0,0,0,0,0,0,0,0,0,0,0,0,0
hair_marten,NA,NA,Nextseq499,MACA_P3,KMSM83,a,lane1-s074-index--ACCTTATGAA-TGTTAGAAGG-KMSM83_a_S74.assembled,141085,48707,34.52,2%,2,NA,GG,0,0,GG,0,0,0,0,0,0,0,TT,NA,0,0,0,0,0,0,0,0,0,0,0,0,0,0,0,0,0,0,0,0,0,0,0,0,0,0,0,0,0,0,0,0,0,0,0,0,0,0,0,0,0,0,0,0,0,CC,0,0,0,0,0,0,0,0,0,0,0,0,0,0,0,0,0,0,NA,0,0,0,0,0,0,0,0,0,0,0,0,0,0,0,0,NA,0,0,0,0,GG,0,NA,0,0,0,0,0,0,NA,0,0
hair_marten,NA,NA,Nextseq499,MACA_P3,KMSM83,b,lane1-s082-index--TTGTAACGGT-CTCATAGCGA-KMSM83_b_S82.assembled,394666,167303,42.39,1%,1,NA,0,0,0,0,0,0,0,0,0,0,0,0,NA,0,0,0,0,0,0,0,0,0,0,0,0,0,0,0,0,0,0,0,0,0,0,0,0,0,0,GG,0,0,0,0,0,0,0,0,0,0,0,0,0,0,0,0,0,0,CC,0,0,0,CC,0,0,0,0,0,0,0,0,0,0,0,0,0,0,NA,0,0,0,0,0,0,0,0,0,0,0,0,0,0,0,GG,0,0,GG,0,0,GG,0,0,0,0,GG,0,0,0,0,0,0
hair_marten,NA,NA,Nextseq499,MACA_P3,KMSM83,c,lane1-s090-index--CGCTTGAAGT-GAACCATGAA-KMSM83_c_S90.assembled,271935,129431,47.6,0%,0,NA,0,0,0,0,0,0,0,0,0,0,0,0,NA,0,0,0,0,0,0,0,0,0,0,0,0,0,0,0,0,0,0,0,0,0,0,0,0,0,0,0,0,0,0,0,0,0,0,0,0,0,0,0,0,0,0,0,0,0,CC,0,0,0,0,0,0,0,0,0,0,TT,0,0,0,0,0,0,0,NA,0,0,0,0,0,0,0,0,0,0,0,0,0,0,0,GG,NA,0,0,0,0,GG,0,NA,0,0,GG,0,0,0,NA,0,0
hair_marten,1,NA,,,KMSM83,,CONSENSUS,269229,115147,41.5,-1%,-1,0,0,0,0,0,0,0,0,0,0,0,0,0,0,0,0,0,0,0,0,0,0,0,0,0,0,0,0,0,0,0,0,0,0,0,0,0,0,0,0,0,0,0,0,0,0,0,0,0,0,0,0,0,0,0,0,0,0,0,CC,0,0,0,0,0,0,0,0,0,0,0,0,0,0,0,0,0,0,0,0,0,0,0,0,0,0,0,0,0,0,0,0,0,0,GG,0,0,0,0,0,GG,0,0,0,0,GG,0,0,0,0,0,0
scat_marten,NA,MapleCrk_M03.sc,Nextseq499,MACA_P3,NC078,a,lane1-s079-index--TCCTGACCGT-CGGCCTCGTT-NC078_a_S79.assembled,710897,683738,96.18,89%,81,NA,GG,CC,0,GG,CC,AA,AA,TT,GG,TT,0,CC,GG,TT,CT,0,TT,GG,AA,AA,CC,CC,CC,AA,GG,CC,CC,AA,CC,AA,AA,GG,GG,CT,GG,GG,0,CC,GG,GG,TT,GG,AA,AA,GG,TT,TC,0,TT,GG,0,TT,TT,0,0,CT,CC,CC,CC,AA,AA,TT,CC,TC,AG,CC,AA,TT,TC,GG,AA,GG,TT,GA,GG,0,AA,AA,GG,AA,TT,GG,CC,CC,AA,GG,TT,GG,AA,TT,CC,CC,GG,GG,GG,CC,GG,GG,0,GG,TT,AA,GG,CC,GG,AA,CC,TT,GG,GG,CC
scat_marten,NA,MapleCrk_M03.sc,Nextseq499,MACA_P3,NC078,b,lane1-s087-index--CATGTAGAGG-GATACCTCCT-NC078_b_S87.assembled,15849,92,0.58,-1%,-1,NA,0,0,0,0,0,0,0,0,0,0,0,0,NA,0,0,0,0,NA,0,0,0,0,0,0,NA,0,0,0,0,0,0,0,0,0,0,0,0,0,0,NA,0,GG,NA,0,0,0,0,0,0,NA,0,0,NA,0,NA,NA,0,0,NA,0,0,0,0,0,0,NA,0,0,0,0,0,0,0,0,0,0,NA,NA,0,NA,0,0,0,NA,0,NA,0,0,0,0,0,0,0,0,NA,0,0,0,0,0,0,NA,0,0,NA,0,0,0,NA,0,0
scat_marten,NA,MapleCrk_M03.sc,Nextseq499,MACA_P3,NC078,c,lane1-s095-index--GGTGGAATAC-ATGTAGACAA-NC078_c_S95.assembled,431582,413804,95.88,93%,85,NA,GA,0,TT,GG,TC,AA,GA,TT,GG,TT,CC,CC,GG,TT,CT,TT,TT,GG,AA,GA,CC,CC,CC,AA,GG,CC,CC,AA,CC,AA,AA,GG,GG,CT,AG,GG,CT,CC,GG,GG,TT,GG,0,AA,GG,TT,TT,AG,TT,GG,CC,TT,TT,AA,0,TT,CC,CC,CC,AA,AA,CC,CC,CC,AA,CC,AA,CT,TC,GG,AA,GG,AA,GA,GG,CC,AA,AA,GT,0,TT,GG,CC,CC,AA,GG,0,GG,AA,0,CC,CC,GG,GG,AG,CC,GG,GG,CC,GG,TT,AA,0,CC,GG,AA,CC,TT,GG,GG,CC
scat_marten,NA,MapleCrk_M03.sc,Nextseq533,MACA_P12,NC078,a,lane1-s676-index--AATATTGCCA-TTGACCAATG-MACAP12,536119,494948,92.32,92%,84,0,GA,CC,TT,GG,TC,AA,AA,TT,GG,CT,CC,CC,GG,TT,CT,TT,TT,GG,0,GA,CC,CC,CC,AA,GG,0,CC,AA,CC,AA,AA,GG,GG,CT,AG,0,CT,0,GG,GG,TT,GG,AA,AA,GG,TT,TC,AG,TT,GG,CC,TT,TT,AA,CT,CT,CC,CC,CC,GG,AA,TC,CC,TC,AA,CC,AA,CT,0,GG,AA,GG,AT,GA,GG,CC,AA,AA,GT,AG,TT,0,CC,CC,AA,GG,0,GG,AA,TC,CC,CC,GG,GG,AG,CC,GG,GG,CC,GC,TT,AA,GG,CC,GG,AA,CC,TT,GG,GG,CC
scat_marten,NA,MapleCrk_M03.sc,Nextseq533,MACA_P12,NC078,b,lane1-s684-index--GGTCCGCTTC-GGAGTCGCGA-MACAP12,392514,368967,94,84%,76,0,GA,CC,TT,GG,CC,AA,AA,TT,GG,CT,CC,CC,GG,TT,0,TT,TT,GG,0,0,CC,CC,CC,AA,GG,0,0,0,CC,AA,0,GG,0,CC,AA,GG,CC,CC,GG,GG,TT,GG,AA,AA,GG,TT,TC,AG,TT,GG,CC,TT,TT,0,CT,CT,CC,CC,CC,GA,AA,CC,CC,CC,AA,CC,0,CC,0,GG,0,GG,AT,0,GG,CC,AA,AA,TT,0,TT,GG,CC,CC,AA,GG,GT,GG,AA,0,CC,CC,0,GG,AG,CC,GG,GG,CC,GG,TT,AA,GG,CC,GG,AA,0,TT,GG,GG,CC
scat_marten,NA,MapleCrk_M03.sc,Nextseq533,MACA_P12,NC078,c,lane1-s692-index--TTCAAGTATG-TAAGACCTAT-MACAP12,511790,475593,92.93,82%,75,0,GA,0,TT,GG,TT,AA,AA,0,GG,TT,CC,CC,GG,TT,TT,TT,0,GG,0,GA,CC,0,CC,AA,GG,0,0,AA,CC,AA,AA,GG,GG,TT,AG,GG,CT,CC,GG,GG,TT,GG,0,0,GG,TT,TC,GG,TT,0,GC,TT,TT,AA,CC,CT,CC,CC,CC,GA,AA,TT,CC,TC,AG,CC,AA,0,0,GG,0,GG,AT,GG,0,CC,AA,AA,TT,GG,0,GG,0,CC,AA,GG,GG,GG,AA,TT,CC,CC,GG,GG,0,CC,GG,GG,CC,GC,0,AA,GG,0,GG,AA,CC,TT,0,GG,CC
scat_marten,0,MapleCrk_M03.sc,Nextseq499 / Nextseq533,MACA_P3 / MACA_P12,NC078,,CONSENSUS,433125,406190,78.65,97%,88,0,GA,CC,TT,GG,TC,AA,NA,TT,GG,CT,CC,CC,GG,TT,CT,TT,TT,GG,AA,GA,CC,CC,CC,AA,GG,CC,CC,AA,CC,AA,AA,GG,GG,CT,AG,GG,CT,CC,GG,GG,TT,GG,AA,AA,GG,TT,TC,AG,TT,GG,NA,TT,TT,AA,CT,CT,CC,CC,CC,GA,AA,TC,CC,TC,AG,CC,AA,CT,TC,GG,AA,GG,AT,GA,GG,CC,AA,AA,GT,AG,TT,GG,CC,CC,AA,GG,GT,GG,AA,NA,CC,CC,GG,GG,AG,CC,GG,GG,CC,GC,TT,AA,GG,CC,GG,AA,CC,TT,GG,GG,CC
blank,NA,NA,Nextseq499,MACA_P3,NTC,a,,,,,-2%,-2,NA,0,0,0,0,0,0,0,0,0,0,0,0,NA,0,0,0,0,0,0,0,0,0,0,0,0,0,0,0,0,0,0,0,0,0,0,0,0,0,0,0,0,0,0,0,0,0,0,0,0,0,0,0,0,0,0,0,0,0,0,0,0,0,0,0,0,0,0,0,0,0,0,0,0,0,0,0,0,NA,0,0,0,0,0,0,0,0,0,0,0,0,0,0,0,0,0,0,0,0,0,0,0,0,0,0,0,0,0,0,0,0,0
blank,NA,NA,Nextseq499,MACA_P3,NTC,b,lane1-s088-index--TACACGCTCC-ATCCGTAAGT-NTC_3_b_S88.assembled,9299,1,0.01,-2%,-2,NA,0,0,0,0,0,0,0,0,0,0,0,0,NA,0,0,0,0,NA,0,0,0,0,0,0,NA,0,0,0,0,0,NA,0,NA,NA,0,0,0,0,0,NA,0,0,NA,0,0,0,0,0,0,NA,0,0,NA,0,NA,NA,0,0,NA,0,0,0,0,0,0,NA,0,0,0,0,0,0,0,0,0,0,NA,NA,0,NA,0,0,0,NA,0,NA,0,0,0,0,0,0,0,0,NA,0,0,0,0,0,0,NA,0,0,NA,0,0,0,NA,0,0
blank,NA,NA,Nextseq499,MACA_P3,NTC,c,lane1-s096-index--TGGACGGAGG-CACATCGGTG-NTC_3_c_S96.assembled,16011,1,0.01,-2%,-2,NA,0,0,0,0,0,0,0,0,0,0,0,0,NA,0,0,0,0,NA,0,0,0,0,0,0,NA,0,0,0,0,0,NA,0,NA,NA,0,0,0,0,0,NA,0,0,NA,0,0,0,0,0,0,NA,0,0,NA,0,NA,NA,0,0,NA,0,0,0,0,0,0,NA,0,0,0,0,0,0,0,0,0,0,NA,NA,0,NA,0,0,0,NA,0,NA,0,0,0,0,0,0,0,0,NA,0,0,0,0,0,0,NA,0,0,NA,0,0,0,NA,0,0
blank,1,NA,,,NTC3,,CONSENSUS,12655,1,0.01,10%,9,12,0,0,0,0,0,0,0,0,0,0,0,0,0,0,0,0,0,FALSE,0,0,0,0,0,0,FALSE,0,0,0,0,0,FALSE,0,FALSE,FALSE,0,0,0,0,0,NA,0,0,0,0,0,0,0,0,0,0,0,0,0,0,0,FALSE,0,0,0,0,0,0,0,0,0,FALSE,0,0,0,0,0,0,0,0,0,0,0,0,0,FALSE,0,0,0,FALSE,0,FALSE,0,0,0,0,0,0,0,0,0,0,0,0,0,0,0,0,0,0,FALSE,0,0,0,0,0,0
scat_marten,NA,NA,Nextseq499,MACA_P3,PKM55,a,lane1-s077-index--GGATACCAGA-CGTTGCTTAC-PKM55_a_S77.assembled,742463,721868,97.23,88%,80,NA,AA,0,0,CC,TT,AA,GG,AA,GG,0,CC,TT,GG,TT,CC,0,CC,CC,AA,AA,CT,CA,AA,GG,GG,TT,TC,AA,CC,AT,AA,GG,AA,0,GG,AA,CC,TT,AA,AA,TT,GG,GG,AA,GT,CC,TT,GG,CC,TT,0,TT,CC,GG,CT,CC,0,TT,CC,AA,AA,TT,CC,TC,AA,CC,GA,CC,TT,TT,0,GG,AA,AA,GG,CT,AA,AA,GG,0,TT,GG,CG,0,GG,0,GT,GG,AA,CC,CC,CT,GG,GG,AG,0,GG,AA,CC,GG,TT,GG,GG,CC,GG,AA,CC,0,GG,GG,CC
scat_marten,NA,NA,Nextseq499,MACA_P3,PKM55,b,lane1-s085-index--TTAGGTACCA-CATGAGTACT-PKM55_b_S85.assembled,527869,516233,97.8,92%,84,NA,GA,CC,TT,CC,TT,AA,GG,AT,GG,TT,CC,TT,GG,TT,CC,CC,CC,CC,AA,AA,TT,CA,AA,0,GG,TT,0,GA,CC,AT,AA,AA,0,TT,AG,AA,CC,TT,AA,AA,TT,GG,GG,0,0,CC,TT,AG,CC,TT,GC,TT,CC,GG,CC,CC,CT,CT,CC,AA,CA,TT,CC,TC,AA,CC,AA,CC,TC,TT,TA,GT,AA,AA,GG,CT,AA,AA,GG,0,TT,GG,CG,CC,GG,0,GG,GG,AC,CC,CC,CT,GG,GG,AG,CC,GG,GA,CC,GG,0,GG,GG,CC,GG,AA,CC,TT,GG,GG,CC
scat_marten,NA,NA,Nextseq499,MACA_P3,PKM55,c,lane1-s093-index--CTGGATATGT-TATGTGCAAT-PKM55_c_S93.assembled,953279,921151,96.63,99%,90,NA,GA,CC,TT,CC,TT,AA,GG,AA,GG,CT,CC,TT,GG,TT,CC,CC,CC,CC,AA,AA,CT,CA,CA,0,GG,TT,TC,GA,CC,AT,AA,GA,GG,TT,AG,AA,CC,TT,AA,AA,TC,GG,GG,AA,GT,CC,TT,AG,CC,TT,CC,TT,CC,GG,CT,CC,CT,CC,CC,AA,AA,TT,CC,TC,AA,CC,GA,CC,TC,TT,TA,GT,AA,AA,GG,CT,AA,AA,GG,AA,TT,GG,CC,CC,GG,GC,TT,GG,AA,CC,CC,CT,GG,GG,AG,CC,GG,GA,CC,GG,TT,GG,GG,CC,GG,AA,CC,TT,GG,GG,CC
scat_marten,0,NA,,,PKM55,,CONSENSUS,741204,719751,97.22,88%,80,0,GA,CC,TT,CC,TT,AA,GG,NA,GG,NA,CC,TT,GG,TT,CC,CC,CC,CC,AA,AA,CT,CA,NA,0,GG,TT,TC,GA,CC,AT,AA,GA,NA,TT,AG,AA,CC,TT,AA,AA,NA,GG,GG,AA,GT,CC,TT,AG,CC,TT,NA,TT,CC,GG,CT,CC,CT,CT,CC,AA,NA,TT,CC,TC,AA,CC,GA,CC,TC,TT,TA,GT,AA,AA,GG,CT,AA,AA,GG,0,TT,GG,CG,CC,GG,0,GT,GG,NA,CC,CC,CT,GG,GG,AG,CC,GG,GA,CC,GG,TT,GG,GG,CC,GG,AA,CC,TT,GG,GG,CC
scat_marten,NA,NCali_M07.sc,Nextseq499,MACA_P3,PSW032,a,lane1-s051-index--GACAGACAGG-ACTGTTGTGA-PSW032_a_S51.assembled,400834,388021,96.8,90%,82,NA,AA,CC,CT,CC,0,0,GG,AA,GG,CC,CC,TT,AG,0,CC,0,CC,0,AA,AA,TT,CA,CA,AA,GG,TC,CC,0,CC,TT,AA,GG,GA,TT,AG,GG,CC,CC,GG,GG,CC,GG,GG,AA,0,CT,CC,AA,CC,GT,GG,CC,CC,GG,CC,CT,TT,CT,GG,GA,CC,TT,GG,TT,AA,CG,0,CT,TC,TT,AA,GG,AA,GA,GG,CC,AA,AA,GT,GG,TG,GA,CC,TT,AG,GG,0,GG,AA,TC,CC,TT,0,GG,AG,CC,GG,GG,CC,GG,TT,GG,GG,CC,GG,AA,CC,TT,GG,GG,CG
scat_marten,NA,NCali_M07.sc,Nextseq499,MACA_P3,PSW032,b,lane1-s059-index--GGACCAACAG-ATAGACCGTT-PSW032_b_S59.assembled,630760,610747,96.83,98%,89,NA,AA,CC,CC,CC,TC,AG,GG,AA,GG,CC,0,TT,AA,TC,CC,TT,CC,CG,AA,AA,TT,CA,CA,AA,GG,TT,CC,AA,CC,AT,AA,GG,GA,TT,AG,GG,CC,CC,AA,GG,CC,GG,GG,AA,GT,CT,TC,AA,CC,GT,GG,CC,CC,GG,CC,CT,TT,CT,GG,GA,CC,TT,GG,TT,AA,CG,AA,CT,TC,TT,AA,GG,AA,GA,GG,CC,AA,AA,GT,GG,TG,AA,CC,TT,GG,GG,GG,GG,AA,TC,CC,TT,GG,GG,AG,CC,GG,GG,CC,GG,TT,GG,GG,CC,GG,AA,CC,TT,GG,GG,CG
scat_marten,NA,NCali_M07.sc,Nextseq499,MACA_P3,PSW032,c,lane1-s067-index--AGCACATCCT-TTACAATTCC-PSW032_c_S67.assembled,484181,460845,95.18,97%,88,NA,AA,CC,CC,CC,TT,GG,GG,AA,GG,CC,CC,TT,AA,TC,CC,0,CC,CG,AA,AA,0,CA,CA,AA,GG,TC,CC,AA,CC,AT,AA,GG,0,TT,AG,GG,CC,CC,GA,GG,CC,GG,GG,AA,GT,TT,TC,AA,CC,GT,GG,CC,CC,GG,CC,CT,TT,TT,GG,GG,CC,TT,GG,TT,AA,CG,GG,CT,TC,TT,AA,GG,AA,GG,GG,CC,AA,AA,TT,GG,TG,GA,CC,TT,AG,GG,GG,GG,AA,TC,CC,TT,GG,GG,AG,CC,GG,GG,CC,GG,TT,GG,GG,CC,GG,AA,CC,TT,GG,GG,CG
scat_marten,0,NCali_M07.sc,,,PSW032,,CONSENSUS,505258,486538,96.27,93%,85,0,AA,CC,NA,CC,NA,NA,GG,AA,GG,CC,CC,TT,NA,TC,CC,0,CC,CG,AA,AA,TT,CA,CA,AA,GG,TC,CC,AA,CC,AT,AA,GG,GA,TT,AG,GG,CC,CC,GA,GG,CC,GG,GG,AA,GT,CT,TC,AA,CC,GT,GG,CC,CC,GG,CC,CT,TT,CT,GG,GA,CC,TT,GG,TT,AA,CG,NA,CT,TC,TT,AA,GG,AA,GA,GG,CC,AA,AA,GT,GG,TG,GA,CC,TT,AG,GG,GG,GG,AA,TC,CC,TT,GG,GG,AG,CC,GG,GG,CC,GG,TT,GG,GG,CC,GG,AA,CC,TT,GG,GG,CG
scat_marten,NA,NCali_M14.sc,Nextseq499,MACA_P3,PSW060,a,lane1-s052-index--TCTTACATCA-GTGCGTCCTT-PSW060_a_S52.assembled,695915,675801,97.11,73%,66,NA,GG,AA,TT,CC,0,GG,0,0,0,0,CC,TT,NA,TC,0,CC,CC,CC,AG,AA,CC,CC,0,AA,GG,CC,0,AA,CC,AA,AA,GG,AA,TT,0,GG,CT,CC,0,GG,TT,0,AA,GG,GT,0,TT,0,TT,TT,GG,0,CC,0,CT,CC,TT,CT,0,GG,CC,TC,GG,TT,GG,0,GG,0,TT,0,TT,GG,AA,AA,GG,0,0,NA,0,GG,TT,GG,CC,CT,AG,0,GG,GG,AA,TT,CC,CC,0,GG,GG,CC,GG,0,CC,0,CC,AA,GG,CC,GG,AA,CC,TT,GG,GG,0
scat_marten,NA,NCali_M14.sc,Nextseq499,MACA_P3,PSW060,b,lane1-s060-index--TTCCAGGTAA-ACAGTTCCAG-PSW060_b_S60.assembled,733288,706984,96.41,65%,59,NA,GG,AA,TT,CC,TT,0,GG,AA,GG,CC,CC,0,AA,TC,0,0,0,0,GG,0,0,0,AA,AA,GG,CC,TT,0,CC,AA,AA,GG,0,TT,0,0,0,CC,0,GG,TT,GG,0,0,GT,TT,TC,0,TT,0,GG,TT,TT,AA,CT,CC,CT,CT,CC,GG,CC,TT,0,TT,GG,GG,0,CC,TT,TT,0,GG,0,AA,GG,CC,0,0,0,AA,0,GG,CC,CT,GG,0,GG,0,AA,0,CC,0,0,0,0,CC,GG,0,CC,GG,0,AA,0,0,GG,0,0,TT,0,GG,GG
scat_marten,NA,NCali_M14.sc,Nextseq499,MACA_P3,PSW060,c,lane1-s068-index--TTGTTCCGTG-AACCTAGCAC-PSW060_c_S68.assembled,509439,497917,97.74,75%,68,NA,GG,0,TT,CC,TT,0,GG,AA,GG,CC,CC,0,NA,TC,CC,0,0,CC,GG,0,0,CC,AA,AA,GG,CC,0,AA,CC,0,AA,GG,AA,TT,GG,0,CC,CC,GG,GG,TT,GG,0,0,0,CC,TC,0,TT,GG,GG,TT,0,AA,CT,CC,CC,CT,CC,0,CC,TC,GG,TT,GG,GG,GG,0,TT,TT,TT,GG,AA,AA,GG,CC,0,NA,GG,AG,TT,GG,CC,0,AA,GG,GG,GG,0,TT,0,CC,0,0,GG,CC,GG,0,CC,GG,0,AA,GG,CC,0,AA,CC,TT,GG,GG,GG
scat_marten,NA,NCali_M14.sc,Nextseq533,MACA_P12,PSW060,a,lane1-s679-index--TGCAATGAAT-GGACCAACAG-MACAP12,430429,387446,90.01,81%,74,0,GG,AA,0,CC,TT,GG,GG,AA,GG,CC,CC,0,AA,TT,CC,CC,0,CC,0,AA,CC,CC,CA,AA,GG,0,TT,AA,CC,AA,AA,GG,AA,0,GG,0,CT,CC,GG,GG,TC,GG,0,GG,GT,CC,TC,0,0,GT,GG,TT,TT,AA,CC,0,CT,CT,CC,GG,CC,0,GG,TT,GG,0,GG,CT,0,TT,TT,GG,AA,AA,GG,CC,GG,GG,GG,0,0,GG,0,CT,AG,GG,GG,GG,AA,TT,CC,CC,0,GG,GG,CC,GG,0,CC,GG,CC,0,GG,CC,GG,AA,CC,TT,GG,0,0
scat_marten,NA,NCali_M14.sc,Nextseq533,MACA_P12,PSW060,b,lane1-s687-index--GGAGAGACTC-ACGAGACTGA-MACAP12,770400,721332,93.63,69%,63,0,0,0,TT,CC,TT,GG,GG,AA,0,CC,CC,CC,0,TC,CC,CC,CT,0,0,0,CC,CC,AA,AA,GG,0,TT,AA,CC,AA,AA,GG,0,TT,0,AG,0,CC,0,GG,TT,0,0,0,GT,CC,0,AA,TT,GG,0,TT,TT,GG,TT,0,TT,CT,0,GG,CC,TC,CC,TT,GG,CC,GA,0,0,TT,AA,GG,AA,AA,0,CC,0,0,GG,0,TT,GG,CC,CT,0,GG,GG,GG,0,0,CC,CC,0,GG,GG,CC,GG,GG,CC,0,0,AA,GG,CC,GG,0,0,TT,GG,0,CC
scat_marten,NA,NCali_M14.sc,Nextseq533,MACA_P12,PSW060,c,lane1-s695-index--TTCTCGTGCA-CAGAGTGATA-MACAP12,212832,200444,94.18,68%,62,0,GG,AA,TT,CC,TT,0,GG,AA,0,0,CC,TC,AA,TC,CC,CC,0,CC,0,0,0,0,AA,AA,0,0,0,AA,CC,0,AA,GG,AA,0,GG,0,TT,CC,GG,GG,CC,0,0,GG,TT,CC,TC,AA,CT,0,GG,TT,CT,0,CT,CC,TT,CT,CC,GG,CC,0,CC,TT,0,0,GG,0,0,TT,0,GG,AA,AA,GG,CC,GA,GA,0,AA,TT,GG,0,TT,AG,GG,GG,0,AA,TT,0,0,0,0,0,0,GG,GG,CC,GG,CC,GA,0,0,0,AA,CC,TT,0,GG,0
scat_marten,0,NCali_M14.sc,Nextseq499 / Nextseq533,MACA_P3 / MACA_P12,PSW060,,CONSENSUS,558717,531654,94.85,88%,80,0,GG,AA,TT,CC,TT,GG,GG,AA,GG,CC,CC,TC,AA,TC,CC,CC,NA,CC,NA,AA,CC,CC,NA,AA,GG,CC,TT,AA,CC,AA,AA,GG,AA,TT,GG,NA,CT,CC,GG,GG,TC,GG,0,GG,GT,NA,TC,AA,NA,GT,GG,TT,CT,AA,CT,CC,CT,CT,CC,GG,CC,TC,GC,TT,GG,GG,NA,NA,TT,TT,NA,GG,AA,AA,GG,CC,GA,NA,GG,AG,TT,GG,CC,CT,AG,GG,GG,GG,AA,TT,CC,CC,0,GG,GG,CC,GG,GG,CC,GG,CC,NA,GG,CC,GG,AA,CC,TT,GG,GG,NA
scat_marten,NA,NCali_F05.sc,Nextseq499,MACA_P3,PSW093,a,lane1-s053-index--TTACAATTCC-AGCACATCCT-PSW093_a_S53.assembled,983128,959768,97.62,99%,90,NA,AA,AC,CT,GC,TT,AA,AA,AA,GG,CC,CC,TT,AA,TC,CC,CC,CC,CC,AG,AA,CC,CC,AA,AA,GG,TC,CC,AA,CC,AT,AA,GG,AA,CC,GG,AA,TT,CT,AA,GG,TT,GG,GG,AA,GG,CT,TT,AA,CT,GT,GG,TT,CC,GG,CC,TT,CC,CT,GG,GG,CA,TC,CC,TT,AA,CG,GA,CT,TT,TG,TA,GT,AA,GA,GA,CC,GA,GA,GT,0,TT,GG,CC,CT,GG,GG,GG,GA,AA,CC,CC,CC,0,0,GG,CC,GG,GG,TT,GG,TT,GA,GA,CC,GG,AA,CC,TT,GG,GG,CG
scat_marten,NA,NCali_F05.sc,Nextseq499,MACA_P3,PSW093,b,lane1-s061-index--TGATTAGCCA-AGGCATGTAG-PSW093_b_S61.assembled,411386,401119,97.5,99%,90,NA,AA,AC,CT,GC,TT,AA,AA,AA,GG,CC,CC,TT,AA,TC,CC,CC,CC,CC,AG,AA,CC,CC,AA,AA,GG,TC,CC,AA,CC,AT,AA,GG,AA,CC,GG,AA,TT,CT,AA,GG,TT,GG,GG,AA,GG,CT,TT,AA,CT,GT,GG,TT,CC,GG,CC,TT,CC,CT,GG,GG,CA,TC,CC,TT,AA,CG,GA,CT,TT,TG,TA,GT,AA,GA,GA,CC,GA,GA,GT,0,TT,GG,CC,CT,GG,GG,GG,GA,AA,CC,CC,CC,0,0,GG,CC,GG,GG,TT,GG,TT,GA,GA,CC,GG,AA,CC,TT,GG,GG,CG
scat_marten,NA,NCali_F05.sc,Nextseq499,MACA_P3,PSW093,c,lane1-s069-index--AAGTACTCCA-TCTGTGTGGA-PSW093_c_S69.assembled,334285,324691,97.13,100%,91,NA,AA,AC,CT,GC,TT,AA,AA,AA,GG,CC,CC,TT,AA,TC,CC,CC,CC,CC,AG,AA,CC,CC,AA,AA,GG,TC,CC,AA,CC,AT,AA,GG,AA,CC,GG,AA,TT,CT,AA,GG,TT,GG,GG,AA,GG,CT,TT,AA,CT,GT,GG,TT,CC,GG,CC,TT,CC,CT,GG,GG,CA,TC,CC,TT,AA,CG,GA,CT,TT,TG,TA,GT,AA,GA,GA,CC,GA,GA,GT,AG,TT,GG,CC,CT,GG,GG,GG,GA,AA,CC,CC,CC,0,0,GG,CC,GG,GG,TT,GG,TT,GA,GA,CC,GG,AA,CC,TT,GG,GG,CG
scat_marten,0,NCali_F05.sc,,,PSW093,,CONSENSUS,576266,561859,97.42,99%,90,0,AA,AC,CT,GC,TT,AA,AA,AA,GG,CC,CC,TT,AA,TC,CC,CC,CC,CC,AG,AA,CC,CC,AA,AA,GG,TC,CC,AA,CC,AT,AA,GG,AA,CC,GG,AA,TT,CT,AA,GG,TT,GG,GG,AA,GG,CT,TT,AA,CT,GT,GG,TT,CC,GG,CC,TT,CC,CT,GG,GG,CA,TC,CC,TT,AA,CG,GA,CT,TT,TG,TA,GT,AA,GA,GA,CC,GA,GA,GT,0,TT,GG,CC,CT,GG,GG,GG,GA,AA,CC,CC,CC,0,0,GG,CC,GG,GG,TT,GG,TT,GA,GA,CC,GG,AA,CC,TT,GG,GG,CG
scat_marten,NA,NA,Nextseq499,MACA_P3,PSW153,a,lane1-s054-index--AAGCTTATGC-TTCCGTCGCA-PSW153_a_S54.assembled,317096,276700,87.26,66%,60,NA,AA,0,TT,CC,TT,AA,0,AA,GG,0,0,TT,AA,0,CC,CC,CC,CC,0,AA,CC,CC,AA,0,0,TC,TT,GA,0,AA,0,AA,GG,0,AA,0,CT,CC,GG,GA,CC,0,0,AA,0,0,TT,GG,0,GG,0,TC,TT,AA,0,CC,CT,TT,CC,GG,CA,CC,0,TT,AA,CC,GG,0,0,0,TT,GG,AT,GG,GG,CC,0,0,0,0,TT,GG,CC,CC,GG,GG,0,0,AA,TT,CC,0,0,0,GG,0,GG,AA,0,GG,TT,0,0,CC,GG,AA,CC,TT,GG,GG,CC
scat_marten,NA,NA,Nextseq499,MACA_P3,PSW153,b,lane1-s062-index--TAACAGTGTT-GCAAGTCTCA-PSW153_b_S62.assembled,312568,272664,87.23,67%,61,NA,AA,0,TT,CC,0,0,0,0,GG,CC,0,TT,AA,TC,CC,0,0,CC,GG,0,0,CC,AA,0,GG,0,0,0,CC,AA,AA,GG,GG,TT,AA,AG,CC,CC,GA,GG,CC,0,0,0,GG,TT,TT,AA,TT,GT,0,CC,0,0,0,0,CC,TT,CC,GG,CA,TT,CC,TT,AA,CC,GG,TT,TT,TT,0,GG,AA,GG,GG,CC,0,0,GG,0,0,AA,0,CC,GG,GG,GG,0,AA,TC,CC,CC,0,0,GG,CC,GG,GG,0,GG,0,AA,0,CC,GG,AA,CC,TT,GG,0,CC
scat_marten,NA,NA,Nextseq499,MACA_P3,PSW153,c,lane1-s070-index--ACGTCAATAC-GGAATTCCAA-PSW153_c_S70.assembled,401813,333809,83.08,73%,66,NA,AA,0,TT,CC,TC,AA,GG,AA,GG,0,CC,TT,0,TC,CC,CC,CC,CC,GG,AA,0,CC,0,AA,GG,CC,TT,GG,CC,TT,AA,0,0,CC,AA,0,CC,0,AA,0,CC,0,0,0,TT,TT,TT,GG,TT,0,CC,CC,TT,GA,0,CC,TT,TT,CC,0,CA,0,GC,0,AA,CC,GG,0,TT,TT,AA,GG,AT,GG,GG,0,AA,AA,0,GG,0,AA,0,CC,GG,GG,GG,GG,0,0,CC,CC,0,0,GG,CC,0,AA,0,GG,0,AA,GG,0,GG,AA,0,TT,0,GG,CC
scat_marten,NA,NA,Nextseq533,MACA_P12,PSW153,a,lane1-s680-index--CTATGAAGGA-AATGTATTGC-MACAP12,628752,444887,70.76,69%,63,0,AA,0,TT,0,TC,AG,0,AA,GG,0,CC,TT,AA,TT,CC,CC,0,CC,0,0,TT,CC,AA,AA,0,0,TC,AA,CC,TT,AA,0,0,TT,0,0,CT,CC,GA,AA,CC,0,AA,AA,GG,CC,TT,GG,0,GT,0,TT,0,GG,CC,CC,CT,TT,0,GG,CA,CC,0,TT,AA,CC,GG,TT,0,TT,0,GG,AT,0,GG,CC,AA,AA,0,GG,0,GG,0,CC,GG,GG,0,GG,0,CC,0,CC,0,0,GG,CC,GG,AA,CC,0,TT,0,GG,CC,0,AA,0,TT,GG,GG,CC
scat_marten,NA,NA,Nextseq533,MACA_P12,PSW153,b,lane1-s688-index--CCGCTCCGTT-GTATCGGCCG-MACAP12,276526,177311,64.12,69%,63,0,AA,0,TT,CC,CC,AA,GG,AA,GG,CC,CC,TT,GG,TT,CC,TC,CC,CC,0,AA,CC,CC,AA,GG,GG,0,0,0,0,AA,0,AA,AA,CC,0,GG,CC,CC,GA,GA,CC,GG,AA,AA,GG,TT,TT,0,TT,GT,GG,TT,TT,0,CC,0,0,TT,CC,GG,AA,TC,0,TT,AA,CC,GG,0,0,0,AA,0,AA,GG,0,0,0,0,GG,GG,TT,0,0,CC,0,CC,0,0,0,0,CC,TT,0,0,GG,CC,GG,0,CC,GG,TT,AA,0,CC,GG,AA,CC,TT,GG,0,CC
scat_marten,NA,NA,Nextseq533,MACA_P12,PSW153,c,lane1-s696-index--GCTAGGAAGT-TGCTAACTAT-MACAP12,367826,280983,76.39,64%,58,0,AA,AA,TT,CC,TC,0,0,AA,GG,CC,0,TT,0,0,CC,TT,CC,CC,0,0,TT,0,AA,GG,GG,0,TT,GA,CC,TT,0,0,GA,0,AA,GG,CT,CT,0,AA,CC,0,0,AA,GT,0,TT,0,TT,GT,CC,TT,0,AA,0,CC,CT,TT,0,GG,AA,CC,GC,0,AA,CG,0,CC,0,TT,AA,GG,0,GG,GG,CC,0,0,0,0,TT,GA,CC,CC,GG,GG,0,0,0,0,CC,CC,0,0,0,0,GG,0,0,0,TT,AA,0,CC,GG,AA,CC,TT,GG,GG,CG
scat_marten,0,NA,Nextseq499 / Nextseq533,MACA_P3 / MACA_P12,PSW153,,CONSENSUS,384097,297726,78.14,84%,76,0,AA,0,TT,CC,TC,NA,GG,AA,GG,CC,CC,TT,NA,TC,CC,TC,CC,CC,GG,AA,CT,CC,AA,AG,GG,NA,NA,GA,CC,AT,AA,NA,GA,CT,AA,NA,CT,NA,GA,GA,CC,0,AA,AA,GT,NA,TT,NA,TT,GT,CC,TC,TT,GA,CC,CC,CT,TT,CC,GG,CA,TC,GC,TT,AA,NA,GG,NA,TT,TT,NA,GG,AT,GG,GG,CC,AA,AA,GG,GG,TT,GA,CC,CC,GG,GG,GG,GG,AA,TC,CC,NA,0,0,GG,CC,GG,NA,CC,GG,TT,AA,GG,CC,GG,AA,CC,TT,GG,GG,NA
scat_marten,NA,NA,Nextseq499,MACA_P3,PSW181,a,lane1-s055-index--TATTCCTCAG-CTTAACCACT-PSW181_a_S55.assembled,303066,52822,17.43,12%,11,NA,0,0,0,0,0,AA,0,AA,0,0,CC,0,NA,0,CC,0,0,0,0,0,0,0,0,0,0,0,CC,GG,0,TT,0,0,0,0,0,0,0,0,0,0,0,0,0,0,0,0,0,0,0,0,0,TT,0,0,0,0,TT,0,0,AA,CC,0,CC,0,0,0,0,0,0,0,0,0,0,GG,0,0,0,NA,0,0,0,0,0,0,0,0,0,0,0,0,0,0,0,0,NA,0,0,0,0,0,0,NA,NA,0,0,0,0,0,NA,0,0
scat_marten,NA,NA,Nextseq499,MACA_P3,PSW181,b,lane1-s063-index--ACCGCGCAAT-TTGGCTCCGC-PSW181_b_S63.assembled,425210,137056,32.23,19%,17,NA,AA,0,0,0,0,AA,0,0,0,CC,0,TT,NA,0,0,0,0,0,AA,AA,0,0,0,AA,0,0,0,0,CC,AA,0,0,0,0,0,0,0,0,0,0,CC,0,0,0,0,0,CC,0,0,0,GG,0,0,0,0,0,0,0,0,0,0,TT,0,0,0,0,AA,CC,TT,0,0,0,0,0,0,CC,0,NA,0,0,0,0,0,CC,0,0,0,0,AA,0,0,0,0,0,NA,0,0,0,0,0,0,NA,NA,0,0,0,0,TT,NA,0,0
scat_marten,NA,NA,Nextseq499,MACA_P3,PSW181,c,lane1-s071-index--GGTGTACAAG-AAGCGCGCTT-PSW181_c_S71.assembled,67046,24645,36.76,9%,8,NA,AA,0,CC,0,TT,0,0,AA,0,0,0,0,0,0,0,0,0,0,0,0,0,CC,0,0,0,0,0,0,0,0,AA,0,0,0,0,0,0,0,AA,0,0,0,0,0,0,0,0,0,0,0,0,0,0,0,0,0,0,0,0,0,0,0,CC,0,0,0,0,0,TT,0,0,0,0,0,0,0,0,0,0,0,0,0,0,0,0,0,0,0,0,0,0,TT,0,0,GG,0,0,0,0,0,0,0,0,0,0,0,0,0,0,0,0
scat_marten,1,NA,,,PSW181,,CONSENSUS,265107,71508,28.81,3%,3,0,AA,0,0,0,0,AA,0,AA,0,0,0,0,0,0,0,0,0,0,0,0,0,0,0,0,0,0,0,0,0,NA,0,0,0,0,0,0,0,0,0,0,0,0,0,0,0,0,0,0,0,0,0,0,0,0,0,0,0,0,0,0,0,0,CC,0,0,0,0,0,TT,0,0,0,0,0,0,0,0,0,0,0,0,0,0,0,0,0,0,0,0,0,0,0,0,0,0,0,0,0,0,0,0,0,0,0,0,0,0,0,0,0,0
scat_marten,NA,NCali_M09.sc,Nextseq499,MACA_P3,PSW233,a,lane1-s078-index--CGCACTAATG-TGACTACATA-PSW233_a_S78.assembled,550311,521390,94.74,100%,91,NA,AA,AA,TT,GC,TT,GG,GG,AA,GG,TT,CC,TT,AA,TC,CC,CC,CC,CC,AG,GA,CT,CA,AA,AA,GG,TC,TT,GA,CC,AT,AA,GG,GA,CT,GG,AG,CC,CC,GA,GG,TC,GA,AG,AA,GG,CT,TT,AG,CT,GG,GG,TT,TT,GG,CC,CT,TT,TT,GG,GG,CA,CC,CC,TC,AA,CC,GG,CT,TT,TG,TA,GT,AA,GA,GG,CC,AA,AA,GT,AG,TT,GG,CC,CT,AG,CC,GG,GG,AC,CC,CC,CC,GG,GG,AG,CC,GG,GA,CC,GG,TT,GA,GG,CC,GG,AA,CC,TT,GG,GG,CC
scat_marten,NA,NCali_M09.sc,Nextseq499,MACA_P3,PSW233,b,lane1-s086-index--GGAATTCCAA-ACGTCAATAC-PSW233_b_S86.assembled,295422,281976,95.45,99%,90,NA,AA,AA,TT,GC,TT,GG,GG,AA,GG,TT,CC,TT,AA,TC,CC,CC,CC,CC,AG,GA,CT,CA,AA,AA,GG,TC,TT,GA,CC,AT,AA,GG,GA,CT,GG,AG,CC,CC,GA,GG,TC,GA,0,AA,GG,CT,TT,AG,CT,GG,GG,TT,TT,GG,CC,CT,TT,TT,GG,GG,CA,CC,CC,TC,AA,CC,GG,CT,TT,TG,TA,GT,AA,GA,GG,CC,AA,AA,GT,AG,TT,GG,CC,CT,AG,CC,GG,GG,AC,CC,CC,CC,GG,GG,AG,CC,GG,GA,CC,GG,TT,GA,GG,CC,GG,AA,CC,TT,GG,GG,CC
scat_marten,NA,NCali_M09.sc,Nextseq499,MACA_P3,PSW233,c,lane1-s094-index--CAATCTATGA-GATTAAGGTG-PSW233_c_S94.assembled,394972,374848,94.9,98%,89,NA,AA,AA,TT,GC,TT,GG,GG,AA,GG,TT,CC,TT,AA,TC,CC,CC,CC,CC,AG,GA,0,CA,AA,AA,GG,TC,TT,GA,CC,AT,AA,GG,GA,CT,GG,AG,CC,CC,GA,GG,TC,GA,0,AA,GG,CT,TT,AG,CT,GG,GG,TT,TT,GG,CC,CT,TT,TT,GG,GG,CA,CC,CC,TC,AA,CC,GG,CT,TT,TG,TA,GT,AA,GA,GG,CC,AA,AA,GT,AG,TT,GG,CC,CT,AG,CC,GG,GG,AC,CC,CC,CC,GG,GG,AG,CC,GG,GA,CC,GG,TT,GA,GG,CC,GG,AA,CC,TT,GG,GG,CC
scat_marten,0,NCali_M09.sc,,,PSW233,,CONSENSUS,413568,392738,95.03,99%,90,0,AA,AA,TT,GC,TT,GG,GG,AA,GG,TT,CC,TT,AA,TC,CC,CC,CC,CC,AG,GA,CT,CA,AA,AA,GG,TC,TT,GA,CC,AT,AA,GG,GA,CT,GG,AG,CC,CC,GA,GG,TC,GA,0,AA,GG,CT,TT,AG,CT,GG,GG,TT,TT,GG,CC,CT,TT,TT,GG,GG,CA,CC,CC,TC,AA,CC,GG,CT,TT,TG,TA,GT,AA,GA,GG,CC,AA,AA,GT,AG,TT,GG,CC,CT,AG,CC,GG,GG,AC,CC,CC,CC,GG,GG,AG,CC,GG,GA,CC,GG,TT,GA,GG,CC,GG,AA,CC,TT,GG,GG,CC
scat_marten,NA,NA,Nextseq499,MACA_P3,PSW259,a,lane1-s056-index--CTCGTGCGTT-GCCTCGGATA-PSW259_a_S56.assembled,492220,383742,77.96,38%,35,NA,AA,CC,0,GG,TT,AA,0,0,GG,0,0,0,GG,0,0,0,0,CC,0,0,CC,0,0,0,0,0,CC,0,CC,AA,0,0,0,0,0,0,0,0,AA,AA,0,0,0,0,0,CT,0,0,TT,0,0,TT,0,0,0,TT,0,CC,0,GG,0,CC,0,TT,AA,CC,AA,0,TT,TT,TT,0,0,GG,0,CC,0,0,TT,AA,0,0,0,CC,0,GG,0,0,AA,CC,0,CC,0,0,0,0,GG,0,0,0,0,AA,0,0,0,AA,0,TT,0,GG,CC
scat_marten,NA,NA,Nextseq499,MACA_P3,PSW259,b,lane1-s064-index--GTTCGCGCCA-AACTGATACT-PSW259_b_S64.assembled,917620,822005,89.58,44%,40,NA,AA,CC,0,GG,TT,AA,GG,0,0,0,CC,0,AA,CC,0,0,CC,0,0,0,0,CC,AA,0,0,TT,CC,AA,CC,0,0,0,0,CC,0,GG,0,TT,AA,0,0,0,GG,0,GG,CT,TT,0,0,TT,GG,TT,0,GG,0,0,CC,TT,0,0,0,TC,0,0,AA,CC,0,0,TT,TT,TT,GT,0,GG,0,0,0,0,0,0,0,GG,0,0,0,0,0,AA,AA,0,0,CC,0,0,GG,CC,0,0,0,0,0,0,AA,CC,0,0,0,0,GG,0,CC
scat_marten,NA,NA,Nextseq499,MACA_P3,PSW259,c,lane1-s072-index--CCACCTGTGT-TGAGCGTTGT-PSW259_c_S72.assembled,741411,668946,90.23,47%,43,NA,0,0,TT,GG,0,0,0,0,0,0,CC,0,AA,0,CC,0,0,CC,GG,AA,0,0,AA,0,GG,0,0,AA,0,AA,0,0,AA,CC,0,GG,TT,TT,0,0,TT,0,0,AA,GG,TT,0,0,TT,TT,GG,TT,0,GG,0,TT,0,0,GG,0,0,0,CC,TT,AA,0,GG,0,TT,TT,AA,GG,AA,GG,0,CC,0,0,0,AA,0,0,0,0,0,GG,GG,AA,0,CC,CC,0,0,0,0,CC,0,0,0,GG,TT,AA,AA,CC,GG,AA,CC,0,GG,GG,0
scat_marten,NA,NCali_F07.sc,Nextseq533,MACA_P12,PSW239,a,lane1-s678-index--AAGATACACG-TCTCATCAAT-MACAP12,304540,246702,81.01,49%,45,0,AA,CC,0,0,0,AA,0,0,0,CC,CC,TT,GG,CC,0,CC,0,CC,0,0,0,AA,AA,AA,0,0,CC,0,0,AA,AA,0,0,CC,0,0,TT,CT,AA,AA,TT,GG,0,0,0,CT,TT,AA,0,TT,GG,0,0,0,0,0,CC,CC,GG,0,0,CC,CC,0,0,CC,0,0,0,TT,AA,0,0,0,0,CC,0,0,0,0,0,GG,CC,CC,0,GG,GG,AA,AA,CC,CC,CC,0,0,AA,CC,GG,GG,0,GG,0,0,AA,CC,GG,AA,0,TT,GG,0,CC
scat_marten,NA,NCali_F07.sc,Nextseq533,MACA_P12,PSW239,b,lane1-s686-index--ATTGAGGTCC-CGTAATTAAC-MACAP12,579441,533358,92.05,58%,53,0,AA,CC,0,GG,TT,AA,GG,AA,GG,0,0,0,0,CC,CC,CC,0,CC,0,AA,CC,0,CC,0,GG,0,0,0,CC,0,AA,GG,0,CC,0,0,TT,TT,AA,AA,TT,0,GG,0,GT,0,0,0,0,TT,GG,0,0,GG,0,0,0,CC,0,0,CC,TT,CC,0,AA,GG,AA,TT,0,TT,0,0,0,GG,GG,0,GG,GG,TT,AA,0,0,CC,CC,GG,GG,GG,AA,AA,CC,CC,CC,0,GG,0,CC,GG,0,0,0,0,0,AA,CC,GG,AA,0,TT,GG,0,GG
scat_marten,NA,NCali_F07.sc,Nextseq533,MACA_P12,PSW239,c,lane1-s694-index--CACCTCTCTT-GCCGTCTGTT-MACAP12,470798,356832,75.79,40%,36,0,AA,0,TT,GG,0,0,0,AA,0,CC,0,TT,0,0,CC,0,CC,0,0,0,0,0,AA,AA,0,0,0,AA,CC,AA,0,0,0,CC,GG,AA,0,0,AA,GA,TT,GG,0,AA,TT,CC,0,0,0,0,0,0,CC,GG,CC,TT,0,0,0,0,CC,TT,CC,0,0,CC,0,TT,0,0,AA,0,AA,0,AA,0,0,0,0,0,0,0,0,CT,0,0,GG,0,0,0,0,CC,0,GG,0,CC,GG,0,TT,0,TT,0,0,0,0,0,0,TT,0,GG,CC
scat_marten,0.5,NCali_F07.sc,Nextseq499 / Nextseq533,MACA_P3 / MACA_P12,PSW239,6,CONSENSUS,584338,501931,84.44,73%,66,0,AA,CC,TT,GG,TT,AA,GG,AA,GG,CC,CC,TT,AG,CC,CC,CC,CC,CC,0,AA,CC,NA,NA,AA,GG,0,CC,AA,CC,AA,AA,0,0,CC,0,NA,TT,NA,AA,NA,TT,GG,GG,AA,GT,CT,TT,0,TT,TT,GG,TT,0,GG,0,TT,CC,NA,GG,0,CC,TC,CC,TT,AA,NA,NA,TT,TT,TT,TA,NA,AA,GG,NA,CC,0,0,TT,AA,0,GG,CC,NA,0,GG,GG,AA,AA,CC,CC,CC,0,GG,NA,CC,GG,0,0,GG,TT,AA,NA,CC,GG,AA,0,TT,NA,GG,NA
scat_marten,NA,NCali_M10.sc,Nextseq499,MACA_P3,PSW286,a,lane1-s073-index--GTTCCGCAGG-ATCATAGGCT-PSW286_a_S73.assembled,128561,125236,97.41,99%,90,NA,AA,CC,CT,GC,TT,GG,GG,AT,GG,CC,CC,TT,GG,CC,CT,CC,CT,CC,AG,AA,CT,CA,CA,AA,GG,TC,CC,GA,CC,AA,AA,GA,AA,CT,AG,AG,CT,TT,GG,GG,CC,GG,AG,AA,GG,CT,TT,AA,CT,GT,GG,TC,CT,GA,CT,CT,CT,CT,CG,GA,CA,TT,GC,TT,AG,CG,GA,CC,TT,TG,AA,GG,AA,GG,GG,CC,GA,GA,GG,AG,TT,GG,CC,CC,GG,GG,GG,GG,AA,TT,CC,CC,0,GG,AG,CC,GG,GG,CC,GG,TT,GA,GG,CC,GG,AA,CC,TT,GG,GG,CG
scat_marten,NA,NCali_M10.sc,Nextseq499,MACA_P3,PSW286,b,lane1-s081-index--ACCAGCGACA-TCGTCTGACT-PSW286_b_S81.assembled,75062,73184,97.5,98%,89,NA,AA,CC,CT,GC,TT,GG,GG,AT,GG,CC,CC,TT,GG,CC,CT,CC,CT,CC,AG,AA,CT,CA,CA,AA,GG,TC,CC,GA,CC,AA,AA,GA,AA,CT,AG,AG,CT,TT,GG,GG,CC,GG,0,AA,GG,CT,TT,AA,CT,GT,GG,TC,CT,GA,CT,CT,CT,CT,CG,GA,CA,TT,GC,TT,AG,CG,GA,CC,TT,TG,AA,GG,AA,GG,GG,CC,GA,GA,GG,AG,TT,GG,CC,CC,GG,GG,GG,GG,AA,TT,CC,CC,0,GG,AG,CC,GG,GG,CC,GG,TT,GA,GG,CC,GG,AA,CC,TT,GG,GG,CG
scat_marten,NA,NCali_M10.sc,Nextseq499,MACA_P3,PSW286,c,lane1-s089-index--GCTTACGGAC-CGTGTATCTT-PSW286_c_S89.assembled,220568,215046,97.5,99%,90,NA,AA,CC,CT,GC,TT,GG,GG,AT,GG,CC,CC,TT,GG,CC,CT,CC,CT,CC,AG,AA,CT,CA,CA,AA,GG,TC,CC,GA,CC,AA,AA,GA,AA,CT,AG,AG,CT,TT,GG,GG,CC,GG,0,AA,GG,CT,TT,AA,CT,GT,GG,TC,CT,GA,CT,CT,CT,CT,CG,GA,CA,TT,GC,TT,AG,CG,GA,CC,TT,TG,AA,GG,AA,GG,GG,CC,GA,GA,GG,AG,TT,GG,CC,CC,GG,GG,GG,GG,AA,TT,CC,CC,GG,GG,AG,CC,GG,GG,CC,GG,TT,GA,GG,CC,GG,AA,CC,TT,GG,GG,CG
scat_marten,0,NCali_M10.sc,,,PSW286,,CONSENSUS,141397,137822,97.47,98%,89,0,AA,CC,CT,GC,TT,GG,GG,AT,GG,CC,CC,TT,GG,CC,CT,CC,CT,CC,AG,AA,CT,CA,CA,AA,GG,TC,CC,GA,CC,AA,AA,GA,AA,CT,AG,AG,CT,TT,GG,GG,CC,GG,0,AA,GG,CT,TT,AA,CT,GT,GG,TC,CT,GA,CT,CT,CT,CT,CG,GA,CA,TT,GC,TT,AG,CG,GA,CC,TT,TG,AA,GG,AA,GG,GG,CC,GA,GA,GG,AG,TT,GG,CC,CC,GG,GG,GG,GG,AA,TT,CC,CC,GG* (1 rep),GG,AG,CC,GG,GG,CC,GG,TT,GA,GG,CC,GG,AA,CC,TT,GG,GG,CG
blank,NA,NA,Nextseq509,MACA_P10,NTC10A,c,lane1-s280-index--CAAGACGTCC-AGTATACGGA-CL3_LA0665_c_S280.assembled,87128,8,0.01,-2%,-2,NA,0,0,0,0,0,0,0,0,0,0,0,0,0,0,0,0,0,0,0,0,0,0,0,0,0,0,0,0,0,0,0,0,0,0,0,0,0,0,0,0,0,0,0,0,0,0,0,0,0,0,0,0,0,0,0,0,0,0,0,0,0,0,0,0,0,0,0,0,0,0,0,0,0,0,0,0,0,0,0,0,0,0,0,0,0,0,0,0,0,0,0,0,0,0,0,0,0,0,0,0,0,0,0,0,0,0,0,0,0,0,0
blank,NA,NA,Nextseq509,MACA_P10,NTC10A,d,lane1-s288-index--AGTGGTTAAG-GGTGGAATAC-CL3_NTC3_c_S288.assembled,5046,23,0.46,-2%,-2,NA,0,0,0,0,0,0,0,0,0,0,0,0,NA,0,0,0,0,0,0,0,0,0,0,0,0,0,0,0,0,0,0,0,0,0,0,0,0,0,0,0,0,0,0,0,0,0,0,0,0,0,0,0,0,0,0,0,0,0,0,0,0,0,0,0,0,0,0,0,0,0,0,0,0,0,0,0,0,NA,0,0,0,0,0,0,0,0,0,0,0,0,0,0,0,0,0,0,0,0,0,0,0,0,0,0,0,0,0,0,0,0,0
blank,1,NA,,,NTC10A,,CONSENSUS,46087,16,0.24,-2%,-2,0,0,0,0,0,0,0,0,0,0,0,0,0,0,0,0,0,0,0,0,0,0,0,0,0,0,0,0,0,0,0,0,0,0,0,0,0,0,0,0,0,0,0,0,0,0,0,0,0,0,0,0,0,0,0,0,0,0,0,0,0,0,0,0,0,0,0,0,0,0,0,0,0,0,0,0,0,NA,0,0,0,0,0,0,0,0,0,0,0,0,0,0,0,0,0,0,0,0,0,0,0,0,0,0,0,0,0,0,0,0,0,0
tissue_marten,NA,ORcasc_F8943.rk,Nextseq509,MACA_P10,AMMA8943,a,lane1-s225-index--TCGACGCTAG-CCTCTTCGAA-CL3_LA0434_b_S225.assembled,82642,73394,88.81,98%,89,NA,GG,AA,CT,GG,TC,AA,GA,TT,GA,TT,TT,TC,AA,TC,CC,TT,TT,GG,AG,GG,CT,CC,CC,AA,GG,TT,CC,AA,CC,AT,AA,GA,GA,CC,AA,AG,TT,CC,GG,GG,TT,GG,GG,AG,TT,CC,TT,AA,CC,GT,CC,TT,CC,GG,CC,CC,CC,CC,CC,GA,CA,TT,GG,TT,AG,CC,GG,CT,TT,TT,TT,GG,AA,GG,GA,CC,0,AA,GT,AG,TT,GG,CC,CC,AA,GG,TT,GG,CC,TC,CC,CC,0,GG,GG,CT,GG,GG,CT,GG,TC,GG,GG,CC,GG,AA,CC,TT,GG,GG,CC
tissue_marten,NA,ORcasc_F8943.rk,Nextseq509,MACA_P10,AMMA8943,b,lane1-s233-index--GAGCTTGCCG-AGGTTGCAGG-CL3_LA0519_b_S233.assembled,153400,90584,59.05,99%,90,NA,GG,AA,CT,GG,TC,AA,GA,TT,GA,TT,TT,TC,AA,TC,CC,TT,TT,GG,AG,GG,CT,CC,CC,AA,GG,TT,CC,AA,CC,AT,AA,GA,GA,CC,AA,AG,TT,CC,GG,GG,TT,GG,GG,AG,TT,CC,TT,AA,CC,GT,CC,TT,CC,GG,CC,CC,CC,CC,CC,GA,CA,TT,GG,TT,AG,CC,GG,CT,TT,TT,TT,GG,AA,GG,GA,CC,AA,AA,GT,AG,TT,GG,CC,CC,AA,GG,TT,GG,CC,TC,CC,CC,0,GG,GG,CT,GG,GG,CT,GG,TC,GG,GG,CC,GG,AA,CC,TT,GG,GG,CC
tissue_marten,0,ORcasc_F8943.rk,,,AMMA8943,,CONSENSUS,118021,81989,73.93,98%,89,0,GG,AA,CT,GG,TC,AA,GA,TT,GA,TT,TT,TC,AA,TC,CC,TT,TT,GG,AG,GG,CT,CC,CC,AA,GG,TT,CC,AA,CC,AT,AA,GA,GA,CC,AA,AG,TT,CC,GG,GG,TT,GG,GG,AG,TT,CC,TT,AA,CC,GT,CC,TT,CC,GG,CC,CC,CC,CC,CC,GA,CA,TT,GG,TT,AG,CC,GG,CT,TT,TT,TT,GG,AA,GG,GA,CC,NA,AA,GT,AG,TT,GG,CC,CC,AA,GG,TT,GG,CC,TC,CC,CC,0,GG,GG,CT,GG,GG,CT,GG,TC,GG,GG,CC,GG,AA,CC,TT,GG,GG,CC
tissue_marten,NA,ORbmt_M01.tr,Nextseq509,MACA_P10,BMT1,a,lane1-s229-index--ATATCTGCTT-TAGACAATCT-CL3_LA0482_b_S229.assembled,571448,519247,90.87,98%,89,NA,GG,AC,CC,GG,CC,AA,GA,TT,GA,CC,CC,CC,GG,TT,CC,TT,CT,GG,AG,GG,CC,AA,AA,AG,GG,CC,TC,GA,CC,TT,0,AA,GG,TT,AG,GG,0,CC,GG,GG,TT,GA,GG,GG,GG,TT,TC,AG,CC,GT,GG,TT,CT,AA,CC,CC,TT,CC,CC,GG,CA,CC,GG,TT,AA,GG,GA,CC,CC,TT,TT,GG,AT,GA,GG,CC,AA,AA,GT,AA,TT,AA,CC,CC,AA,GG,TT,GG,CC,CC,CT,CT,GG,GG,AA,CC,GA,GG,CC,GG,CC,GG,GG,CC,GG,AA,CC,TT,GG,GG,GG
tissue_marten,NA,ORbmt_M01.tr,Nextseq509,MACA_P10,BMT1,b,lane1-s237-index--CGTCACCTTG-CAGCCGATTG-CL3_LA0564_b_S237.assembled,880492,737904,83.81,99%,90,NA,GG,AC,CC,GG,CC,AA,GA,TT,GA,CC,CC,CC,GG,TT,CC,TT,CT,GG,AG,GG,CC,AA,AA,AG,GG,CC,TC,GA,CC,TT,0,AA,GG,TT,AG,GG,CC,CC,GG,GG,TT,GA,GG,GG,GG,TT,TC,AG,CC,GT,GG,TT,CT,AA,CC,CC,TT,CC,CC,GG,CA,CC,GG,TT,AA,GG,GA,CC,CC,TT,TT,GG,AT,GA,GG,CC,AA,AA,GT,AA,TT,AA,CC,CC,AA,GG,TT,GG,CC,CC,CT,CT,GG,GG,AA,CC,GA,GG,CC,GG,CC,GG,GG,CC,GG,AA,CC,TT,GG,GG,GG
tissue_marten,0,ORbmt_M01.tr,,,BMT1,,CONSENSUS,725970,628576,87.34,98%,89,0,GG,AC,CC,GG,CC,AA,GA,TT,GA,CC,CC,CC,GG,TT,CC,TT,CT,GG,AG,GG,CC,AA,AA,AG,GG,CC,TC,GA,CC,TT,0,AA,GG,TT,AG,GG,0,CC,GG,GG,TT,GA,GG,GG,GG,TT,TC,AG,CC,GT,GG,TT,CT,AA,CC,CC,TT,CC,CC,GG,CA,CC,GG,TT,AA,GG,GA,CC,CC,TT,TT,GG,AT,GA,GG,CC,AA,AA,GT,AA,TT,AA,CC,CC,AA,GG,TT,GG,CC,CC,CT,CT,GG,GG,AA,CC,GA,GG,CC,GG,CC,GG,GG,CC,GG,AA,CC,TT,GG,GG,GG
tissue_marten,NA,ORbmt_F10.tr,Nextseq509,MACA_P10,BMT10,a,lane1-s246-index--CGAACGCACC-ATGACAGAAC-CL3_LA0659_b_S246.assembled,361222,302120,83.64,99%,90,NA,GG,AA,CT,GG,CC,AA,GA,TT,GA,CC,CT,TC,AA,TT,CT,TT,TT,GG,AG,GG,CC,CA,CA,GG,GA,CC,CC,GA,CC,TT,AA,AA,GG,TT,AG,GG,0,CC,GG,GG,TT,GA,AG,AG,GG,TT,CC,AG,CT,GG,GG,TT,CT,AA,CC,CC,TT,CC,CC,GG,CC,CC,GG,TT,AA,GG,GA,CC,CC,TG,TT,GG,AT,GG,GG,CC,AA,AA,GG,AA,TT,GA,CC,CC,AA,GG,TT,GG,CC,TC,CC,CC,0,0,AG,CC,GA,GG,CT,GG,TC,GA,GG,CC,GG,AA,CC,TT,GG,GG,GG
tissue_marten,NA,ORbmt_F10.tr,Nextseq509,MACA_P10,BMT10,b,lane1-s254-index--GCCTAACGTG-AGCTCTCAAG-CL3_LA0683_b_S254.assembled,821993,657621,80,99%,90,NA,GG,AA,CT,GG,CC,AA,GA,TT,GA,CC,CT,TC,AA,TT,CT,TT,TT,GG,AG,GG,CC,CA,CA,GG,GA,CC,CC,GA,CC,TT,AA,AA,GG,TT,AG,GG,0,CC,GG,GG,TT,GA,AG,AG,GG,TT,CC,AG,CT,GG,GG,TT,CT,AA,CC,CC,TT,CC,CC,GG,CC,CC,GG,TT,AA,GG,GA,CC,CC,TG,TT,GG,AT,GG,GG,CC,AA,AA,GG,AA,TT,GA,CC,CC,AA,GG,TT,GG,CC,TC,CC,CC,0,0,AG,CC,GA,GG,CT,GG,TC,GA,GG,CC,GG,AA,CC,TT,GG,GG,GG
tissue_marten,0,ORbmt_F10.tr,,,BMT10,,CONSENSUS,591608,479871,81.82,99%,90,1,GG,AA,CT,GG,CC,AA,GA,TT,GA,CC,CT,TC,AA,TT,CT,TT,TT,GG,AG,GG,CC,CA,CA,GG,GA,CC,CC,GA,CC,TT,AA,AA,GG,TT,AG,GG,0,CC,GG,GG,TT,GA,AG,AG,GG,TT,CC,AG,CT,GG,GG,TT,CT,AA,CC,CC,TT,CC,CC,GG,CC,CC,GG,TT,AA,GG,GA,CC,CC,TG,TT,GG,AT,GG,GG,CC,AA,AA,GG,AA,TT,GA,CC,CC,AA,GG,TT,GG,CC,TC,CC,CC,0,0,AG,CC,GA,GG,CT,GG,TC,GA,GG,CC,GG,AA,CC,TT,GG,GG,GG
tissue_marten,NA,ORbmt_M11.tr,Nextseq509,MACA_P10,BMT11,a,lane1-s247-index--TCTTACGCCG-ATTCATTGCA-CL3_LA0663_b_S247.assembled,1586135,1401273,88.35,98%,89,NA,GG,AC,CT,GG,CC,AA,GG,TT,GG,TT,CC,TT,GG,CC,CT,TT,CT,GG,GG,GG,CC,CA,AA,AA,AA,CC,CC,GA,CC,TT,0,GG,GG,TT,AG,GG,CC,CC,GG,GG,TT,GG,AG,AG,GG,TT,TC,AA,TT,GG,GG,TT,CT,GG,CC,CC,CC,CC,CC,GG,CC,CC,GG,TT,AA,GG,GA,CC,CC,TT,TT,GG,TT,GG,GG,CC,AA,AA,GT,AG,TT,GG,CC,CC,AA,GG,TT,GG,CC,TC,CC,CT,GG,GG,AG,CC,GA,GG,CC,GG,TC,AA,GG,CC,GG,AA,CC,TT,GG,GG,GG
tissue_marten,NA,ORbmt_M11.tr,Nextseq509,MACA_P10,BMT11,b,lane1-s255-index--ACTTACTTCA-TCTGGAATTA-CL3_LA0693_b_S255.assembled,1290712,1095360,84.86,96%,87,NA,GG,AC,CT,GG,CC,AA,GG,TT,GG,TT,CC,TT,GG,CC,CT,TT,CT,GG,GG,GG,CC,CA,AA,AA,AA,CC,CC,GA,CC,TT,0,GG,GG,TT,AG,GG,CC,CC,GG,GG,TT,GG,AG,AG,GG,TT,TC,AA,TT,GG,GG,TT,CT,GG,CC,CC,CC,CC,CC,GG,CC,CC,GG,TT,AA,GG,GA,CC,CC,TT,0,GG,TT,GG,GG,CC,AA,AA,GT,AG,TT,GG,CC,CC,AA,GG,TT,GG,0,TC,CC,CT,GG,GG,AG,CC,GA,GG,CC,GG,TC,AA,GG,CC,GG,AA,CC,TT,GG,GG,GG
tissue_marten,0,ORbmt_M11.tr,,,BMT11,,CONSENSUS,1438424,1248317,86.61,98%,89,0,GG,AC,CT,GG,CC,AA,GG,TT,GG,TT,CC,TT,GG,CC,CT,TT,CT,GG,GG,GG,CC,CA,AA,AA,AA,CC,CC,GA,CC,TT,0,GG,GG,TT,AG,GG,CC,CC,GG,GG,TT,GG,AG,AG,GG,TT,TC,AA,TT,GG,GG,TT,CT,GG,CC,CC,CC,CC,CC,GG,CC,CC,GG,TT,AA,GG,GA,CC,CC,TT,TT,GG,TT,GG,GG,CC,AA,AA,GT,AG,TT,GG,CC,CC,AA,GG,TT,GG,CC,TC,CC,CT,GG,GG,AG,CC,GA,GG,CC,GG,TC,AA,GG,CC,GG,AA,CC,TT,GG,GG,GG
tissue_marten,NA,ORbmt_F02.tr,Nextseq509,MACA_P10,BMT2,a,lane1-s230-index--TGGATCTGGC-CAATGCTGAA-CL3_LA0489_b_S230.assembled,1176986,1067057,90.66,99%,90,NA,GG,AA,CT,GG,CC,AA,GA,TT,GG,CC,CC,TT,AA,TT,TT,TT,CT,CG,AA,GA,CC,CA,AA,AA,GG,CC,CC,GG,CC,TT,GG,GA,GG,CC,AA,AG,CC,CC,GG,GG,TT,GA,AA,AG,GT,CT,TT,GG,CT,GT,GC,TT,CC,GA,CC,CC,CT,CC,CC,GA,CC,CC,GG,TT,AA,GG,GA,CC,CC,TT,TT,GG,TT,GA,GG,CC,AA,AA,TT,0,TT,GA,CC,CC,AA,GG,TT,GG,CC,CC,CC,TT,0,0,AG,TT,AA,GG,TT,GG,TC,GA,GG,CC,GG,AA,CC,TT,GG,GG,GG
tissue_marten,NA,ORbmt_F02.tr,Nextseq509,MACA_P10,BMT2,b,lane1-s238-index--AATGACTGGT-TCTCACGCGT-CL3_A0568_b_S238.assembled,709703,631547,88.99,99%,90,NA,GG,AA,CT,GG,CC,AA,GA,TT,GG,CC,CC,TT,AA,TT,TT,TT,CT,CG,AA,GA,CC,CA,AA,AA,GG,CC,CC,GG,CC,TT,GG,GA,GG,CC,AA,AG,CC,CC,GG,GG,TT,GA,AA,AG,GT,CT,TT,GG,CT,GT,GC,TT,CC,GA,CC,CC,CT,CC,CC,GA,CC,CC,GG,TT,AA,GG,GA,CC,CC,TT,TT,GG,TT,GA,GG,CC,AA,AA,TT,0,TT,GA,CC,CC,AA,GG,TT,GG,CC,CC,CC,TT,0,0,AG,TT,AA,GG,TT,GG,TC,GA,GG,CC,GG,AA,CC,TT,GG,GG,GG
tissue_marten,0,ORbmt_F02.tr,,,BMT2,,CONSENSUS,943345,849302,89.83,99%,90,0,GG,AA,CT,GG,CC,AA,GA,TT,GG,CC,CC,TT,AA,TT,TT,TT,CT,CG,AA,GA,CC,CA,AA,AA,GG,CC,CC,GG,CC,TT,GG,GA,GG,CC,AA,AG,CC,CC,GG,GG,TT,GA,AA,AG,GT,CT,TT,GG,CT,GT,GC,TT,CC,GA,CC,CC,CT,CC,CC,GA,CC,CC,GG,TT,AA,GG,GA,CC,CC,TT,TT,GG,TT,GA,GG,CC,AA,AA,TT,0,TT,GA,CC,CC,AA,GG,TT,GG,CC,CC,CC,TT,0,0,AG,TT,AA,GG,TT,GG,TC,GA,GG,CC,GG,AA,CC,TT,GG,GG,GG
tissue_marten,NA,NA,Nextseq509,MACA_P10,BMT3,a,lane1-s231-index--TTGAATCCAA-GTCACGGTGT-CL3_LA0491_b_S231.assembled,12544,3,0.02,-2%,-2,NA,0,0,0,0,0,0,0,0,0,0,0,0,NA,0,0,0,0,NA,0,0,0,0,0,0,NA,0,0,0,0,0,0,0,0,0,0,0,0,0,0,NA,0,0,NA,0,0,0,0,0,0,NA,0,0,NA,0,NA,NA,0,0,NA,0,0,0,0,0,0,NA,0,0,0,0,0,0,0,0,0,0,NA,NA,0,NA,0,0,0,NA,0,NA,0,0,0,0,0,0,0,0,NA,0,0,0,0,0,0,NA,NA,0,NA,0,0,0,NA,0,0
tissue_marten,NA,NA,Nextseq509,MACA_P10,BMT3,b,lane1-s239-index--ATGATTCCGG-CTCTGACGTG-CL3_LA0589_b_S239.assembled,74800,4,0.01,-2%,-2,NA,0,0,0,0,0,0,0,0,0,0,0,0,NA,0,0,0,0,0,0,0,0,0,0,0,0,0,0,0,0,0,0,0,0,0,0,0,0,0,0,0,0,0,0,0,0,0,0,0,0,0,0,0,0,0,0,0,0,0,0,0,0,0,0,0,0,0,0,0,0,0,0,0,0,0,0,0,0,NA,0,0,0,0,0,0,0,0,0,0,0,0,0,0,0,0,0,0,0,0,0,0,0,0,0,0,0,0,0,0,0,0,0
tissue_marten,1,NA,,,BMT3,,CONSENSUS,43672,4,0.02,-1%,-1,0,0,0,0,0,0,0,0,0,0,0,0,0,0,0,0,0,0,0,0,0,0,0,0,0,0,0,0,0,0,0,0,0,0,0,0,0,0,0,0,0,0,0,0,0,0,0,0,0,0,0,0,0,0,0,0,0,0,0,-,0,0,0,0,0,0,0,0,0,0,0,0,0,0,0,0,0,0,0,0,0,0,0,0,0,0,0,0,0,0,0,0,0,0,0,0,0,0,0,0,0,0,0,0,0,0,0,0,0,0,0,0
tissue_marten,NA,ORbmt_M04.tr,Nextseq509,MACA_P10,BMT4,a,lane1-s232-index--CACGGCTAGT-GGTGTACAAG-CL3_LA0495_b_S232.assembled,66002,36083,54.67,96%,87,NA,GG,AA,CT,GG,CC,AA,GG,TT,AA,CC,CC,CC,GG,TC,CT,TT,TT,GG,AG,GG,CC,CC,AA,AA,GG,CC,CC,GA,CC,TT,AA,GA,GG,CC,AG,AG,0,CC,GG,GG,TT,AA,GG,AG,GG,TT,CC,GG,TT,GT,GG,TT,CC,AA,CC,CC,CT,CC,CC,GG,CA,CC,GG,TT,AA,GG,GG,CC,CC,TT,0,GG,TT,GA,GA,CC,AA,AA,GT,0,TT,GG,CC,CC,AA,GG,TT,GG,CC,TC,CC,TT,GG,GG,AG,CT,AA,GG,TT,GG,TC,AA,GG,CC,GG,AA,CC,TT,GG,GG,GG
tissue_marten,NA,ORbmt_M04.tr,Nextseq509,MACA_P10,BMT4,b,lane1-s240-index--TTAGGCTCAA-TCGAATGGAA-CL3_LA0612_b_S240.assembled,113684,70244,61.79,93%,85,NA,GG,AA,CT,GG,CC,AA,GG,TT,AA,CC,0,CC,GG,TC,CT,TT,TT,GG,AG,GG,CC,CC,AA,AA,GG,CC,CC,GA,CC,TT,AA,GA,GG,CC,AG,AG,0,CC,GG,GG,TT,AA,GG,AG,GG,TT,CC,GG,TT,GT,GG,TT,CC,AA,CC,CC,CT,CC,CC,GG,CA,CC,GG,TT,AA,GG,GG,CC,CC,TT,0,GG,TT,GA,GA,CC,AA,AA,GT,0,TT,GG,CC,CC,AA,GG,TT,GG,0,TC,CC,TT,GG,GG,AG,CT,AA,GG,TT,GG,TC,AA,GG,CC,GG,AA,CC,TT,GG,GG,GG
tissue_marten,0,ORbmt_M04.tr,,,BMT4,,CONSENSUS,89843,53164,58.23,96%,87,0,GG,AA,CT,GG,CC,AA,GG,TT,AA,CC,CC,CC,GG,TC,CT,TT,TT,GG,AG,GG,CC,CC,AA,AA,GG,CC,CC,GA,CC,TT,AA,GA,GG,CC,AG,AG,0,CC,GG,GG,TT,AA,GG,AG,GG,TT,CC,GG,TT,GT,GG,TT,CC,AA,CC,CC,CT,CC,CC,GG,CA,CC,GG,TT,AA,GG,GG,CC,CC,TT,0,GG,TT,GA,GA,CC,AA,AA,GT,0,TT,GG,CC,CC,AA,GG,TT,GG,CC,TC,CC,TT,GG,GG,AG,CT,AA,GG,TT,GG,TC,AA,GG,CC,GG,AA,CC,TT,GG,GG,GG
tissue_marten,NA,ORbmt_M05.tr,Nextseq509,MACA_P10,BMT5,a,lane1-s241-index--TGTAAGGTGG-AAGGCCTTGG-CL3_LA0622_b_S241.assembled,138948,79176,56.98,97%,88,NA,GG,AA,CC,GG,CC,AA,GG,TT,GG,TT,CC,TT,GG,TT,CC,TT,TT,CG,AG,GG,CC,CC,CC,AA,GG,TC,TC,GG,CC,TT,0,GA,GG,CT,GG,GG,CC,CC,GG,GG,TT,GG,AG,AG,TT,TT,CC,AG,CC,GG,GC,TT,CC,AA,CC,CC,CT,CC,CC,GG,CC,CC,GG,TT,AG,0,GA,CC,CC,TT,TT,GG,TT,GG,GA,CC,AA,AA,TT,GG,TT,GG,CC,CC,AA,GG,TT,GG,CC,TC,CC,TT,GG,GG,GG,CC,GA,GG,CT,GG,TC,GG,GG,CC,GG,AA,CC,TT,GG,GG,0
tissue_marten,NA,ORbmt_M05.tr,Nextseq509,MACA_P10,BMT5,b,lane1-s249-index--CTGAATTAGT-AATTCGATCG-CL3_LA0670_b_S249.assembled,188192,62565,33.25,97%,88,NA,GG,AA,CC,GG,CC,AA,GG,TT,GG,TT,CC,TT,GG,TT,CC,TT,TT,CG,AG,GG,CC,CC,CC,AA,GG,TC,TC,GG,CC,TT,0,GA,GG,CT,GG,GG,CC,CC,GG,GG,TT,GG,AG,AG,TT,TT,CC,AG,CC,GG,GC,TT,CC,AA,CC,CC,CT,CC,CC,GG,CC,CC,GG,TT,AG,0,GA,CC,CC,TT,TT,GG,TT,GG,GA,CC,AA,AA,TT,GG,TT,GG,CC,CC,AA,GG,TT,GG,CC,TC,CC,TT,GG,GG,GG,CC,GA,GG,CT,GG,TC,GG,GG,CC,GG,AA,CC,TT,GG,GG,0
tissue_marten,0,ORbmt_M05.tr,,,BMT5,,CONSENSUS,163570,70871,45.12,97%,88,0,GG,AA,CC,GG,CC,AA,GG,TT,GG,TT,CC,TT,GG,TT,CC,TT,TT,CG,AG,GG,CC,CC,CC,AA,GG,TC,TC,GG,CC,TT,0,GA,GG,CT,GG,GG,CC,CC,GG,GG,TT,GG,AG,AG,TT,TT,CC,AG,CC,GG,GC,TT,CC,AA,CC,CC,CT,CC,CC,GG,CC,CC,GG,TT,AG,0,GA,CC,CC,TT,TT,GG,TT,GG,GA,CC,AA,AA,TT,GG,TT,GG,CC,CC,AA,GG,TT,GG,CC,TC,CC,TT,GG,GG,GG,CC,GA,GG,CT,GG,TC,GG,GG,CC,GG,AA,CC,TT,GG,GG,0
tissue_marten,NA,ORbmt_M06.tr,Nextseq509,MACA_P10,BMT6,a,lane1-s242-index--CAACTGCAAC-TGAACGCAAC-CL3_LA0642_b_S242.assembled,280490,97205,34.66,96%,87,NA,GG,AC,CC,GG,CC,AA,GG,TT,AA,CT,CC,CC,AA,TC,CT,TT,CC,GG,AG,GA,CC,AA,CA,AA,GG,TC,TT,GG,CC,TT,0,AA,GG,CT,AA,GG,0,CC,GG,GG,TT,GG,GG,AG,GT,CT,TC,AA,CT,GT,GG,TT,CC,GA,CC,CC,TT,CC,CC,GG,AA,CC,GG,TT,AA,0,GA,CC,CC,TT,TT,GG,TT,GA,GG,CC,AA,AA,TT,AG,TT,GA,CC,CC,AA,GG,TT,GG,CC,TC,CT,TT,GG,GG,AA,CT,GA,GG,CC,GG,TC,GA,GG,CC,GG,AA,CC,TT,GG,GG,0
tissue_marten,NA,ORbmt_M06.tr,Nextseq509,MACA_P10,BMT6,b,lane1-s250-index--TAAGGAGGAA-TTCCGACATT-CL3_LA0671_b_S250.assembled,133295,79580,59.7,93%,85,NA,GG,AC,CC,GG,CC,AA,GG,TT,AA,CT,CC,CC,0,TC,CT,TT,CC,GG,AG,GA,CC,AA,CA,AA,GG,TC,TT,GG,CC,TT,0,AA,GG,CT,AA,GG,0,CC,GG,GG,TT,GG,GG,AG,GT,CT,TC,AA,CT,GT,GG,TT,CC,GA,CC,CC,TT,CC,CC,GG,AA,CC,GG,TT,AA,0,GA,CC,CC,TT,TT,GG,TT,GA,GG,CC,AA,AA,TT,0,TT,GA,CC,CC,AA,GG,TT,GG,CC,TC,CT,TT,GG,GG,AA,CT,GA,GG,CC,GG,TC,GA,GG,CC,GG,AA,CC,TT,GG,GG,0
tissue_marten,0,ORbmt_M06.tr,,,BMT6,,CONSENSUS,206893,88393,47.18,96%,87,0,GG,AC,CC,GG,CC,AA,GG,TT,AA,CT,CC,CC,AA,TC,CT,TT,CC,GG,AG,GA,CC,AA,CA,AA,GG,TC,TT,GG,CC,TT,0,AA,GG,CT,AA,GG,0,CC,GG,GG,TT,GG,GG,AG,GT,CT,TC,AA,CT,GT,GG,TT,CC,GA,CC,CC,TT,CC,CC,GG,AA,CC,GG,TT,AA,0,GA,CC,CC,TT,TT,GG,TT,GA,GG,CC,AA,AA,TT,AG,TT,GA,CC,CC,AA,GG,TT,GG,CC,TC,CT,TT,GG,GG,AA,CT,GA,GG,CC,GG,TC,GA,GG,CC,GG,AA,CC,TT,GG,GG,0
tissue_marten,NA,ORbmt_M07.tr,Nextseq509,MACA_P10,BMT7,a,lane1-s243-index--ACATGAGTGA-CCGCTTAGCT-CL3_LA0643_b_S243.assembled,261779,115925,44.28,99%,90,NA,GG,AA,CC,GG,CC,AA,GG,TT,GG,CT,CC,TC,AA,TT,CC,TT,TT,GG,AG,GG,CC,CA,AA,GG,AA,CC,TC,GG,CC,AT,AA,GG,GA,CC,GG,AG,CC,CC,GG,GG,TT,GA,AG,AA,TT,CT,TT,AG,TT,GT,GG,TT,CT,AA,CC,CC,CC,CC,CC,GG,CA,CC,GG,TT,AG,GG,GA,CC,CC,TT,TT,GG,TT,GG,GA,CC,AA,AA,GT,GG,TT,GG,CC,CC,AA,GG,TT,GG,CC,TC,CC,CT,GG,GG,AA,CT,GA,GG,TT,GG,TT,AA,GG,CC,GG,AA,CC,TT,GG,GG,GG
tissue_marten,NA,ORbmt_M07.tr,Nextseq509,MACA_P10,BMT7,b,lane1-s251-index--AGCTTACACA-TGGCACGACC-CL3_LA0673_b_S251.assembled,369971,354311,95.77,100%,91,NA,GG,AA,CC,GG,CC,AA,GG,TT,GG,CT,CC,TC,AA,TT,CC,TT,TT,GG,AG,GG,CC,CA,AA,GG,AA,CC,TC,GG,CC,AT,AA,GG,GA,CC,GG,AG,CC,CC,GG,GG,TT,GA,AG,AA,TT,CT,TT,AG,TT,GT,GG,TT,CT,AA,CC,CC,CC,CC,CC,GG,CA,CC,GG,TT,AG,GG,GA,CC,CC,TT,TT,GG,TT,GG,GA,CC,AA,AA,GT,GG,TT,GG,CC,CC,AA,GG,TT,GG,CC,TC,CC,CT,GG,GG,AA,CT,GA,GG,TT,GG,TT,AA,GG,CC,GG,AA,CC,TT,GG,GG,GG
tissue_marten,0,ORbmt_M07.tr,,,BMT7,,CONSENSUS,315875,235118,70.03,100%,91,1,GG,AA,CC,GG,CC,AA,GG,TT,GG,CT,CC,TC,AA,TT,CC,TT,TT,GG,AG,GG,CC,CA,AA,GG,AA,CC,TC,GG,CC,AT,AA,GG,GA,CC,GG,AG,CC,CC,GG,GG,TT,GA,AG,AA,TT,CT,TT,AG,TT,GT,GG,TT,CT,AA,CC,CC,CC,CC,CC,GG,CA,CC,GG,TT,AG,GG,GA,CC,CC,TT,TT,GG,TT,GG,GA,CC,AA,AA,GT,GG,TT,GG,CC,CC,AA,GG,TT,GG,CC,TC,CC,CT,GG,GG,AA,CT,GA,GG,TT,GG,TT,AA,GG,CC,GG,AA,CC,TT,GG,GG,GG
tissue_marten,NA,ORbmt_F08.tr,Nextseq509,MACA_P10,BMT8,a,lane1-s244-index--GCAACCAGTC-CACCGAGGAA-CL3_LA0649_b_S244.assembled,84410,39199,46.44,98%,89,NA,GG,AA,CT,GG,CC,AA,GA,TT,GA,CC,CC,TC,AA,CC,CC,TT,TT,CG,AA,GA,CC,CA,CA,AA,GG,CC,TC,GA,CC,TT,AA,GA,GG,CC,AA,AG,CC,CC,GG,GG,TT,AA,AA,GG,GT,TT,TC,GG,TT,GG,GC,TT,CT,GA,CC,CC,CC,CC,CC,GG,CC,CC,GG,TT,AA,GG,GA,CC,CC,TT,TT,GG,TT,GG,GG,CC,AA,AA,TT,0,TT,GA,CC,CC,AA,GC,TT,GG,CC,TT,CT,TT,0,0,AG,CT,GA,GG,TT,GG,CC,AA,GG,CC,GG,AA,CC,TT,GG,GG,GG
tissue_marten,NA,ORbmt_F08.tr,Nextseq509,MACA_P10,BMT8,b,lane1-s252-index--AACCAGCCAC-GCCACAGCAC-CL3_LA0676_b_S252.assembled,489570,377896,77.19,100%,91,NA,GG,AA,CT,GG,CC,AA,GA,TT,GA,CC,CC,TC,AA,CC,CC,TT,TT,CG,AA,GA,CC,CA,CA,AA,GG,CC,TC,GA,CC,TT,AA,GA,GG,CC,AA,AG,CC,CC,GG,GG,TT,AA,AA,GG,GT,TT,TC,GG,TT,GG,GC,TT,CT,GA,CC,CC,CC,CC,CC,GG,CC,CC,GG,TT,AA,GG,GA,CC,CC,TT,TT,GG,TT,GG,GG,CC,AA,AA,TT,AG,TT,GA,CC,CC,AA,GC,TT,GG,CC,TT,CT,TT,0,0,AG,CT,GA,GG,TT,GG,CC,AA,GG,CC,GG,AA,CC,TT,GG,GG,GG
tissue_marten,0,ORbmt_F08.tr,,,BMT8,,CONSENSUS,286990,208548,61.82,100%,91,1,GG,AA,CT,GG,CC,AA,GA,TT,GA,CC,CC,TC,AA,CC,CC,TT,TT,CG,AA,GA,CC,CA,CA,AA,GG,CC,TC,GA,CC,TT,AA,GA,GG,CC,AA,AG,CC,CC,GG,GG,TT,AA,AA,GG,GT,TT,TC,GG,TT,GG,GC,TT,CT,GA,CC,CC,CC,CC,CC,GG,CC,CC,GG,TT,AA,GG,GA,CC,CC,TT,TT,GG,TT,GG,GG,CC,AA,AA,TT,AG,TT,GA,CC,CC,AA,GC,TT,GG,CC,TT,CT,TT,0,0,AG,CT,GA,GG,TT,GG,CC,AA,GG,CC,GG,AA,CC,TT,GG,GG,GG
tissue_marten,NA,ORbmt_M09.tr,Nextseq509,MACA_P10,BMT9,a,lane1-s245-index--GAGCGACGAT-CGTATAATCA-CL3_LA0657_b_S245.assembled,2170075,2064466,95.13,98%,89,NA,GG,AC,CT,GG,CC,AA,GG,TT,GG,TT,CC,TC,AA,TC,CT,TT,CC,GG,AG,GG,CC,AA,AA,AA,AA,CC,TC,AA,CC,TT,0,GG,GG,CT,AG,AG,CC,CC,GG,GG,TT,GG,AG,GG,GT,TT,TT,AG,TT,GG,GG,TT,CT,GG,CC,CC,CC,CC,CC,GG,CA,CC,GG,TT,AA,GG,GA,CC,TC,TG,TT,GG,TT,GG,GA,CC,AA,AA,GG,0,TT,GG,CC,CC,AA,GG,GT,GG,CC,CC,CT,CT,GG,GG,AA,CT,GG,GG,CT,GG,CC,AA,GG,CC,GG,AA,CC,TT,GG,GG,GG
tissue_marten,NA,ORbmt_M09.tr,Nextseq509,MACA_P10,BMT9,b,lane1-s253-index--CTTAAGTCGA-CAGTAGTTGT-CL3_LA0679_b_S253.assembled,4006586,3768818,94.07,99%,90,NA,GG,AC,CT,GG,CC,AA,GG,TT,GG,TT,CC,TC,AA,TC,CT,TT,CC,GG,AG,GG,CC,AA,AA,AA,AA,CC,TC,AA,CC,TT,AG,GG,GG,CT,AG,AG,CC,CC,GG,GG,TT,GG,AG,GG,GT,TT,TT,AG,TT,GG,GG,TT,CT,GG,CC,CC,CC,CC,CC,GG,CA,CC,GG,TT,AA,GG,GA,CC,TC,TG,TT,GG,TT,GG,GA,CC,AA,AA,GG,0,TT,GG,CC,CC,AA,GG,GT,GG,CC,CC,CT,CT,GG,GG,AA,CT,GG,GG,CT,GG,CC,AA,GG,CC,GG,AA,CC,TT,GG,GG,GG
tissue_marten,0,ORbmt_M09.tr,,,BMT9,,CONSENSUS,3088331,2916642,94.6,99%,90,2,GG,AC,CT,GG,CC,AA,GG,TT,GG,TT,CC,TC,AA,TC,CT,TT,CC,GG,AG,GG,CC,AA,AA,AA,AA,CC,TC,AA,CC,TT,AG,GG,GG,CT,AG,AG,CC,CC,GG,GG,TT,GG,AG,GG,GT,TT,TT,AG,TT,GG,GG,TT,CT,GG,CC,CC,CC,CC,CC,GG,CA,CC,GG,TT,AA,GG,GA,CC,TC,TG,TT,GG,TT,GG,GA,CC,AA,AA,GG,0,TT,GG,CC,CC,AA,GG,GT,GG,CC,CC,CT,CT,GG,GG,AA,CT,GG,GG,CT,GG,CC,AA,GG,CC,GG,AA,CC,TT,GG,GG,GG
tissue_marten,NA,WAcasc_M215.tr,Nextseq509,MACA_P10,C21_215,a,lane1-s227-index--AAGTTCTAGT-GGTAAGATAA-CL3_LA0446_b_S227.assembled,46027,13110,28.48,89%,81,NA,GG,AA,CT,GG,CC,AA,GG,0,AA,TT,0,CC,0,CC,CT,TT,CT,GG,AG,GA,CT,CA,CA,0,GG,CC,TT,GA,CC,TT,0,GG,GG,CC,AG,AG,TT,CC,GG,GG,TT,GG,GG,AG,GG,TT,CC,AG,CC,GG,CC,TT,CC,GA,CC,CC,0,CC,CC,GG,CC,CC,GC,TT,AG,GG,GG,CC,CC,TG,0,GT,AT,GG,AA,CC,AA,AA,TT,0,GG,GG,CC,CT,AA,GG,GT,GG,0,CC,CC,TT,GG,GG,AG,CC,GG,GG,CT,GG,TC,GG,GG,CC,GG,AA,CC,TT,GG,GG,GG
tissue_marten,NA,WAcasc_M215.tr,Nextseq509,MACA_P10,C21_215,b,lane1-s235-index--CAATCCTTGT-CGAAGACGCA-CL3_LA0529_b_S235.assembled,103436,49795,48.14,95%,86,NA,GG,AA,CT,GG,CC,AA,GG,AA,AA,TT,CT,CC,0,CC,CT,TT,CT,GG,AG,GA,CT,CA,CA,AG,GG,CC,TT,GA,CC,TT,0,GG,GG,CC,AG,AG,TT,CC,GG,GG,TT,GG,GG,AG,GG,TT,CC,AG,CC,GG,CC,TT,CC,GA,CC,CC,CC,CC,CC,GG,CC,CC,GC,TT,AG,GG,GG,CC,CC,TG,0,GT,AT,GG,AA,CC,AA,AA,TT,0,GG,GG,CC,CT,AA,GG,GT,GG,CC,CC,CC,TT,GG,GG,AG,CC,GG,GG,CT,GG,TC,GG,GG,CC,GG,AA,CC,TT,GG,GG,GG
tissue_marten,0,WAcasc_M215.tr,,,C21_215,,CONSENSUS,74732,31453,38.31,95%,86,0,GG,AA,CT,GG,CC,AA,GG,AA,AA,TT,CT,CC,0,CC,CT,TT,CT,GG,AG,GA,CT,CA,CA,AG,GG,CC,TT,GA,CC,TT,0,GG,GG,CC,AG,AG,TT,CC,GG,GG,TT,GG,GG,AG,GG,TT,CC,AG,CC,GG,CC,TT,CC,GA,CC,CC,CC,CC,CC,GG,CC,CC,GC,TT,AG,GG,GG,CC,CC,TG,0,GT,AT,GG,AA,CC,AA,AA,TT,0,GG,GG,CC,CT,AA,GG,GT,GG,CC,CC,CC,TT,GG,GG,AG,CC,GG,GG,CT,GG,TC,GG,GG,CC,GG,AA,CC,TT,GG,GG,GG
tissue_marten,NA,ORcasc_F252.tr,Nextseq509,MACA_P10,D11_252,a,lane1-s211-index--CACCTAGCAC-TGCTGGACAT-CL3_LA0643_a_S211.assembled,215855,195446,90.55,100%,91,NA,GG,AA,CC,GG,TC,AA,AA,AA,GG,CC,CT,TT,AA,TC,CT,TC,CT,CG,AG,GG,CC,CC,CA,AA,GG,CC,CC,AA,CC,AA,AA,GA,GA,CT,AG,AG,CC,CC,GG,AA,TT,GA,AG,AA,GT,CT,TT,AG,CC,GT,GC,TT,CT,GA,CC,CC,CC,CT,CC,GA,CC,TC,GC,TT,AA,CC,GA,CC,CC,TG,TA,GG,AT,AA,GG,TT,AA,AA,TT,GG,TT,GA,CC,CC,AA,GC,GT,GG,AA,TC,CC,CT,0,0,GG,CT,GG,GA,CT,GG,TT,GG,GG,CC,GG,AA,CC,TT,GG,GG,CC
tissue_marten,NA,ORcasc_F252.tr,Nextseq509,MACA_P10,D11_252,b,lane1-s219-index--GGCACTAAGG-TCAGGTCAAC-CL3_LA0673_a_S219.assembled,126019,115994,92.04,97%,88,NA,GG,AA,CC,GG,TC,AA,AA,AA,GG,CC,CT,TT,0,TC,CT,TC,CT,CG,AG,GG,CC,CC,CA,AA,GG,CC,CC,AA,CC,AA,AA,GA,GA,CT,AG,AG,CC,CC,GG,AA,TT,GA,AG,AA,GT,CT,TT,AG,CC,GT,GC,TT,CT,GA,CC,CC,CC,CT,CC,GA,CC,TC,GC,TT,AA,CC,GA,CC,CC,TG,TA,GG,AT,AA,GG,TT,AA,AA,TT,0,TT,GA,CC,CC,AA,GC,GT,GG,AA,TC,CC,CT,0,0,GG,CT,GG,GA,CT,GG,TT,GG,GG,CC,GG,AA,CC,TT,GG,GG,CC
tissue_marten,0,ORcasc_F252.tr,,,D11_252,,CONSENSUS,170937,155720,91.3,100%,91,0,GG,AA,CC,GG,TC,AA,AA,AA,GG,CC,CT,TT,AA,TC,CT,TC,CT,CG,AG,GG,CC,CC,CA,AA,GG,CC,CC,AA,CC,AA,AA,GA,GA,CT,AG,AG,CC,CC,GG,AA,TT,GA,AG,AA,GT,CT,TT,AG,CC,GT,GC,TT,CT,GA,CC,CC,CC,CT,CC,GA,CC,TC,GC,TT,AA,CC,GA,CC,CC,TG,TA,GG,AT,AA,GG,TT,AA,AA,TT,GG,TT,GA,CC,CC,AA,GC,GT,GG,AA,TC,CC,CT,0,0,GG,CT,GG,GA,CT,GG,TT,GG,GG,CC,GG,AA,CC,TT,GG,GG,CC
tissue_marten,NA,ORcasc_F258.tr,Nextseq509,MACA_P10,D11_258,a,lane1-s212-index--TTCAAGTATG-GATGGTATCG-CL3_LA0649_a_S212.assembled,67311,30254,44.95,98%,89,NA,GA,AA,CC,GG,TT,AG,GA,AT,GA,CT,CC,TC,AA,TC,CT,TT,TT,CG,AG,GG,CT,CC,CC,AA,GG,TC,CC,AA,CC,AT,AA,GA,GA,CT,AA,GG,CT,CC,GA,GG,TT,GG,AG,AA,GT,TT,CC,AA,CT,GT,GC,TT,CC,GA,CC,CC,CT,CC,CC,GG,CC,CC,GC,CC,AA,CC,GA,CC,TC,TG,0,GT,AT,GG,GG,CC,AA,AA,GG,AG,TG,GG,CC,CC,AA,GC,GG,GG,CC,TC,CC,CC,0,0,GG,CT,GG,GG,CC,GG,TT,GA,GG,CC,GG,AA,CC,TT,GG,GG,CC
tissue_marten,NA,ORcasc_F258.tr,Nextseq509,MACA_P10,D11_258,b,lane1-s220-index--ATTCGGTACA-AGTCCGAGGA-CL3_LA0676_a_S220.assembled,111889,70697,63.18,99%,90,NA,GA,AA,CC,GG,TT,AG,GA,AT,GA,CT,CC,TC,AA,TC,CT,TT,TT,CG,AG,GG,CT,CC,CC,AA,GG,TC,CC,AA,CC,AT,AA,GA,GA,CT,AA,GG,CT,CC,GA,GG,TT,GG,AG,AA,GT,TT,CC,AA,CT,GT,GC,TT,CC,GA,CC,CC,CT,CC,CC,GG,CC,CC,GC,CC,AA,CC,GA,CC,TC,TG,TT,GT,AT,GG,GG,CC,AA,AA,GG,AG,TG,GG,CC,CC,AA,GC,GG,GG,CC,TC,CC,CC,0,0,GG,CT,GG,GG,CC,GG,TT,GA,GG,CC,GG,AA,CC,TT,GG,GG,CC
tissue_marten,0,ORcasc_F258.tr,,,D11_258,,CONSENSUS,89600,50476,54.07,99%,90,0,GA,AA,CC,GG,TT,AG,GA,AT,GA,CT,CC,TC,AA,TC,CT,TT,TT,CG,AG,GG,CT,CC,CC,AA,GG,TC,CC,AA,CC,AT,AA,GA,GA,CT,AA,GG,CT,CC,GA,GG,TT,GG,AG,AA,GT,TT,CC,AA,CT,GT,GC,TT,CC,GA,CC,CC,CT,CC,CC,GG,CC,CC,GC,CC,AA,CC,GA,CC,TC,TG,TT,GT,AT,GG,GG,CC,AA,AA,GG,AG,TG,GG,CC,CC,AA,GC,GG,GG,CC,TC,CC,CC,0,0,GG,CT,GG,GG,CC,GG,TT,GA,GG,CC,GG,AA,CC,TT,GG,GG,CC
tissue_marten,NA,ORcasc_M259.tr,Nextseq509,MACA_P10,D11_259,a,lane1-s213-index--TTAAGACAAG-GGCTTAATTG-CL3_LA0657_a_S213.assembled,1928347,1860519,96.48,100%,91,NA,GG,AA,CC,GG,TC,AG,GA,AA,GA,CC,CT,TC,GG,CC,CT,TT,CT,CG,GG,GG,CC,CC,CC,AA,GG,TT,CC,GA,CC,TT,AA,GA,AA,CT,AG,AG,CT,CC,AA,GG,TT,GG,AG,AG,GT,TT,CC,AA,CT,TT,CC,TT,CC,AA,CT,CC,TT,CC,CC,GA,AA,TT,GG,TC,AA,CC,GA,CT,TT,TT,TT,GG,AT,GG,GG,CC,AA,AA,GG,GG,TT,GA,CC,CC,AA,GC,GT,GG,CC,TC,CC,CT,GG,GG,GG,CT,GG,GG,CC,GG,TC,GA,GG,CC,GG,AA,CC,TT,GG,GG,CC
tissue_marten,NA,ORcasc_M259.tr,Nextseq509,MACA_P10,D11_259,b,lane1-s221-index--ACTAATCTCC-CACTTAATCT-CL3_LA0679_a_S221.assembled,1339591,1283205,95.79,100%,91,NA,GG,AA,CC,GG,TC,AG,GA,AA,GA,CC,CT,TC,GG,CC,CT,TT,CT,CG,GG,GG,CC,CC,CC,AA,GG,TT,CC,GA,CC,TT,AA,GA,AA,CT,AG,AG,CT,CC,AA,GG,TT,GG,AG,AG,GT,TT,CC,AA,CT,TT,CC,TT,CC,AA,CT,CC,TT,CC,CC,GA,AA,TT,GG,TC,AA,CC,GA,CT,TT,TT,TT,GG,AT,GG,GG,CC,AA,AA,GG,GG,TT,GA,CC,CC,AA,GC,GT,GG,CC,TC,CC,CT,GG,GG,GG,CT,GG,GG,CC,GG,TC,GA,GG,CC,GG,AA,CC,TT,GG,GG,CC
tissue_marten,0,ORcasc_M259.tr,,,D11_259,,CONSENSUS,1633969,1571862,96.14,100%,91,0,GG,AA,CC,GG,TC,AG,GA,AA,GA,CC,CT,TC,GG,CC,CT,TT,CT,CG,GG,GG,CC,CC,CC,AA,GG,TT,CC,GA,CC,TT,AA,GA,AA,CT,AG,AG,CT,CC,AA,GG,TT,GG,AG,AG,GT,TT,CC,AA,CT,TT,CC,TT,CC,AA,CT,CC,TT,CC,CC,GA,AA,TT,GG,TC,AA,CC,GA,CT,TT,TT,TT,GG,AT,GG,GG,CC,AA,AA,GG,GG,TT,GA,CC,CC,AA,GC,GT,GG,CC,TC,CC,CT,GG,GG,GG,CT,GG,GG,CC,GG,TC,GA,GG,CC,GG,AA,CC,TT,GG,GG,CC
tissue_marten,NA,ORcasc_M260.tr,Nextseq509,MACA_P10,D11_260,a,lane1-s215-index--TTCTCGTGCA-ATACACAGAG-CL3_LA0663_a_S215.assembled,1194752,1072995,89.81,92%,84,NA,GG,CC,CT,GG,TC,AA,GA,AT,GG,CT,0,TT,0,CC,CT,TT,CC,CG,AA,GG,TT,CC,AA,AA,GG,TC,CC,AA,CC,AT,AA,AA,GA,CC,AA,AG,CC,CC,GG,GG,TC,AA,AG,AG,TT,TT,TC,AA,CC,GT,CC,TT,CT,GA,CC,CC,TT,CC,CC,GA,CC,CC,GG,TC,AA,CC,0,CT,TC,TG,0,GG,AA,GG,GG,CC,AA,AA,GG,AG,0,GA,CC,CC,AA,CC,GG,GG,0,TC,CC,CC,GG,GG,GG,CT,GG,GG,CC,GG,TC,GG,GG,CC,GG,AA,CC,TT,GG,GG,CC
tissue_marten,NA,ORcasc_M260.tr,Nextseq509,MACA_P10,D11_260,b,lane1-s223-index--CAACGACCTA-GCGACTCGAT-CL3_LA0693_a_S223.assembled,1833514,1684174,91.85,98%,89,NA,GG,CC,CT,GG,TC,AA,GA,AT,GG,CT,CT,TT,AA,CC,CT,TT,CC,CG,AA,GG,TT,CC,AA,AA,GG,TC,CC,AA,CC,AT,AA,AA,GA,CC,AA,AG,CC,CC,GG,GG,TC,AA,AG,AG,TT,TT,TC,AA,CC,GT,CC,TT,CT,GA,CC,CC,TT,CC,CC,GA,CC,CC,GG,TC,AA,CC,GG,CT,TC,TG,TT,GG,AA,GG,GG,CC,AA,AA,GG,0,TT,GA,CC,CC,AA,CC,GG,GG,AC,TC,CC,CC,GG,GG,GG,CT,GG,GG,CC,GG,TC,GG,GG,CC,GG,AA,CC,TT,GG,GG,CC
tissue_marten,0,ORcasc_M260.tr,,,D11_260,,CONSENSUS,1514133,1378585,90.83,98%,89,0,GG,CC,CT,GG,TC,AA,GA,AT,GG,CT,CT,TT,0,CC,CT,TT,CC,CG,AA,GG,TT,CC,AA,AA,GG,TC,CC,AA,CC,AT,AA,AA,GA,CC,AA,AG,CC,CC,GG,GG,TC,AA,AG,AG,TT,TT,TC,AA,CC,GT,CC,TT,CT,GA,CC,CC,TT,CC,CC,GA,CC,CC,GG,TC,AA,CC,GG,CT,TC,TG,TT,GG,AA,GG,GG,CC,AA,AA,GG,AG,TT,GA,CC,CC,AA,CC,GG,GG,AC,TC,CC,CC,GG,GG,GG,CT,GG,GG,CC,GG,TC,GG,GG,CC,GG,AA,CC,TT,GG,GG,CC
tissue_marten,NA,ORcasc_M261.tr,Nextseq509,MACA_P10,D11_261,a,lane1-s214-index--CACCTCTCTT-CTCGACTCCT-CL3_LA0659_a_S214.assembled,957252,914644,95.55,99%,90,NA,GA,CC,CT,GG,TC,AG,GA,AT,GG,CT,CC,TC,AA,TC,CT,TT,CT,CC,AG,AA,CC,CA,AA,AA,GG,TT,TC,AA,CC,AA,AA,GA,GA,CC,GG,AA,CT,CC,GA,GG,TT,GA,0,AA,GG,CT,CC,AA,CC,GT,GC,TT,CT,GA,CC,CC,CT,CT,CC,GA,CA,TT,GG,TT,AA,CC,GG,CT,TC,TT,TT,GG,AT,GG,GG,CC,AA,AA,GG,AA,TT,GG,CC,CC,AA,GC,GT,GG,AA,TC,CT,CT,GG,GG,AG,CT,GG,GG,CC,GG,TT,GG,GG,CC,GG,AA,CC,TT,GG,GG,CC
tissue_marten,NA,ORcasc_M261.tr,Nextseq509,MACA_P10,D11_261,b,lane1-s222-index--TGTGTTAGTA-TACTCTGTTA-CL3_LA0683_a_S222.assembled,944379,896464,94.93,100%,91,NA,GA,CC,CT,GG,TC,AG,GA,AT,GG,CT,CC,TC,AA,TC,CT,TT,CT,CC,AG,AA,CC,CA,AA,AA,GG,TT,TC,AA,CC,AA,AA,GA,GA,CC,GG,AA,CT,CC,GA,GG,TT,GA,AG,AA,GG,CT,CC,AA,CC,GT,GC,TT,CT,GA,CC,CC,CT,CT,CC,GA,CA,TT,GG,TT,AA,CC,GG,CT,TC,TT,TT,GG,AT,GG,GG,CC,AA,AA,GG,AA,TT,GG,CC,CC,AA,GC,GT,GG,AA,TC,CT,CT,GG,GG,AG,CT,GG,GG,CC,GG,TT,GG,GG,CC,GG,AA,CC,TT,GG,GG,CC
tissue_marten,0,ORcasc_M261.tr,,,D11_261,,CONSENSUS,950816,905554,95.24,99%,90,0,GA,CC,CT,GG,TC,AG,GA,AT,GG,CT,CC,TC,AA,TC,CT,TT,CT,CC,AG,AA,CC,CA,AA,AA,GG,TT,TC,AA,CC,AA,AA,GA,GA,CC,GG,AA,CT,CC,GA,GG,TT,GA,0,AA,GG,CT,CC,AA,CC,GT,GC,TT,CT,GA,CC,CC,CT,CT,CC,GA,CA,TT,GG,TT,AA,CC,GG,CT,TC,TT,TT,GG,AT,GG,GG,CC,AA,AA,GG,AA,TT,GG,CC,CC,AA,GC,GT,GG,AA,TC,CT,CT,GG,GG,AG,CT,GG,GG,CC,GG,TT,GG,GG,CC,GG,AA,CC,TT,GG,GG,CC
tissue_marten,NA,WAcasc_M40858.tr,Nextseq509,MACA_P10,E40858,a,lane1-s226-index--CTCGTAGGCA-TCATCCTCTT-CL3_LA0435_b_S226.assembled,112983,105334,93.23,99%,90,NA,AA,AC,CC,GG,TT,AA,AA,TT,GA,TT,CT,CC,GG,TT,CT,TT,TT,GG,AG,GG,CT,CC,CA,AG,GG,CC,CC,GG,CT,TT,AA,GG,AA,CT,AA,AA,CC,CC,GA,GG,TT,GG,GG,AG,GG,TT,CC,AG,TT,GG,GG,TT,CC,AA,CC,CC,CC,CC,CC,GG,CC,CC,GG,CC,AG,GG,GG,CT,CC,GG,TT,GT,AA,GG,GG,CC,AA,AA,GG,GG,GG,GG,CC,TT,AA,GC,GT,GG,CC,TT,CC,CT,GG,GG,GG,CC,GG,GG,CT,GG,TC,AA,GG,CC,GG,AA,CC,TT,GG,GG,GG
tissue_marten,NA,WAcasc_M40858.tr,Nextseq509,MACA_P10,E40858,b,lane1-s234-index--AGCTAGCTTC-TAATACGGAG-CL3_LA0528_b_S234.assembled,122290,52146,42.64,98%,89,NA,AA,AC,CC,GG,TT,AA,AA,TT,GA,TT,CT,CC,0,TT,CT,TT,TT,GG,AG,GG,CT,CC,CA,AG,GG,CC,CC,GG,CT,TT,AA,GG,AA,CT,AA,AA,CC,CC,GA,GG,TT,GG,GG,AG,GG,TT,CC,AG,TT,GG,GG,TT,CC,AA,CC,CC,CC,CC,CC,GG,CC,CC,GG,CC,AG,GG,GG,CT,CC,GG,TT,GT,AA,GG,GG,CC,AA,AA,GG,GG,GG,GG,CC,TT,AA,GC,GT,GG,CC,TT,CC,CT,GG,GG,GG,CC,GG,GG,CT,GG,TC,AA,GG,CC,GG,AA,CC,TT,GG,GG,GG
tissue_marten,0,WAcasc_M40858.tr,,,E40858,,CONSENSUS,117637,78740,67.94,99%,90,0,AA,AC,CC,GG,TT,AA,AA,TT,GA,TT,CT,CC,GG,TT,CT,TT,TT,GG,AG,GG,CT,CC,CA,AG,GG,CC,CC,GG,CT,TT,AA,GG,AA,CT,AA,AA,CC,CC,GA,GG,TT,GG,GG,AG,GG,TT,CC,AG,TT,GG,GG,TT,CC,AA,CC,CC,CC,CC,CC,GG,CC,CC,GG,CC,AG,GG,GG,CT,CC,GG,TT,GT,AA,GG,GG,CC,AA,AA,GG,GG,GG,GG,CC,TT,AA,GC,GT,GG,CC,TT,CC,CT,GG,GG,GG,CC,GG,GG,CT,GG,TC,AA,GG,CC,GG,AA,CC,TT,GG,GG,GG
tissue_marten,NA,ORcasc_M40404.tr,Nextseq509,MACA_P10,G40404,a,lane1-s216-index--GCTAGGAAGT-TCTCGGACGA-CL3_LA0665_a_S216.assembled,123851,52252,42.19,99%,90,NA,GG,AA,CC,GG,TC,AA,GA,AT,GA,CT,CT,TT,GG,TC,CC,TT,CC,GG,AG,GA,CC,CC,CC,AA,GG,CC,TC,AA,CC,AT,AA,GG,GA,TT,AG,AG,CT,CC,GA,GG,TT,GA,AG,AG,GT,CC,TC,GG,CT,TT,CC,TC,CT,AA,CT,CC,CT,CC,CC,GG,CC,TT,GG,CC,AA,CC,GG,CC,CC,TT,TT,GG,TT,GA,GA,CC,AA,AA,GT,AA,TT,GG,CC,CC,AA,GG,GT,GG,CC,TT,CT,CC,GG,GG,GG,CC,GG,GA,CC,GG,TC,GA,GG,CC,GG,AA,CC,TT,GG,GG,CC
tissue_marten,NA,ORcasc_M40404.tr,Nextseq509,MACA_P10,G40404,b,lane1-s224-index--CGGTCGGCAT-CTAGGCAAGG-CL3_NTC3_a_S224.assembled,64992,41501,63.86,99%,90,NA,GG,AA,CC,GG,TC,AA,GA,AT,GA,CT,CT,TT,GG,TC,CC,TT,CC,GG,AG,GA,CC,CC,CC,AA,GG,CC,TC,AA,CC,AT,AA,GG,GA,TT,AG,AG,CT,CC,GA,GG,TT,GA,AG,AG,GT,CC,TC,GG,CT,TT,CC,TC,CT,AA,CT,CC,CT,CC,CC,GG,CC,TT,GG,CC,AA,CC,GG,CC,CC,TT,TT,GG,TT,GA,GA,CC,AA,AA,GT,AA,TT,GG,CC,CC,AA,GG,GT,GG,CC,TT,CT,CC,GG,GG,GG,CC,GG,GA,CC,GG,TC,GA,GG,CC,GG,AA,CC,TT,GG,GG,CC
tissue_marten,0,ORcasc_M40404.tr,,,G40404,,CONSENSUS,94422,46877,53.03,99%,90,0,GG,AA,CC,GG,TC,AA,GA,AT,GA,CT,CT,TT,GG,TC,CC,TT,CC,GG,AG,GA,CC,CC,CC,AA,GG,CC,TC,AA,CC,AT,AA,GG,GA,TT,AG,AG,CT,CC,GA,GG,TT,GA,AG,AG,GT,CC,TC,GG,CT,TT,CC,TC,CT,AA,CT,CC,CT,CC,CC,GG,CC,TT,GG,CC,AA,CC,GG,CC,CC,TT,TT,GG,TT,GA,GA,CC,AA,AA,GT,AA,TT,GG,CC,CC,AA,GG,GT,GG,CC,TT,CT,CC,GG,GG,GG,CC,GG,GA,CC,GG,TC,GA,GG,CC,GG,AA,CC,TT,GG,GG,CC
nontarget,NA,MAAM_WA.tr,Nextseq509,MACA_P10,G40405,a,lane1-s228-index--CCAAGAGGTG-AACGAGCCAG-CL3_LA0471_b_S228.assembled,262532,199671,76.06,89%,81,NA,GG,AA,CC,GG,TT,GG,GG,AA,0,CC,CC,0,GG,TT,CC,TT,CC,GG,GG,AA,CC,CC,CC,GG,AA,TT,TT,GG,CC,TT,0,GG,GG,CC,GG,GG,0,CC,AA,0,0,AA,GG,GG,GG,TT,CC,AG,TT,GG,GG,CC,CC,GG,CC,CC,CC,CC,CC,GG,CC,TT,CC,CC,0,0,GG,CC,CC,GG,AA,GG,TT,GG,0,TT,AA,AA,GG,GG,TT,GG,CC,CC,AA,GG,GG,GG,AA,CC,CC,CC,GG,GG,GG,TT,0,GG,TT,GG,CC,AA,GG,CC,GG,AA,CC,CC,GG,GG,0
nontarget,NA,MAAM_WA.tr,Nextseq509,MACA_P10,G40405,b,lane1-s236-index--CACCTGTTGC-ATTGACACAT-CL3_LA0530_b_S236.assembled,380241,164844,43.35,89%,81,NA,GG,AA,CC,GG,TT,GG,GG,AA,0,CC,CC,0,GG,TT,CC,TT,CC,GG,GG,AA,CC,CC,CC,GG,AA,TT,TT,GG,CC,TT,0,GG,GG,CC,GG,GG,0,CC,AA,0,0,AA,GG,GG,GG,TT,CC,AG,TT,GG,GG,CC,CC,GG,CC,CC,CC,CC,CC,GG,CC,TT,CC,CC,0,0,GG,CC,CC,GG,AA,GG,TT,GG,0,TT,AA,AA,GG,GG,TT,GG,CC,CC,AA,GG,GG,GG,AA,CC,CC,CC,GG,GG,GG,TT,0,GG,TT,GG,CC,AA,GG,CC,GG,AA,CC,CC,GG,GG,0
nontarget,0,MAAM_WA.tr,,,G40405,,CONSENSUS,321387,182258,59.71,89%,81,0,GG,AA,CC,GG,TT,GG,GG,AA,0,CC,CC,0,GG,TT,CC,TT,CC,GG,GG,AA,CC,CC,CC,GG,AA,TT,TT,GG,CC,TT,0,GG,GG,CC,GG,GG,0,CC,AA,0,0,AA,GG,GG,GG,TT,CC,AG,TT,GG,GG,CC,CC,GG,CC,CC,CC,CC,CC,GG,CC,TT,CC,CC,0,0,GG,CC,CC,GG,AA,GG,TT,GG,0,TT,AA,AA,GG,GG,TT,GG,CC,CC,AA,GG,GG,GG,AA,CC,CC,CC,GG,GG,GG,TT,0,GG,TT,GG,CC,AA,GG,CC,GG,AA,CC,CC,GG,GG,0
tissue_marten,NA,Lssn_F02.tr,Nextseq509,MACA_P10,LssnF02,a,lane1-s200-index--CTATGAAGGA-CTTATACCTG-CL3_LA0495_a_S200.assembled,60010,13153,21.92,90%,82,NA,GG,CC,TT,GG,TT,AA,GA,AT,GG,CC,0,CC,0,TT,CT,TC,CT,CC,GG,AA,CC,CC,CA,AA,GG,TT,CC,GG,CT,TT,AA,GG,GA,CC,AG,AG,CT,CC,GG,GA,TT,AA,AG,AA,GG,TT,TT,AG,TT,TT,CC,TT,CT,GA,TT,CC,CC,CC,CC,GG,CC,TC,GC,TC,GG,CG,GG,CC,CC,GG,0,GG,AA,GA,GA,CC,AA,AA,GT,0,0,0,0,CC,AA,GG,GT,GA,0,TC,CT,CC,0,0,AG,CC,GG,GG,CC,GG,TT,AA,GA,CC,GG,AA,CC,TT,GG,GG,CG
tissue_marten,NA,Lssn_F02.tr,Nextseq509,MACA_P10,LssnF02,b,lane1-s208-index--CCGCTCCGTT-TACGGCGAAG-CL3_LA0612_a_S208.assembled,98812,67608,68.42,98%,89,NA,GG,CC,TT,GG,TT,AA,GA,AT,GG,CC,CC,CC,GG,TT,CT,TC,CT,CC,GG,AA,CC,CC,CA,AA,GG,TT,CC,GG,CT,TT,AA,GG,GA,CC,AG,AG,CT,CC,GG,GA,TT,AA,AG,AA,GG,TT,TT,AG,TT,TT,CC,TT,CT,GA,TT,CC,CC,CC,CC,GG,CC,TC,GC,TC,GG,CG,GG,CC,CC,GG,TA,GG,AA,GA,GA,CC,AA,AA,GT,0,TT,GA,CC,CC,AA,GG,GT,GA,CC,TC,CT,CC,0,0,AG,CC,GG,GG,CC,GG,TT,AA,GA,CC,GG,AA,CC,TT,GG,GG,CG
tissue_marten,0,Lssn_F02.tr,,,LssnF02,,CONSENSUS,79411,40381,45.17,98%,89,0,GG,CC,TT,GG,TT,AA,GA,AT,GG,CC,CC,CC,GG,TT,CT,TC,CT,CC,GG,AA,CC,CC,CA,AA,GG,TT,CC,GG,CT,TT,AA,GG,GA,CC,AG,AG,CT,CC,GG,GA,TT,AA,AG,AA,GG,TT,TT,AG,TT,TT,CC,TT,CT,GA,TT,CC,CC,CC,CC,GG,CC,TC,GC,TC,GG,CG,GG,CC,CC,GG,TA,GG,AA,GA,GA,CC,AA,AA,GT,0,TT,GA,CC,CC,AA,GG,GT,GA,CC,TC,CT,CC,0,0,AG,CC,GG,GG,CC,GG,TT,AA,GA,CC,GG,AA,CC,TT,GG,GG,CG
tissue_marten,NA,Lssn_M01.tr,Nextseq509,MACA_P10,LssnM01,a,lane1-s198-index--AAGATACACG-TGTGCTAACA-CL3_LA0489_a_S198.assembled,386314,345613,89.46,99%,90,NA,AA,AA,CT,GC,TT,AA,GG,AT,GG,CT,CT,TC,AA,TC,CT,TT,TT,CG,AA,GA,CC,CC,CA,AA,AA,TT,TT,GG,CT,TT,AA,GG,GG,CC,AA,AG,CC,CC,GG,GA,TT,GG,AG,AA,GG,TT,TT,AG,CC,GG,CC,TT,CT,GA,CT,CC,CC,CC,CC,GA,CC,TC,CC,TC,AA,CC,GA,CC,TT,TG,AA,GG,AA,GG,GG,CC,AA,AA,GT,0,TT,GG,CC,CC,AA,GC,GT,GG,CC,TC,CC,CC,GG,GG,GG,TT,GG,GG,CT,GG,TT,GG,GG,CC,GG,AA,CC,TT,GG,GG,CC
tissue_marten,NA,Lssn_M01.tr,Nextseq509,MACA_P10,LssnM01,b,lane1-s206-index--ATTGAGGTCC-CGGATTATAT-CL3_A0568_a_S206.assembled,820505,711835,86.76,99%,90,NA,AA,AA,CT,GC,TT,AA,GG,AT,GG,CT,CT,TC,AA,TC,CT,TT,TT,CG,AA,GA,CC,CC,CA,AA,AA,TT,TT,GG,CT,TT,AA,GG,GG,CC,AA,AG,CC,CC,GG,GA,TT,GG,AG,AA,GG,TT,TT,AG,CC,GG,CC,TT,CT,GA,CT,CC,CC,CC,CC,GA,CC,TC,CC,TC,AA,CC,GA,CC,TT,TG,AA,GG,AA,GG,GG,CC,AA,AA,GT,0,TT,GG,CC,CC,AA,GC,GT,GG,CC,TC,CC,CC,GG,GG,GG,TT,GG,GG,CT,GG,TT,GG,GG,CC,GG,AA,CC,TT,GG,GG,CC
tissue_marten,0,Lssn_M01.tr,,,LssnM01,,CONSENSUS,603410,528724,88.11,99%,90,0,AA,AA,CT,GC,TT,AA,GG,AT,GG,CT,CT,TC,AA,TC,CT,TT,TT,CG,AA,GA,CC,CC,CA,AA,AA,TT,TT,GG,CT,TT,AA,GG,GG,CC,AA,AG,CC,CC,GG,GA,TT,GG,AG,AA,GG,TT,TT,AG,CC,GG,CC,TT,CT,GA,CT,CC,CC,CC,CC,GA,CC,TC,CC,TC,AA,CC,GA,CC,TT,TG,AA,GG,AA,GG,GG,CC,AA,AA,GT,0,TT,GG,CC,CC,AA,GC,GT,GG,CC,TC,CC,CC,GG,GG,GG,TT,GG,GG,CT,GG,TT,GG,GG,CC,GG,AA,CC,TT,GG,GG,CC
tissue_marten,NA,Lssn_M07.tr,Nextseq509,MACA_P10,LssnM07,a,lane1-s209-index--ATACATCACA-TCTCCATTGA-CL3_LA0622_a_S209.assembled,120264,103918,86.41,99%,90,NA,GA,CC,CT,GG,TT,AA,AA,TT,GA,CC,CC,TC,AA,TT,CT,TT,CC,CC,GG,AA,CC,CC,AA,AA,GG,TT,TC,GA,CT,TT,AA,GG,GG,CC,GG,AG,CC,CC,GG,GG,TT,GA,AG,AA,GG,CT,TT,AA,TT,GT,CC,TT,TT,GG,TT,CC,CC,CC,CC,GG,CC,CC,GC,TC,GG,CC,GG,CC,TC,TG,TA,GG,AA,GA,GG,CC,AA,AA,TT,GG,TT,GA,CC,CC,AA,GC,GT,GA,CC,TT,CT,CC,GG,GG,AG,CC,GG,GG,CC,GG,TT,AA,GA,CC,GG,AA,CC,TT,GG,GG,CC
tissue_marten,NA,Lssn_M07.tr,Nextseq509,MACA_P10,LssnM07,b,lane1-s217-index--TTAATAGCAC-ACCACGTCTG-CL3_LA0670_a_S217.assembled,102216,88809,86.88,99%,90,NA,GA,CC,CT,GG,TT,AA,AA,TT,GA,CC,CC,TC,AA,TT,CT,TT,CC,CC,GG,AA,CC,CC,AA,AA,GG,TT,TC,GA,CT,TT,AA,GG,GG,CC,GG,AG,CC,CC,GG,GG,TT,GA,AG,AA,GG,CT,TT,AA,TT,GT,CC,TT,TT,GG,TT,CC,CC,CC,CC,GG,CC,CC,GC,TC,GG,CC,GG,CC,TC,TG,TA,GG,AA,GA,GG,CC,AA,AA,TT,GG,TT,GA,CC,CC,AA,GC,GT,GA,CC,TT,CT,CC,GG,GG,AG,CC,GG,GG,CC,GG,TT,AA,GA,CC,GG,AA,CC,TT,GG,GG,CC
tissue_marten,0,Lssn_M07.tr,,,LssnM07,,CONSENSUS,111240,96364,86.65,99%,90,0,GA,CC,CT,GG,TT,AA,AA,TT,GA,CC,CC,TC,AA,TT,CT,TT,CC,CC,GG,AA,CC,CC,AA,AA,GG,TT,TC,GA,CT,TT,AA,GG,GG,CC,GG,AG,CC,CC,GG,GG,TT,GA,AG,AA,GG,CT,TT,AA,TT,GT,CC,TT,TT,GG,TT,CC,CC,CC,CC,GG,CC,CC,GC,TC,GG,CC,GG,CC,TC,TG,TA,GG,AA,GA,GG,CC,AA,AA,TT,GG,TT,GA,CC,CC,AA,GC,GT,GA,CC,TT,CT,CC,GG,GG,AG,CC,GG,GG,CC,GG,TT,AA,GA,CC,GG,AA,CC,TT,GG,GG,CC
tissue_marten,NA,Lssn_M08.tr,Nextseq509,MACA_P10,LssnM08,a,lane1-s210-index--TAGGTATGTT-CGAGACCAAG-CL3_LA0642_a_S210.assembled,44884,32504,72.42,97%,88,NA,AA,AA,CC,GG,TC,AA,GG,TT,GG,CT,CC,TT,0,TC,TT,TC,CT,CG,AA,GG,CC,CA,AA,AA,GG,CC,CC,GA,CC,TT,AA,GA,GG,CC,AG,AA,CC,CC,GG,GG,TT,AA,GG,AA,GG,TT,TC,AA,CT,TT,CC,TT,TT,GA,CT,CC,CC,CC,CC,GG,CA,CC,GC,TC,AG,CG,GG,CC,TC,GG,AA,GG,AA,GA,GG,CC,AA,AA,GT,0,TT,GG,CC,CC,AA,GC,TT,GG,CC,CC,TT,CT,GG,GG,AA,CC,GG,GG,CC,GG,TT,GA,GG,CC,GG,AA,CC,TT,GG,GG,CG
tissue_marten,NA,Lssn_M08.tr,Nextseq509,MACA_P10,LssnM08,b,lane1-s218-index--CATTCACGCT-GTTGTACTCA-CL3_LA0671_a_S218.,198088,145256,73.33,99%,90,NA,AA,AA,CC,GG,TC,AA,GG,TT,GG,CT,CC,TT,GG,TC,TT,TC,CT,CG,AA,GG,CC,CA,AA,AA,GG,CC,CC,GA,CC,TT,AA,GA,GG,CC,AG,AA,CC,CC,GG,GG,TT,AA,GG,AA,GG,TT,TC,AA,CT,TT,CC,TT,TT,GA,CT,CC,CC,CC,CC,GG,CA,CC,GC,TC,AG,CG,GG,CC,TC,GG,AA,GG,AA,GA,GG,CC,AA,AA,GT,GG,TT,GG,CC,CC,AA,GC,TT,GG,CC,CC,TT,CT,GG,GG,AA,CC,GG,GG,CC,GG,TT,GA,GG,CC,GG,AA,CC,TT,GG,GG,CG
tissue_marten,0,Lssn_M08.tr,,,LssnM08,,CONSENSUS,121486,88880,72.88,99%,90,1,AA,AA,CC,GG,TC,AA,GG,TT,GG,CT,CC,TT,FALSE,TC,TT,TC,CT,CG,AA,GG,CC,CA,AA,AA,GG,CC,CC,GA,CC,TT,AA,GA,GG,CC,AG,AA,CC,CC,GG,GG,TT,AA,GG,AA,GG,TT,TC,AA,CT,TT,CC,TT,TT,GA,CT,CC,CC,CC,CC,GG,CA,CC,GC,TC,AG,CG,GG,CC,TC,GG,AA,GG,AA,GA,GG,CC,AA,AA,GT,GG,TT,GG,CC,CC,AA,GC,TT,GG,CC,CC,TT,CT,GG,GG,AA,CC,GG,GG,CC,GG,TT,GA,GG,CC,GG,AA,CC,TT,GG,GG,CG
tissue_marten,NA,NA,Nextseq509,MACA_P10,LssnM11,a,lane1-s199-index--TGCAATGAAT-CCAGAAGTAA-CL3_LA0491_a_S199.,590659,529869,89.71,30%,27,NA,0,0,CT,0,TC,0,0,0,0,0,0,0,0,0,0,0,CT,CG,GG,0,CC,CC,CA,AA,0,TT,CC,0,0,0,0,0,0,0,AA,AG,0,0,0,0,TC,AA,AG,AA,0,CC,0,0,0,0,0,TT,0,0,TT,0,0,0,CC,GG,0,0,0,0,AG,0,0,0,0,0,0,0,AA,0,0,CC,AA,AA,0,0,0,0,0,0,0,0,0,GG,0,TC,0,0,0,GG,GG,0,0,0,CC,GG,TT,0,GG,0,0,AA,0,0,0,0,0
tissue_marten,NA,NA,Nextseq509,MACA_P10,LssnM11,b,lane1-s207-index--GGAGAGACTC-TTGAAGCAGA-CL3_LA0589_a_S207.,1579879,1379439,87.31,69%,63,NA,0,0,CT,GG,TC,0,GG,TT,0,CC,0,0,0,TT,TT,0,CT,CG,GG,0,CC,CC,CA,AA,GG,TT,CC,0,0,0,AA,GG,GG,0,AA,AG,CC,CC,GG,0,TC,AA,AG,AA,GG,CT,0,0,CC,GT,CC,TT,CC,GA,TT,CC,TT,CC,CC,GG,CC,0,GC,TC,AG,0,GG,CC,TC,GG,0,GG,AA,AA,GG,CC,AA,AA,0,0,0,0,0,CC,AA,GG,GG,GG,0,TC,0,0,0,GG,GG,0,0,0,CC,GG,TT,GG,GG,CC,0,AA,CC,TT,GG,GG,0
tissue_marten,0.5,NA,,,LssnM11,,CONSENSUS,1085269,954654,88.51,69%,63,0,0,0,CT,GG,TC,0,GG,TT,0,CC,0,0,0,TT,TT,0,CT,CG,GG,0,CC,CC,CA,AA,GG,TT,CC,0,0,0,AA,GG,GG,0,AA,AG,CC,CC,GG,0,TC,AA,AG,AA,GG,CT,0,0,CC,GT,CC,TT,CC,GA,TT,CC,TT,CC,CC,GG,CC,0,GC,TC,AG,0,GG,CC,TC,GG,0,GG,AA,AA,GG,CC,AA,AA,0,0,0,0,0,CC,AA,GG,GG,GG,0,TC,0,0,0,GG,GG,0,0,0,CC,GG,TT,GG,GG,CC,0,AA,CC,TT,GG,GG,0
tissue_marten,NA,Lssn_M61.tr,Nextseq509,MACA_P10,LssnM61,a,lane1-s193-index--GAACAATTCC-TAGAGTTGGA-CL3_LA0434_a_S193.,132893,60193,45.29,97%,88,NA,GG,0,TT,GC,TC,AA,GG,AT,GG,CT,CC,TT,AA,TC,TT,TT,CC,CG,GG,AA,CC,CC,AA,AA,GG,TC,CC,GG,CC,TT,AA,GG,GA,CC,AA,AA,CC,CC,GG,GG,TC,GG,AA,AA,TT,TT,TC,AA,CT,GT,CC,TT,TT,GA,CT,CC,CC,CC,CC,GG,CA,TT,CC,TT,AG,CG,GG,CC,TC,TT,AA,GG,AA,GG,GG,CC,AA,AA,GG,0,TG,GA,CC,CC,AA,GC,TT,GG,CC,TC,CT,CC,GG,GG,AA,CT,GG,GG,CC,GG,TT,GA,GG,CC,GG,AA,CC,TT,GG,GG,CG
tissue_marten,NA,Lssn_M61.tr,Nextseq509,MACA_P10,LssnM61,b,lane1-s201-index--GAAGACTAGA-ACTAGAACTT-CL3_LA0519_a_S201.,116902,75132,64.27,97%,88,NA,GG,0,TT,GC,TC,AA,GG,AT,GG,CT,CC,TT,AA,TC,TT,TT,CC,CG,GG,AA,CC,CC,AA,AA,GG,TC,CC,GG,CC,TT,AA,GG,GA,CC,AA,AA,CC,CC,GG,GG,TC,GG,AA,AA,TT,TT,TC,AA,CT,GT,CC,TT,TT,GA,CT,CC,CC,CC,CC,GG,CA,TT,CC,TT,AG,CG,GG,CC,TC,TT,AA,GG,AA,GG,GG,CC,AA,AA,GG,0,TG,GA,CC,CC,AA,GC,TT,GG,CC,TC,CT,CC,GG,GG,AA,CT,GG,GG,CC,GG,TT,GA,GG,CC,GG,AA,CC,TT,GG,GG,CG
tissue_marten,0,Lssn_M61.tr,,,LssnM61,,CONSENSUS,124898,67663,54.78,97%,88,0,GG,0,TT,GC,TC,AA,GG,AT,GG,CT,CC,TT,AA,TC,TT,TT,CC,CG,GG,AA,CC,CC,AA,AA,GG,TC,CC,GG,CC,TT,AA,GG,GA,CC,AA,AA,CC,CC,GG,GG,TC,GG,AA,AA,TT,TT,TC,AA,CT,GT,CC,TT,TT,GA,CT,CC,CC,CC,CC,GG,CA,TT,CC,TT,AG,CG,GG,CC,TC,TT,AA,GG,AA,GG,GG,CC,AA,AA,GG,0,TG,GA,CC,CC,AA,GC,TT,GG,CC,TC,CT,CC,GG,GG,AA,CT,GG,GG,CC,GG,TT,GA,GG,CC,GG,AA,CC,TT,GG,GG,CG
tissue_marten,NA,Lssn_M64.tr,Nextseq509,MACA_P10,LssnM64,a,lane1-s194-index--TGTGGTCCGG-AGAGCACTAG-CL3_LA0435_a_S194.,137001,70507,51.46,97%,88,NA,GG,CC,CT,GG,TT,AA,GG,AA,GG,CT,CC,TT,GG,TT,TT,TT,CT,CG,AG,AA,CC,CC,AA,AA,GG,TC,TC,GG,CC,TT,AA,GG,GA,CC,AG,AG,CC,CC,GG,GG,TT,GG,AG,AA,TT,TT,TC,AA,CC,GT,CC,TT,CT,GA,CT,CC,CC,CC,CC,GG,CA,TT,CC,TC,AG,GG,0,CC,TT,TG,AA,GG,AT,GG,GG,CC,AA,AA,GT,0,TT,GG,CC,CC,AA,GC,GT,GG,AC,CC,CC,CC,GG,GG,AA,CC,GG,GG,CC,GG,TT,GG,GG,CC,GG,AA,CC,TT,GG,GG,GG
tissue_marten,NA,Lssn_M64.tr,Nextseq509,MACA_P10,LssnM64,e,lane1-s202-index--AGGAGTCGAG-TTAGGCTTAC-CL3_LA0528_a_S202.,163872,96441,58.85,98%,89,NA,GG,CC,CT,GG,TT,AA,GG,AA,GG,CT,CC,TT,GG,TT,TT,TT,CT,CG,AG,AA,CC,CC,AA,AA,GG,TC,TC,GG,CC,TT,AA,GG,GA,CC,AG,AG,CC,CC,GG,GG,TT,GG,AG,AA,TT,TT,TC,AA,CC,GT,CC,TT,CT,GA,CT,CC,CC,CC,CC,GG,CA,TT,CC,TC,AG,GG,0,CC,TT,TG,AA,GG,AT,GG,GG,CC,AA,AA,GT,GG,TT,GG,CC,CC,AA,GC,GT,GG,AC,CC,CC,CC,GG,GG,AA,CC,GG,GG,CC,GG,TT,GG,GG,CC,GG,AA,CC,TT,GG,GG,GG
tissue_marten,0,Lssn_M64.tr,,,LssnM64,,CONSENSUS,150437,83474,55.16,98%,89,0,GG,CC,CT,GG,TT,AA,GG,AA,GG,CT,CC,TT,GG,TT,TT,TT,CT,CG,AG,AA,CC,CC,AA,AA,GG,TC,TC,GG,CC,TT,AA,GG,GA,CC,AG,AG,CC,CC,GG,GG,TT,GG,AG,AA,TT,TT,TC,AA,CC,GT,CC,TT,CT,GA,CT,CC,CC,CC,CC,GG,CA,TT,CC,TC,AG,GG,0,CC,TT,TG,AA,GG,AT,GG,GG,CC,AA,AA,GT,GG,TT,GG,CC,CC,AA,GC,GT,GG,AC,CC,CC,CC,GG,GG,AA,CC,GG,GG,CC,GG,TT,GG,GG,CC,GG,AA,CC,TT,GG,GG,GG
tissue_marten,NA,Lssn_M65.tr,Nextseq509,MACA_P10,LssnM65,a,lane1-s195-index--CTTCTAAGTC-ACTCTACAGG-CL3_LA0446_a_S195.,22773,12182,53.49,89%,81,NA,GG,CC,CC,GC,TC,AA,GG,0,GG,CT,0,0,AA,TT,TT,TT,CT,GG,AG,AA,CC,CC,AA,AA,GG,CC,CC,GG,CC,TT,AA,GG,GG,TT,AG,GG,CC,CC,GG,GG,TT,GA,AG,AA,TT,TT,TC,AA,CT,GT,CC,TT,CT,GA,TT,CT,CC,CC,CC,GG,CC,0,GG,TT,AG,CG,GG,CC,TC,TG,0,GG,AT,GG,GG,CC,AA,AA,GT,0,0,0,CC,CC,AA,CC,TT,GG,0,TC,CT,CC,0,GG,AA,CC,GG,GG,CC,GG,TT,GA,GG,CC,GG,AA,CC,TT,GG,GG,CG
tissue_marten,NA,Lssn_M65.tr,Nextseq509,MACA_P10,LssnM65,b,lane1-s203-index--TTCACTCACT-TATCATGAGA-CL3_LA0529_a_S203.,100384,41460,41.3,98%,89,NA,GG,CC,CC,GC,TC,AA,GG,AT,GG,CT,CT,CC,AA,TT,TT,TT,CT,GG,AG,AA,CC,CC,AA,AA,GG,CC,CC,GG,CC,TT,AA,GG,GG,TT,AG,GG,CC,CC,GG,GG,TT,GA,AG,AA,TT,TT,TC,AA,CT,GT,CC,TT,CT,GA,TT,CT,CC,CC,CC,GG,CC,TT,GG,TT,AG,CG,GG,CC,TC,TG,AA,GG,AT,GG,GG,CC,AA,AA,GT,0,GG,GA,CC,CC,AA,CC,TT,GG,CC,TC,CT,CC,GG,GG,AA,CC,GG,GG,CC,GG,TT,GA,GG,CC,GG,AA,CC,TT,GG,GG,CG
tissue_marten,0,Lssn_M65.tr,,,LssnM65,,CONSENSUS,61579,26821,47.4,98%,89,0,GG,CC,CC,GC,TC,AA,GG,AT,GG,CT,CT,CC,AA,TT,TT,TT,CT,GG,AG,AA,CC,CC,AA,AA,GG,CC,CC,GG,CC,TT,AA,GG,GG,TT,AG,GG,CC,CC,GG,GG,TT,GA,AG,AA,TT,TT,TC,AA,CT,GT,CC,TT,CT,GA,TT,CT,CC,CC,CC,GG,CC,TT,GG,TT,AG,CG,GG,CC,TC,TG,AA,GG,AT,GG,GG,CC,AA,AA,GT,0,GG,GA,CC,CC,AA,CC,TT,GG,CC,TC,CT,CC,GG* (1 rep),GG,AA,CC,GG,GG,CC,GG,TT,GA,GG,CC,GG,AA,CC,TT,GG,GG,CG
tissue_marten,NA,Lssn_M66.tr,Nextseq509,MACA_P10,LssnM66,a,lane1-s196-index--AATATTGCCA-CGGTGACACC-CL3_LA0471_a_S196.,60242,22552,37.44,96%,87,NA,GG,CC,TT,GC,TC,AA,GG,AT,GG,CC,0,CC,AA,TT,TT,TT,CC,GG,AG,AA,CC,CC,AA,AA,GG,CC,CC,GA,CC,TT,AA,GG,GG,CC,AG,AG,CC,CC,GG,GG,TT,AA,GG,AA,TT,TT,TT,AA,CT,GT,CC,TC,CT,GA,CT,CC,CC,CC,CC,GG,CC,TT,GC,TT,AA,CG,GG,CC,CC,TG,0,GG,AA,GG,GG,CC,AA,AA,GT,0,TG,AA,CC,CC,AA,GC,TT,GG,CC,TC,CT,CC,GG,GG,AG,TT,GG,GG,CT,GG,TT,GA,GG,CC,GG,AA,CC,TT,GG,GG,CG
tissue_marten,NA,Lssn_M66.tr,Nextseq509,MACA_P10,LssnM66,b,lane1-s204-index--GGTCCGCTTC-CTCACACAAG-CL3_LA0530_a_S204.,220994,108767,49.22,98%,89,NA,GG,CC,TT,GC,TC,AA,GG,AT,GG,CC,CT,CC,AA,TT,TT,TT,CC,GG,AG,AA,CC,CC,AA,AA,GG,CC,CC,GA,CC,TT,AA,GG,GG,CC,AG,AG,CC,CC,GG,GG,TT,AA,GG,AA,TT,TT,TT,AA,CT,GT,CC,TC,CT,GA,CT,CC,CC,CC,CC,GG,CC,TT,GC,TT,AA,CG,GG,CC,CC,TG,AA,GG,AA,GG,GG,CC,AA,AA,GT,GG,TG,0,CC,CC,AA,GC,TT,GG,CC,TC,CT,CC,GG,GG,AG,TT,GG,GG,CT,GG,TT,GA,GG,CC,GG,AA,CC,TT,GG,GG,CG
tissue_marten,0,Lssn_M66.tr,,,LssnM66,,CONSENSUS,140618,65660,43.33,99%,90,0,GG,CC,TT,GC,TC,AA,GG,AT,GG,CC,CT,CC,AA,TT,TT,TT,CC,GG,AG,AA,CC,CC,AA,AA,GG,CC,CC,GA,CC,TT,AA,GG,GG,CC,AG,AG,CC,CC,GG,GG,TT,AA,GG,AA,TT,TT,TT,AA,CT,GT,CC,TC,CT,GA,CT,CC,CC,CC,CC,GG,CC,TT,GC,TT,AA,CG,GG,CC,CC,TG,AA,GG,AA,GG,GG,CC,AA,AA,GT,GG,TG,AA,CC,CC,AA,GC,TT,GG,CC,TC,CT,CC,GG,GG,AG,CC,GG,GG,CT,GG,TT,GA,GG,CC,GG,AA,CC,TT,GG,GG,CG
tissue_marten,NA,Lssn_M67.tr,Nextseq509,MACA_P10,LssnM67,a,lane1-s197-index--TCGTGCATTC-GCGTTGGTAT-CL3_LA0482_a_S197.,1128418,1054679,93.47,99%,90,NA,GA,AA,CT,GC,TT,AA,GG,AT,GG,CT,CC,TT,GG,TT,TT,TT,CT,CC,GG,AA,CC,CC,AA,AA,GG,TC,CC,GG,CC,TT,AA,GG,GA,CC,AG,AA,CC,CC,GG,GG,CC,GG,AG,AA,TT,CT,TC,AA,CT,GT,CC,TT,TT,GA,CT,CC,CC,CC,CC,GG,AA,TT,CC,TC,GG,CG,0,CC,CC,TG,TA,GT,AA,GG,GG,CC,AA,AA,GT,GG,GG,GA,CC,CC,AA,CC,TT,GG,CC,TC,CT,CC,GG,GG,AG,CC,GG,GG,CC,GG,TT,GA,GG,CC,GG,AA,CC,TT,GG,GG,CG
tissue_marten,NA,Lssn_M67.tr,Nextseq509,MACA_P10,LssnM67,b,lane1-s205-index--CAACGAGAGC-GAATTGAGTG-CL3_LA0564_a_S205.,2057503,1957150,95.12,99%,90,NA,GA,AA,CT,GC,TT,AA,GG,AT,GG,CT,CC,TT,GG,TT,TT,TT,CT,CC,GG,AA,CC,CC,AA,AA,GG,TC,CC,GG,CC,TT,AA,GG,GA,CC,AG,AA,CC,CC,GG,GG,CC,GG,AG,AA,TT,CT,TC,AA,CT,GT,CC,TT,TT,GA,CT,CC,CC,CC,CC,GG,AA,TT,CC,TC,GG,CG,0,CC,CC,TG,TA,GT,AA,GG,GG,CC,AA,AA,GT,GG,GG,GA,CC,CC,AA,CC,TT,GG,CC,TC,CT,CC,GG,GG,AG,CC,GG,GG,CC,GG,TT,GA,GG,CC,GG,AA,CC,TT,GG,GG,CG
tissue_marten,0,Lssn_M67.tr,,,LssnM67,,CONSENSUS,496677,409702,62.01,99%,90,0,GA,AA,CT,GC,TT,AA,GG,AT,GG,CT,CC,TT,GG,TT,TT,TT,CT,CC,GG,AA,CC,CC,AA,AA,GG,TC,CC,GG,CC,TT,AA,GG,GA,CC,AG,AA,CC,CC,GG,GG,CC,GG,AG,AA,TT,CT,TC,AA,CT,GT,CC,TT,TT,GA,CT,CC,CC,CC,CC,GG,AA,TT,CC,TC,GG,CG,0,CC,CC,TG,TA,GT,AA,GG,GG,CC,AA,AA,GT,GG,GG,GA,CC,CC,AA,CC,TT,GG,CC,TC,CT,CC,GG,GG,AG,CC,GG,GG,CC,GG,TT,GA,GG,CC,GG,AA,CC,TT,GG,GG,CG
nontarget,NA,NA,Nextseq509,MACA_P10,MH21_17,a,lane1-s275-index--CTGAGCCGGT-CCTTCACGTA-CL3_LA0643_c_S275.,738693,264305,35.78,1%,1,NA,0,0,0,0,0,0,0,0,0,0,0,0,0,0,0,0,0,0,0,0,0,0,0,0,0,0,0,0,0,0,0,0,0,0,0,0,0,0,0,0,0,0,0,0,0,CC,0,0,0,0,0,0,0,0,0,0,0,0,CC,0,0,0,0,0,0,0,0,0,TT,0,0,0,0,0,0,0,0,0,0,0,0,0,0,0,0,0,0,0,0,0,0,0,0,0,0,0,0,0,0,GG,0,0,0,0,0,0,0,0,0,0,0
nontarget,NA,NA,Nextseq509,MACA_P10,MH21_17,b,lane1-s283-index--ATTGATACTG-TACACGCTCC-CL3_LA0673_c_S283.,51009,30,0.06,-2%,-2,NA,0,0,0,0,0,0,0,0,0,0,0,0,0,0,0,0,0,0,0,0,0,0,0,0,0,0,0,0,0,0,0,0,0,0,0,0,0,0,0,0,0,0,0,0,0,0,0,0,0,0,0,0,0,0,0,0,0,0,0,0,0,0,0,0,0,0,0,0,0,0,0,0,0,0,0,0,0,0,0,0,0,0,0,0,0,0,0,0,0,0,0,0,0,0,0,0,0,0,0,0,0,0,0,0,0,0,0,0,0,0,0
nontarget,1,NA,,,MH21_17,,CONSENSUS,394851,132168,17.92,0%,0,3,0,0,0,0,0,0,0,0,0,0,0,0,0,0,0,0,0,0,0,0,0,0,0,0,0,0,0,0,0,0,0,0,0,0,0,0,0,0,0,0,0,0,0,0,0,FALSE,0,0,0,0,0,0,0,0,0,0,0,0,0,0,0,0,0,0,0,0,0,0,FALSE,0,0,0,0,0,0,0,0,0,0,0,0,0,0,0,0,0,0,0,0,0,0,0,0,0,0,0,0,0,0,FALSE,0,0,0,0,0,0,0,0,0,0,0
nontarget,NA,NA,Nextseq509,MACA_P10,MH21_19,a,lane1-s276-index--AACGGTCTAT-CTATACGCGG-CL3_LA0649_c_S276.,65612,11,0.02,-2%,-2,NA,0,0,0,0,0,0,0,0,0,0,0,0,NA,0,0,0,0,0,0,0,0,0,0,0,0,0,0,0,0,0,0,0,0,0,0,0,0,0,0,0,0,0,0,0,0,0,0,NA,0,0,0,0,0,0,0,0,0,0,0,0,0,0,0,0,0,0,0,0,0,0,0,0,0,0,0,0,0,NA,0,0,0,0,0,0,0,0,0,0,0,0,0,0,0,0,NA,0,0,0,0,0,0,NA,NA,0,0,0,0,0,NA,0,0
nontarget,NA,NA,Nextseq509,MACA_P10,MH21_19,b,lane1-s284-index--GGATTATGGA-TCCGATAGAG-CL3_LA0676_c_S284.,2118890,609791,28.78,0%,0,NA,0,0,0,0,0,0,0,0,0,0,0,0,0,0,0,0,0,0,0,0,0,0,0,0,0,0,0,0,0,0,0,0,0,0,0,0,0,0,0,0,0,0,0,0,0,0,0,0,0,0,0,0,0,0,0,0,0,0,CC,0,0,0,0,0,0,0,0,0,0,0,0,0,0,0,0,0,AA,0,0,0,0,0,0,0,0,0,0,0,0,0,0,0,0,0,0,0,0,0,0,GG,0,0,0,0,GG,0,0,0,0,0,0
nontarget,1,NA,,,MH21_19,,CONSENSUS,1092251,304901,14.4,-2%,-2,1,0,0,0,0,0,0,0,0,0,0,0,0,0,0,0,0,0,0,0,0,0,0,0,0,0,0,0,0,0,0,0,0,0,0,0,0,0,0,0,0,0,0,0,0,0,0,0,0,0,0,0,0,0,0,0,0,0,0,0,0,0,0,0,0,0,0,0,0,0,0,0,0,0,0,0,0,NA,0,0,0,0,0,0,0,0,0,0,0,0,0,0,0,0,0,0,0,0,0,0,FALSE,0,0,0,0,0,0,0,0,0,0,0
nontarget,NA,NA,Nextseq509,MACA_P10,MYCA,a,lane1-s278-index--CTTCAACCAC-TTATGCGCCT-CL3_LA0659_c_S278.,2373317,1109881,46.76,0%,0,NA,0,0,0,0,0,0,0,0,0,0,0,0,0,0,0,0,0,0,0,0,0,0,0,0,0,0,0,0,0,0,0,0,0,0,0,0,0,0,0,0,0,0,0,0,0,0,0,0,0,GG,0,0,0,0,0,0,0,0,0,0,0,0,0,0,0,0,0,0,0,0,0,0,0,0,0,0,AA,0,0,0,0,0,0,0,0,0,0,0,0,0,0,0,0,0,0,0,0,0,0,0,0,0,0,0,0,0,0,0,GG,0,0
nontarget,NA,NA,Nextseq509,MACA_P10,MYCA,b,lane1-s286-index--TCAACCACGA-CAAGTTCATA-CL3_LA0683_c_S286.,3064097,1527562,49.85,1%,1,NA,0,0,CC,0,0,0,0,0,0,0,0,0,0,0,0,0,0,0,0,0,0,0,0,0,0,0,0,0,0,0,0,0,0,0,0,0,0,0,0,0,0,0,0,0,0,0,0,0,0,GG,0,0,0,0,0,0,0,0,0,0,0,0,0,0,0,0,0,0,0,0,0,0,0,0,0,0,AA,0,0,0,0,0,0,0,0,0,0,0,0,0,0,0,0,0,0,0,0,0,0,0,0,0,0,0,0,0,0,0,GG,0,0
nontarget,1,NA,,,MYCA,,CONSENSUS,2718707,1318722,48.31,1%,1,1,0,0,FALSE,0,0,0,0,0,0,0,0,0,0,0,0,0,0,0,0,0,0,0,0,0,0,0,0,0,0,0,0,0,0,0,0,0,0,0,0,0,0,0,0,0,0,0,0,0,0,GG,0,0,0,0,0,0,0,0,0,0,0,0,0,0,0,0,0,0,0,0,0,0,0,0,0,0,AA,0,0,0,0,0,0,0,0,0,0,0,0,0,0,0,0,0,0,0,0,0,0,0,0,0,0,0,0,0,0,0,GG,0,0
blank,NA,NA,Nextseq509,MACA_P10,NTC_10,a,lane1-s264-index--CGACAAGGAT-AAGGCCACCT-CL3_LA0495_c_S264.,35673,6,0.02,-2%,-2,NA,0,0,0,0,0,0,0,0,0,0,0,0,0,0,0,0,0,0,0,0,0,0,0,0,0,0,0,0,0,0,0,0,0,0,0,0,0,0,0,0,0,0,0,0,0,0,0,0,0,0,0,0,0,0,0,0,0,0,0,0,0,0,0,0,0,0,0,0,0,0,0,0,0,0,0,0,0,0,0,0,0,0,0,0,0,0,0,0,0,0,0,0,0,0,0,0,0,0,0,0,0,0,0,0,0,0,0,0,0,0,0
blank,NA,NA,Nextseq509,MACA_P10,NTC_10,b,lane1-s272-index--TCCAGCCTGC-GCCAGATCCA-CL3_LA0612_c_S272.,167585,19,0.01,-2%,-2,NA,0,0,0,0,0,0,0,0,0,0,0,0,NA,0,0,0,0,0,0,0,0,0,0,0,0,0,0,0,0,0,0,0,0,0,0,0,0,0,0,0,0,0,0,0,0,0,0,0,0,0,0,0,0,0,0,0,0,0,0,0,0,0,0,0,0,0,0,0,0,0,0,0,0,0,0,0,0,NA,0,0,0,0,0,0,0,0,0,0,0,0,0,0,0,0,0,0,0,0,0,0,0,0,0,0,0,0,0,0,0,0,0
blank,1,NA,,,NTC_10,,CONSENSUS,101629,13,0.02,-2%,-2,0,0,0,0,0,0,0,0,0,0,0,0,0,0,0,0,0,0,0,0,0,0,0,0,0,0,0,0,0,0,0,0,0,0,0,0,0,0,0,0,0,0,0,0,0,0,0,0,0,0,0,0,0,0,0,0,0,0,0,0,0,0,0,0,0,0,0,0,0,0,0,0,0,0,0,0,0,0,0,0,0,0,0,0,0,0,0,0,0,0,0,0,0,0,0,0,0,0,0,0,0,0,0,0,0,0,0,0,0,0,0,0
blank,NA,NA,Nextseq509,MACA_P10,NTC_10,a,lane1-s277-index--GTTGCGTTCA-GTTGCAGTTG-CL3_LA0657_c_S277.,223139,49,0.02,-2%,-2,NA,0,0,0,0,0,0,0,0,0,0,0,0,NA,0,0,0,0,0,0,0,0,0,0,0,0,0,0,0,0,0,0,0,0,0,0,0,0,0,0,0,0,0,0,0,0,0,0,0,0,0,0,0,0,0,0,0,0,0,0,0,0,0,0,0,0,0,0,0,0,0,0,0,0,0,0,0,0,NA,0,0,0,0,0,0,0,0,0,0,0,0,0,0,0,0,0,0,0,0,0,0,0,0,0,0,0,0,0,0,0,0,0
blank,NA,NA,Nextseq509,MACA_P10,NTC_10,b,lane1-s285-index--TGGTTCTCAT-CTCAAGGCCG-CL3_LA0679_c_S285.,142298,720,0.51,-1%,-1,NA,0,0,0,0,0,0,0,0,0,0,0,0,NA,0,0,0,0,0,0,0,0,0,0,0,0,0,0,0,0,AA,0,0,0,0,0,0,0,0,0,0,0,0,0,0,0,0,0,0,0,0,0,0,0,0,0,0,0,0,0,0,0,0,0,0,0,0,0,0,0,0,0,0,0,0,0,0,0,NA,0,0,0,0,0,0,0,0,0,0,0,0,0,0,0,0,0,0,0,0,0,0,0,0,0,0,0,0,0,0,0,0,0
blank,1,NA,,,NTC_10,,CONSENSUS,182719,385,0.27,-1%,-1,1,0,0,0,0,0,0,0,0,0,0,0,0,0,0,0,0,0,0,0,0,0,0,0,0,0,0,0,0,0,FALSE,0,0,0,0,0,0,0,0,0,0,0,0,0,0,0,0,0,0,0,0,0,0,0,0,0,0,0,0,0,0,0,0,0,0,0,0,0,0,0,0,0,0,0,0,0,0,0,0,0,0,0,0,0,0,0,0,0,0,0,0,0,0,0,0,0,0,0,0,0,0,0,0,0,0,0,0,0,0,0,0,0
nontarget,NA,NA,Nextseq509,MACA_P10,PEMA,a,lane1-s279-index--TCTATTCAGT-TCTCAGTACA-CL3_LA0663_c_S279.,156621,20,0.01,-2%,-2,NA,0,0,0,0,0,0,0,0,0,0,0,0,0,0,0,0,0,0,0,0,0,0,0,0,0,0,0,0,0,0,0,0,0,0,0,0,0,0,0,0,0,0,0,0,0,0,0,0,0,0,0,0,0,0,0,0,0,0,0,0,0,0,0,0,0,0,0,0,0,0,0,0,0,0,0,0,0,0,0,0,0,0,0,0,0,0,0,0,0,0,0,0,0,0,0,0,0,0,0,0,0,0,0,0,0,0,0,0,0,0,0
nontarget,NA,NA,Nextseq509,MACA_P10,PEMA,b,lane1-s287-index--TATGAACTTG-AATCCTTAGG-CL3_LA0693_c_S287.,109913,21,0.02,-2%,-2,NA,0,0,0,0,0,0,0,0,0,0,0,0,NA,0,0,0,0,0,0,0,0,0,0,0,0,0,0,0,0,0,0,0,0,0,0,0,0,0,0,0,0,0,0,0,0,0,0,0,0,0,0,0,0,0,0,0,0,0,0,0,0,0,0,0,0,0,0,0,0,0,0,0,0,0,0,0,0,NA,0,0,0,0,0,0,0,0,0,0,0,0,0,0,0,0,0,0,0,0,0,0,0,0,0,0,0,0,0,0,0,0,0
nontarget,1,NA,,,PEMA,,CONSENSUS,133267,21,0.02,-2%,-2,0,0,0,0,0,0,0,0,0,0,0,0,0,0,0,0,0,0,0,0,0,0,0,0,0,0,0,0,0,0,0,0,0,0,0,0,0,0,0,0,0,0,0,0,0,0,0,0,0,0,0,0,0,0,0,0,0,0,0,0,0,0,0,0,0,0,0,0,0,0,0,0,0,0,0,0,0,0,0,0,0,0,0,0,0,0,0,0,0,0,0,0,0,0,0,0,0,0,0,0,0,0,0,0,0,0,0,0,0,0,0,0
nontarget,NA,NA,Nextseq509,MACA_P10,PEPE_F118A,a,lane1-s273-index--GCCATATAAC-ACACAATATC-CL3_LA0622_c_S273.,441835,266282,60.27,48%,44,NA,0,AA,CC,0,0,0,GG,0,0,CC,0,0,0,TT,CC,TT,CC,GG,GG,AA,0,CC,0,0,AA,TT,TT,GG,CC,AA,0,GG,0,CC,0,AA,CT,0,0,0,0,AA,0,GG,0,TT,CC,GG,0,GG,0,0,0,0,0,CC,0,0,CC,0,CC,TT,0,CC,0,0,0,CC,0,0,0,GG,0,0,0,CC,AA,AA,0,0,0,0,0,0,AA,GG,GG,GG,CC,CC,CC,TT,0,0,0,TT,0,0,0,CC,CC,0,GG,TT,AA,GG,0,0,GG,AA,0
nontarget,NA,NA,Nextseq509,MACA_P10,PEPE_F118A,b,lane1-s281-index--TGAGTACAAC-ACGCTTGGAC-CL3_LA0670_c_S281.,200929,136715,68.04,46%,42,NA,0,AA,CC,0,TT,0,GG,0,0,CC,0,0,0,TT,CC,TT,CC,GG,GG,AA,0,CC,0,0,AA,TT,TT,GG,CC,AA,0,GG,0,CC,0,AA,0,0,0,0,0,AA,0,GG,0,TT,CC,GG,0,GG,0,0,0,0,0,0,0,0,CC,0,CC,TT,0,CC,0,0,0,CC,0,0,0,GG,0,0,0,CC,AA,AA,0,0,0,0,0,0,AA,GG,0,GG,CC,CC,CC,TT,0,0,0,TT,0,0,0,CC,CC,0,GG,TT,AA,GG,0,0,GG,0,0
nontarget,1,NA,,,PEPE_F118A,,CONSENSUS,321382,201499,64.16,48%,44,0,0,AA,CC,0,TT,0,GG,0,0,CC,0,0,0,TT,CC,TT,CC,GG,GG,AA,0,CC,0,0,AA,TT,TT,GG,CC,AA,0,GG,0,CC,0,AA,CT,0,0,0,0,AA,0,GG,0,TT,CC,GG,0,GG,0,0,0,0,0,0,0,0,CC,0,CC,TT,0,CC,0,0,0,CC,0,0,0,GG,0,0,0,CC,AA,AA,0,0,0,0,0,0,AA,GG,GG,GG,CC,CC,CC,TT,0,0,0,TT,0,0,0,CC,CC,0,GG,TT,AA,GG,0,0,GG,0,0
nontarget,NA,NA,Nextseq509,MACA_P10,PEPE_M121B,a,lane1-s274-index--AGTGCGAGTG-TGGAGGTAAT-CL3_LA0642_c_S274.,384515,217894,56.67,48%,44,NA,0,AA,CC,0,TT,0,GG,0,0,CC,0,0,0,TT,CC,TT,CC,GG,GG,AA,0,CC,0,0,AA,TT,TT,GG,CC,AA,0,GG,GG,CC,0,AA,0,0,0,0,0,AA,0,GG,0,TT,CC,GG,0,GG,0,0,0,0,0,0,0,0,CC,0,CC,TT,0,CC,0,0,0,CC,0,0,0,GG,0,0,AA,CC,AA,AA,0,0,0,0,0,0,AA,GG,0,GG,CC,CC,CC,TT,AA,GG,0,TT,0,0,0,CC,CC,0,GG,TT,AA,GG,TT,0,GG,0,0
nontarget,NA,NA,Nextseq509,MACA_P10,PEPE_M121B,b,lane1-s282-index--CCGCGGTTCT-GGAGTAGATT-CL3_LA0671_c_S282.,354146,214484,60.56,48%,44,NA,0,AA,CC,0,TT,0,GG,0,0,CC,0,0,0,TT,CC,TT,CC,GG,GG,AA,0,CC,0,0,AA,TT,TT,GG,CC,AA,0,GG,0,CC,0,AA,0,0,0,0,0,AA,0,GG,0,TT,CC,GG,0,GG,0,0,0,0,0,0,0,0,CC,0,CC,TT,0,CC,0,0,0,CC,0,0,0,GG,0,0,AA,CC,AA,AA,0,0,0,0,0,0,AA,GG,GG,GG,CC,CC,CC,TT,AA,GG,0,TT,0,0,0,CC,CC,0,GG,TT,AA,GG,0,0,GG,0,0
nontarget,1,NA,,,PEPE_M121B,,CONSENSUS,369331,216189,58.62,48%,44,0,0,AA,CC,0,TT,0,GG,0,0,CC,0,0,0,TT,CC,TT,CC,GG,GG,AA,0,CC,0,0,AA,TT,TT,GG,CC,AA,0,GG,0,CC,0,AA,0,0,0,0,0,AA,0,GG,0,TT,CC,GG,0,GG,0,0,0,0,0,0,0,0,CC,0,CC,TT,0,CC,0,0,0,CC,0,0,0,GG,0,0,AA,CC,AA,AA,0,0,0,0,0,0,AA,GG,GG,GG,CC,CC,CC,TT,AA,GG,0,TT,0,0,0,CC,CC,0,GG,TT,AA,GG,TT,0,GG,0,0
tissue_marten,NA,WY_F30.tr,Nextseq509,MACA_P10,WY30,a,lane1-s248-index--AGCTGATGTC-TCATGTCCTG-CL3_LA0665_b_S248.,192552,157133,81.61,97%,88,NA,GG,0,TT,GC,TC,AA,GG,AT,AA,CT,CC,TT,GG,TC,CC,TT,CT,GG,AA,AA,TT,CA,CC,AG,AA,CC,TC,GA,CC,TT,0,GG,GG,CT,AA,AG,CC,CC,GG,GG,TT,GG,GG,GG,GG,CC,CC,GG,TT,GT,GC,TC,CT,GA,CC,CC,CC,CC,CC,GG,CC,CC,GG,TC,AG,CC,AA,CC,CC,GG,TA,GT,AA,GG,AA,CC,AA,AA,GG,AG,TG,GG,CC,CC,AA,GG,GT,GG,CC,TC,CC,CT,0,0,AA,CT,GG,GG,CT,GG,CC,AA,GG,CC,GG,AA,CC,TT,GG,GG,CC
tissue_marten,NA,WY_F30.tr,Nextseq509,MACA_P10,WY30,b,lane1-s256-index--CGCATTCCGT-ATTAGTGGAG-CL3_NTC3_b_S256.,377440,311206,82.45,97%,88,NA,GG,0,TT,GC,TC,AA,GG,AT,AA,CT,CC,TT,GG,TC,CC,TT,CT,GG,AA,AA,TT,CA,CC,AG,AA,CC,TC,GA,CC,TT,0,GG,GG,CT,AA,AG,CC,CC,GG,GG,TT,GG,GG,GG,GG,CC,CC,GG,TT,GT,GC,TC,CT,GA,CC,CC,CC,CC,CC,GG,CC,CC,GG,TC,AG,CC,AA,CC,CC,GG,TA,GT,AA,GG,AA,CC,AA,AA,GG,AG,TG,GG,CC,CC,AA,GG,GT,GG,CC,TC,CC,CT,0,0,AA,CT,GG,GG,CT,GG,CC,AA,GG,CC,GG,AA,CC,TT,GG,GG,CC
tissue_marten,0,WY_F30.tr,,,WY30,,CONSENSUS,284996,234170,82.03,97%,88,0,GG,0,TT,GC,TC,AA,GG,AT,AA,CT,CC,TT,GG,TC,CC,TT,CT,GG,AA,AA,TT,CA,CC,AG,AA,CC,TC,GA,CC,TT,0,GG,GG,CT,AA,AG,CC,CC,GG,GG,TT,GG,GG,GG,GG,CC,CC,GG,TT,GT,GC,TC,CT,GA,CC,CC,CC,CC,CC,GG,CC,CC,GG,TC,AG,CC,AA,CC,CC,GG,TA,GT,AA,GG,AA,CC,AA,AA,GG,AG,TG,GG,CC,CC,AA,GG,GT,GG,CC,TC,CC,CT,0,0,AA,CT,GG,GG,CT,GG,CC,AA,GG,CC,GG,AA,CC,TT,GG,GG,CC
tissue_marten,NA,WY_M31.tr,Nextseq509,MACA_P10,WY31,a,lane1-s257-index--GATATCACAC-GACTATATGT-CL3_LA0434_c_S257.,218168,162979,74.7,97%,88,NA,GG,0,TT,GG,TC,AA,GG,AT,AA,CC,CC,TT,AA,TT,TT,TT,CT,CG,AA,GA,CT,CA,CA,AA,GA,CC,CC,AA,CC,AA,0,GG,AA,TT,GG,GG,CC,CC,GG,GG,CC,GG,GG,GG,GT,CT,CC,AG,CT,GG,GC,TT,CC,AA,CC,CC,CC,CC,CC,GG,CA,CC,GC,TT,AG,0,AA,CC,CC,GG,TA,GT,AA,GG,GA,CC,AA,AA,GT,AG,TT,GG,CC,CC,AA,GG,GG,GG,AA,TC,CT,TT,GG,GG,AA,CC,GG,GG,TT,GG,CC,GA,GG,CC,GG,AA,CC,TT,GG,GG,0
tissue_marten,NA,WY_M31.tr,Nextseq509,MACA_P10,WY31,b,lane1-s265-index--GTGTACCTTC-CTGTGAGCTA-CL3_LA0519_c_S265.,145211,106756,73.52,96%,87,NA,GG,0,TT,GG,TC,AA,GG,AT,AA,CC,CC,TT,AA,TT,TT,TT,CT,CG,AA,GA,CT,CA,CA,AA,GA,CC,CC,AA,CC,AA,0,GG,AA,TT,GG,GG,CC,CC,GG,GG,CC,GG,GG,GG,GT,CT,CC,AG,CT,GG,GC,TT,CC,AA,CC,CC,CC,CC,CC,GG,CA,CC,GC,TT,AG,0,AA,CC,CC,GG,TA,GT,AA,GG,GA,CC,AA,AA,GT,AG,TT,GG,CC,CC,AA,GG,GG,GG,AA,TC,CT,TT,GG,GG,AA,CC,GG,GG,TT,GG,CC,GA,GG,CC,GG,AA,CC,TT,GG,GG,0
tissue_marten,0,WY_M31.tr,,,WY31,,CONSENSUS,181690,134868,74.11,97%,88,0,GG,0,TT,GG,TC,AA,GG,AT,AA,CC,CC,TT,AA,TT,TT,TT,CT,CG,AA,GA,CT,CA,CA,AA,GA,CC,CC,AA,CC,AA,0,GG,AA,TT,GG,GG,CC,CC,GG,GG,CC,GG,GG,GG,GT,CT,CC,AG,CT,GG,GC,TT,CC,AA,CC,CC,CC,CC,CC,GG,CA,CC,GC,TT,AG,0,AA,CC,CC,GG,TA,GT,AA,GG,GA,CC,AA,AA,GT,AG,TT,GG,CC,CC,AA,GG,GG,GG,AA,TC,CT,TT,GG,GG,AA,CC,GG,GG,TT,GG,CC,GA,GG,CC,GG,AA,CC,TT,GG,GG,0
tissue_marten,NA,NA,Nextseq509,MACA_P10,ZM12561,a,lane1-s258-index--AGCGCTGTGT-CGTTCGGAAC-CL3_LA0435_c_S258.,1722644,396851,23.04,42%,38,NA,0,AA,CC,GG,0,AA,0,AA,AA,0,CC,0,NA,TT,0,TT,0,0,0,0,TT,0,AA,0,0,0,0,0,CC,TT,AA,GG,AA,0,AG,GG,0,CC,0,0,0,0,GG,GG,0,0,0,0,0,0,0,0,0,0,0,CC,0,0,0,GG,0,0,GG,CC,AA,CC,GG,CC,0,0,0,GG,AA,GG,0,0,0,NA,0,0,0,GG,0,CC,AA,0,TT,0,CC,CC,CC,TT,0,GG,0,0,0,0,0,0,CC,0,0,0,GG,0,CC,TT,0,GG,CC
tissue_marten,NA,NA,Nextseq509,MACA_P10,ZM12561,b,lane1-s266-index--ACCTGGCCAA-TCACAGATCG-CL3_LA0528_c_S266.,1166361,149247,12.8,41%,37,NA,GG,0,0,0,0,0,0,0,AA,CC,CC,TT,GG,TT,CC,TT,CC,0,0,0,0,0,0,AA,0,CC,0,0,CC,TT,0,0,0,0,AA,GG,CC,0,0,0,CC,GG,GG,GG,0,0,TT,0,0,TT,0,TT,0,AA,CC,0,CC,0,0,0,0,CC,0,0,AA,0,GG,0,0,GG,0,0,AA,0,0,CC,0,0,0,GG,0,0,CC,0,AA,GG,0,0,0,0,CC,TT,0,0,0,0,0,0,TT,0,CC,0,0,CC,GG,0,0,0,GG,0,0
tissue_marten,0.5,NA,,,ZM12561,,CONSENSUS,1444503,273049,17.92,59%,54,0,GG,AA,CC,GG,0,AA,0,AA,AA,CC,CC,TT,GG,TT,CC,TT,CC,0,0,0,TT,0,AA,AA,0,CC,0,0,CC,TT,0,GG,0,0,NA,GG,CC,CC,0,0,CC,GG,GG,GG,0,0,TT,0,0,TT,0,TT,0,AA,CC,CC,CC,0,0,GG,0,CC,GG,CC,AA,0,GG,CC,0,GG,0,GG,AA,GG,0,CC,0,0,0,0,0,GG,CC,0,AA,0,TT,0,CC,CC,CC,TT,0,GG,0,0,0,0,TT,0,CC,0,0,CC,GG,0,CC,TT,GG,GG,CC
tissue_marten,NA,CO_M21256.tr,Nextseq509,MACA_P10,ZM21256,a,lane1-s259-index--TCACCGCGCT-TCGATACTAG-CL3_LA0446_c_S259.,256350,127755,49.84,99%,90,NA,GG,AA,CT,GG,CC,AA,GG,AA,GA,CC,CC,TT,GG,TC,CT,TT,CC,CG,AG,AA,TT,CA,CA,AA,GG,CC,TC,GG,CC,TT,AA,GG,GA,CT,AA,GG,CC,CC,GG,GG,CC,GA,GG,GG,GG,TT,TT,GG,TT,GT,GG,TT,TT,AA,CC,CT,CC,CC,CC,GG,CA,CC,GG,CC,AA,CG,GG,CC,CC,GG,TT,GG,AA,GG,AA,CC,AA,AA,GG,GG,TT,GG,CC,CC,AA,GG,GT,GG,CC,CC,CC,CT,GG,GG,AA,CT,GG,GG,TT,GG,CC,AA,GG,CC,GG,AA,CC,TT,GG,GG,CG
tissue_marten,NA,CO_M21256.tr,Nextseq509,MACA_P10,ZM21256,b,lane1-s267-index--TGTCTGGCCT-AGAAGCCAAT-CL3_LA0529_c_S267.,243655,219524,90.1,99%,90,NA,GG,AA,CT,GG,CC,AA,GG,AA,GA,CC,CC,TT,GG,TC,CT,TT,CC,CG,AG,AA,TT,CA,CA,AA,GG,CC,TC,GG,CC,TT,AA,GG,GA,CT,AA,GG,CC,CC,GG,GG,CC,GA,GG,GG,GG,TT,TT,GG,TT,GT,GG,TT,TT,AA,CC,CT,CC,CC,CC,GG,CA,CC,GG,CC,AA,CG,GG,CC,CC,GG,TT,GG,AA,GG,AA,CC,AA,AA,GG,GG,TT,GG,CC,CC,AA,GG,GT,GG,CC,CC,CC,CT,GG,GG,AA,CT,GG,GG,TT,GG,CC,AA,GG,CC,GG,AA,CC,TT,GG,GG,CG
tissue_marten,0,CO_M21256.tr,,,ZM21256,,CONSENSUS,250003,173640,69.97,99%,90,0,GG,AA,CT,GG,CC,AA,GG,AA,GA,CC,CC,TT,AA,TC,CT,TT,CC,CG,AG,AA,TT,CA,CA,AA,GG,CC,TC,GG,CC,TT,AA,GG,GA,CT,AA,GG,CC,CC,GG,GG,CC,GA,GG,GG,GG,TT,TT,GG,TT,GT,GG,TT,TT,AA,CC,CT,CC,CC,CC,GG,CA,CC,GG,CC,AA,CG,GG,CC,CC,GG,TT,GG,AA,GG,AA,CC,AA,AA,GG,GG,TT,GG,CC,CC,AA,GG,GT,GG,CC,CC,CC,CT,GG,GG,AA,CT,GG,GG,TT,GG,CC,AA,GG,CC,GG,AA,CC,TT,GG,GG,CG
tissue_marten,NA,CO_M21257.tr,Nextseq509,MACA_P10,ZM21257,a,lane1-s260-index--GATAGCCTTG-TACCACAATG-CL3_LA0471_c_S260.,402467,262518,65.23,97%,88,NA,GG,AC,CT,GG,CC,AA,GG,AT,GG,CT,CC,TT,GG,TC,CC,TT,CC,GG,AG,GA,CC,CA,CA,AA,GG,CC,TC,GG,CC,TT,AA,GG,GG,CT,AG,GG,CC,CC,GG,GG,CC,GA,GG,GG,0,CC,TC,GG,CT,GG,GG,TT,TT,AA,CC,CC,CC,CC,CC,GA,CC,CC,GG,CC,AG,CC,GG,CC,CC,TG,TA,GG,AA,GG,GA,CC,AA,AA,TT,GG,TT,0,CC,CC,AA,GG,GG,GG,CC,TC,CC,CC,GG,GG,AG,CT,GG,GG,CT,GG,CC,GA,GG,CC,GG,AA,CC,TT,GG,GG,CC
tissue_marten,NA,CO_M21257.tr,Nextseq509,MACA_P10,ZM21257,b,lane1-s268-index--AGTTAATGCT-ACTGCAGCCG-CL3_LA0530_c_S268.,335530,171201,51.02,97%,88,NA,GG,AC,CT,GG,CC,AA,GG,AT,GG,CT,CC,TT,GG,TC,CC,TT,CC,GG,AG,GA,CC,CA,CA,AA,GG,CC,TC,GG,CC,TT,AA,GG,GG,CT,AG,GG,CC,CC,GG,GG,CC,GA,GG,GG,0,CC,TC,GG,CT,GG,GG,TT,TT,AA,CC,CC,CC,CC,CC,GA,CC,CC,GG,CC,AG,CC,GG,CC,CC,TG,TA,GG,AA,GG,GA,CC,AA,AA,TT,GG,TT,0,CC,CC,AA,GG,GG,GG,CC,TC,CC,CC,GG,GG,AG,CT,GG,GG,CT,GG,CC,GA,GG,CC,GG,AA,CC,TT,GG,GG,CC
tissue_marten,0,CO_M21257.tr,,,ZM21257,,CONSENSUS,368999,216860,58.13,97%,88,0,GG,AC,CT,GG,CC,AA,GG,AT,GG,CT,CC,TT,AA,TC,CC,TT,CC,GG,AG,GA,CC,CA,CA,AA,GG,CC,TC,GG,CC,TT,AA,GG,GG,CT,AG,GG,CC,CC,GG,GG,CC,GA,GG,GG,0,CC,TC,GG,CT,GG,GG,TT,TT,AA,CC,CC,CC,CC,CC,GA,CC,CC,GG,CC,AG,CC,GG,CC,CC,TG,TA,GG,AA,GG,GA,CC,AA,AA,TT,GG,TT,0,CC,CC,AA,GG,GG,GG,CC,TC,CC,CC,GG,GG,AG,CT,GG,GG,CT,GG,CC,GA,GG,CC,GG,AA,CC,TT,GG,GG,CC
tissue_marten,NA,CO_F21258.tr,Nextseq509,MACA_P10,ZM21258,a,lane1-s261-index--CCTGGACGCA-TGGTATACCA-CL3_LA0482_c_S261.,2337937,2067734,88.44,99%,90,NA,GG,AA,CC,GG,CC,AA,GG,AA,GA,CT,CT,TT,GG,TT,CC,TT,CC,GG,AA,AA,CC,AA,CC,AA,GG,CC,TC,GG,CC,TT,GG,GG,GA,TT,AA,GG,CC,CC,GG,GG,TC,GG,GG,GG,GG,CT,TT,GG,CT,GG,GG,TT,CC,AA,CC,CT,CC,CC,CC,GG,CC,CC,GG,CC,AA,CG,GG,CC,TC,GG,TA,GG,AA,GG,AA,CC,AA,AA,GT,0,TT,GG,CC,CC,AA,GC,GT,GG,CC,TC,CC,CT,0,0,AA,CC,GG,GG,TT,GG,CC,GA,GG,CC,GG,AA,CC,TT,GG,GG,CG
tissue_marten,NA,CO_F21258.tr,Nextseq509,MACA_P10,ZM21258,b,lane1-s269-index--GGTGAGTAAT-AACATCTAGT-CL3_LA0564_c_S269.,2107351,1912812,90.77,99%,90,NA,GG,AA,CC,GG,CC,AA,GG,AA,GA,CT,CT,TT,GG,TT,CC,TT,CC,GG,AA,AA,CC,AA,CC,AA,GG,CC,TC,GG,CC,TT,GG,GG,GA,TT,AA,GG,CC,CC,GG,GG,TC,GG,GG,GG,GG,CT,TT,GG,CT,GG,GG,TT,CC,AA,CC,CT,CC,CC,CC,GG,CC,CC,GG,CC,AA,CG,GG,CC,TC,GG,TA,GG,AA,GG,AA,CC,AA,AA,GT,0,TT,GG,CC,CC,AA,GC,GT,GG,CC,TC,CC,CT,0,0,AA,CC,GG,GG,TT,GG,CC,GA,GG,CC,GG,AA,CC,TT,GG,GG,CG
tissue_marten,0,CO_F21258.tr,,,ZM21258,,CONSENSUS,2222644,1990273,89.61,99%,90,0,GG,AA,CC,GG,CC,AA,GG,AA,GA,CT,CT,TT,AA,TT,CC,TT,CC,GG,AA,AA,CC,AA,CC,AA,GG,CC,TC,GG,CC,TT,GG,GG,GA,TT,AA,GG,CC,CC,GG,GG,TC,GG,GG,GG,GG,CT,TT,GG,CT,GG,GG,TT,CC,AA,CC,CT,CC,CC,CC,GG,CC,CC,GG,CC,AA,CG,GG,CC,TC,GG,TA,GG,AA,GG,AA,CC,AA,AA,GT,0,TT,GG,CC,CC,AA,GC,GT,GG,CC,TC,CC,CT,0,0,AA,CC,GG,GG,TT,GG,CC,GA,GG,CC,GG,AA,CC,TT,GG,GG,CG
tissue_marten,NA,CO_M21921.tr,Nextseq509,MACA_P10,ZM21921,a,lane1-s262-index--TTACGCACCT-GCTCTCGTTG-CL3_LA0489_c_S262.,1823973,1447199,79.34,100%,91,NA,GG,AA,CT,GG,TC,GG,GG,AA,GA,CC,CC,TT,GG,TT,CT,TT,CC,GG,AG,GA,CT,AA,CA,AA,GA,CC,TC,GG,CC,TT,GG,GG,GA,CT,GG,GG,CC,CC,GG,GG,CC,GA,GG,GG,GG,CC,TT,GG,CT,GG,GG,TT,CT,AA,CC,CT,CC,CC,CC,GG,CC,CC,GG,CC,AA,GG,GG,CT,CC,TG,TA,GG,AA,GG,AA,CC,AA,AA,GT,AA,TT,GG,CC,CT,AA,GG,GT,GG,CC,CC,CC,TT,GG,GG,AA,CT,GG,GG,TT,GG,CC,GA,GG,CC,GG,AA,CC,TT,GG,GG,GG
tissue_marten,NA,CO_M21921.tr,Nextseq509,MACA_P10,ZM21921,b,lane1-s270-index--TACTCTGCGC-CCTTACTATG-CL3_A0568_c_S270.,962191,775024,80.55,99%,90,NA,GG,AA,CT,GG,TC,GG,GG,AA,GA,CC,CC,TT,GG,TT,CT,TT,CC,GG,AG,GA,CT,AA,CA,AA,GA,CC,TC,GG,CC,TT,0,GG,GA,CT,GG,GG,CC,CC,GG,GG,CC,GA,GG,GG,GG,CC,TT,GG,CT,GG,GG,TT,CT,AA,CC,CT,CC,CC,CC,GG,CC,CC,GG,CC,AA,GG,GG,CT,CC,TG,TA,GG,AA,GG,AA,CC,AA,AA,GT,AA,TT,GG,CC,CT,AA,GG,GT,GG,CC,CC,CC,TT,GG,GG,AA,CT,GG,GG,TT,GG,CC,GA,GG,CC,GG,AA,CC,TT,GG,GG,GG
tissue_marten,0,CO_M21921.tr,,,ZM21921,,CONSENSUS,1393082,1111112,79.95,100%,91,0,GG,AA,CT,GG,TC,GG,GG,AA,GA,CC,CC,TT,AA,TT,CT,TT,CC,GG,AG,GA,CT,AA,CA,AA,GA,CC,TC,GG,CC,TT,GG,GG,GA,CT,GG,GG,CC,CC,GG,GG,CC,GA,GG,GG,GG,CC,TT,GG,CT,GG,GG,TT,CT,AA,CC,CT,CC,CC,CC,GG,CC,CC,GG,CC,AA,GG,GG,CT,CC,TG,TA,GG,AA,GG,AA,CC,AA,AA,GT,AA,TT,GG,CC,CT,AA,GG,GT,GG,CC,CC,CC,TT,GG,GG,AA,CT,GG,GG,TT,GG,CC,GA,GG,CC,GG,AA,CC,TT,GG,GG,GG
tissue_marten,NA,CO_M21922.tr,Nextseq509,MACA_P10,ZM21922,a,lane1-s263-index--TCGTTGCTGC-GTCTCGTGAA-CL3_LA0491_c_S263.,2149110,1835737,85.42,99%,90,NA,GG,AA,CC,GG,TC,AG,GG,AT,GA,CC,CT,TT,GG,TC,CT,TT,CC,GG,AG,GA,CC,AA,CC,AA,GG,CC,TT,GG,CC,TT,0,GG,GA,CT,AA,GG,CC,CC,GG,GG,CC,GG,GG,GG,GG,CC,TT,GG,TT,GG,GG,TT,CC,AA,CC,CT,CC,CC,CC,AA,CA,CC,GG,CC,AA,CG,GG,CT,TC,TG,AA,GG,AA,GG,AA,CC,AA,AA,GG,AG,TT,GG,CC,CC,AA,GG,GT,GG,CC,TC,CC,TT,GG,GG,AA,CT,GG,GG,TT,GG,CC,AA,GG,CC,GG,AA,CC,TT,GG,GG,CG
tissue_marten,NA,CO_M21922.tr,Nextseq509,MACA_P10,ZM21922,b,lane1-s271-index--AGGTATGGCG-GTGGCGAGAC-CL3_LA0589_c_S271.,1764920,1489330,84.39,99%,90,NA,GG,AA,CC,GG,TC,AG,GG,AT,GA,CC,CT,TT,GG,TC,CT,TT,CC,GG,AG,GA,CC,AA,CC,AA,GG,CC,TT,GG,CC,TT,0,GG,GA,CT,AA,GG,CC,CC,GG,GG,CC,GG,GG,GG,GG,CC,TT,GG,TT,GG,GG,TT,CC,AA,CC,CT,CC,CC,CC,AA,CA,CC,GG,CC,AA,CG,GG,CT,TC,TG,AA,GG,AA,GG,AA,CC,AA,AA,GG,AG,TT,GG,CC,CC,AA,GG,GT,GG,CC,TC,CC,TT,GG,GG,AA,CT,GG,GG,TT,GG,CC,AA,GG,CC,GG,AA,CC,TT,GG,GG,CG
tissue_marten,0,CO_M21922.tr,,,ZM21922,,CONSENSUS,1957015,1662534,84.91,99%,90,0,GG,AA,CC,GG,TC,AG,GG,AT,GA,CC,CT,TT,AA,TC,CT,TT,CC,GG,AG,GA,CC,AA,CC,AA,GG,CC,TT,GG,CC,TT,0,GG,GA,CT,AA,GG,CC,CC,GG,GG,CC,GG,GG,GG,GG,CC,TT,GG,TT,GG,GG,TT,CC,AA,CC,CT,CC,CC,CC,AA,CA,CC,GG,CC,AA,CG,GG,CT,TC,TG,AA,GG,AA,GG,AA,CC,AA,AA,GG,AG,TT,GG,CC,CC,AA,GG,GT,GG,CC,TC,CC,TT,GG,GG,AA,CT,GG,GG,TT,GG,CC,AA,GG,CC,GG,AA,CC,TT,GG,GG,CG
scat_marten,NA,NCoast_F01.sc,Nextseq510,MACA_P8,01M02,a,lane1-s457-index--GTGTACCTTC-CTGTGAGCTA-MACAP8_01M02_a_S457.assembled,750321,693139,92.38,96%,87,NA,AA,AC,TT,CC,TT,GG,AA,AT,GG,CC,CC,TT,AA,CC,CT,CC,CC,CC,AA,GA,CT,AA,AA,0,GG,TC,TT,GA,TT,AT,AA,AA,GG,CC,0,AG,CC,CC,AA,GG,CC,AA,AA,AA,GT,CC,TT,AA,CC,GG,CC,TT,CT,GG,TT,CC,CC,CT,GG,GG,AA,TT,GG,TT,AA,GG,AA,CC,CC,GG,TT,GT,AT,GA,GG,CC,AA,AA,0,GG,TT,GA,CC,CC,GG,CC,GG,AA,AA,TT,CC,CT,0,0,AA,CC,GG,GG,CC,GG,TT,GG,AA,CC,GG,AA,CC,TT,GG,GG,GG
scat_marten,NA,NCoast_F01.sc,Nextseq510,MACA_P8,01M02,b,lane1-s465-index--GCCATATAAC-ACACAATATC-MACAP8_01M02_b_S465.assembled,535520,518226,96.77,89%,81,NA,AA,AA,TT,CC,TT,GG,GA,0,GG,CC,CC,TT,0,0,CT,CC,CC,CC,AA,0,TT,AA,AA,GG,GG,TC,TT,AA,TT,AT,AA,GA,GG,CC,AA,GG,CC,CC,AA,GG,CC,AA,AA,AA,0,CC,TT,AA,CC,GG,CC,TT,CT,GG,TT,CC,CC,0,GG,AA,AA,TT,GG,TT,AA,CG,AA,CC,CC,GG,TT,GT,AT,GA,GG,CC,AA,AA,0,0,0,GA,CC,CC,GG,GC,0,AA,AA,TT,CC,CT,0,0,AA,CC,GG,GG,CC,GG,TT,GG,AA,CC,GG,AA,CC,TT,GG,GG,CG
scat_marten,NA,NCoast_F01.sc,Nextseq510,MACA_P8,01M02,c,lane1-s473-index--TGAGTACAAC-ACGCTTGGAC-MACAP8_01M02_c_S473.assembled,186499,179870,96.45,96%,87,NA,AA,CC,TT,CC,TT,GG,GA,AT,GG,CC,CC,TT,AA,CC,CT,CC,CC,CC,0,GA,CC,AA,AA,GG,GG,0,TT,AA,TT,TT,AA,GA,AA,CC,AG,GG,CC,CC,AA,GG,CC,AA,AA,AA,GG,CC,TT,0,CC,GG,CC,TT,CT,GG,TT,CC,CC,CT,GG,AA,AA,TT,GG,TT,AA,CC,AA,CC,CC,GG,TT,TT,TT,GA,GG,CC,AA,AA,GG,0,TT,GA,CC,CC,GG,GC,GG,AA,AA,TT,CC,CT,0,0,AA,CC,GG,0,0,GG,TT,GG,AA,CC,GG,AA,CC,TT,GG,GG,CC
scat_marten,0,NCoast_F01.sc,,,01M02,,CONSENSUS,490780,463745,95.2,91%,83,0,AA,AC,TT,CC,TT,GG,GA,AT,GG,CC,CC,TT,AA,CC,CT,CC,CC,CC,AA,GA,CT,AA,AA,GG,GG,TC,TT,NA,TT,AT,AA,GA,NA,CC,NA,NA,CC,CC,AA,GG,CC,AA,AA,AA,NA,CC,TT,AA,CC,GG,CC,TT,CT,GG,TT,CC,CC,CT,GG,NA,AA,TT,GG,TT,AA,CG,AA,CC,CC,GG,TT,GT,AT,GA,GG,CC,AA,AA,0,0,TT,GA,CC,CC,GG,GC,GG,AA,AA,TT,CC,CT,0,0,AA,CC,GG,GG,CC,GG,TT,GG,AA,CC,GG,AA,CC,TT,GG,GG,CG
scat_marten,NA,NA,Nextseq510,MACA_P8,01M03,a,lane1-s458-index--ACCTGGCCAA-TCACAGATCG-MACAP8_01M03_a_S458.assembled,425983,300221,70.48,4%,4,NA,0,0,0,CC,0,0,0,0,0,0,0,0,NA,0,CC,0,0,0,0,0,0,0,AA,0,0,0,TT,0,0,0,0,0,0,0,0,0,0,0,0,GG,0,0,0,0,GG,0,0,0,0,0,0,0,0,0,0,0,0,0,0,0,0,0,0,0,0,0,0,0,0,0,0,0,0,0,0,0,0,NA,0,0,0,0,0,0,0,0,0,0,0,0,0,0,0,0,0,0,0,0,0,0,0,0,0,0,0,0,0,0,0,0,0
scat_marten,NA,NA,Nextseq510,MACA_P8,01M03,b,lane1-s466-index--AGTGCGAGTG-TGGAGGTAAT-MACAP8_01M03_b_S466.assembled,192589,130811,67.92,4%,4,NA,0,0,0,0,0,0,0,0,0,0,0,0,0,0,0,0,0,0,0,AA,0,0,0,0,0,0,0,GG,0,0,0,0,0,0,0,0,0,0,0,0,0,0,0,0,0,CC,0,0,0,GG,0,0,0,0,0,0,0,0,0,0,0,0,0,0,0,0,0,0,0,0,0,0,0,0,0,0,AA,0,0,0,0,0,CC,0,0,0,0,0,0,0,0,0,0,0,0,0,0,0,0,0,0,0,0,CC,0,0,0,0,GG,0,0
scat_marten,NA,NA,Nextseq510,MACA_P8,01M03,c,lane1-s474-index--CCGCGGTTCT-GGAGTAGATT-MACAP8_01M03_c_S474.assembled,496227,383126,77.21,5%,5,NA,0,0,0,0,0,GG,0,0,0,0,0,0,0,0,0,0,0,0,0,0,0,AA,AA,0,0,0,0,0,0,0,0,0,0,0,0,0,0,0,0,0,0,0,0,AA,0,CC,0,0,0,0,0,0,0,0,0,0,0,0,0,0,0,0,0,0,0,0,0,0,0,GG,0,0,0,0,0,0,0,0,0,0,0,0,0,0,0,0,0,0,0,0,CC,0,0,0,AA,0,0,0,0,0,TT,0,0,0,GG,0,0,0,0,0,0
scat_marten,1,NA,,,01M03,,CONSENSUS,371600,271386,71.87,0%,0,0,0,0,0,0,0,0,0,0,0,0,0,0,0,0,0,0,0,0,0,0,0,0,AA,0,0,0,0,0,0,0,0,0,0,0,0,0,0,0,0,0,0,0,0,0,0,CC,0,0,0,0,0,0,0,0,0,0,0,0,0,0,0,0,0,0,0,0,0,0,0,0,0,0,0,0,0,0,0,0,0,0,0,0,0,0,0,0,0,0,0,0,0,0,0,0,0,0,0,0,0,0,0,0,0,0,0,0,0,0,0,0,0
scat_marten,NA,NCoast_F04.sc,Nextseq510,MACA_P8,02M01,a,lane1-s462-index--TACTCTGCGC-CCTTACTATG-MACAP8_02M01_a_S462.assembled,977992,782963,80.06,75%,68,NA,GG,CC,0,CC,TT,0,GG,AA,GG,CC,CC,TT,0,TC,CC,CC,CC,CC,AA,GG,CC,AA,AA,GG,GG,CC,0,AA,CC,AA,AA,0,0,CC,0,0,CC,TT,AA,GG,TC,0,0,AA,GG,0,TT,AA,CC,TT,CC,TT,0,GG,TT,CC,CC,0,0,GG,AA,TC,GG,0,AA,CG,GA,TT,0,TT,TA,0,AT,0,GG,CC,AA,AA,0,AA,0,GG,CC,0,GG,CC,GG,0,AA,0,CC,CC,0,0,AA,CC,GG,GG,CC,0,TT,GG,0,CC,GG,AA,0,0,GG,GG,CG
scat_marten,NA,NCoast_F04.sc,Nextseq510,MACA_P8,02M01,b,lane1-s470-index--CTTCAACCAC-TTATGCGCCT-MACAP8_02M01_b_S470.assembled,1150949,981873,85.31,73%,66,NA,GA,CC,0,GC,TT,AA,0,AA,0,0,0,TT,0,0,0,CC,0,CC,AA,GA,0,AA,AA,0,GG,TT,TT,GA,CC,AA,AA,GG,0,CC,0,AA,CC,0,AA,GG,TT,GG,AA,AA,0,CC,TT,AA,CC,GG,CC,0,CC,GG,TT,CC,CC,0,0,0,AA,CC,GG,TT,AA,CG,AA,CC,CC,TG,0,GT,TT,GG,0,CC,AA,AA,0,AA,TT,GG,CC,0,GG,CC,0,GG,AA,0,CC,CC,0,0,AA,CC,GG,GG,CC,0,TT,GG,GG,CC,GG,AA,0,0,GG,GG,CG
scat_marten,NA,NCoast_F04.sc,Nextseq510,MACA_P8,02M01,c,lane1-s478-index--TCAACCACGA-CAAGTTCATA-MACAP8_02M01_c_S478.assembled,385099,267660,69.5,63%,57,NA,0,0,TT,0,TT,0,0,0,GG,CC,CC,TT,AA,TT,0,CC,0,CC,AA,GA,CC,AA,AA,GG,GG,0,TT,0,CC,0,0,0,AA,CC,0,0,CC,CC,AA,GG,TC,AA,AA,AA,GG,CC,TT,0,CC,0,CC,TT,CC,GG,0,CC,CC,TT,GG,0,AA,0,GG,0,AA,CG,GA,0,CC,0,AA,0,TT,0,GG,0,0,0,TT,AA,TT,GG,CC,0,0,CC,TT,0,0,TT,0,CC,0,0,AA,CC,GG,0,0,GG,TT,GG,0,0,0,AA,CC,0,0,GG,CG
scat_marten,NA,NCoast_F04.sc,Nextseq533,MACA_P11,02M01,a,lane1-s050-index--CAACTGCAAC-ATTCCGCTAT-MACAP11,499597,382065,76.47,58%,53,0,GA,CC,CT,GC,0,0,0,AA,GG,0,CC,TT,AA,0,CC,CC,0,0,0,GG,TT,0,AA,0,GG,0,0,0,0,AA,0,GG,AA,CC,AA,AA,0,0,AA,GG,TC,0,0,0,GG,CC,TT,0,0,0,0,TT,CC,0,0,CC,CC,TT,GG,GG,AA,TC,GG,TT,0,CC,AA,TT,0,0,TA,GG,AT,GG,GG,0,0,0,0,AA,0,GG,CC,0,GG,CC,0,GG,0,CC,CC,CC,0,0,0,CC,GG,0,0,GG,0,0,GG,0,GG,0,CC,0,0,GG,CC
scat_marten,NA,NCoast_F04.sc,Nextseq533,MACA_P11,02M01,b,lane1-s058-index--TAAGGAGGAA-CGCCTTCTGA-MACAP11,353193,256536,72.63,69%,63,0,GA,0,CT,GC,TT,0,GG,0,GG,0,0,0,0,TT,CC,CC,CC,0,0,GA,CT,0,AA,GG,GG,0,TT,0,TT,AA,AA,GG,AA,CC,AA,0,CC,CC,AA,GG,TC,GG,AA,0,GG,CC,TT,0,0,GG,CC,0,CC,GG,0,CC,CC,TT,0,GG,AA,TC,GG,0,AA,CC,GA,CT,0,0,AA,TT,AA,GG,GA,CC,AA,AA,0,AA,TT,GG,CC,CC,GG,CC,TT,0,AA,0,0,0,0,0,0,CC,GG,0,0,0,0,0,0,CC,0,0,CC,TT,GG,GG,CC
scat_marten,NA,NCoast_F04.sc,Nextseq533,MACA_P11,02M01,c,lane1-s066-index--AGCGCTGTGT-TCCTGACCGT-MACAP11,258669,191406,74,64%,58,0,0,0,0,GG,TT,GG,GG,0,GG,0,CC,TT,AA,CC,CC,CC,0,0,0,GG,0,AA,AA,GG,0,0,0,0,CC,0,AA,0,0,CC,0,0,0,TT,AA,GG,0,GG,AA,0,0,0,TT,0,CT,GG,CC,TT,0,0,TT,CC,CC,TT,0,GG,AA,0,GG,0,AA,CC,AA,CT,0,TG,TA,GG,AA,GG,GG,CC,AA,AA,TT,AA,0,GG,CC,CC,GG,CC,TT,0,AA,0,CC,CC,0,GG,AA,CC,GG,0,CC,0,0,GA,0,CC,GG,0,0,TT,GG,GG,CC
scat_marten,NA,NCoast_F04.sc,Nextseq552,MACA_P13,02M01,a,lane1-s004-index--TCAATGGAGA-CGGTGACACC-M13_02M01_a_S4.assembled,153566,94522,61.55,67%,61,0,GG,0,0,GC,TT,GG,GG,0,GG,0,CC,0,AG,TT,CC,CC,CC,0,0,0,CT,AA,AA,0,GG,0,TT,GG,0,0,AA,GG,0,CC,AA,GG,,CT,AA,GG,TC,GA,AA,AA,GG,CC,TT,AA,CC,0,CC,0,0,GG,TT,CC,CC,TT,0,GG,AA,TT,GG,0,AA,CG,GA,TT,0,TG,TA,0,AT,0,0,CC,AA,AA,0,AA,0,GG,CC,0,GG,CC,0,0,0,TT,CC,CC,0,0,AA,CC,GG,0,CC,0,TT,GG,0,0,GG,0,0,0,0,GG,CG
scat_marten,NA,NCoast_F04.sc,Nextseq552,MACA_P13,02M01,b,lane1-s012-index--AGTACTCATG-CTCACACAAG-M13_02M01_b_S12.assembled,299317,219691,73.4,75%,68,0,GA,0,0,CC,TT,AG,GG,TT,GG,0,CC,TT,AG,CC,CC,0,CC,CC,0,0,CC,AA,AA,GG,0,0,TT,GA,CT,0,AA,GG,AA,CC,AA,0,,TT,AA,GG,TT,AA,AA,AA,GG,CC,TT,AA,0,TT,0,TT,CC,GG,TT,CC,CC,TT,GG,GG,0,CC,GG,0,AA,CG,0,CC,0,TG,AA,GT,TT,GG,GG,CC,0,0,GG,AA,TT,GG,CC,0,GG,0,TT,AA,0,0,CC,CC,0,0,AA,CC,GG,0,CC,GG,TT,0,AA,CC,GG,AA,CC,0,GG,GG,CG
scat_marten,NA,NCoast_F04.sc,Nextseq552,MACA_P13,02M01,c,lane1-s020-index--ATCGGCGAAG-GATGGTATCG-M13_02M01_c_S20.assembled,413654,314395,76,71%,65,0,0,0,CC,GG,0,GG,0,0,GG,CC,0,0,GG,TT,CC,0,0,CC,0,GA,CC,AA,0,GG,GG,0,TT,GG,CT,AA,AA,GG,0,CC,AA,0,,CT,AA,GG,TC,0,0,AA,GG,CC,TT,0,TT,GT,CC,TT,CC,GG,TT,0,CC,TT,0,0,AA,0,GG,0,AA,CC,AA,CC,0,TG,0,GT,AT,GG,GG,CC,AA,AA,TT,AA,TT,GG,CC,CC,GG,CC,0,AA,AA,TT,CC,CC,0,0,AA,CC,GG,0,CC,0,TT,AA,AA,CC,GG,AA,0,TT,GG,0,CC
scat_marten,0,NCoast_F04.sc,Nextseq510 / Nextseq533,MACA_P8 / MACA_P11 / MACA_P13,02M01,9,CONSENSUS,604250,477084,76.33,93%,85,0,GA,CC,CT,GC,TT,AG,GG,NA,GG,CC,CC,TT,AG,TC,CC,CC,CC,CC,AA,GA,CT,AA,AA,GG,GG,NA,TT,GA,CT,AA,AA,GG,AA,CC,AA,NA,CC,CT,AA,GG,TC,GA,AA,AA,GG,CC,TT,AA,CT,GT,CC,TT,CC,GG,TT,CC,CC,TT,GG,GG,AA,TC,GG,TT,AA,CG,GA,CT,CC,TG,TA,GT,AT,GG,NA,CC,AA,AA,NA,AA,TT,GG,CC,CC,GG,CC,TT,GA,AA,NA,CC,CC,0,GG (1 rep),AA,CC,GG,GG,CC,GG,TT,GA,NA,CC,GG,AA,CC,TT,GG,GG,CG
scat_marten,NA,NA,Nextseq510,MACA_P8,03M01,a,lane1-s459-index--TGTCTGGCCT-AGAAGCCAAT-MACAP8_03M01_a_S459.assembled,772845,751511,97.24,42%,38,NA,AA,0,0,0,TT,0,AA,AA,GG,0,CC,TT,0,TT,CC,0,0,0,0,GA,TT,0,0,AA,AA,TT,0,AA,0,0,0,GG,0,CC,0,0,CC,0,AA,GG,0,AA,0,0,GG,0,0,AA,0,0,0,0,0,GG,0,0,CC,0,GG,AA,0,TT,0,0,0,GG,0,CC,TT,TT,0,TT,0,GG,0,0,AA,AA,0,0,0,GG,0,CC,GG,0,0,0,0,0,CC,0,0,0,0,CC,GG,GG,0,GG,0,0,0,0,GG,0,0,TT,0,0,GG
scat_marten,NA,NA,Nextseq510,MACA_P8,03M01,b,lane1-s467-index--CTGAGCCGGT-CCTTCACGTA-MACAP8_03M01_b_S467.assembled,521350,501700,96.23,37%,34,NA,AA,0,0,0,0,AA,0,0,0,0,0,0,GG,0,0,0,0,0,AA,0,0,0,0,AA,0,0,0,0,CC,0,0,0,0,0,0,0,0,0,AA,0,0,AA,AA,0,TT,0,0,0,0,TT,0,TT,0,GG,0,0,CC,TT,0,0,AA,0,GG,TT,AA,CC,GG,0,0,TG,AA,TT,0,GG,GG,0,AA,AA,GG,GG,TT,GG,CC,0,0,GG,0,0,0,0,0,CC,0,0,0,0,0,0,0,0,0,0,0,CC,0,0,0,0,GG,0,CC
scat_marten,NA,NA,Nextseq510,MACA_P8,03M01,c,lane1-s475-index--ATTGATACTG-TACACGCTCC-MACAP8_03M01_c_S475.assembled,913354,866419,94.86,29%,26,NA,AA,0,0,0,0,0,0,AA,GG,0,0,TT,GG,TT,0,0,CC,GG,0,0,TT,0,0,AA,AA,0,TT,AA,0,0,0,0,0,CC,0,0,0,0,AA,0,0,0,0,0,0,0,0,AA,0,0,0,0,0,0,0,0,CC,0,0,0,AA,0,0,0,0,CC,GG,0,CC,TT,0,GT,AT,0,0,0,0,0,0,0,0,GG,CC,0,0,0,0,0,0,0,CC,CC,0,0,0,CC,0,GG,0,0,0,0,0,0,GG,AA,0,0,0,0,CC
scat_marten,1,NA,,,03M01,,CONSENSUS,735850,706543,96.11,25%,23,0,AA,0,0,0,0,0,0,AA,GG,0,0,TT,GG,TT,0,0,0,0,0,0,TT,0,0,AA,AA,0,0,AA,0,0,0,0,0,CC,0,0,0,0,AA,0,0,AA,0,0,NA,0,0,AA,0,0,0,0,0,GG,0,0,CC,0,0,0,AA,0,0,0,0,NA,GG,0,NA,NA,0,NA,0,GG,0,0,AA,AA,0,0,0,GG,CC,0,0,0,0,0,0,0,CC,CC,0,0,0,CC,0,GG,0,0,0,0,0,0,GG,0,0,0,0,0,NA
scat_marten,NA,NA,Nextseq510,MACA_P8,03M02,a,lane1-s463-index--AGGTATGGCG-GTGGCGAGAC-MACAP8_03M02_a_S463.assembled,1038289,868057,83.6,53%,48,NA,AA,0,0,CC,TT,0,0,AA,0,0,CC,TT,NA,0,CC,0,0,CC,AA,GA,TT,AA,0,AA,0,TT,TT,AA,CC,0,0,0,0,CC,0,AA,0,CT,AA,GG,CC,0,0,0,TT,TT,TT,0,0,TT,0,0,0,GG,0,0,CC,0,GG,AA,AA,TT,0,TT,AA,0,0,CC,CC,TG,AA,TT,TT,0,GG,0,AA,NA,0,0,TT,GG,CC,0,GG,0,GG,0,0,CC,0,CC,0,0,AA,CC,GG,0,0,GG,0,0,0,CC,0,AA,0,0,GG,0,0
scat_marten,NA,NA,Nextseq510,MACA_P8,03M02,b,lane1-s471-index--TCTATTCAGT-TCTCAGTACA-MACAP8_03M02_b_S471.assembled,931563,906851,97.35,52%,47,NA,AA,0,CC,0,TT,0,0,AA,GG,0,0,TT,NA,TT,CC,0,0,CC,0,0,0,AA,CA,AA,0,0,0,0,0,0,AA,GG,0,CC,0,0,CC,0,AA,0,0,GG,0,AA,GT,TT,TT,AA,TT,TT,GG,0,0,GG,0,0,CC,0,GG,GG,0,TT,GG,0,AA,CC,GG,0,0,TT,0,GG,TT,0,AA,0,AA,NA,0,GG,0,GG,CC,0,GG,GG,TT,0,AA,CC,CC,0,0,0,AA,CC,0,GG,0,GG,TT,AA,0,CC,GG,AA,0,0,GG,0,CC
scat_marten,NA,NA,Nextseq510,MACA_P8,03M02,c,lane1-s479-index--TATGAACTTG-AATCCTTAGG-MACAP8_03M02_c_S479.assembled,509240,495159,97.23,56%,51,NA,AA,0,TT,CC,0,0,0,0,GG,CC,0,TT,0,0,CC,0,0,CG,0,GG,0,0,AA,AA,AA,CC,0,GG,CC,0,AA,GG,0,0,0,AA,CC,0,0,GG,0,0,0,AA,TT,0,0,AA,0,TT,0,0,TT,GG,0,0,CC,CT,0,GG,AA,TT,GG,TT,AA,0,GG,0,CC,GG,TA,GG,AA,GG,AA,CC,AA,AA,0,0,TT,GG,CC,CC,0,0,0,AA,0,0,CC,CC,0,0,0,0,GG,GG,0,0,TT,0,AA,CC,GG,AA,0,TT,GG,0,0
scat_marten,NA,NA,Nextseq533,MACA_P11,03M02,a,lane1-s051-index--ACATGAGTGA-GACCGCTGTG-MACAP11,196404,159909,81.42,49%,45,0,AA,CC,CC,CC,TT,0,0,AA,GG,0,CC,TT,GG,TT,0,0,0,GG,0,AA,TT,AA,CC,AA,0,0,0,GA,0,0,0,0,AA,0,0,0,CC,0,0,GG,0,0,0,0,0,TT,TT,AA,0,0,GG,0,0,GG,0,CC,CC,0,0,0,AA,TT,0,0,AA,CC,GG,CC,0,TG,0,GT,AA,GG,AA,0,AA,0,0,0,0,GG,CC,0,GG,GG,0,AA,0,0,0,CC,0,0,AA,0,GG,GG,0,0,0,0,AA,0,0,AA,CC,0,0,GG,CC
scat_marten,NA,NA,Nextseq533,MACA_P11,03M02,b,lane1-s059-index--AGCTTACACA-GCGCAGAGTA-MACAP11,167849,130857,77.96,38%,35,0,AA,0,TT,0,TT,0,AA,AA,0,CC,0,TT,NA,0,0,TT,0,0,0,AA,0,0,CC,AA,0,0,0,0,CC,0,0,0,0,0,0,0,CC,TT,0,GG,CC,0,0,0,0,TT,0,0,0,0,0,TT,0,GG,TT,CC,CC,CC,0,0,0,TT,GG,TT,0,CC,GG,CC,0,0,0,0,0,0,GG,0,AA,NA,0,0,0,0,0,CC,0,GG,0,GG,AA,CC,0,CC,0,0,0,0,GG,0,CC,0,0,0,GG,0,0,0,0,TT,0,GG,CC
scat_marten,NA,NA,Nextseq533,MACA_P11,03M02,c,lane1-s067-index--TCACCGCGCT-CGCGCCTAGA-MACAP11,537483,473717,88.14,47%,43,0,AA,0,0,CC,0,0,0,AA,0,CC,CC,TT,0,0,CC,CC,CC,CG,0,GG,TT,0,CA,AA,0,0,0,AA,CC,0,AA,0,0,0,0,0,0,CC,AA,GG,TC,0,0,0,0,TT,TT,0,0,TT,0,TT,0,GG,0,0,CC,TT,0,0,AA,TT,GG,TT,AA,GG,GG,0,0,TG,0,0,0,GG,GG,0,AA,AA,0,GG,0,GG,0,CC,0,CC,0,0,0,0,0,CC,0,0,0,0,GG,0,0,0,0,0,0,CC,0,AA,0,TT,GG,0,GG
scat_marten,0.5,NA,Nextseq510 / Nextseq533,MACA_P8 / MACA_P11,03M02,,CONSENSUS,563471,505758,87.62,68%,62,0,AA,0,CT,CC,TT,0,0,AA,GG,CC,CC,TT,0,TT,CC,NA,0,CG,0,GA,TT,AA,CA,AA,0,NA,0,NA,CC,0,AA,GG,0,CC,0,AA,CC,CT,AA,GG,NA,0,0,AA,NA,TT,TT,AA,0,TT,GG,TT,0,GG,0,CC,CC,CT,GG,NA,AA,TT,GG,TT,AA,NA,GG,CC,CC,TG,NA,GT,AT,GG,GA,0,AA,AA,0,GG,TT,GG,CC,CC,GG,NA,NA,NA,AA,CC,CC,CC,0,0,AA,CC,GG,GG,0,GG,TT,0,NA,CC,GG,AA,0,TT,GG,GG,NA
scat_marten,NA,NDunes_F08.sc,Nextseq510,MACA_P8,05M01,a,lane1-s460-index--AGTTAATGCT-ACTGCAGCCG-MACAP8_05M01_a_S460.assembled,357662,342783,95.84,100%,91,NA,GA,AA,CC,CC,TC,AG,GA,AA,GG,CC,CT,CC,AA,TC,CC,CC,CC,CC,AG,GG,TT,AA,AA,AA,GG,TT,TT,AA,TT,AA,AA,AA,AA,CC,AG,GG,TT,TT,GA,AA,TC,GG,AA,GG,GT,TT,TT,AA,CC,GG,GC,TT,CT,AA,CC,CC,CT,CT,GG,AA,AA,TT,GC,TT,AG,CC,AA,TT,TT,TG,TT,TT,AT,GG,GG,CC,AA,AA,GT,AA,TT,GG,CC,CC,AG,GG,GG,AA,CC,TT,CC,CC,0,0,AA,CC,GG,GG,CC,GG,CC,GG,AA,CC,GG,AA,CC,TT,GG,GG,CC
scat_marten,NA,NDunes_F08.sc,Nextseq510,MACA_P8,05M01,b,lane1-s468-index--AACGGTCTAT-CTATACGCGG-MACAP8_05M01_b_S468.assembled,214435,205648,95.9,99%,90,NA,GA,AA,CC,CC,TC,AG,GA,AA,GG,CC,CT,CC,AA,TC,CC,CC,CC,CC,AG,GG,TT,AA,AA,AA,GG,TT,TT,AA,TT,AA,AA,AA,AA,CC,AG,GG,TT,TT,GA,AA,TC,GG,AA,GG,GT,TT,TT,AA,CC,GG,GC,TT,CT,AA,CC,CC,CT,CT,GG,AA,AA,TT,GC,TT,AG,CC,AA,TT,TT,TG,TT,TT,AT,GG,GG,CC,AA,AA,GT,AA,TT,GG,CC,CC,AG,GG,GG,AA,CC,TT,CC,CC,0,0,AA,CC,GG,GG,CC,GG,CC,GG,AA,CC,GG,AA,CC,TT,GG,GG,CC
scat_marten,NA,NDunes_F08.sc,Nextseq510,MACA_P8,05M01,c,lane1-s476-index--GGATTATGGA-TCCGATAGAG-MACAP8_05M01_c_S476.assembled,209190,199209,95.23,100%,91,NA,GA,AA,CC,CC,TC,AG,GA,AA,GG,CC,CT,CC,AA,TC,CC,CC,CC,CC,AG,GG,TT,AA,AA,AA,GG,TT,TT,AA,TT,AA,AA,AA,AA,CC,AG,GG,TT,TT,GA,AA,TC,GG,AA,GG,GT,TT,TT,AA,CC,GG,GC,TT,CT,AA,CC,CC,CT,CT,GG,AA,AA,TT,GC,TT,AG,CC,AA,TT,TT,TG,TT,TT,AT,GG,GG,CC,AA,AA,GT,AA,TT,GG,CC,CC,AG,GG,GG,AA,CC,TT,CC,CC,0,0,AA,CC,GG,GG,CC,GG,CC,GG,AA,CC,GG,AA,CC,TT,GG,GG,CC
scat_marten,0,NDunes_F08.sc,,,05M01,,CONSENSUS,260429,249213,95.66,100%,91,0,GA,AA,CC,CC,TC,AG,GA,AA,GG,CC,CT,CC,AA,TC,CC,CC,CC,CC,AG,GG,TT,AA,AA,AA,GG,TT,TT,AA,TT,AA,AA,AA,AA,CC,AG,GG,TT,TT,GA,AA,TC,GG,AA,GG,GT,TT,TT,AA,CC,GG,GC,TT,CT,AA,CC,CC,CT,CT,GG,AA,AA,TT,GC,TT,AG,CC,AA,TT,TT,TG,TT,TT,AT,GG,GG,CC,AA,AA,GT,AA,TT,GG,CC,CC,AG,GG,GG,AA,CC,TT,CC,CC,0,0,AA,CC,GG,GG,CC,GG,CC,GG,AA,CC,GG,AA,CC,TT,GG,GG,CC
scat_marten,NA,NDunes_F08.sc,Nextseq510,MACA_P8,05M02,a,lane1-s461-index--GGTGAGTAAT-AACATCTAGT-MACAP8_05M02_a_S461.assembled,398664,381554,95.71,99%,90,NA,GA,AA,CC,CC,TC,AG,GA,AA,GG,CC,CT,CC,AA,TC,CC,CC,CC,CC,AG,GG,TT,AA,AA,AA,GG,TT,TT,AA,TT,AA,AA,AA,AA,CC,AG,GG,TT,TT,GA,AA,TC,GG,AA,GG,GT,TT,TT,AA,CC,GG,GC,TT,CT,AA,CC,CC,CT,CT,GG,AA,AA,TT,GC,TT,AG,CC,AA,TT,TT,TG,TT,TT,AT,GG,GG,CC,AA,AA,GT,AA,TT,GG,CC,CC,AG,GG,GG,AA,CC,TT,CC,CC,0,0,AA,CC,GG,GG,CC,GG,CC,GG,AA,CC,GG,AA,CC,TT,GG,GG,CC
scat_marten,NA,NDunes_F08.sc,Nextseq510,MACA_P8,05M02,b,lane1-s469-index--GTTGCGTTCA-GTTGCAGTTG-MACAP8_05M02_b_S469.assembled,548416,523305,95.42,100%,91,NA,GA,AA,CC,CC,TC,AG,GA,AA,GG,CC,CT,CC,AA,TC,CC,CC,CC,CC,AG,GG,TT,AA,AA,AA,GG,TT,TT,AA,TT,AA,AA,AA,AA,CC,AG,GG,TT,TT,GA,AA,TC,GG,AA,GG,GT,TT,TT,AA,CC,GG,GC,TT,CT,AA,CC,CC,CT,CT,GG,AA,AA,TT,GC,TT,AG,CC,AA,TT,TT,TG,TT,TT,AT,GG,GG,CC,AA,AA,GT,AA,TT,GG,CC,CC,AG,GG,GG,AA,CC,TT,CC,CC,0,0,AA,CC,GG,GG,CC,GG,CC,GG,AA,CC,GG,AA,CC,TT,GG,GG,CC
scat_marten,NA,NDunes_F08.sc,Nextseq510,MACA_P8,05M02,c,lane1-s477-index--TGGTTCTCAT-CTCAAGGCCG-MACAP8_05M02_c_S477.assembled,84963,80874,95.19,99%,90,NA,GA,AA,CC,CC,TC,AG,GA,AA,GG,CC,CT,CC,AA,TC,CC,CC,CC,CC,AG,GG,TT,AA,AA,AA,GG,TT,TT,AA,TT,AA,AA,AA,AA,CC,AG,GG,TT,TT,GA,AA,TC,GG,AA,GG,GT,TT,TT,AA,CC,GG,GC,TT,CT,AA,CC,CC,CT,CT,GG,AA,AA,TT,GC,TT,AG,CC,AA,TT,TT,TG,TT,TT,AT,GG,GG,CC,AA,AA,GT,AA,TT,GG,CC,CC,AG,GG,GG,AA,CC,TT,CC,CC,0,0,AA,CC,GG,GG,CC,GG,CC,GG,AA,CC,GG,AA,CC,TT,GG,GG,CC
scat_marten,0,NDunes_F08.sc,,,05M02,,CONSENSUS,344014,328578,95.44,99%,90,0,GA,AA,CC,CC,TC,AG,GA,AA,GG,CC,CT,CC,AA,TC,CC,CC,CC,CC,AG,GG,TT,AA,AA,AA,GG,TT,TT,AA,TT,AA,AA,AA,AA,CC,AG,GG,TT,TT,GA,AA,TC,GG,AA,GG,GT,TT,TT,AA,CC,GG,GC,TT,CT,AA,CC,CC,CT,CT,GG,AA,AA,TT,GC,TT,AG,CC,AA,TT,TT,TG,TT,TT,AT,GG,GG,CC,AA,AA,GT,AA,TT,GG,CC,CC,AG,GG,GG,AA,CC,TT,CC,CC,0,0,AA,CC,GG,GG,CC,GG,CC,GG,AA,CC,GG,AA,CC,TT,GG,GG,CC
scat_marten,NA,NA,Nextseq510,MACA_P8,JOSE02,a,lane1-s436-index--GCAACCAGTC-CACCGAGGAA-MACAP8_JOSE02_a_S436.assembled,1271951,365744,28.75,1%,1,NA,AA,0,0,0,0,0,0,0,0,0,0,0,NA,0,0,0,0,0,0,0,0,0,0,0,0,0,0,0,0,0,0,0,0,0,0,0,0,0,0,0,0,0,0,0,0,0,0,0,0,0,0,0,0,0,0,0,0,0,CC,0,0,0,0,0,0,0,0,0,0,0,0,0,0,0,0,0,AA,NA,0,0,0,0,0,0,0,0,0,0,0,0,0,0,0,0,0,0,0,0,0,CC,0,0,0,CC,0,0,0,0,0,0,0
scat_marten,NA,NA,Nextseq510,MACA_P8,JOSE02,b,lane1-s444-index--AACCAGCCAC-GCCACAGCAC-MACAP8_JOSE02_b_S444.assembled,1266235,359329,28.38,-1%,-1,NA,0,0,0,0,0,0,0,0,0,0,0,0,NA,0,0,0,0,0,0,0,0,0,0,0,0,0,0,0,0,0,0,0,0,0,0,0,0,0,0,0,0,0,0,0,0,0,0,0,0,0,0,0,0,0,0,0,0,0,CC,0,0,0,0,0,0,0,0,0,0,0,0,0,0,0,0,0,0,NA,0,0,0,0,0,0,0,0,0,0,0,0,0,0,0,0,0,0,0,0,0,CC,0,0,0,CC,0,0,0,0,0,0,0
scat_marten,NA,NA,Nextseq510,MACA_P8,JOSE02,c,lane1-s452-index--GATAGCCTTG-TACCACAATG-MACAP8_JOSE02_c_S452.assembled,1157666,317301,27.41,-1%,-1,NA,0,0,0,0,0,0,0,0,0,0,0,0,0,0,0,0,0,0,0,0,0,0,0,0,0,0,0,0,0,0,0,0,0,0,0,0,0,0,0,0,0,0,0,0,0,0,0,0,0,0,0,0,0,0,0,0,0,0,CC,0,0,0,0,0,0,0,0,0,0,0,0,0,0,0,0,0,0,0,0,0,0,0,0,0,0,0,0,0,0,0,0,0,0,GG,0,0,0,0,0,CC,0,0,0,CC,0,0,0,0,0,0,0
scat_marten,1,NA,,,JOSE02,,CONSENSUS,1231951,347458,28.18,0%,0,2,FALSE,0,0,0,0,0,0,0,0,0,0,0,0,0,0,0,0,0,0,0,0,0,0,0,0,0,0,0,0,0,0,0,0,0,0,0,0,0,0,0,0,0,0,0,0,0,0,0,0,0,0,0,0,0,0,0,0,0,CC,0,0,0,0,0,0,0,0,0,0,0,0,0,0,0,0,0,0,0,0,0,0,0,0,0,0,0,0,0,0,0,0,0,0,FALSE,0,0,0,0,0,CC,0,0,0,CC,0,0,0,0,0,0,0
scat_marten,NA,NA,Nextseq510,MACA_P8,JOSE20,a,lane1-s437-index--GAGCGACGAT-CGTATAATCA-MACAP8_JOSE20_a_S437.assembled,633006,326627,51.6,1%,1,NA,0,0,0,0,0,0,0,0,0,0,0,0,NA,0,0,0,0,0,0,0,0,0,0,0,0,0,0,0,0,0,0,0,0,0,0,0,0,0,0,0,0,0,0,0,0,0,0,0,0,0,0,0,0,0,0,0,0,0,CC,0,0,0,0,0,0,0,0,CC,0,0,0,0,0,0,0,0,AA,NA,0,0,0,0,0,0,0,0,0,0,0,0,0,0,0,0,0,0,0,0,0,0,0,0,0,0,0,0,0,0,0,0,0
scat_marten,NA,NA,Nextseq510,MACA_P8,JOSE20,b,lane1-s445-index--CTTAAGTCGA-CAGTAGTTGT-MACAP8_JOSE20_b_S445.assembled,1202186,468411,38.96,2%,2,NA,0,0,0,0,0,0,0,0,0,0,0,0,NA,0,0,0,0,0,0,0,0,0,0,0,AA,0,0,0,0,0,0,0,0,0,0,0,0,0,0,0,0,0,0,0,0,0,0,0,0,0,0,0,0,0,0,0,0,0,CC,0,0,0,0,0,0,0,0,CC,0,0,0,0,0,0,0,0,AA,NA,0,0,0,0,0,0,0,0,0,0,0,0,0,0,0,0,0,0,0,0,0,0,0,0,0,0,0,0,0,0,0,0,0
scat_marten,NA,NA,Nextseq510,MACA_P8,JOSE20,c,lane1-s453-index--CCTGGACGCA-TGGTATACCA-MACAP8_JOSE20_c_S453.assembled,1131790,385840,34.09,2%,2,NA,0,0,0,0,0,0,0,0,0,0,0,0,NA,0,0,0,0,0,0,0,0,0,0,0,AA,0,0,0,0,0,0,0,0,0,0,0,0,0,0,0,0,0,0,0,0,0,0,0,0,0,0,0,0,0,0,0,0,0,CC,0,0,0,0,0,0,0,0,CC,0,0,0,0,0,0,0,0,AA,NA,0,0,0,0,0,0,0,0,0,0,0,0,0,0,0,0,0,0,0,0,0,0,0,0,0,0,0,0,0,0,0,0,0
scat_marten,1,NA,,,JOSE20,,CONSENSUS,988994,393626,41.55,2%,2,2,0,0,0,0,0,0,0,0,0,0,0,0,0,0,0,0,0,0,0,0,0,0,0,0,AA,0,0,0,0,0,0,0,0,0,0,0,0,0,0,0,0,0,0,0,0,0,0,0,0,0,0,0,0,0,0,0,0,0,CC,0,0,0,0,0,0,0,0,CC,0,0,0,0,0,0,0,0,AA,0,0,0,0,0,0,0,0,0,0,0,0,0,0,0,0,0,0,0,0,0,0,0,0,0,0,0,0,0,0,0,0,0,0
scat_marten,NA,NA,Nextseq510,MACA_P8,JOSE23,a,lane1-s438-index--CGAACGCACC-ATGACAGAAC-MACAP8_JOSE23_a_S438.assembled,289956,499,0.17,1%,1,NA,0,0,0,0,0,0,0,0,0,0,0,0,NA,0,0,0,0,0,0,0,0,0,0,0,AA,0,0,0,0,0,0,0,0,0,0,0,0,0,0,0,0,0,0,0,0,0,0,0,0,0,0,0,0,0,0,0,0,0,CC,0,0,0,0,0,0,0,0,CC,0,0,0,0,0,0,0,0,0,NA,0,0,0,0,0,0,0,0,0,0,0,0,0,0,0,0,0,0,0,0,0,0,0,0,0,0,0,0,0,0,0,0,0
scat_marten,NA,NA,Nextseq510,MACA_P8,JOSE23,b,lane1-s446-index--GCCTAACGTG-AGCTCTCAAG-MACAP8_JOSE23_b_S446.assembled,278475,752,0.27,0%,0,NA,0,0,0,0,0,0,0,0,0,0,0,0,NA,0,0,0,0,0,0,0,0,0,0,0,0,0,0,0,0,0,0,0,0,0,0,0,0,0,0,0,0,0,0,0,0,0,0,0,0,0,0,0,0,0,0,0,0,0,CC,0,0,0,0,0,0,0,0,CC,0,0,0,0,0,0,0,0,0,NA,0,0,0,0,0,0,0,0,0,0,0,0,0,0,0,0,0,0,0,0,0,0,0,0,0,0,0,0,0,0,0,0,0
scat_marten,NA,NA,Nextseq510,MACA_P8,JOSE23,c,lane1-s454-index--TTACGCACCT-GCTCTCGTTG-MACAP8_JOSE23_c_S454.assembled,382792,66146,17.28,-1%,-1,NA,0,0,0,0,0,0,0,0,0,0,0,0,NA,0,0,0,0,0,0,0,0,0,0,0,0,0,0,0,0,0,0,0,0,0,0,0,0,0,0,0,0,0,0,0,0,0,0,0,0,0,0,0,0,0,0,0,0,0,0,0,0,0,0,0,0,0,0,0,0,0,0,0,0,0,0,0,AA,NA,0,0,0,0,0,0,0,0,0,0,0,0,0,0,0,0,0,0,0,0,0,0,0,0,0,0,0,0,0,0,0,0,0
scat_marten,1,NA,,,JOSE23,,CONSENSUS,317074,22466,5.91,0%,0,2,0,0,0,0,0,0,0,0,0,0,0,0,0,0,0,0,0,0,0,0,0,0,0,0,0,0,0,0,0,0,0,0,0,0,0,0,0,0,0,0,0,0,0,0,0,0,0,0,0,0,0,0,0,0,0,0,0,0,CC,0,0,0,0,0,0,0,0,FALSE,0,0,0,0,0,0,0,0,0,0,0,0,0,0,0,0,0,0,0,0,0,0,0,0,0,0,0,0,0,0,0,0,0,0,0,0,0,0,0,0,0,0,0
scat_marten,NA,NA,Nextseq510,MACA_P8,JOSE26,a,lane1-s439-index--TCTTACGCCG-ATTCATTGCA-MACAP8_JOSE26_a_S439.assembled,1072417,293063,27.33,3%,3,NA,0,0,0,0,0,0,0,0,0,0,0,0,NA,0,0,0,0,0,0,0,0,0,0,0,AA,0,0,0,0,0,0,0,0,0,0,0,0,0,0,0,0,0,0,0,0,0,0,0,0,GG,0,0,0,0,0,0,0,0,CC,0,0,0,0,0,0,0,0,CC,0,0,0,0,0,0,0,0,AA,NA,0,0,0,0,0,0,0,0,0,0,0,0,0,0,0,0,0,0,0,0,0,0,0,0,0,0,0,0,0,0,GG,0,0
scat_marten,NA,NA,Nextseq510,MACA_P8,JOSE26,b,lane1-s447-index--ACTTACTTCA-TCTGGAATTA-MACAP8_JOSE26_b_S447.assembled,962994,380809,39.54,3%,3,NA,0,0,0,0,0,0,0,0,0,0,0,0,NA,0,0,0,0,0,0,0,0,0,0,0,AA,0,0,0,0,0,0,0,0,0,0,0,0,0,0,0,0,0,0,0,0,0,0,0,0,GG,0,0,0,0,0,0,0,0,CC,0,0,0,0,0,0,0,0,CC,0,0,0,0,0,0,0,0,AA,NA,0,0,0,0,0,0,0,0,0,0,0,0,0,0,0,0,0,0,0,0,0,0,0,0,0,0,0,0,0,0,GG,0,0
scat_marten,NA,NA,Nextseq510,MACA_P8,JOSE26,c,lane1-s455-index--TCGTTGCTGC-GTCTCGTGAA-MACAP8_JOSE26_c_S455.assembled,976783,291388,29.83,4%,4,NA,0,0,0,0,0,0,0,0,0,0,0,0,NA,0,CC,0,0,0,0,AA,0,0,0,0,0,0,0,0,0,0,0,0,0,0,0,0,0,0,0,0,0,0,0,0,0,0,0,0,0,GG,0,0,0,0,0,0,0,0,CC,0,0,0,0,0,0,0,0,CC,0,0,0,0,0,0,0,0,AA,NA,0,0,0,0,0,0,0,0,0,0,0,0,0,0,0,0,0,0,0,0,0,0,0,0,0,0,0,0,0,0,GG,0,0
scat_marten,1,NA,,,JOSE26,,CONSENSUS,1004065,321753,32.23,5%,5,5,0,0,0,0,0,0,0,0,0,0,0,0,0,0,FALSE,0,0,0,0,FALSE,0,0,0,0,FALSE,0,0,0,0,0,0,0,0,0,0,0,0,0,0,0,0,0,0,0,0,0,0,0,0,GG,0,0,0,0,0,0,0,0,CC,0,0,0,0,0,0,0,0,CC,0,0,0,0,0,0,0,0,AA,0,0,0,0,0,0,0,0,0,0,0,0,0,0,0,0,0,0,0,0,0,0,0,0,0,0,0,0,0,0,0,GG,0,0
scat_marten,NA,NA,Nextseq510,MACA_P8,JOSE27,a,lane1-s440-index--AGCTGATGTC-TCATGTCCTG-MACAP8_JOSE27_a_S440.assembled,433705,266193,61.38,-1%,-1,NA,0,0,0,0,0,0,0,0,0,0,0,0,NA,0,0,0,0,0,0,0,0,0,0,0,0,0,0,0,0,0,0,0,0,0,0,0,0,0,0,0,0,0,0,0,0,0,0,0,0,0,0,0,0,0,0,0,0,0,CC,0,0,0,0,0,0,0,0,0,0,0,0,0,0,0,0,0,0,NA,0,0,0,0,0,0,0,0,0,0,0,0,0,0,0,0,0,0,0,0,0,CC,0,0,0,CC,0,0,0,0,0,0,0
scat_marten,NA,NA,Nextseq510,MACA_P8,JOSE27,b,lane1-s448-index--CGCATTCCGT-ATTAGTGGAG-MACAP8_JOSE27_b_S448.assembled,532066,253985,47.74,-1%,-1,NA,0,0,0,0,0,0,0,0,0,0,0,0,NA,0,0,0,0,0,0,0,0,0,0,0,0,0,0,0,0,0,0,0,0,0,0,0,0,0,0,0,0,0,0,0,0,0,0,0,0,0,0,0,0,0,0,0,0,0,CC,0,0,0,0,0,0,0,0,0,0,0,0,0,0,0,0,0,0,NA,0,0,0,0,0,0,0,0,0,0,0,0,0,0,0,0,0,0,0,0,0,GC,0,0,0,CC,0,0,0,0,0,0,0
scat_marten,NA,NA,Nextseq510,MACA_P8,JOSE27,c,lane1-s456-index--CGACAAGGAT-AAGGCCACCT-MACAP8_JOSE27_c_S456.assembled,877442,338307,38.56,0%,0,NA,0,0,TT,0,0,0,0,0,0,0,0,0,0,0,0,0,0,0,0,0,0,0,0,0,0,0,0,0,0,0,0,0,0,0,0,0,0,0,0,0,0,0,0,0,0,0,0,0,0,0,0,0,0,0,0,0,0,0,CC,0,0,0,0,0,0,0,0,0,0,0,0,0,0,0,0,0,0,0,0,0,0,0,0,0,0,0,0,0,0,0,0,0,0,0,0,0,0,0,0,CC,0,0,0,CC,0,0,0,0,0,0,0
scat_marten,1,NA,,,JOSE27,,CONSENSUS,614404,286162,49.23,0%,0,1,0,0,FALSE,0,0,0,0,0,0,0,0,0,0,0,0,0,0,0,0,0,0,0,0,0,0,0,0,0,0,0,0,0,0,0,0,0,0,0,0,0,0,0,0,0,0,0,0,0,0,0,0,0,0,0,0,0,0,0,CC,0,0,0,0,0,0,0,0,0,0,0,0,0,0,0,0,0,0,0,0,0,0,0,0,0,0,0,0,0,0,0,0,0,0,0,0,0,0,0,0,NA,0,0,0,CC,0,0,0,0,0,0,0
known_scat,NA,SOreg_M17.tr,Nextseq510,MACA_P8,MACA35,a,lane1-s385-index--GAACAATTCC-TAGAGTTGGA-MACAP8_MACA35_a_S385.assembled,191108,186286,97.48,99%,90,NA,GA,AC,CT,CC,TT,AG,GA,AA,GG,CT,CC,TT,GG,TC,CC,TC,CC,CC,AG,AA,CC,CA,AA,GG,GG,TT,TC,AA,CC,AA,AA,GG,GA,CC,AG,AA,CT,CC,AA,AA,TC,GG,GG,AG,GT,CC,TT,AG,CT,GG,GG,TT,TT,GG,CT,CC,CT,CC,CC,GA,CA,TT,GG,TT,AA,CG,GA,CT,TT,TT,TT,GG,AT,GA,GA,CC,GA,GA,GG,GG,TT,AA,CG,CC,AG,GG,GG,GA,AA,TT,CC,CT,GG,GG,AG,CT,GG,GA,CC,GG,TC,GA,GA,CC,GG,AA,CC,TT,GG,GG,CG
known_scat,NA,SOreg_M17.tr,Nextseq510,MACA_P8,MACA35,b,lane1-s393-index--GAAGACTAGA-ACTAGAACTT-MACAP8_MACA35_b_S393.assembled,198381,192730,97.15,98%,89,NA,GA,AC,CT,CC,TT,AG,GA,AA,GG,CT,CC,TT,GG,TC,CC,TC,CC,CC,AG,AA,CC,CA,AA,GG,GG,TT,TC,AA,CC,AA,AA,GG,GA,CC,0,AA,CT,CC,AA,AA,TC,GG,GG,AG,GT,CC,TT,AG,CT,GG,GG,TT,TT,GG,CT,CC,CT,CC,CC,GA,CA,TT,GG,TT,AA,CG,GA,CT,TT,TT,TT,GG,AT,GA,GA,CC,GA,GA,GG,GG,TT,AA,CG,CC,AG,GG,GG,GA,AA,TT,CC,CT,GG,GG,AG,CT,GG,GA,CC,GG,TC,GA,GA,CC,GG,AA,CC,TT,GG,GG,CG
known_scat,NA,SOreg_M17.tr,Nextseq510,MACA_P8,MACA35,c,lane1-s401-index--ATACATCACA-TCTCCATTGA-MACAP8_MACA35_c_S401.assembled,155353,151606,97.59,100%,91,NA,GA,AC,CT,CC,TT,AG,GA,AA,GG,CT,CC,TT,GG,TC,CC,TC,CC,CC,AG,AA,CC,CA,AA,GG,GG,TT,TC,AA,CC,AA,AA,GG,GA,CC,AG,AA,CT,CC,AA,AA,TC,GG,GG,AG,GT,CC,TT,AG,CT,GG,GG,TT,TT,GG,CT,CC,CT,CC,CC,GA,CA,TT,GG,TT,AA,CG,GA,CT,TT,TT,TT,GG,AT,GA,GA,CC,GA,GA,GG,GG,TT,AA,CG,CC,AG,GG,GG,GA,AA,TT,CC,CT,0,GG,AG,CT,GG,GA,CC,GG,TC,GA,GA,CC,GG,AA,CC,TT,GG,GG,CG
known_scat,0,SOreg_M17.tr,,,MACA35,,CONSENSUS,181614,176874,97.41,99%,90,0,GA,AC,CT,CC,TT,AG,GA,AA,GG,CT,CC,TT,GG,TC,CC,TC,CC,CC,AG,AA,CC,CA,AA,GG,GG,TT,TC,AA,CC,AA,AA,GG,GA,CC,AG,AA,CT,CC,AA,AA,TC,GG,GG,AG,GT,CC,TT,AG,CT,GG,GG,TT,TT,GG,CT,CC,CT,CC,CC,GA,CA,TT,GG,TT,AA,CG,GA,CT,TT,TT,TT,GG,AT,GA,GA,CC,GA,GA,GG,GG,TT,AA,CG,CC,AG,GG,GG,GA,AA,TT,CC,CT,GG,GG,AG,CT,GG,GA,CC,GG,TC,GA,GA,CC,GG,AA,CC,TT,GG,GG,CG
known_scat,NA,SOreg_M17.tr,Nextseq510,MACA_P8,MACA36,a,lane1-s386-index--TGTGGTCCGG-AGAGCACTAG-MACAP8_MACA36_a_S386.assembled,266069,257046,96.61,99%,90,NA,GA,AC,CC,CC,TT,AG,GA,AA,GG,CC,CC,TT,GG,TC,CC,TC,CC,CC,AG,AA,CC,CA,AA,GG,GG,TT,TC,AA,CC,AA,AA,GG,GA,CC,AG,AA,CT,CC,AA,AA,TC,GG,GG,AA,GT,CC,TT,AG,0,GG,GG,TT,TT,GG,CT,CC,CT,CC,CC,GA,CA,TT,GG,TT,AA,CG,GA,CT,TT,TT,TT,GG,AT,GA,GA,CC,AA,AA,GG,GG,TT,AA,GG,CC,AG,GG,GG,GA,AA,TT,CC,CT,GG,GG,AG,CT,GG,GA,CC,GG,TT,0,GA,CC,GG,AA,CC,TT,GG,GG,CG
known_scat,NA,SOreg_M17.tr,Nextseq510,MACA_P8,MACA36,b,lane1-s394-index--AGGAGTCGAG-TTAGGCTTAC-MACAP8_MACA36_b_S394.assembled,354535,344369,97.13,96%,87,NA,GA,AC,CT,CC,TT,AG,GA,AA,GG,CC,CC,TT,GG,TC,CC,TC,CC,CC,AG,AA,CC,0,AA,GG,GG,TT,TC,AA,CC,AA,AA,GG,GA,CC,AG,AA,CT,CC,AA,AA,TC,GG,GG,AG,GT,CC,TT,GG,CT,GG,GG,TT,TT,GG,0,CC,CT,CC,CC,GA,CA,TT,GG,TT,AA,CG,GA,0,TT,TT,TT,GG,AT,GA,GA,CC,AA,AA,GG,GG,TT,AA,0,CC,AG,GG,GG,GA,AA,TT,CC,CT,0,GG,AG,CT,GG,AA,CC,GG,TC,GA,GA,CC,GG,AA,CC,TT,GG,GG,CG
known_scat,NA,SOreg_M17.tr,Nextseq510,MACA_P8,MACA36,c,lane1-s402-index--TAGGTATGTT-CGAGACCAAG-MACAP8_MACA36_c_S402.assembled,205858,200144,97.22,96%,87,NA,GA,AC,CC,CC,TT,AG,GA,AA,GG,CT,CC,TT,GG,TC,CC,CC,CC,CC,AG,AA,CC,CA,AA,GG,GG,TT,TC,AA,CC,AA,AA,GG,GA,CC,AG,AA,CT,CC,AA,AA,0,GG,GG,AG,GT,CC,TT,AG,CT,GG,GG,TT,TT,GG,CT,CC,CT,CC,CC,GA,CA,TT,GG,TT,AA,CG,GA,CT,TT,TT,TT,GG,AT,GA,GA,CC,0,0,GG,GG,TT,AA,CG,CC,AG,GG,GG,GA,AA,TT,CC,CT,GG,GG,AG,CT,GG,GA,CC,GG,TC,GA,GA,CC,GG,AA,CC,TT,GG,GG,CG
known_scat,0,SOreg_M17.tr,,,MACA36,,CONSENSUS,275487,267186,96.99,97%,88,0,GA,AC,NA,CC,TT,AG,GA,AA,GG,NA,CC,TT,GG,TC,CC,TC,CC,CC,AG,AA,CC,CA,AA,GG,GG,TT,TC,AA,CC,AA,AA,GG,GA,CC,AG,AA,CT,CC,AA,AA,TC,GG,GG,AG,GT,CC,TT,AG,CT,GG,GG,TT,TT,GG,CT,CC,CT,CC,CC,GA,CA,TT,GG,TT,AA,CG,GA,CT,TT,TT,TT,GG,AT,GA,GA,CC,AA,AA,GG,GG,TT,AA,NA,CC,AG,GG,GG,GA,AA,TT,CC,CT,GG,GG,AG,CT,GG,GA,CC,GG,TC,GA,GA,CC,GG,AA,CC,TT,GG,GG,CG
known_scat,NA,SOreg_M18.tr,Nextseq510,MACA_P8,MACA37,a,lane1-s387-index--CTTCTAAGTC-ACTCTACAGG-MACAP8_MACA37_a_S387.assembled,630251,614559,97.51,78%,71,NA,GG,0,CC,CC,0,GG,0,AA,GG,CC,CC,TT,GG,TT,CC,0,0,CC,0,AA,0,AA,AA,GG,0,TT,CC,0,CC,AT,AA,GG,0,CC,0,AA,TT,CC,GG,GA,CC,GG,GG,0,GG,0,TT,AA,CC,GG,GG,TT,TT,GG,CC,TT,CC,TT,0,AA,CC,TT,GG,0,AA,CC,GA,0,TT,GG,TT,GT,AA,GG,AA,CC,0,0,GG,GG,0,AA,CC,0,GG,GG,GG,GG,AA,TC,CC,CC,0,GG,AA,CC,GG,GG,CC,0,0,GG,GG,CC,GG,AA,0,0,GG,GG,CC
known_scat,NA,SOreg_M18.tr,Nextseq510,MACA_P8,MACA37,b,lane1-s395-index--TTCACTCACT-TATCATGAGA-MACAP8_MACA37_b_S395.assembled,569763,548991,96.35,70%,64,NA,GG,0,0,CC,TT,GG,AA,AA,GG,CC,0,TT,GG,TC,CC,TC,CT,NA,AA,AA,CC,AA,0,GG,NA,TT,CC,GA,CC,AA,NA,GG,0,NA,0,AA,TT,CC,GG,NA,0,0,NA,AA,GG,CC,TT,AA,0,NA,GG,TT,NA,GG,NA,NA,CC,TT,NA,GG,AA,TT,GC,TT,AA,NA,0,CC,TT,TG,TT,GG,AA,GA,GA,CC,NA,AA,GT,NA,TT,AA,CC,NA,GG,NA,GG,GG,AA,CC,CC,CC,GG,GG,AA,CC,GG,GG,0,0,TT,0,GG,CC,NA,AA,0,0,GG,GG,CC
known_scat,NA,SOreg_M18.tr,Nextseq510,MACA_P8,MACA37,c,lane1-s403-index--CACCTAGCAC-TGCTGGACAT-MACAP8_MACA37_c_S403.assembled,870466,849751,97.62,82%,75,NA,GG,0,CC,CC,TT,GG,GG,AA,GG,0,CC,0,GG,TC,CC,0,0,CC,GG,AA,CC,0,AA,GG,0,TT,0,AA,CC,AT,AA,0,AA,CC,GG,AA,TT,CC,GG,GA,CC,AA,GG,AA,GG,CC,TT,AA,CC,GG,0,TT,CT,GG,CC,CC,CC,TT,GG,0,0,TT,GC,TT,AA,CC,GA,CC,TT,TG,TT,TT,AA,GA,GA,CC,0,0,GG,GG,TT,AA,0,CC,GG,GG,GG,0,AA,CC,CC,CC,GG,GG,0,CC,GG,GG,CC,GG,TT,GG,0,CC,GG,AA,CC,TT,GG,GG,CC
known_scat,NA,SOreg_M18.tr,Nextseq552,MACA_P13,MACA37,a,lane1-s001-index--TGCCGGTCAG-TAGAGTTGGA-M13_MACA37_a_S1.assembled,107529,103076,95.86,82%,75,0,0,CC,0,CC,TT,GG,AA,AA,GG,CC,CC,TT,GG,TC,CC,TC,CC,CC,0,AA,TT,CA,AA,GG,GG,0,CC,AA,CC,0,AA,GG,AA,CC,0,AA,,CC,GG,GA,CC,0,GG,AA,GG,CC,0,AA,CT,GT,GG,TT,CT,GA,CC,TT,CC,TT,GG,GA,CA,TT,GC,TT,AA,CC,GA,0,0,GG,0,0,AA,AA,AA,CC,0,0,GT,GG,TT,0,CC,CC,GG,GG,GG,GG,AA,TC,CC,CC,0,GG,AG,CC,GG,0,CC,GG,TT,GA,GG,CC,GG,AA,CC,TT,GG,GG,CC
known_scat,NA,SOreg_M18.tr,Nextseq552,MACA_P13,MACA37,b,lane1-s009-index--CAGCAATCGT-ACTAGAACTT-M13_MACA37_b_S9.assembled,235349,224968,95.59,80%,73,0,GG,0,0,CC,TT,GG,AA,AA,GG,CC,CC,TT,GG,TC,CC,TT,TT,CC,0,AA,CC,0,0,GG,GG,0,CC,0,CC,TT,AA,GG,AA,CC,AA,0,,CC,GG,GG,CC,AA,GG,AA,GG,CC,TT,AA,CC,TT,GG,0,0,GA,CC,0,CC,TT,0,0,CC,TT,GC,TT,AA,CC,AA,CC,0,TG,TT,TT,AA,AA,GG,0,AA,0,TT,GG,TT,AA,CC,CC,GG,GG,GG,GG,AA,TC,CC,CC,0,GG,0,CC,GG,0,CC,0,TT,GG,GG,CC,GG,AA,CC,TT,GG,0,CC
known_scat,NA,SOreg_M18.tr,Nextseq552,MACA_P13,MACA37,c,lane1-s017-index--GAATTACAAG-TCTCCATTGA-M13_MACA37_c_S17.assembled,662416,637281,96.21,81%,74,0,GG,0,CC,CC,TT,GG,AA,AA,0,CC,CC,TT,GG,TC,CC,0,CC,CC,0,AA,CC,AA,AA,0,GG,0,CC,GA,CC,TT,AA,0,GG,CC,0,AA,,CC,GG,GA,CC,GA,0,AA,GG,CC,TT,0,CC,GT,GG,TT,CT,GG,CC,CT,CC,TT,GG,GG,CA,TT,GG,TT,AA,CC,AA,CC,0,TG,TT,TT,AA,GG,GG,CC,0,0,TT,0,TT,AA,0,CC,GG,GG,GG,GG,AA,TC,CC,CC,0,GG,AA,CC,GG,0,CC,GG,TT,GG,GG,CC,GG,AA,CC,TT,GG,GG,CC
known_scat,0,SOreg_M18.tr,Nextseq510 / Nextseq552,MACA_P8 / MACA_P13,MACA37,6,CONSENSUS,690160,671100,97.16,87%,79,0,GG,0,CC,CC,TT,GG,NA,AA,GG,CC,CC,TT,NA,TC,CC,TC,CT,CC,NA,AA,NA,NA,AA,GG,GG,TT,CC,GA,CC,AT,AA,GG,NA,CC,NA,AA,TT,CC,GG,GA,CC,NA,GG,AA,GG,CC,TT,AA,NA,GT,GG,TT,CT,GA,CC,CT,CC,TT,GG,GA,CA,TT,GC,TT,AA,CC,GA,CC,TT,TG,TT,GT,AA,GA,GA,CC,0,NA,GT,GG,TT,AA,CC,CC,GG,GG,GG,GG,AA,TC,CC,CC,GG* (2 REPS),GG,NA,CC,GG,GG,CC,GG,TT,NA,NA,CC,GG,AA,CC,TT,NA,GG,CC
known_scat,NA,SOreg_M18.tr,Nextseq510,MACA_P8,MACA38,a,lane1-s388-index--AATATTGCCA-CGGTGACACC-MACAP8_MACA38_a_S388.assembled,91872,88908,96.77,98%,89,NA,GG,CC,CT,CC,TT,GG,GA,AA,GG,CC,CC,TT,GG,TC,CC,TC,CT,CC,AG,AA,CC,CA,AA,GG,GG,TT,CC,GA,CC,AT,AA,GG,GA,CC,AG,AA,TT,CC,GG,GA,CC,GA,GG,AA,GG,CC,TT,AA,CT,GT,GG,TT,CT,GA,CC,CT,CC,TT,GG,GA,CA,TT,GC,TT,AA,CC,GA,CC,TT,TG,TT,GT,AA,GA,GA,CC,AA,AA,GT,GG,0,AA,CC,CC,GG,GG,GG,GG,AA,TC,CC,CC,GG,GG,AG,CC,GG,GG,CC,GG,TT,GA,GG,CC,GG,AA,CC,TT,GG,GG,CC
known_scat,NA,SOreg_M18.tr,Nextseq510,MACA_P8,MACA38,b,lane1-s396-index--GGTCCGCTTC-CTCACACAAG-MACAP8_MACA38_b_S396.assembled,287477,278996,97.05,99%,90,NA,GG,CC,CT,CC,TT,GG,GA,AA,GG,CC,CC,TT,GG,TC,CC,TC,CT,CC,AG,AA,CC,CA,AA,GG,GG,TT,CC,GA,CC,AT,AA,GG,GA,CC,AG,AA,TT,CC,GG,GA,CC,GA,GG,AA,GG,CC,TT,AA,CT,GT,GG,TT,CT,GA,CC,CT,CC,TT,GG,GA,CA,TT,GC,TT,AA,CC,GA,CC,TT,TG,TT,GT,AA,GA,GA,CC,AA,AA,GT,GG,TT,AA,CC,CC,GG,GG,GG,GG,AA,TC,CC,CC,GG,GG,AG,CC,GG,GG,CC,GG,TT,GA,GG,CC,GG,AA,CC,TT,GG,GG,CC
known_scat,NA,SOreg_M18.tr,Nextseq510,MACA_P8,MACA38,c,lane1-s404-index--TTCAAGTATG-GATGGTATCG-MACAP8_MACA38_c_S404.assembled,27666,26777,96.79,93%,85,NA,GG,CC,CT,CC,TT,GG,GA,AA,GG,0,CC,TT,GG,TC,CC,0,CT,CC,AG,AA,CC,CA,AA,GG,GG,TT,CC,GA,CC,AT,AA,GG,GA,CC,AG,AA,TT,CC,GG,GA,CC,GA,GG,AA,GG,CC,TT,0,CT,GT,GG,TT,CT,GA,CC,CT,CC,TT,GG,GA,CA,TT,GC,TT,AA,CC,GA,CC,TT,TG,TT,GT,AA,GA,GA,CC,AA,AA,0,GG,0,AA,CC,CC,GG,GG,GG,GG,AA,TC,CC,CC,0,GG,AG,CC,GG,0,CC,GG,TT,GA,GG,CC,GG,AA,CC,TT,GG,GG,CC
known_scat,0,SOreg_M18.tr,,,MACA38,,CONSENSUS,135672,131560,96.87,98%,89,0,GG,CC,CT,CC,TT,GG,GA,AA,GG,CC,CC,TT,GG,TC,CC,TC,CT,CC,AG,AA,CC,CA,AA,GG,GG,TT,CC,GA,CC,AT,AA,GG,GA,CC,AG,AA,TT,CC,GG,GA,CC,GA,GG,AA,GG,CC,TT,AA,CT,GT,GG,TT,CT,GA,CC,CT,CC,TT,GG,GA,CA,TT,GC,TT,AA,CC,GA,CC,TT,TG,TT,GT,AA,GA,GA,CC,AA,AA,GT,GG,0,AA,CC,CC,GG,GG,GG,GG,AA,TC,CC,CC,GG,GG,AG,CC,GG,GG,CC,GG,TT,GA,GG,CC,GG,AA,CC,TT,GG,GG,CC
known_scat,NA,SOreg_F11.tr,Nextseq510,MACA_P8,MACA39,a,lane1-s389-index--TCGTGCATTC-GCGTTGGTAT-MACAP8_MACA39_a_S389.assembled,240179,234162,97.49,98%,89,NA,AA,AC,TT,CC,TT,AG,GA,TT,GG,CT,CC,TC,GG,TC,CC,TT,TT,CC,AG,AA,CC,CA,CA,AA,GG,TT,TC,AA,CC,AA,AA,GG,AA,CC,AG,AG,CC,CC,AA,GG,CC,GA,AA,AG,GG,CC,TT,AA,CT,GT,GG,TT,TT,GG,CT,CT,CC,CT,CC,GG,CA,TC,GC,TC,AA,CG,GA,CT,TT,TT,TA,GG,AT,GA,GG,CC,0,GA,GG,GG,TG,AA,CG,CC,AG,GG,GG,GA,AC,TT,CC,CT,0,0,AG,CT,GG,GG,CC,GG,TC,GA,GA,CC,GG,AA,CC,TT,GG,GG,CG
known_scat,NA,SOreg_F11.tr,Nextseq510,MACA_P8,MACA39,b,lane1-s397-index--CAACGAGAGC-GAATTGAGTG-MACAP8_MACA39_b_S397.assembled,340775,332507,97.57,100%,91,NA,AA,AC,TT,CC,TT,AG,GA,TT,GG,CT,CC,TC,GG,TC,CC,TT,TT,CC,AG,AA,CC,CA,CA,AA,GG,TT,TC,AA,CC,AA,AA,GG,AA,CC,AG,AG,CC,CC,AA,GG,CC,GA,AA,AG,GG,CC,TT,AA,CT,GT,GG,TT,TT,GG,CT,CT,CC,CT,CC,GG,CA,TC,GC,TC,AA,CG,GA,CT,TT,TT,TA,GG,AT,GA,GG,CC,AA,GA,GG,GG,TG,AA,CG,CC,AG,GG,GG,GA,AC,TT,CC,CT,0,0,AG,CT,GG,GG,CC,GG,TC,GA,GA,CC,GG,AA,CC,TT,GG,GG,CG
known_scat,NA,SOreg_F11.tr,Nextseq510,MACA_P8,MACA39,c,lane1-s405-index--TTAAGACAAG-GGCTTAATTG-MACAP8_MACA39_c_S405.assembled,132479,128693,97.14,99%,90,NA,AA,AC,TT,CC,TT,AG,GA,TT,GG,CT,CC,TC,GG,TC,CC,TT,TT,CC,AG,AA,CC,CA,CA,AA,GG,TT,TC,AA,CC,AA,AA,GG,AA,CC,AG,AG,CC,CC,AA,GG,CC,GA,AA,AG,GG,CC,TT,AA,CT,GT,GG,TT,TT,GG,CT,CT,CC,CT,CC,GG,CA,TC,GC,TC,AA,CG,GA,CT,TT,TT,TA,GG,AT,GA,GG,CC,AA,GA,GG,GG,TG,AA,CG,CC,AG,GG,GG,GA,AC,TT,CC,CT,0,0,AG,CT,GG,GG,CC,GG,TC,GA,GA,CC,GG,AA,CC,TT,GG,GG,CG
known_scat,0,SOreg_F11.tr,,,MACA39,,CONSENSUS,237811,231787,97.4,99%,90,0,AA,AC,TT,CC,TT,AG,GA,TT,GG,CT,CC,TC,GG,TC,CC,TT,TT,CC,AG,AA,CC,CA,CA,AA,GG,TT,TC,AA,CC,AA,AA,GG,AA,CC,AG,AG,CC,CC,AA,GG,CC,GA,AA,AG,GG,CC,TT,AA,CT,GT,GG,TT,TT,GG,CT,CT,CC,CT,CC,GG,CA,TC,GC,TC,AA,CG,GA,CT,TT,TT,TA,GG,AT,GA,GG,CC,AA,GA,GG,GG,TG,AA,CG,CC,AG,GG,GG,GA,AC,TT,CC,CT,0,0,AG,CT,GG,GG,CC,GG,TC,GA,GA,CC,GG,AA,CC,TT,GG,GG,CG
known_scat,NA,SOreg_M17.tr,Nextseq510,MACA_P8,MACA40,a,lane1-s390-index--AAGATACACG-TGTGCTAACA-MACAP8_MACA40_a_S390.assembled,299524,291159,97.21,99%,90,NA,GA,AC,CT,CC,TT,AG,GA,AA,GG,CT,CC,TT,GG,TC,CC,TC,CC,CC,AG,AA,CC,CA,AA,GG,GG,TT,TC,AA,CC,AA,AA,GG,GA,CC,AG,AA,CT,CC,AA,AA,TC,GG,GG,AG,GT,CC,TT,AG,CT,GG,GG,TT,TT,GG,CT,CC,CT,CC,CC,GA,CA,TT,GG,TT,AA,CG,GA,CT,TT,TT,TT,GG,AT,GA,GA,CC,GA,GA,GG,GG,TT,AA,CG,CC,AG,GG,GG,GA,AA,TT,CC,CT,GG,GG,AG,CT,GG,GA,CC,GG,TC,GA,GA,CC,GG,AA,CC,TT,GG,GG,CG
known_scat,NA,SOreg_M17.tr,Nextseq510,MACA_P8,MACA40,b,lane1-s398-index--ATTGAGGTCC-CGGATTATAT-MACAP8_MACA40_b_S398.assembled,161594,156944,97.12,98%,89,NA,GA,AC,CT,CC,TT,AG,GA,AA,GG,0,CC,TT,GG,TC,CC,TC,CC,CC,AG,AA,CC,CA,AA,GG,GG,TT,TC,AA,CC,AA,AA,GG,GA,CC,AG,AA,CT,CC,AA,AA,TC,GG,GG,AG,GT,CC,TT,AG,CT,GG,GG,TT,TT,GG,CT,CC,CT,CC,CC,GA,CA,TT,GG,TT,AA,CG,GA,CT,TT,TT,TT,GG,AT,GA,GA,CC,GA,GA,GG,GG,TT,AA,CG,CC,AG,GG,GG,GA,AA,TT,CC,CT,GG,GG,AG,CT,GG,GA,CC,GG,TC,GA,GA,CC,GG,AA,CC,TT,GG,GG,CG
known_scat,NA,SOreg_M17.tr,Nextseq510,MACA_P8,MACA40,c,lane1-s406-index--CACCTCTCTT-CTCGACTCCT-MACAP8_MACA40_c_S406.assembled,168147,163613,97.3,99%,90,NA,GA,AC,CT,CC,TT,AG,GA,AA,GG,CT,CC,TT,GG,TC,CC,TC,CC,CC,AG,AA,CC,CA,AA,GG,GG,TT,TC,AA,CC,AA,AA,GG,GA,CC,AG,AA,CT,CC,AA,AA,TC,GG,GG,AG,GT,CC,TT,AG,CT,GG,GG,TT,TT,GG,CT,CC,CT,CC,CC,GA,CA,TT,GG,TT,AA,CG,GA,CT,TT,TT,TT,GG,AT,GA,GA,CC,GA,GA,GG,GG,TT,AA,CG,CC,AG,GG,GG,GA,AA,TT,CC,CT,0,GG,AG,CT,GG,GA,CC,GG,TC,GA,GA,CC,GG,AA,CC,TT,GG,GG,CG
known_scat,0,SOreg_M17.tr,,,MACA40,,CONSENSUS,209755,203905,97.21,99%,90,0,GA,AC,CT,CC,TT,AG,GA,AA,GG,CT,CC,TT,GG,TC,CC,TC,CC,CC,AG,AA,CC,CA,AA,GG,GG,TT,TC,AA,CC,AA,AA,GG,GA,CC,AG,AA,CT,CC,AA,AA,TC,GG,GG,AG,GT,CC,TT,AG,CT,GG,GG,TT,TT,GG,CT,CC,CT,CC,CC,GA,CA,TT,GG,TT,AA,CG,GA,CT,TT,TT,TT,GG,AT,GA,GA,CC,GA,GA,GG,GG,TT,AA,CG,CC,AG,GG,GG,GA,AA,TT,CC,CT,GG,GG,AG,CT,GG,GA,CC,GG,TC,GA,GA,CC,GG,AA,CC,TT,GG,GG,CG
known_scat,NA,SOreg_M17.tr,Nextseq510,MACA_P8,MACA41,a,lane1-s391-index--TGCAATGAAT-CCAGAAGTAA-MACAP8_MACA41_a_S391.assembled,43487,42163,96.96,97%,88,NA,GA,AC,CT,CC,TT,AG,GA,AA,GG,0,CC,TT,GG,TC,CC,TC,CC,CC,AG,AA,CC,CA,AA,GG,GG,TT,TC,AA,CC,AA,AA,GG,GA,CC,AG,AA,CT,CC,AA,AA,TC,GG,GG,AG,GT,CC,TT,AG,CT,GG,GG,TT,TT,GG,CT,CC,CT,CC,CC,GA,CA,TT,GG,TT,AA,CG,GA,CT,TT,TT,TT,GG,AT,GA,GA,CC,AA,GA,GG,GG,TT,AA,CG,CC,AG,GG,GG,GA,0,TT,CC,CT,0,GG,AG,CT,GG,GA,CC,GG,TC,GA,GA,CC,GG,AA,CC,TT,GG,GG,CG
known_scat,NA,SOreg_M17.tr,Nextseq510,MACA_P8,MACA41,b,lane1-s399-index--GGAGAGACTC-TTGAAGCAGA-MACAP8_MACA41_b_S399.assembled,307020,296512,96.58,99%,90,NA,GA,AC,CT,CC,TT,AG,GA,AA,GG,CT,CC,TT,GG,TC,CC,TC,CC,CC,AG,AA,CC,CA,AA,GG,GG,TT,TC,AA,CC,AA,AA,GG,GA,CC,AG,AA,CT,CC,AA,AA,TC,GG,GG,AG,GT,CC,TT,AG,CT,GG,GG,TT,TT,GG,CT,CC,CT,CC,CC,GA,CA,TT,GG,TT,AA,CG,GA,CT,TT,TT,TT,GG,AT,GA,GA,CC,AA,GA,GG,GG,TT,AA,CG,CC,AG,GG,GG,GA,AA,TT,CC,CT,GG,GG,AG,CT,GG,GA,CC,GG,TC,GA,GA,CC,GG,AA,CC,TT,GG,GG,CG
known_scat,NA,SOreg_M17.tr,Nextseq510,MACA_P8,MACA41,c,lane1-s407-index--TTCTCGTGCA-ATACACAGAG-MACAP8_MACA41_c_S407.assembled,108981,105691,96.98,99%,90,NA,GA,AC,CT,CC,TT,AG,GA,AA,GG,CT,CC,TT,GG,TC,CC,TC,CC,CC,AG,AA,CC,CA,AA,GG,GG,TT,TC,AA,CC,AA,AA,GG,GA,CC,AG,AA,CT,CC,AA,AA,TC,GG,GG,AG,GT,CC,TT,AG,CT,GG,GG,TT,TT,GG,CT,CC,CT,CC,CC,GA,CA,TT,GG,TT,AA,CG,GA,CT,TT,TT,TT,GG,AT,GA,GA,CC,AA,GA,GG,GG,TT,AA,CG,CC,AG,GG,GG,GA,AA,TT,CC,CT,GG,GG,AG,CT,GG,GA,CC,GG,TC,GA,GA,CC,GG,AA,CC,TT,GG,GG,CG
known_scat,0,SOreg_M17.tr,,,MACA41,,CONSENSUS,153163,148122,96.84,99%,90,0,GA,AC,CT,CC,TT,AG,GA,AA,GG,CT,CC,TT,GG,TC,CC,TC,CC,CC,AG,AA,CC,CA,AA,GG,GG,TT,TC,AA,CC,AA,AA,GG,GA,CC,AG,AA,CT,CC,AA,AA,TC,GG,GG,AG,GT,CC,TT,AG,CT,GG,GG,TT,TT,GG,CT,CC,CT,CC,CC,GA,CA,TT,GG,TT,AA,CG,GA,CT,TT,TT,TT,GG,AT,GA,GA,CC,AA,GA,GG,GG,TT,AA,CG,CC,AG,GG,GG,GA,AA,TT,CC,CT,GG,GG,AG,CT,GG,GA,CC,GG,TC,GA,GA,CC,GG,AA,CC,TT,GG,GG,CG
known_scat,NA,SOreg_F11.tr,Nextseq510,MACA_P8,MACA43,a,lane1-s392-index--CTATGAAGGA-CTTATACCTG-MACAP8_MACA43_a_S392.assembled,72484,69520,95.91,97%,88,NA,AA,AC,TT,CC,TT,AG,GA,TT,GG,CT,CC,TC,GG,TC,CC,TT,TT,CC,AG,AA,CC,CA,CA,AA,GG,TT,TC,AA,CC,AA,AA,GG,AA,CC,AG,AG,CC,CC,AA,GG,CC,GA,AA,AG,GG,CC,TT,AA,CT,GT,GG,TT,TT,GG,CT,CT,CC,CT,CC,GG,CA,TC,GC,TC,AA,CG,GA,CT,TT,TT,0,GG,AT,GA,GG,CC,GA,GA,GG,GG,0,AA,CG,CC,AG,GG,GG,GA,AC,TT,CC,CT,0,0,AG,CT,GG,GG,CC,GG,TC,GA,GA,CC,GG,AA,CC,TT,GG,GG,CG
known_scat,NA,SOreg_F11.tr,Nextseq510,MACA_P8,MACA43,b,lane1-s400-index--CCGCTCCGTT-TACGGCGAAG-MACAP8_MACA43_b_S400.assembled,201733,195686,97,100%,91,NA,AA,AC,TT,CC,TT,AG,GA,TT,GG,CT,CC,TC,GG,TC,CC,TT,TT,CC,AG,AA,CC,CA,CA,AA,GG,TT,TC,AA,CC,AA,AA,GG,AA,CC,AG,AG,CC,CC,AA,GG,CC,GA,AA,AG,GG,CC,TT,AA,CT,GT,GG,TT,TT,GG,CT,CT,CC,CT,CC,GG,CA,TC,GC,TC,AA,CG,GA,CT,TT,TT,TA,GG,AT,GA,GG,CC,GA,GA,GG,GG,TG,AA,CG,CC,AG,GG,GG,GA,AC,TT,CC,CT,0,0,AG,CT,GG,GG,CC,GG,TC,GA,GA,CC,GG,AA,CC,TT,GG,GG,CG
known_scat,NA,SOreg_F11.tr,Nextseq510,MACA_P8,MACA43,c,lane1-s408-index--GCTAGGAAGT-TCTCGGACGA-MACAP8_MACA43_c_S408.assembled,212479,205343,96.64,100%,91,NA,AA,AC,TT,CC,TT,AG,GA,TT,GG,CT,CC,TC,GG,TC,CC,TT,TT,CC,AG,AA,CC,CA,CA,AA,GG,TT,TC,AA,CC,AA,AA,GG,AA,CC,AG,AG,CC,CC,AA,GG,CC,GA,AA,AG,GG,CC,TT,AA,CT,GT,GG,TT,TT,GG,CT,CT,CC,CT,CC,GG,CA,TC,GC,TC,AA,CG,GA,CT,TT,TT,TA,GG,AT,GA,GG,CC,GA,GA,GG,GG,TG,AA,CG,CC,AG,GG,GG,GA,AC,TT,CC,CT,0,0,AG,CT,GG,GG,CC,GG,TC,GA,GA,CC,GG,AA,CC,TT,GG,GG,CG
known_scat,0,SOreg_F11.tr,,,MACA43,,CONSENSUS,162232,156850,96.52,100%,91,0,AA,AC,TT,CC,TT,AG,GA,TT,GG,CT,CC,TC,GG,TC,CC,TT,TT,CC,AG,AA,CC,CA,CA,AA,GG,TT,TC,AA,CC,AA,AA,GG,AA,CC,AG,AG,CC,CC,AA,GG,CC,GA,AA,AG,GG,CC,TT,AA,CT,GT,GG,TT,TT,GG,CT,CT,CC,CT,CC,GG,CA,TC,GC,TC,AA,CG,GA,CT,TT,TT,TA,GG,AT,GA,GG,CC,GA,GA,GG,GG,TG,AA,CG,CC,AG,GG,GG,GA,AC,TT,CC,CT,0,0,AG,CT,GG,GG,CC,GG,TC,GA,GA,CC,GG,AA,CC,TT,GG,GG,CG
known_scat,NA,SOreg_F10.tr,Nextseq510,MACA_P8,MACA44,a,lane1-s409-index--TTAATAGCAC-ACCACGTCTG-MACAP8_MACA44_a_S409.assembled,660569,626845,94.89,92%,84,NA,GA,CC,TT,CC,TT,0,GG,0,GG,0,CC,TT,AA,TT,CC,TT,CC,CC,AA,AA,CC,CA,AA,0,GG,TT,TT,AA,CC,AA,AA,GG,GG,CC,AA,AA,CC,CC,GA,AA,CC,AA,AG,0,GG,CC,TT,AA,CT,0,GG,TT,CC,GG,CT,CC,CT,CC,GG,GG,CA,TC,GC,TT,AA,GG,AA,CC,TT,TT,TA,TT,TT,GG,GA,CC,AA,AA,GT,GG,TT,GA,0,CC,GG,CC,GG,GG,AA,TT,CC,CC,0,0,AG,TT,GG,GG,CC,GG,0,GA,GG,0,GG,AA,CC,TT,0,GG,GG
known_scat,NA,SOreg_F10.tr,Nextseq510,MACA_P8,MACA44,b,lane1-s417-index--TCGACGCTAG-CCTCTTCGAA-MACAP8_MACA44_b_S417.assembled,513292,480907,93.69,88%,80,NA,GA,CC,TT,CC,TT,AA,GG,AA,GG,CC,CC,TT,AA,TT,CC,0,CC,CC,AA,0,0,CC,AA,AA,GG,TT,TT,AA,0,AA,AA,0,GG,CC,AA,AA,CC,0,0,AA,CC,AA,0,AA,GG,CC,TT,AA,CC,GG,GG,TT,CC,GG,TT,CC,CT,CC,GG,GG,CC,TT,GC,TT,AA,GG,AA,CC,TT,TT,TA,GT,TT,GG,GA,0,AA,AA,GG,GG,GG,GG,0,CC,AG,GC,0,GG,CC,CC,CC,CC,0,0,GG,CT,GG,GG,CC,GG,TT,GG,GG,CC,GG,AA,CC,TT,GG,GG,GG
known_scat,NA,SOreg_F10.tr,Nextseq510,MACA_P8,MACA44,c,lane1-s425-index--GAGCTTGCCG-AGGTTGCAGG-MACAP8_MACA44_c_S425.assembled,52459,50415,96.1,85%,77,NA,AA,CC,TT,CC,TT,AA,GG,AA,GG,0,CC,TT,AA,TT,0,TT,0,CC,AA,AA,CC,AA,AA,0,GG,TT,TT,0,CC,AA,0,GG,GA,CC,AA,AA,CC,CC,GG,0,CC,AA,AG,0,GG,CC,TT,AA,CT,TT,GG,TT,CC,GG,TT,CC,CT,CC,CG,GG,CA,TC,GG,TT,AA,GG,AA,CC,TT,TT,0,GG,TT,GG,AA,CC,AA,AA,TT,GG,GG,AA,0,CC,AA,0,GG,GG,0,TT,0,CC,0,0,AA,CT,0,GG,CC,GG,0,GA,GG,CC,0,AA,CC,TT,GG,GG,GG
known_scat,0,SOreg_F10.tr,,,MACA44,,CONSENSUS,408773,386056,94.89,86%,78,0,GA,CC,TT,CC,TT,AA,GG,AA,GG,0,CC,TT,AA,TT,CC,TT,CC,CC,AA,AA,CC,CA,AA,0,GG,TT,TT,AA,CC,AA,AA,GG,NA,CC,AA,AA,CC,CC,NA,AA,CC,AA,AG,0,GG,CC,TT,AA,CT,NA,GG,TT,CC,GG,NA,CC,CT,CC,NA,GG,CA,TC,GC,TT,AA,GG,AA,CC,TT,TT,TA,GT,TT,GG,GA,CC,AA,AA,GT,GG,NA,GA,0,CC,AG,NA,GG,GG,NA,NA,CC,CC,0,0,AG,CT,GG,GG,CC,GG,0,GA,GG,CC,GG,AA,CC,TT,GG,GG,GG
known_scat,NA,SOreg_F11.tr,Nextseq510,MACA_P8,MACA45,a,lane1-s410-index--CATTCACGCT-GTTGTACTCA-MACAP8_MACA45_a_S410.assembled,551561,539688,97.85,100%,91,NA,AA,AC,TT,CC,TT,AG,GA,TT,GG,CT,CC,TC,GG,TC,CC,TT,TT,CC,AG,AA,CC,CA,CA,AA,GG,TT,TC,AA,CC,AA,AA,GG,AA,CC,AG,AG,CC,CC,AA,GG,CC,GA,AA,AG,GG,CC,TT,AA,CT,GT,GG,TT,TT,GG,CT,CT,CC,CT,CC,GG,CA,TC,GC,TC,AA,CG,GA,CT,TT,TT,TA,GG,AT,GA,GG,CC,AA,GA,GG,GG,TG,AA,CG,CC,AG,GG,GG,GA,AC,TT,CC,CT,0,0,AG,CT,GG,GG,CC,GG,TC,GA,GA,CC,GG,AA,CC,TT,GG,GG,CG
known_scat,NA,SOreg_F11.tr,Nextseq510,MACA_P8,MACA45,b,lane1-s418-index--CTCGTAGGCA-TCATCCTCTT-MACAP8_MACA45_b_S418.assembled,426463,416467,97.66,100%,91,NA,AA,AC,TT,CC,TT,AG,GA,TT,GG,CT,CC,TC,GG,TC,CC,TT,TT,CC,AG,AA,CC,CA,CA,AA,GG,TT,TC,AA,CC,AA,AA,GG,AA,CC,AG,AG,CC,CC,AA,GG,CC,GA,AA,AG,GG,CC,TT,AA,CT,GT,GG,TT,TT,GG,CT,CT,CC,CT,CC,GG,CA,TC,GC,TC,AA,CG,GA,CT,TT,TT,TA,GG,AT,GA,GG,CC,AA,GA,GG,GG,TG,AA,CG,CC,AG,GG,GG,GA,AC,TT,CC,CT,0,0,AG,CT,GG,GG,CC,GG,TC,GA,GA,CC,GG,AA,CC,TT,GG,GG,CG
known_scat,NA,SOreg_F11.tr,Nextseq510,MACA_P8,MACA45,c,lane1-s426-index--AGCTAGCTTC-TAATACGGAG-MACAP8_MACA45_c_S426.assembled,647661,631749,97.54,100%,91,NA,AA,AC,TT,CC,TT,AG,GA,TT,GG,CT,CC,TC,GG,TC,CC,TT,TT,CC,AG,AA,CC,CA,CA,AA,GG,TT,TC,AA,CC,AA,AA,GG,AA,CC,AG,AG,CC,CC,AA,GG,CC,GA,AA,AG,GG,CC,TT,AA,CT,GT,GG,TT,TT,GG,CT,CT,CC,CT,CC,GG,CA,TC,GC,TC,AA,CG,GA,CT,TT,TT,TA,GG,AT,GA,GG,CC,AA,GA,GG,GG,TG,AA,CG,CC,AG,GG,GG,GA,AC,TT,CC,CT,0,0,AG,CT,GG,GG,CC,GG,TC,GA,GA,CC,GG,AA,CC,TT,GG,GG,CG
known_scat,0,SOreg_F11.tr,,,MACA45,,CONSENSUS,541895,529301,97.68,100%,91,0,AA,AC,TT,CC,TT,AG,GA,TT,GG,CT,CC,TC,GG,TC,CC,TT,TT,CC,AG,AA,CC,CA,CA,AA,GG,TT,TC,AA,CC,AA,AA,GG,AA,CC,AG,AG,CC,CC,AA,GG,CC,GA,AA,AG,GG,CC,TT,AA,CT,GT,GG,TT,TT,GG,CT,CT,CC,CT,CC,GG,CA,TC,GC,TC,AA,CG,GA,CT,TT,TT,TA,GG,AT,GA,GG,CC,AA,GA,GG,GG,TG,AA,CG,CC,AG,GG,GG,GA,AC,TT,CC,CT,0,0,AG,CT,GG,GG,CC,GG,TC,GA,GA,CC,GG,AA,CC,TT,GG,GG,CG
known_scat,NA,SOreg_F11.tr,Nextseq510,MACA_P8,MACA46,a,lane1-s411-index--GGCACTAAGG-TCAGGTCAAC-MACAP8_MACA46_a_S411.assembled,1354230,1320063,97.48,100%,91,NA,AA,AC,TT,CC,TT,AG,GA,TT,GG,CT,CC,TC,GG,TC,CC,TT,TT,CC,AG,AA,CC,CA,CA,AA,GG,TT,TC,AA,CC,AA,AA,GG,AA,CC,AG,AG,CC,CC,AA,GG,CC,GA,AA,AG,GG,CC,TT,AA,CT,GT,GG,TT,TT,GG,CT,CT,CC,CT,CC,GG,CA,TC,GC,TC,AA,CG,GA,CT,TT,TT,TA,GG,AT,GA,GG,CC,GA,GA,GG,GG,TG,AA,CG,CC,AG,GG,GG,GA,CC,TT,CC,CT,0,0,AG,CT,GG,GG,CC,GG,TC,GA,GA,CC,GG,AA,CC,TT,GG,GG,CG
known_scat,NA,SOreg_F11.tr,Nextseq510,MACA_P8,MACA46,b,lane1-s419-index--AAGTTCTAGT-GGTAAGATAA-MACAP8_MACA46_b_S419.assembled,1445222,1411088,97.64,98%,89,NA,AA,AC,TT,CC,TT,0,GA,TT,GG,CT,CC,TC,GG,TC,CC,TT,TT,CC,AG,AA,CC,CA,CA,AA,GG,TT,TC,AA,CC,AA,AA,GG,AA,CC,AG,AG,CC,CC,AA,GG,CC,GA,AA,AG,GG,CC,TT,AA,CT,GT,GG,TT,TT,GG,CT,CT,CC,CT,CC,GG,CA,0,GC,TC,AA,CG,GA,CT,TT,TT,TA,GG,AT,GA,GG,CC,AA,GA,GG,GG,TG,AA,CG,CC,AG,GG,GG,GG,AC,TT,CC,CT,0,0,AG,CT,GG,GG,CC,GG,TC,GA,GG,CC,GG,AA,CC,TT,GG,GG,CG
known_scat,NA,SOreg_F11.tr,Nextseq510,MACA_P8,MACA46,c,lane1-s427-index--CAATCCTTGT-CGAAGACGCA-MACAP8_MACA46_c_S427.assembled,1439983,1408645,97.82,97%,88,NA,AA,AC,TT,CC,TT,AG,GA,TT,GG,CT,CC,TC,GG,TC,CC,TT,TT,CC,AG,AA,CC,CA,CA,AA,GG,TT,TC,AA,CC,AA,AA,GG,AA,CC,AG,AG,CC,CC,AA,GG,CC,GA,AA,0,GG,CC,TT,AA,CT,GT,GG,TT,TT,GG,0,CT,CC,CT,CC,GG,CA,TC,GC,TC,AA,CG,GA,CT,TT,TT,AA,GG,AT,GA,GG,CC,0,GA,GG,GG,TG,AA,CG,CC,AG,GG,GG,GA,AC,TT,CC,CT,0,0,AG,CT,GG,GG,CC,GG,0,GA,GA,CC,GG,AA,CC,TT,GG,GG,CG
known_scat,0,SOreg_F11.tr,,,MACA46,,CONSENSUS,1413145,1379932,97.65,99%,90,0,AA,AC,TT,CC,TT,AG,GA,TT,GG,CT,CC,TC,GG,TC,CC,TT,TT,CC,AG,AA,CC,CA,CA,AA,GG,TT,TC,AA,CC,AA,AA,GG,AA,CC,AG,AG,CC,CC,AA,GG,CC,GA,AA,AG,GG,CC,TT,AA,CT,GT,GG,TT,TT,GG,CT,CT,CC,CT,CC,GG,CA,TC,GC,TC,AA,CG,GA,CT,TT,TT,TA,GG,AT,GA,GG,CC,NA,GA,GG,GG,TG,AA,CG,CC,AG,GG,GG,GA,AC,TT,CC,CT,0,0,AG,CT,GG,GG,CC,GG,TC,GA,GA,CC,GG,AA,CC,TT,GG,GG,CG
known_scat,NA,NA,Nextseq510,MACA_P8,MACA47,a,lane1-s412-index--ATTCGGTACA-AGTCCGAGGA-MACAP8_MACA47_a_S412.assembled,1189724,1139484,95.78,55%,50,NA,0,0,CC,GG,0,AA,GG,AA,GG,0,0,TT,GG,TC,CC,0,CC,0,AA,AA,CC,0,0,AA,GG,0,TT,AA,0,0,0,0,0,TT,GG,0,0,0,AA,AA,CC,GG,0,0,0,0,TT,0,TT,0,0,TT,0,GG,0,0,0,CC,CC,GG,AA,TT,0,TT,AA,0,GG,0,TT,TG,TT,GG,AA,AA,0,0,AA,AA,0,0,TT,GG,0,CC,AA,GG,0,GG,CC,TC,0,0,GG,GG,0,CC,GG,0,0,GG,0,AA,GG,0,0,0,0,TT,0,0,0
known_scat,NA,NA,Nextseq510,MACA_P8,MACA47,b,lane1-s420-index--CCAAGAGGTG-AACGAGCCAG-MACAP8_MACA47_b_S420.assembled,799699,762826,95.39,52%,47,NA,AA,0,0,0,0,GG,GG,0,0,CC,0,0,NA,0,0,CC,CC,0,GG,AA,0,0,0,0,GG,0,0,0,CC,AA,0,0,0,TT,GG,GG,0,TT,AA,AA,TC,GG,AA,0,GG,0,TT,0,0,0,0,TT,0,0,TT,0,0,0,0,0,0,TT,CC,TT,AA,CC,0,CC,TT,GG,TT,TT,AA,0,GG,CC,0,NA,GG,GG,0,GG,GG,0,AA,GG,0,GG,AA,CC,CC,CC,0,0,0,CC,GG,0,CC,0,0,0,GG,0,GG,0,0,0,0,0,CC
known_scat,NA,NA,Nextseq510,MACA_P8,MACA47,c,lane1-s428-index--CACCTGTTGC-ATTGACACAT-MACAP8_MACA47_c_S428.assembled,566089,522778,92.35,60%,55,NA,AA,CC,0,GG,TT,0,0,AA,0,CC,CC,TT,AA,CC,CC,TT,0,0,0,AA,0,0,0,AA,GG,TT,TT,0,CC,AA,0,GG,GA,TT,0,GG,0,0,AA,0,0,GG,AA,AA,GT,0,TT,AA,0,TT,0,0,CC,GG,TT,CT,CC,CC,0,0,CA,TT,0,TT,AA,CC,GG,0,TT,GG,TT,TT,AA,GG,0,0,0,0,0,GG,TG,GG,0,CC,0,0,GG,GG,0,0,CC,TT,0,GG,0,CC,0,GG,CC,0,TT,0,GG,CC,GG,0,CC,TT,GG,GG,CC
known_scat,1,NA,,,MACA47,,CONSENSUS,851837,808363,94.51,43%,39,0,AA,0,0,GG,0,NA,GG,AA,0,CC,0,TT,NA,NA,CC,NA,CC,0,NA,AA,0,0,0,AA,GG,0,TT,0,CC,AA,0,0,0,TT,GG,GG,0,0,AA,AA,NA,GG,AA,0,NA,0,TT,0,0,0,0,TT,0,GG,TT,0,0,CC,0,0,NA,TT,0,TT,AA,CC,GG,0,TT,NA,TT,NA,AA,NA,0,0,0,0,0,GG,NA,GG,0,CC,AA,GG,0,GG,NA,NA,CC,NA,GG* (1 rep),GG,0,CC,GG,0,CC,0,0,0,GG,0,GG,0,0,TT,0,0,CC
known_scat,NA,SOreg_M23.sc,Nextseq510,MACA_P8,MACA48,a,lane1-s413-index--ACTAATCTCC-CACTTAATCT-MACAP8_MACA48_a_S413.assembled,368017,358214,97.34,99%,90,NA,GG,AC,CT,CC,TT,AA,GA,AA,GG,CT,CC,TT,GG,TT,CC,TT,CC,CC,AA,AA,CT,CC,CA,AA,GG,TT,TT,AA,CC,AA,AA,GG,GA,CT,0,AG,CT,CT,GA,GA,TT,AA,GG,AG,GG,CC,TT,AA,TT,GT,GG,TT,TT,GG,CC,CT,CT,TT,CC,GG,CC,TT,GC,TC,AA,CG,AA,CC,TC,TG,TT,GT,AT,GG,GA,CC,AA,GA,GG,GG,TT,AA,CG,CC,AA,GG,GG,GG,AC,TC,CC,CC,GG,GG,GG,CC,GG,GG,CC,GG,TC,AA,GG,CC,GG,AA,CC,TT,GG,GG,CG
known_scat,NA,SOreg_M23.sc,Nextseq510,MACA_P8,MACA48,b,lane1-s421-index--ATATCTGCTT-TAGACAATCT-MACAP8_MACA48_b_S421.assembled,304225,295762,97.22,100%,91,NA,GG,AC,CT,CC,TT,AA,GA,AA,GG,CT,CC,TT,GG,TT,CC,TT,CC,CC,AA,AA,CT,CC,CA,AA,GG,TT,TT,AA,CC,AA,AA,GG,GA,CT,AG,AG,CT,CT,GA,GA,TT,AA,GG,AG,GG,CC,TT,AA,TT,GT,GG,TT,TT,GG,CC,CT,CT,TT,CC,GG,CC,TT,GC,TC,AA,CG,AA,CC,TC,TG,TT,GT,AT,GG,GA,CC,AA,GA,GG,GG,TT,GA,CG,CC,AA,GG,GG,GG,AC,TC,CC,CC,GG,GG,GG,CC,GG,GG,CC,GG,TC,AA,GG,CC,GG,AA,CC,TT,GG,GG,CG
known_scat,NA,SOreg_M23.sc,Nextseq510,MACA_P8,MACA48,c,lane1-s429-index--CGTCACCTTG-CAGCCGATTG-MACAP8_MACA48_c_S429.assembled,328175,318633,97.09,99%,90,NA,GG,AC,CT,CC,TT,AA,GA,AA,GG,CT,CC,TT,GG,TT,CC,TT,CC,CC,AA,AA,CT,CC,CA,AA,GG,TT,TT,AA,CC,AA,AA,GG,GA,CT,AG,AG,CT,CT,GA,GA,TT,AA,GG,AG,GG,CC,TT,AA,TT,GT,GG,TT,TT,GG,CC,CT,CT,TT,CC,GG,CC,TT,GC,TC,AA,CG,AA,CC,TC,TG,TT,GT,AT,GG,GA,CC,AA,AA,GG,GG,TT,GA,CG,CC,AA,GG,GG,GG,AC,TC,CC,CC,GG,GG,GG,CC,GG,GG,CC,GG,TC,AA,GG,CC,GG,AA,CC,TT,GG,GG,CG
known_scat,0,SOreg_M23.sc,,,MACA48,,CONSENSUS,333472,324203,97.22,100%,91,0,GG,AC,CT,CC,TT,AA,GA,AA,GG,CT,CC,TT,GG,TT,CC,TT,CC,CC,AA,AA,CT,CC,CA,AA,GG,TT,TT,AA,CC,AA,AA,GG,GA,CT,AG,AG,CT,CT,GA,GA,TT,AA,GG,AG,GG,CC,TT,AA,TT,GT,GG,TT,TT,GG,CC,CT,CT,TT,CC,GG,CC,TT,GC,TC,AA,CG,AA,CC,TC,TG,TT,GT,AT,GG,GA,CC,AA,GA,GG,GG,TT,GA,CG,CC,AA,GG,GG,GG,AC,TC,CC,CC,GG,GG,GG,CC,GG,GG,CC,GG,TC,AA,GG,CC,GG,AA,CC,TT,GG,GG,CG
scat_marten,NA,SOreg_M14.tr,Nextseq510,MACA_P8,MACA49,a,lane1-s414-index--TGTGTTAGTA-TACTCTGTTA-MACAP8_MACA49_a_S414.assembled,265631,257027,96.76,98%,89,NA,GA,AC,CT,CC,TT,0,GG,AT,GG,CC,CC,CC,AA,TC,CC,TC,CC,CG,AA,AA,TT,CC,CA,AA,GG,TC,TC,AA,CC,AA,AA,GG,GG,TT,GG,AG,CT,CC,AA,GA,TC,GG,AG,AG,GT,TT,TT,AA,TT,GG,GG,TC,CT,GG,TT,CT,TT,TT,GG,GG,CA,TT,GC,TT,GG,CC,GG,TT,TT,TG,TT,GG,AA,GA,GG,CC,GG,GG,GG,AA,TT,0,CC,CC,AG,GG,GG,GG,CC,TC,CC,CT,GG,GG,GG,CC,GG,GG,CC,GG,TC,AA,GG,CC,GG,AA,CC,TT,GG,GG,CC
scat_marten,NA,SOreg_M14.tr,Nextseq510,MACA_P8,MACA49,b,lane1-s422-index--TGGATCTGGC-CAATGCTGAA-MACAP8_MACA49_b_S422.assembled,454706,440104,96.79,99%,90,NA,GA,AC,CT,CC,TT,0,GG,AT,GG,CC,CC,CC,AA,TC,CC,TC,CC,CG,AA,AA,TT,CC,CA,AA,GG,TC,TC,AA,CC,AA,AA,GG,GG,TT,GG,AG,CT,CC,AA,GA,TC,GG,AG,AG,GT,TT,TT,AA,TT,GG,GG,TC,CT,GG,TT,CT,TT,TT,GG,GG,CA,TT,GC,TT,GG,CC,GG,TT,TT,TG,TT,GG,AA,GA,GG,CC,GG,GG,GG,AA,TT,GA,CC,CC,AG,GG,GG,GG,CC,TC,CC,CT,GG,GG,GG,CC,GG,GG,CC,GG,TC,AA,GG,CC,GG,AA,CC,TT,GG,GG,CC
scat_marten,NA,SOreg_M14.tr,Nextseq510,MACA_P8,MACA49,c,lane1-s430-index--AATGACTGGT-TCTCACGCGT-MACAP8_MACA49_c_S430.assembled,470676,455937,96.87,99%,90,NA,GA,AC,CT,CC,TT,0,GG,AT,GG,CC,CC,CC,AA,TC,CC,TC,CC,CG,AA,AA,TT,CC,CA,AA,GG,TC,TC,AA,CC,AA,AA,GG,GG,TT,GG,AG,CT,CC,AA,GA,TC,GG,AG,AG,GT,TT,TT,AA,TT,GG,GG,TC,CT,GG,TT,CT,TT,TT,GG,GG,CA,TT,GC,TT,GG,CC,GG,TT,TT,TG,TT,GG,AA,GA,GG,CC,GG,GG,GG,AA,TT,GA,CC,CC,AG,GG,GG,GG,CC,TC,CC,CT,GG,GG,GG,CC,GG,GG,CC,GG,TC,AA,GG,CC,GG,AA,CC,TT,GG,GG,CC
scat_marten,0,SOreg_M14.tr,,,MACA49,,CONSENSUS,397004,384356,96.81,99%,90,0,GA,AC,CT,CC,TT,0,GG,AT,GG,CC,CC,CC,AA,TC,CC,TC,CC,CG,AA,AA,TT,CC,CA,AA,GG,TC,TC,AA,CC,AA,AA,GG,GG,TT,GG,AG,CT,CC,AA,GA,TC,GG,AG,AG,GT,TT,TT,AA,TT,GG,GG,TC,CT,GG,TT,CT,TT,TT,GG,GG,CA,TT,GC,TT,GG,CC,GG,TT,TT,TG,TT,GG,AA,GA,GG,CC,GG,GG,GG,AA,TT,GA,CC,CC,AG,GG,GG,GG,CC,TC,CC,CT,GG,GG,GG,CC,GG,GG,CC,GG,TC,AA,GG,CC,GG,AA,CC,TT,GG,GG,CC
scat_marten,NA,SOreg_M18.tr,Nextseq510,MACA_P8,MACA50,a,lane1-s415-index--CAACGACCTA-GCGACTCGAT-MACAP8_MACA50_a_S415.assembled,526085,511617,97.25,99%,90,NA,GG,CC,0,CC,TT,GG,GA,AA,GG,CC,CC,TT,GG,TC,CC,TC,CT,CC,AG,AA,CC,CA,AA,GG,GG,TT,CC,GA,CC,AT,AA,GG,GA,CC,AG,AA,TT,CC,GG,GA,CC,GA,GG,AA,GG,CC,TT,AA,CT,GT,GG,TT,CT,GA,CC,CT,CC,TT,GG,GA,CA,TT,GC,TT,AA,CC,GA,CC,TT,TG,TT,GT,AA,GA,GA,CC,AA,AA,GT,GG,TT,AA,CC,CC,GG,GG,GG,GG,AA,TC,CC,CC,GG,GG,AG,CC,GG,GG,CC,GG,TT,GA,GG,CC,GG,AA,CC,TT,GG,GG,CC
scat_marten,NA,SOreg_M18.tr,Nextseq510,MACA_P8,MACA50,b,lane1-s423-index--TTGAATCCAA-GTCACGGTGT-MACAP8_MACA50_b_S423.assembled,283459,275629,97.24,99%,90,NA,GG,CC,CT,CC,TT,GG,GA,AA,GG,CC,CC,TT,GG,TC,CC,TC,CT,CC,AG,AA,CC,CA,AA,GG,GG,TT,CC,GA,CC,AT,AA,GG,GA,CC,AG,AA,TT,CC,GG,GA,CC,GA,GG,AA,GG,CC,TT,AA,CT,GT,GG,TT,CT,GG,CC,CT,CC,TT,GG,GA,CA,TT,GC,TT,AA,CC,GA,CC,TT,TG,TT,GT,AA,GA,GA,CC,AA,AA,0,GG,TT,AA,CC,CC,GG,GG,GG,GG,AA,TC,CC,CC,GG,GG,AG,CC,GG,GG,CC,GG,TT,GA,GG,CC,GG,AA,CC,TT,GG,GG,CC
scat_marten,NA,SOreg_M18.tr,Nextseq510,MACA_P8,MACA50,c,lane1-s431-index--ATGATTCCGG-CTCTGACGTG-MACAP8_MACA50_c_S431.assembled,358076,341256,95.3,99%,90,NA,GG,CC,CT,CC,TT,GG,GA,AA,GG,CC,CC,TT,GG,TC,CC,TC,CT,CC,AG,AA,CC,CA,AA,GG,GG,TT,CC,GA,CC,AT,AA,GG,GA,CC,AG,AA,TT,CC,GG,GA,CC,GA,GG,AA,GG,CC,TT,AA,CT,GT,GG,TT,CT,GA,CC,CT,CC,TT,GG,GA,CA,TT,GC,TT,AA,CC,GA,CC,TT,TG,TT,GT,AA,GG,GA,CC,AA,AA,GG,GG,TT,AA,CC,CC,GG,GG,GG,GG,AA,0,CC,CC,GG,GG,AG,CC,GG,GG,CC,GG,TT,GA,GG,CC,GG,AA,CC,TT,GG,GG,CC
scat_marten,0,SOreg_M18.tr,,,MACA50,,CONSENSUS,389207,376167,96.6,99%,90,0,GG,CC,CT,CC,TT,GG,GA,AA,GG,CC,CC,TT,GG,TC,CC,TC,CT,CC,AG,AA,CC,CA,AA,GG,GG,TT,CC,GA,CC,AT,AA,GG,GA,CC,AG,AA,TT,CC,GG,GA,CC,GA,GG,AA,GG,CC,TT,AA,CT,GT,GG,TT,CT,GA,CC,CT,CC,TT,GG,GA,CA,TT,GC,TT,AA,CC,GA,CC,TT,TG,TT,GT,AA,GA,GA,CC,AA,AA,NA,GG,TT,AA,CC,CC,GG,GG,GG,GG,AA,TC,CC,CC,GG,GG,AG,CC,GG,GG,CC,GG,TT,GA,GG,CC,GG,AA,CC,TT,GG,GG,CC
known_scat,NA,Lssn_M61.tr,Nextseq510,MACA_P8,MACA61,a,lane1-s416-index--CGGTCGGCAT-CTAGGCAAGG-MACAP8_MACA61_a_S416.assembled,360948,349151,96.73,73%,66,NA,GG,0,0,GG,TT,0,0,AA,0,CC,CC,TT,0,0,TT,TT,0,CC,0,AA,CC,0,AA,AA,GG,0,CC,0,CC,TT,AA,0,GG,CC,0,AA,CC,CC,GG,GG,TC,GG,AA,0,TT,TT,TC,AA,0,TT,CC,0,TT,GG,TT,CC,CC,CC,CC,GG,AA,TT,CC,0,AG,GG,0,CC,TC,TT,AA,GG,AA,GG,GG,CC,0,0,GG,0,0,AA,0,CC,AA,GG,TT,GG,CC,TC,0,CC,0,0,0,CC,GG,GG,CC,GG,0,0,GG,CC,0,AA,CC,TT,GG,GG,GG
known_scat,NA,Lssn_M61.tr,Nextseq510,MACA_P8,MACA61,b,lane1-s424-index--CACGGCTAGT-GGTGTACAAG-MACAP8_MACA61_b_S424.assembled,145602,140015,96.16,98%,89,NA,GG,0,TT,GC,TC,AA,GG,AT,GG,CT,CC,TT,AA,TC,TT,TT,CC,CG,GG,AA,CC,CC,AA,AA,GG,TC,CC,GG,CC,TT,AA,GG,GA,CC,AA,AA,CC,CC,GG,GG,TC,GG,AA,AA,TT,TT,TC,AA,CT,GT,CC,TT,TT,GA,CT,CC,CC,CC,CC,GG,CA,TT,CC,TT,AG,CG,GG,CC,TC,TT,AA,GG,AA,GG,GG,CC,AA,AA,GG,GG,TG,GA,CC,CC,AA,GC,TT,GG,CC,TC,CT,CC,GG,GG,AA,CT,GG,GG,CC,GG,TT,GA,GG,CC,GG,AA,CC,TT,GG,GG,CG
known_scat,NA,Lssn_M61.tr,Nextseq510,MACA_P8,MACA61,c,lane1-s432-index--TTAGGCTCAA-TCGAATGGAA-MACAP8_MACA61_c_S432.assembled,182422,176387,96.69,98%,89,NA,GG,0,TT,GC,TC,AA,GG,AT,GG,CT,CC,TT,0,TC,TT,TT,CC,CG,GG,AA,CC,CC,AA,AA,GG,TC,CC,GG,CC,TT,AA,GG,GA,CC,AA,AA,CC,CC,GG,GG,TC,GG,AA,AA,TT,TT,TC,AA,CT,GT,CC,TT,TT,GA,CT,CC,CC,CC,CC,GG,CA,TT,CC,TT,AG,CG,GG,CC,TC,TT,AA,GG,AA,GG,GG,CC,AA,AA,GG,GG,TG,GA,CC,CC,AA,GC,TT,GG,CC,TC,CT,CC,GG,GG,AA,CT,GG,GG,CC,GG,TT,GA,GG,CC,GG,AA,CC,TT,GG,GG,CG
known_scat,0,Lssn_M61.tr,,,MACA61,,CONSENSUS,229657,221851,96.53,98%,89,0,GG,0,TT,GC,TC,AA,GG,AT,GG,CT,CC,TT,0,TC,TT,TT,CC,CG,GG,AA,CC,CC,AA,AA,GG,TC,CC,GG,CC,TT,AA,GG,GA,CC,AA,AA,CC,CC,GG,GG,TC,GG,AA,AA,TT,TT,TC,AA,CT,GT,CC,TT,TT,GA,CT,CC,CC,CC,CC,GG,CA,TT,CC,TT,AG,CG,GG,CC,TC,TT,AA,GG,AA,GG,GG,CC,AA,AA,GG,GG,TG,GA,CC,CC,AA,GC,TT,GG,CC,TC,CT,CC,GG,GG,AA,CT,GG,GG,CC,GG,TT,GA,GG,CC,GG,AA,CC,TT,GG,GG,CG
known_scat,NA,Lssn_M66.tr,Nextseq510,MACA_P8,MACA63,a,lane1-s433-index--TGTAAGGTGG-AAGGCCTTGG-MACAP8_MACA63_a_S433.assembled,62598,60397,96.48,98%,89,NA,GG,CC,TT,GC,TC,AA,GG,AT,GG,CC,CT,CC,AA,TT,TT,TT,CC,GG,AG,AA,CC,CC,AA,AA,GG,CC,CC,GA,CC,TT,AA,GG,GG,CC,AG,AG,CC,CC,GG,GG,TT,AA,GG,AA,TT,TT,TT,AA,CT,GT,CC,TC,CT,GA,CT,CC,CC,CC,CC,GG,CC,TT,GC,TT,AA,CG,GG,CC,CC,TG,AA,GG,AA,GG,GG,CC,AA,AA,GT,0,TG,AA,CC,CC,AA,GC,TT,GG,CC,TC,CT,CC,0,GG,AG,TT,GG,GG,CT,GG,TT,GA,GG,CC,GG,AA,CC,TT,GG,GG,CG
known_scat,NA,Lssn_M66.tr,Nextseq510,MACA_P8,MACA63,b,lane1-s441-index--CTGAATTAGT-AATTCGATCG-MACAP8_MACA63_b_S441.assembled,136868,132659,96.92,99%,90,NA,GG,CC,TT,GC,TC,AA,GG,AT,GG,CC,CT,CC,AA,TT,TT,TT,CC,GG,AG,AA,CC,CC,AA,AA,GG,CC,CC,GA,CC,TT,AA,GG,GG,CC,AG,AG,CC,CC,GG,GG,TT,AA,GG,AA,TT,TT,TT,AA,CT,GT,CC,TC,CT,GA,CT,CC,CC,CC,CC,GG,CC,TT,GC,TT,AA,CG,GG,CC,CC,TG,AA,GG,AA,GG,GG,CC,AA,AA,GT,GG,TG,AA,CC,CC,AA,GC,TT,GG,CC,TC,CT,CC,0,GG,AG,TT,GG,GG,CT,GG,TT,GA,GG,CC,GG,AA,CC,TT,GG,GG,CG
known_scat,NA,Lssn_M66.tr,Nextseq510,MACA_P8,MACA63,c,lane1-s449-index--GATATCACAC-GACTATATGT-MACAP8_MACA63_c_S449.assembled,200061,193039,96.49,99%,90,NA,GG,CC,TT,GC,TC,AA,GG,AT,GG,CC,CT,CC,AA,TT,TT,TT,CC,GG,AG,AA,CC,CC,AA,AA,GG,CC,CC,GA,CC,TT,AA,GG,GG,CC,AG,AG,CC,CC,GG,GG,TT,AA,GG,AA,TT,TT,TT,AA,CT,GT,CC,TC,CT,GA,CT,CC,CC,CC,CC,GG,CC,TT,GC,TT,AA,CG,GG,CC,CC,TG,AA,GG,AA,GG,GG,CC,AA,AA,GT,GG,TG,AA,CC,CC,AA,GC,TT,GG,CC,TC,CT,CC,GG,GG,AG,TT,GG,GG,CT,GG,TT,GA,GG,CC,GG,AA,CC,TT,GG,GG,CG
known_scat,0,Lssn_M66.tr,,,MACA63,,CONSENSUS,133176,128698,96.63,99%,90,0,GG,CC,TT,GC,TC,AA,GG,AT,GG,CC,CT,CC,AA,TT,TT,TT,CC,GG,AG,AA,CC,CC,AA,AA,GG,CC,CC,GA,CC,TT,AA,GG,GG,CC,AG,AG,CC,CC,GG,GG,TT,AA,GG,AA,TT,TT,TT,AA,CT,GT,CC,TC,CT,GA,CT,CC,CC,CC,CC,GG,CC,TT,GC,TT,AA,CG,GG,CC,CC,TG,AA,GG,AA,GG,GG,CC,AA,AA,GT,GG,TG,AA,CC,CC,AA,GC,TT,GG,CC,TC,CT,CC,GG,GG,AG,TT,GG,GG,CT,GG,TT,GA,GG,CC,GG,AA,CC,TT,GG,GG,CG
known_scat,NA,Lssn_M61.tr,Nextseq510,MACA_P8,MACA68,a,lane1-s434-index--CAACTGCAAC-TGAACGCAAC-MACAP8_MACA68_a_S434.assembled,1028768,994892,96.71,92%,84,NA,GG,0,TT,GC,CC,AA,GG,0,GG,CC,CC,TT,AA,TC,TT,TT,CC,GG,GG,AA,0,CC,AA,AA,GG,TT,CC,0,CC,TT,AA,GG,AA,CC,AA,AA,CC,CC,GG,GG,TC,GG,AA,AA,TT,TT,0,AA,CC,GT,CC,TT,TT,GA,0,CC,CC,CC,CC,GG,CA,TT,CC,TT,AG,CG,GG,CC,CC,TT,AA,GG,AA,GG,GG,0,AA,AA,GG,GG,GG,GA,CC,CC,AA,GC,TT,GG,CC,TC,CT,CC,GG,GG,AA,CT,GG,GG,0,GG,TT,GG,GG,CC,GG,AA,CC,TT,GG,GG,CG
known_scat,NA,Lssn_M61.tr,Nextseq510,MACA_P8,MACA68,b,lane1-s442-index--TAAGGAGGAA-TTCCGACATT-MACAP8_MACA68_b_S442.assembled,654042,635916,97.23,97%,88,NA,GG,0,TT,GC,TC,AA,GG,AT,GG,CT,CC,TT,AA,TC,TT,TT,CC,CG,GG,AA,CC,CC,AA,AA,GG,TC,CC,GG,CC,TT,AA,GG,GG,CC,AA,AA,CC,CC,GG,GG,TC,GG,AA,AA,TT,TT,CC,AA,0,TT,CC,TT,TT,GA,TT,CC,CC,CC,CC,GG,CA,TT,CC,TT,AG,CG,GG,CC,TC,TT,AA,GG,AA,GG,GG,CC,AA,AA,GG,GG,TG,GA,CC,CC,AA,0,TT,GG,CC,TC,TT,CC,GG,GG,AA,CT,GG,GG,CC,GG,TT,0,GG,CC,GG,AA,CC,TT,GG,GG,CG
known_scat,NA,Lssn_M61.tr,Nextseq510,MACA_P8,MACA68,c,lane1-s450-index--AGCGCTGTGT-CGTTCGGAAC-MACAP8_MACA68_c_S450.assembled,871223,839389,96.35,92%,84,NA,GG,0,TT,CC,TT,AA,GG,AT,GG,CT,CC,TT,AA,TC,TT,TT,CC,CG,GG,AA,0,CC,AA,AA,GG,CC,CC,0,CC,TT,AA,GG,GA,CC,AA,AA,CC,CC,GG,GG,CC,GG,AA,AA,TT,TT,TC,AA,CC,GT,CC,TT,TT,GA,0,CC,CC,CC,0,GG,CA,TT,CC,TT,GG,CG,GG,CC,TC,TT,AA,GG,AA,GG,GG,CC,AA,AA,GG,GG,TT,GA,CC,CC,AA,0,TT,GG,CC,0,CC,CC,GG,GG,AA,0,GG,GG,0,0,TT,GG,GG,CC,GG,AA,CC,TT,GG,GG,CG
known_scat,0,Lssn_M61.tr,,,MACA68,,CONSENSUS,851344,823399,96.76,93%,85,0,GG,0,TT,GC,TC,AA,GG,AT,GG,CT,CC,TT,AA,TC,TT,TT,CC,CG,GG,AA,0,CC,AA,AA,GG,TC,CC,0,CC,TT,AA,GG,GA,CC,AA,AA,CC,CC,GG,GG,TC,GG,AA,AA,TT,TT,NA,AA,CC,GT,CC,TT,TT,GA,0,CC,CC,CC,CC,GG,CA,TT,CC,TT,AG,CG,GG,CC,TC,TT,AA,GG,AA,GG,GG,CC,AA,AA,GG,GG,TG,GA,CC,CC,AA,0,TT,GG,CC,TC,CT,CC,GG,GG,AA,CT,GG,GG,0,GG,TT,GG,GG,CC,GG,AA,CC,TT,GG,GG,CG
known_scat,NA,Lssn_M64.tr,Nextseq510,MACA_P8,MACA70,a,lane1-s435-index--ACATGAGTGA-CCGCTTAGCT-MACAP8_MACA70_a_S435.assembled,436336,424889,97.38,97%,88,NA,GG,CC,CT,GG,TT,AA,GG,AA,GG,CT,CC,TT,GG,TT,TT,TT,CT,CG,AG,AA,CC,CC,AA,AA,GG,TC,TC,GG,CC,TT,AA,GG,GA,CC,AG,AG,CC,CC,GG,GG,TT,GG,0,AA,TT,TT,TC,AA,CC,GT,CC,TT,CT,GA,CT,CC,CC,CC,CC,GG,CA,TT,CC,TC,AG,GG,0,CC,TT,TG,AA,GG,AT,GG,GG,CC,AA,AA,0,GG,TT,GG,CC,CC,AA,GC,TT,GG,AC,CC,CC,CC,GG,GG,AA,CC,GG,GG,CC,GG,TT,GG,GG,CC,GG,AA,CC,TT,GG,GG,GG
known_scat,NA,Lssn_M64.tr,Nextseq510,MACA_P8,MACA70,b,lane1-s443-index--AGCTTACACA-TGGCACGACC-MACAP8_MACA70_b_S443.assembled,227998,220839,96.86,99%,90,NA,GG,CC,CT,GG,TT,AA,GG,AA,GG,CT,CC,TT,GG,TT,TT,TT,CT,CG,AG,AA,CC,CC,AA,AA,GG,TC,TC,GG,CC,TT,AA,GG,GA,CC,AG,AG,CC,CC,GG,GG,TT,GG,AG,AA,TT,TT,TC,AA,CC,GT,CC,TT,CT,GA,CT,CC,CC,CC,CC,GG,CA,TT,CC,TC,AG,GG,0,CC,TT,TG,AA,GG,AT,GG,GG,CC,AA,AA,GT,GG,TT,GG,CC,CC,AA,CC,GT,GG,AC,CC,CC,CC,GG,GG,AA,CC,GG,GG,CC,GG,TT,GG,GG,CC,GG,AA,CC,TT,GG,GG,GG
known_scat,NA,Lssn_M64.tr,Nextseq510,MACA_P8,MACA70,c,lane1-s451-index--TCACCGCGCT-TCGATACTAG-MACAP8_MACA70_c_S451.assembled,1176903,1150499,97.76,97%,88,NA,GG,CC,CT,GG,TT,AA,GG,AA,GG,CT,CC,TT,GG,TT,TT,TT,CT,CG,AG,AA,CC,CC,AA,AA,GG,TC,TC,GG,CC,TT,AA,GG,GA,CC,AG,AG,CC,CC,GG,GG,TT,GG,AG,AA,TT,TT,TT,AA,CC,GT,CC,TT,CT,GA,0,CC,CC,CC,CC,GG,CA,TT,CC,TC,0,GG,0,CC,TT,TG,AA,GG,AT,GG,GG,CC,AA,AA,GT,GG,TT,GG,CC,CC,AA,GC,GT,GG,AC,CC,CC,CC,GG,GG,AA,CC,GG,GG,CC,GG,TT,GG,GG,CC,GG,AA,CC,TT,GG,GG,GG
known_scat,0,Lssn_M64.tr,,,MACA70,,CONSENSUS,613746,598742,97.33,99%,90,0,GG,CC,CT,GG,TT,AA,GG,AA,GG,CT,CC,TT,GG,TT,TT,TT,CT,CG,AG,AA,CC,CC,AA,AA,GG,TC,TC,GG,CC,TT,AA,GG,GA,CC,AG,AG,CC,CC,GG,GG,TT,GG,AG,AA,TT,TT,TC,AA,CC,GT,CC,TT,CT,GA,CT,CC,CC,CC,CC,GG,CA,TT,CC,TC,AG,GG,0,CC,TT,TG,AA,GG,AT,GG,GG,CC,AA,AA,GT,GG,TT,GG,CC,CC,AA,GC,GT,GG,AC,CC,CC,CC,GG,GG,AA,CC,GG,GG,CC,GG,TT,GG,GG,CC,GG,AA,CC,TT,GG,GG,GG
blank,NA,NA,Nextseq510,MACA_P8,NTC8,a,lane1-s464-index--TCCAGCCTGC-GCCAGATCCA-MACAP8_NTC8_a_S464.assembled,19813,33,0.17,-2%,-2,NA,0,0,0,0,0,0,0,0,0,0,0,0,NA,0,0,0,0,0,0,0,0,0,0,0,0,0,0,0,0,0,0,0,0,0,0,0,0,0,0,0,0,0,0,0,0,0,0,0,0,0,0,0,0,0,0,0,0,0,0,0,0,0,0,0,0,0,0,0,0,0,0,0,0,0,0,0,0,NA,0,0,0,0,0,0,0,0,0,0,0,0,0,0,0,0,0,0,0,0,0,0,0,0,0,0,0,0,0,0,0,0,0
blank,NA,NA,Nextseq510,MACA_P8,NTC8,b,lane1-s472-index--CAAGACGTCC-AGTATACGGA-MACAP8_NTC8_b_S472.assembled,8857,17,0.19,-2%,-2,NA,0,0,0,0,0,0,0,0,0,0,0,0,NA,0,0,0,0,0,0,0,0,0,0,0,0,0,0,0,0,0,0,0,0,0,0,0,0,0,0,0,0,0,0,0,0,0,0,0,0,0,0,0,0,0,0,0,0,0,0,0,0,0,0,0,0,0,0,0,0,0,0,0,0,0,0,0,0,NA,0,0,0,0,0,0,0,0,0,0,0,0,0,0,0,0,0,0,0,0,0,0,0,0,0,0,0,0,0,0,0,0,0
blank,NA,NA,Nextseq510,MACA_P8,NTC8,c,lane1-s480-index--AGTGGTTAAG-GGTGGAATAC-MACAP8_NTC8_c_S480.assembled,30745,28,0.09,-2%,-2,NA,0,0,0,0,0,0,0,0,0,0,0,0,NA,0,0,0,0,0,0,0,0,0,0,0,0,0,0,0,0,0,0,0,0,0,0,0,0,0,0,0,0,0,0,0,0,0,0,0,0,0,0,0,0,0,0,0,0,0,0,0,0,0,0,0,0,0,0,0,0,0,0,0,0,0,0,0,0,NA,0,0,0,0,0,0,0,0,0,0,0,0,0,0,0,0,0,0,0,0,0,0,0,0,0,0,0,0,0,0,0,0,0
blank,1,NA,,,NTC8,,CONSENSUS,19805,26,0.15,-2%,-2,0,0,0,0,0,0,0,0,0,0,0,0,0,0,0,0,0,0,0,0,0,0,0,0,0,0,0,0,0,0,0,0,0,0,0,0,0,0,0,0,0,0,0,0,0,0,0,0,0,0,0,0,0,0,0,0,0,0,0,0,0,0,0,0,0,0,0,0,0,0,0,0,0,0,0,0,0,0,0,0,0,0,0,0,0,0,0,0,0,0,0,0,0,0,0,0,0,0,0,0,0,0,0,0,0,0,0,0,0,0,0,0
scat_marten,NA,SDunes_M08.sc,Nextseq510,MACAP4,Coos07,a,lane1-s268-index--GTAGAGTCAG-ACGGCCGTCA-MACAP4_Coos07_a_S268.assembled,835551,814070,97.43,96%,87,NA,AA,CC,CC,GG,TT,0,GG,AT,GG,CC,CC,TT,0,CC,CC,TT,CC,CC,AA,AA,CC,CC,CA,AA,GG,TT,TC,GA,TT,AT,AA,GG,GG,CT,0,AA,CC,CC,GG,GG,CC,GG,AG,AA,GG,CC,TT,AA,CC,GG,GG,TT,CT,GG,TT,CC,CC,CT,CC,GA,CC,CC,GG,TT,AA,CC,GA,TT,TT,TT,TT,0,AT,AA,GA,CT,AA,AA,GG,AA,TT,GA,CG,CT,GG,GC,GT,GG,AA,CC,CC,CC,GG,GG,GG,CC,GG,GG,CC,GG,TT,GG,GG,CC,GG,AA,CC,TT,GG,GG,CC
scat_marten,NA,SDunes_M08.sc,Nextseq510,MACAP4,Coos07,b,lane1-s276-index--GTCCACTTGT-GCGCGATGTT-MACAP4_Coos07_b_S276.assembled,1422993,1383992,97.26,96%,87,NA,AA,CC,CC,GG,TT,0,GG,AT,GG,CC,CC,TT,AA,CC,CC,TC,CC,CC,AA,AA,CC,CC,CA,AA,GG,TT,TC,GA,TT,AT,AA,GG,GG,CT,AG,AA,CC,CC,GG,GG,CC,GG,AG,AA,GG,CC,TT,AA,CC,GG,GG,TT,CT,GG,0,CC,CC,CT,CC,GA,CC,CC,GG,TT,AA,CC,GA,TT,TT,TT,TT,GT,AT,AA,GA,CT,AA,AA,GG,AA,TT,GA,CG,CT,GG,GC,0,GG,AA,CC,CC,CC,GG,GG,GG,CC,GG,GG,CC,GG,TT,GG,GG,CC,GG,AA,CC,TT,GG,GG,CC
scat_marten,NA,SDunes_M08.sc,Nextseq510,MACAP4,Coos07,c,lane1-s284-index--ATACCAACGC-ACATACTTCC-MACAP4_Coos07_c_S284.assembled,630308,611474,97.01,95%,86,NA,AA,CC,CC,GG,TT,AA,GG,AT,GG,CC,CC,TT,AA,CC,CC,0,CC,CC,AA,AA,CC,CC,CA,AA,GG,TT,TC,GA,TT,AT,AA,GG,GG,CT,AG,AA,CC,CC,GG,GG,CC,GG,0,AA,GG,CC,TT,AA,CC,GG,GG,TT,CT,GG,CT,CC,CC,CT,CC,GA,CC,CC,GG,TT,AA,CC,GA,TT,TT,TT,TT,0,AT,AA,GA,CT,AA,AA,GG,AA,TT,0,CG,CT,GG,GC,0,GG,AA,CC,CC,CC,GG,GG,GG,CC,GG,GG,CC,GG,TT,GG,GG,CC,GG,AA,CC,TT,GG,GG,CC
scat_marten,0,SDunes_M08.sc,,,Coos07,,CONSENSUS,962951,936512,97.23,95%,86,0,AA,CC,CC,GG,TT,0,GG,AT,GG,CC,CC,TT,AA,CC,CC,NA,CC,CC,AA,AA,CC,CC,CA,AA,GG,TT,TC,GA,TT,AT,AA,GG,GG,CT,AG,AA,CC,CC,GG,GG,CC,GG,AG,AA,GG,CC,TT,AA,CC,GG,GG,TT,CT,GG,NA,CC,CC,CT,CC,GA,CC,CC,GG,TT,AA,CC,GA,TT,TT,TT,TT,0,AT,AA,GA,CT,AA,AA,GG,AA,TT,GA,CG,CT,GG,GC,0,GG,AA,CC,CC,CC,GG,GG,GG,CC,GG,GG,CC,GG,TT,GG,GG,CC,GG,AA,CC,TT,GG,GG,CC
scat_marten,NA,SDunes_M09.sc,Nextseq510,MACAP4,Coos09,a,lane1-s269-index--GGATACCAGA-CGTTGCTTAC-MACAP4_Coos09_a_S269.assembled,1104791,1075020,97.31,100%,91,NA,AA,CC,CT,GC,TT,AG,GG,AA,GA,CC,CC,TT,GG,CC,CC,TT,CC,CC,AA,AA,TT,CC,CA,AA,GG,TT,TT,GA,CC,TT,AA,GG,GA,TT,AA,AA,CC,CT,GG,GG,CC,GA,AA,AA,GG,CC,TT,AA,CC,GG,GG,TT,TT,GG,CC,CT,CT,CT,CC,GG,CC,CC,GG,CC,AA,CC,GA,TT,TT,TT,TA,GG,AT,GA,AA,CT,AA,AA,GT,AA,TT,GG,CC,CT,GG,GC,TT,GG,AA,CC,CC,CT,GG,GG,GG,CC,GG,GG,CC,GG,TT,GG,GG,CC,GG,AA,CC,TT,GG,GG,CC
scat_marten,NA,SDunes_M09.sc,Nextseq510,MACAP4,Coos09,b,lane1-s277-index--TTAGGTACCA-CATGAGTACT-MACAP4_Coos09_b_S277.assembled,1026407,1000133,97.44,98%,89,NA,AA,CC,CT,GC,TT,AG,GG,AA,GA,CC,CC,TT,GG,CC,CC,TT,CC,CC,AA,AA,CT,CC,CA,AA,GG,TT,TT,GA,CC,TT,AA,GG,GA,TT,AA,AA,CC,CT,GG,GG,CC,GA,AA,AA,GG,CC,TT,AA,CC,GG,GG,TT,TT,GG,CC,CT,CT,CT,0,GG,CC,CC,GG,CC,AA,CC,GA,TT,TT,TT,TA,GG,AT,GA,AA,0,AA,AA,GT,AA,TT,GG,CC,CT,GG,GC,TT,GG,AA,CC,CC,CT,GG,GG,GG,CC,GG,GG,CC,0,TT,GG,GG,CC,GG,AA,CC,TT,GG,GG,CC
scat_marten,NA,SDunes_M09.sc,Nextseq510,MACAP4,Coos09,c,lane1-s285-index--CTGGATATGT-TATGTGCAAT-MACAP4_Coos09_c_S285.assembled,1105541,1076831,97.4,98%,89,NA,AA,CC,CT,GC,TT,AG,GG,AA,GA,CC,CC,TT,GG,CC,CC,TT,CC,CC,AA,AA,CT,CC,CA,AA,GG,TT,TT,GA,CC,TT,AA,GG,0,TT,AA,AA,CC,0,GG,GG,CC,GA,AA,AA,GG,CC,TT,AA,CC,GG,GG,TT,TT,GG,CC,CT,CT,CT,CC,GG,CC,CC,GG,CC,AA,CC,GA,TT,TT,TT,TA,GG,AT,GA,AA,CT,AA,AA,GT,AA,TT,GG,CC,CT,GG,GC,TT,GG,AA,CC,CC,CT,GG,GG,GG,CC,GG,GG,CC,GC,TT,GG,GG,CC,GG,AA,CC,TT,GG,GG,CC
scat_marten,0,SDunes_M09.sc,,,Coos09,,CONSENSUS,1078913,1050661,97.38,100%,91,0,AA,CC,CT,GC,TT,AG,GG,AA,GA,CC,CC,TT,GG,CC,CC,TT,CC,CC,AA,AA,CT,CC,CA,AA,GG,TT,TT,GA,CC,TT,AA,GG,GA,TT,AA,AA,CC,CT,GG,GG,CC,GA,AA,AA,GG,CC,TT,AA,CC,GG,GG,TT,TT,GG,CC,CT,CT,CT,CC,GG,CC,CC,GG,CC,AA,CC,GA,TT,TT,TT,TA,GG,AT,GA,AA,CT,AA,AA,GT,AA,TT,GG,CC,CT,GG,GC,TT,GG,AA,CC,CC,CT,GG,GG,GG,CC,GG,GG,CC,NA,TT,GG,GG,CC,GG,AA,CC,TT,GG,GG,CC
scat_marten,NA,SDunes_M09.sc,Nextseq510,MACAP4,Coos10,a,lane1-s271-index--TCCTGACCGT-CGGCCTCGTT-MACAP4_Coos10_a_S271.assembled,633380,618294,97.62,100%,91,NA,AA,CC,CT,GC,TT,AG,GG,AA,GA,CC,CC,TT,GG,CC,CC,TT,CC,CC,AA,AA,CT,CC,CA,AA,GG,TT,TT,GA,CC,TT,AA,GG,GA,TT,AA,AA,CC,CT,GG,GG,CC,GA,AA,AA,GG,CC,TT,AA,CC,GG,GG,TT,TT,GG,CC,CT,CT,CT,CC,GG,CC,CC,GG,CC,AA,CC,GA,TT,TT,TT,TA,GG,AT,GA,AA,CT,AA,AA,GT,AA,TT,GG,CC,CT,GG,GC,TT,GG,AA,CC,CC,CT,GG,GG,GG,CC,GG,GG,CC,GG,TT,GG,GG,CC,GG,AA,CC,TT,GG,GG,CC
scat_marten,NA,SDunes_M09.sc,Nextseq510,MACAP4,Coos10,b,lane1-s279-index--CATGTAGAGG-GATACCTCCT-MACAP4_Coos10_b_S279.assembled,969557,945718,97.54,100%,91,NA,AA,CC,CT,GC,TT,AG,GG,AA,GA,CC,CC,TT,GG,CC,CC,TT,CC,CC,AA,AA,CT,CC,CA,AA,GG,TT,TT,GA,CC,TT,AA,GG,GA,TT,AA,AA,CC,CT,GG,GG,CC,GA,AA,AA,GG,CC,TT,AA,CC,GG,GG,TT,TT,GG,CC,CT,CT,CT,CC,GG,CC,CC,GG,CC,AA,CC,GA,TT,TT,TT,TA,GG,AT,GA,AA,CT,AA,AA,GT,AA,TT,GG,CC,CT,GG,GC,TT,GG,AA,CC,CC,CT,GG,GG,GG,CC,GG,GG,CC,GG,TT,GG,GG,CC,GG,AA,CC,TT,GG,GG,CC
scat_marten,NA,SDunes_M09.sc,Nextseq510,MACAP4,Coos10,c,lane1-s287-index--GGTGGAATAC-ATGTAGACAA-MACAP4_Coos10_c_S287.assembled,530443,517733,97.6,100%,91,NA,AA,CC,CT,GC,TT,AG,GG,AA,GA,CC,CC,TT,GG,CC,CC,TT,CC,CC,AA,AA,CT,CC,CA,AA,GG,TT,TT,GA,CC,TT,AA,GG,GA,TT,AA,AA,CC,CT,GG,GG,CC,GA,AA,AA,GG,CC,TT,AA,CC,GG,GG,TT,TT,GG,CC,CT,CT,CT,CC,GG,CC,CC,GG,CC,AA,CC,GA,TT,TT,TT,TA,GG,AT,GA,AA,CT,AA,AA,GT,AA,TT,GG,CC,CT,GG,GC,TT,GG,AA,CC,CC,CT,GG,GG,GG,CC,GG,GG,CC,GG,TT,GG,GG,CC,GG,AA,CC,TT,GG,GG,CC
scat_marten,0,SDunes_M09.sc,,,Coos10,,CONSENSUS,711127,693915,97.59,100%,91,0,AA,CC,CT,GC,TT,AG,GG,AA,GA,CC,CC,TT,GG,CC,CC,TT,CC,CC,AA,AA,CT,CC,CA,AA,GG,TT,TT,GA,CC,TT,AA,GG,GA,TT,AA,AA,CC,CT,GG,GG,CC,GA,AA,AA,GG,CC,TT,AA,CC,GG,GG,TT,TT,GG,CC,CT,CT,CT,CC,GG,CC,CC,GG,CC,AA,CC,GA,TT,TT,TT,TA,GG,AT,GA,AA,CT,AA,AA,GT,AA,TT,GG,CC,CT,GG,GC,TT,GG,AA,CC,CC,CT,GG,GG,GG,CC,GG,GG,CC,GG,TT,GG,GG,CC,GG,AA,CC,TT,GG,GG,CC
scat_marten,NA,SDunes_M14.sc,Nextseq510,MACAP4,MH-21,a,lane1-s224-index--CATACACTGT-GAACATACGG-MACAP4_MH_21_a_S224.assembled,323301,316287,97.83,93%,85,NA,GA,CC,TT,GC,TT,GG,GA,AT,GG,CT,CC,TT,GG,CC,0,TT,CC,0,AA,AA,CC,CC,AA,AA,GG,TT,TC,0,CC,AT,AA,AA,GA,CT,AG,AA,CT,CC,GA,GG,CC,GA,AG,AA,GG,CC,TC,AA,CT,GT,GC,TT,CT,GG,CT,CC,CT,CC,CG,GG,CC,TC,GC,TT,AA,0,AA,CC,TC,TT,TA,GG,AA,AA,GA,CT,AA,AA,0,AA,TT,GG,CG,CC,GG,GC,GT,GA,AC,CC,CC,CT,GG,GG,GG,CC,GG,GG,CC,GG,TT,GA,GA,CC,GG,AA,CC,TT,GG,GG,0
scat_marten,NA,SDunes_M14.sc,Nextseq510,MACAP4,MH-21,b,lane1-s232-index--TGACTACATA-CGCACTAATG-MACAP4_MH_21_b_S232.assembled,263202,256788,97.56,97%,88,NA,GA,CC,TT,GC,TT,GG,GA,AT,GG,CT,CC,TT,GG,CC,CC,TT,CC,CC,AA,AA,CC,CC,AA,AA,GG,TT,TC,AA,CC,AT,AA,AA,GA,CT,AG,AA,CT,CC,GA,GG,CC,GA,AG,AA,GG,CC,TC,AA,CT,GT,GC,TT,CT,GG,CT,CC,CT,CC,CG,GG,CC,TC,GC,TT,AA,0,AA,CC,TC,TT,TA,GG,AA,AA,GA,CT,AA,AA,GG,AA,0,GG,CG,CC,GG,GC,GT,GA,AC,CC,CC,CT,0,GG,GG,CC,GG,GG,CC,GG,TT,GA,GA,CC,GG,AA,CC,TT,GG,GG,0
scat_marten,NA,SDunes_M14.sc,Nextseq510,MACAP4,MH-21,c,lane1-s240-index--AGTGCCACTG-TAACAATAGG-MACAP4_MH_21_c_S240.assembled,383632,375501,97.88,97%,88,NA,GA,CC,TT,GC,TT,GG,GA,AT,GG,CT,CC,TT,GG,CC,CC,TT,CC,0,AA,AA,CC,CC,AA,AA,GG,TT,TC,AA,CC,AT,AA,AA,GA,CT,AG,AA,CT,CC,GA,GG,CC,GA,AG,AA,GG,CC,TC,AA,CT,GT,GC,TT,CT,GG,CT,CC,CT,CC,CG,GG,CC,TC,GC,TT,AA,0,AA,CC,TC,TT,TA,GG,AA,AA,GA,CT,AA,AA,GG,AA,TT,GG,CG,CC,GG,GC,GT,GA,AC,CC,CC,CT,0,GG,GG,CC,GG,GG,CC,GG,TT,GA,GA,CC,GG,AA,CC,TT,GG,GG,0
scat_marten,0,SDunes_M14.sc,,,MH-21,,CONSENSUS,323378,316192,97.76,97%,88,0,GA,CC,TT,GC,TT,GG,GA,AT,GG,CT,CC,TT,GG,CC,CC,TT,CC,0,AA,AA,CC,CC,AA,AA,GG,TT,TC,AA,CC,AT,AA,AA,GA,CT,AG,AA,CT,CC,GA,GG,CC,GA,AG,AA,GG,CC,TC,AA,CT,GT,GC,TT,CT,GG,CT,CC,CT,CC,CG,GG,CC,TC,GC,TT,AA,0,AA,CC,TC,TT,TA,GG,AA,AA,GA,CT,AA,AA,GG,AA,TT,GG,CG,CC,GG,GC,GT,GA,AC,CC,CC,CT,GG* (1 rep),GG,GG,CC,GG,GG,CC,GG,TT,GA,GA,CC,GG,AA,CC,TT,GG,GG,0
scat_marten,NA,SDunes_F16.sc,Nextseq510,MACAP4,MH-22,b,lane1-s249-index--TTAGGATAGA-CGTCGACTGG-MACAP4_MH_22_b_S249.assembled,941083,912370,96.95,100%,91,NA,AA,AC,TT,GC,TT,AG,GG,AT,GA,CT,CC,TT,AA,CC,CT,TT,CC,CC,AA,AA,CC,CA,AA,AA,GG,TT,TT,GA,CC,AT,AA,GA,GG,TT,GG,AA,CT,CC,GG,GA,CC,GA,AG,AA,GG,CC,TT,AA,CT,GG,GG,TT,CT,GG,CC,CT,CC,CC,CG,AA,CA,TT,GG,TT,AA,CG,AA,CC,TC,TT,TT,GG,AA,AA,GA,CC,AA,AA,GG,AA,TG,GA,CC,CC,GG,GC,GT,GG,AA,TC,CC,CT,0,0,AG,CC,GG,GG,CC,GG,TT,GA,GG,CC,GG,AA,CC,TT,GG,GG,CG
scat_marten,NA,SDunes_F16.sc,Nextseq510,MACAP4,MH-22,c,lane1-s241-index--GTGCAACACT-CTGGTACACG-MACAP4_MH_22_a_S241.assembled,2368699,2309656,97.51,100%,91,NA,AA,AC,TT,GC,TT,AG,GG,AT,GA,CT,CC,TT,AA,CC,CT,TT,CC,CC,AA,AA,CC,CA,AA,AA,GG,TT,TT,GA,CC,AT,AA,GA,GG,TT,GG,AA,CT,CC,GG,GA,CC,GA,AG,AA,GG,CC,TT,AA,CT,GG,GG,TT,CT,GG,CC,CT,CC,CC,CG,AA,CA,TT,GG,TT,AA,CG,AA,CC,TC,TT,TT,GG,AA,AA,GA,CC,AA,AA,GG,AA,TG,GA,CC,CC,GG,GC,GT,GG,AA,TC,CC,CT,0,0,AG,CC,GG,GG,CC,GG,TT,GA,GG,CC,GG,AA,CC,TT,GG,GG,CG
scat_marten,NA,SDunes_F16.sc,Nextseq510,MACAP4,MH-22,c,lane1-s257-index--AGACACATTA-GTAAGGCATA-MACAP4_MH_22_c_S257.assembled,831282,808656,97.28,100%,91,NA,AA,AC,TT,GC,TT,AG,GG,AT,GA,CT,CC,TT,AA,CC,CT,TT,CC,CC,AA,AA,CC,CA,AA,AA,GG,TT,TT,GA,CC,AT,AA,GA,GG,TT,GG,AA,CT,CC,GG,GA,CC,GA,AG,AA,GG,CC,TT,AA,CT,GG,GG,TT,CT,GG,CC,CT,CC,CC,CG,AA,CA,TT,GG,TT,AA,CG,AA,CC,TC,TT,TT,GG,AA,AA,GA,CC,AA,AA,GG,AA,TG,GA,CC,CC,GG,GC,GT,GG,AA,TC,CC,CT,0,0,AG,CC,GG,GG,CC,GG,TT,GA,GG,CC,GG,AA,CC,TT,GG,GG,CG
scat_marten,0,SDunes_F16.sc,,,MH-22,,CONSENSUS,1380355,1343561,97.25,100%,91,0,AA,AC,TT,GC,TT,AG,GG,AT,GA,CT,CC,TT,AA,CC,CT,TT,CC,CC,AA,AA,CC,CA,AA,AA,GG,TT,TT,GA,CC,AT,AA,GA,GG,TT,GG,AA,CT,CC,GG,GA,CC,GA,AG,AA,GG,CC,TT,AA,CT,GG,GG,TT,CT,GG,CC,CT,CC,CC,CG,AA,CA,TT,GG,TT,AA,CG,AA,CC,TC,TT,TT,GG,AA,AA,GA,CC,AA,AA,GG,AA,TG,GA,CC,CC,GG,GC,GT,GG,AA,TC,CC,CT,0,0,AG,CC,GG,GG,CC,GG,TT,GA,GG,CC,GG,AA,CC,TT,GG,GG,CG
scat_marten,NA,SDunes_F16.sc,Nextseq510,MACAP4,MH-23,a,lane1-s242-index--ACATGGTGTC-TCAACGTGTA-MACAP4_MH_23_a_S242.assembled,98723,94410,95.63,26%,24,NA,AA,CC,0,0,0,0,0,TT,0,0,CC,TT,0,0,TT,0,0,0,0,0,0,AA,0,0,0,0,0,0,CC,0,0,0,0,TT,0,AA,0,0,0,0,0,GG,GG,0,GG,0,TT,0,CC,0,0,0,0,0,0,TT,0,0,0,AA,0,0,0,0,0,0,AA,0,0,TT,0,0,AA,0,0,CC,0,0,0,0,0,AA,0,0,0,0,0,GG,0,TT,0,CC,0,0,AA,CC,0,0,0,0,0,GG,GG,0,0,0,0,0,0,GG,0
scat_marten,NA,SDunes_F16.sc,Nextseq510,MACAP4,MH-23,b,lane1-s250-index--CCGAAGCGAG-TACTAGTCAA-MACAP4_MH_23_b_S250.assembled,739220,717947,97.12,100%,91,NA,AA,AC,TT,GC,TT,AG,GG,AT,GA,CT,CC,TT,AA,CC,CT,TT,CC,CC,AA,AA,CC,CA,AA,AA,GG,TT,TT,GA,CC,AT,AA,GA,GG,TT,GG,AA,CT,CC,GG,GA,CC,GA,AG,AA,GG,CC,TT,AA,CT,GG,GG,TT,CT,GG,CC,CT,CC,CC,CG,AA,CA,TT,GG,TT,AA,CG,AA,CC,TC,TT,TT,GG,AA,AA,GA,CC,AA,AA,GG,AA,TG,GA,CC,CC,GG,GC,GT,GG,AA,TC,CC,CT,0,0,AG,CC,GG,GG,CC,GG,TT,GA,GG,CC,GG,AA,CC,TT,GG,GG,CG
scat_marten,NA,SDunes_F16.sc,Nextseq510,MACAP4,MH-23,c,lane1-s258-index--GCGTTGGTAT-AATTGCTGCG-MACAP4_MH_23_c_S258.assembled,567251,549054,96.79,100%,91,NA,AA,AC,TT,GC,TT,AG,GG,AT,GA,CT,CC,TT,AA,CC,CT,TT,CC,CC,AA,AA,CC,CA,AA,AA,GG,TT,TT,GA,CC,AT,AA,GA,GG,TT,GG,AA,CT,CC,GG,GA,CC,GA,AG,AA,GG,CC,TT,AA,CT,GG,GG,TT,CT,GG,CC,CT,CC,CC,CG,AA,CA,TT,GG,TT,AA,CG,AA,CC,TC,TT,TT,GG,AA,AA,GA,CC,AA,AA,GG,AA,TG,GA,CC,CC,GG,GC,GT,GG,AA,TC,CC,CT,0,0,AG,CC,GG,GG,CC,GG,TT,GA,GG,CC,GG,AA,CC,TT,GG,GG,CG
scat_marten,0,SDunes_F16.sc,,,MH-23,,CONSENSUS,468398,453804,96.51,100%,91,0,AA,AC,TT,GC,TT,AG,GG,AT,GA,CT,CC,TT,AA,CC,CT,TT,CC,CC,AA,AA,CC,CA,AA,AA,GG,TT,TT,GA,CC,AT,AA,GA,GG,TT,GG,AA,CT,CC,GG,GA,CC,GA,AG,AA,GG,CC,TT,AA,CT,GG,GG,TT,CT,GG,CC,CT,CC,CC,CG,AA,CA,TT,GG,TT,AA,CG,AA,CC,TC,TT,TT,GG,AA,AA,GA,CC,AA,AA,GG,AA,TG,GA,CC,CC,GG,GC,GT,GG,AA,TC,CC,CT,0,0,AG,CC,GG,GG,CC,GG,TT,GA,GG,CC,GG,AA,CC,TT,GG,GG,CG
scat_marten,NA,SDunes_M15.sc,Nextseq510,MACAP4,MH-25,a,lane1-s243-index--GACAGACAGG-ACTGTTGTGA-MACAP4_MH_25_a_S243.assembled,485676,474436,97.69,99%,90,NA,GA,AC,CT,GC,TT,GG,GA,AA,GG,CC,CC,TT,AA,CC,CC,TT,CC,CC,AA,AA,CC,CA,CA,AA,GG,TT,TC,GG,CC,AT,AA,GA,GG,TT,GG,AA,CT,CC,GG,GA,CC,GG,AA,AA,GG,CC,TC,AA,CC,GG,GC,TT,CT,GG,CC,CC,CC,CT,CG,GA,CA,TT,GC,TT,AA,CC,GG,CC,TC,TT,TA,GG,AA,GA,GG,CC,AA,AA,TT,AA,TT,GG,CG,CC,GG,CC,GT,GA,AA,TC,CC,CT,GG,GG,AG,CC,GG,GG,CC,GG,TT,GG,GA,CC,GG,AA,CC,TT,GG,GG,CC
scat_marten,NA,SDunes_M15.sc,Nextseq510,MACAP4,MH-25,b,lane1-s251-index--GGACCAACAG-ATAGACCGTT-MACAP4_MH_25_b_S251.assembled,342841,334597,97.6,100%,91,NA,GA,AC,CT,GC,TT,GG,GA,AA,GG,CC,CC,TT,AA,CC,CC,TT,CC,CC,AA,AA,CC,CA,CA,AA,GG,TT,TC,GG,CC,AT,AA,GA,GG,TT,GG,AA,CT,CC,GG,GA,CC,GG,AA,AA,GG,CC,TC,AA,CC,GG,GC,TT,CT,GG,CC,CC,CC,CT,CG,GA,CA,TT,GC,TT,AA,CC,GG,CC,TC,TT,TA,GG,AA,GA,GG,CC,AA,AA,TT,AA,TT,GG,CG,CC,GG,CC,GT,GA,AA,TC,CC,CT,GG,GG,AG,CC,GG,GG,CC,GG,TT,GG,GA,CC,GG,AA,CC,TT,GG,GG,CC
scat_marten,NA,SDunes_M15.sc,Nextseq510,MACAP4,MH-25,c,lane1-s259-index--AGCACATCCT-TTACAATTCC-MACAP4_MH_25_c_S259.assembled,322845,314651,97.46,99%,90,NA,GA,AC,CT,GC,TT,GG,GA,AA,GG,CC,CC,TT,AA,CC,CC,TT,CC,CC,AA,AA,CC,CA,CA,AA,GG,TT,TC,GG,CC,AT,AA,GA,GG,TT,GG,AA,CT,CC,GG,GA,CC,GG,AA,AA,GG,CC,TC,AA,CC,GG,GC,TT,CT,GG,CC,CC,CC,CT,CG,GA,CA,TT,GC,TT,AA,CC,GG,CC,TC,TT,TA,GG,AA,GA,GG,CC,AA,AA,TT,AA,TT,GG,CG,CC,GG,CC,GT,GA,AA,TC,CC,CT,GG,GG,AG,CC,GG,GG,CC,GG,TT,GG,GA,CC,GG,AA,CC,TT,GG,GG,CC
scat_marten,0,SDunes_M15.sc,,,MH-25,,CONSENSUS,383787,374561,97.58,99%,90,0,GA,AC,CT,GC,TT,GG,GA,AA,GG,CC,CC,TT,AA,CC,CC,TT,CC,CC,AA,AA,CC,CA,CA,AA,GG,TT,TC,GG,CC,AT,AA,GA,GG,TT,GG,AA,CT,CC,GG,GA,CC,GG,AA,AA,GG,CC,TC,AA,CC,GG,GC,TT,CT,GG,CC,CC,CC,CT,CG,GA,CA,TT,GC,TT,AA,CC,GG,CC,TC,TT,TA,GG,AA,GA,GG,CC,AA,AA,TT,AA,TT,GG,CG,CC,GG,CC,GT,GA,AA,TC,CC,CT,GG,GG,AG,CC,GG,GG,CC,GG,TT,GG,GA,CC,GG,AA,CC,TT,GG,GG,CC
scat_marten,NA,SDunes_M15.sc,Nextseq510,MACAP4,MH-26,a,lane1-s244-index--TCTTACATCA-GTGCGTCCTT-MACAP4_MH_26_a_S244.assembled,246997,241106,97.61,99%,90,NA,GA,AC,CT,GC,TT,GG,GA,AA,GG,CC,CC,TT,AA,CC,CC,TT,CC,CC,AA,AA,CC,CA,CA,AA,GG,TT,TC,GG,CC,AT,AA,GA,GG,TT,GG,AA,CT,CC,GG,GA,CC,GG,AA,AA,GG,CC,TC,AA,CC,GG,GC,TT,CT,GG,CC,CC,CC,CT,CG,GA,CA,TT,GC,TT,AA,CC,GG,CC,TC,TT,TA,GG,AA,GA,GG,CC,AA,AA,TT,AA,TT,GG,CG,CC,GG,CC,GT,GA,AA,TC,CC,CT,GG,GG,AG,CC,GG,GG,CC,GG,TT,GG,GA,CC,GG,AA,CC,TT,GG,GG,CC
scat_marten,NA,SDunes_M15.sc,Nextseq510,MACAP4,MH-26,b,lane1-s252-index--TTCCAGGTAA-ACAGTTCCAG-MACAP4_MH_26_b_S252.assembled,408451,399491,97.81,99%,90,NA,GA,AC,CT,GC,TT,GG,GA,AA,GG,CC,CC,TT,AA,CC,CC,TT,CC,CC,AA,AA,CC,CA,CA,AA,GG,TT,TC,GG,CC,AT,AA,GA,GG,TT,GG,AA,CT,CC,GG,GA,CC,GG,AA,AA,GG,CC,TC,AA,CC,GG,GC,TT,CT,GG,CC,CC,CC,CT,CG,GA,CA,TT,GC,TT,AA,CC,GG,CC,TC,TT,TA,GG,AA,GA,GG,CC,AA,AA,TT,AA,TT,GG,CG,CC,GG,CC,GT,GA,AA,TC,CC,CT,GG,GG,AG,CC,GG,GG,CC,GG,TT,GG,GA,CC,GG,AA,CC,TT,GG,GG,CC
scat_marten,NA,SDunes_M15.sc,Nextseq510,MACAP4,MH-26,c,lane1-s260-index--TTGTTCCGTG-AACCTAGCAC-MACAP4_MH_26_c_S260.assembled,205555,201069,97.82,99%,90,NA,GA,AC,CT,GC,TT,GG,GA,AA,GG,CC,CC,TT,AA,CC,CC,TT,CC,CC,AA,AA,CC,CA,CA,AA,GG,TT,TC,GG,CC,AT,AA,GA,GG,TT,GG,AA,CT,CC,GG,GA,CC,GG,AA,AA,GG,CC,TC,AA,CC,GG,GC,TT,CT,GG,CC,CC,CC,CT,CG,GA,CA,TT,GC,TT,AA,CC,GG,CC,TC,TT,TA,GG,AA,GA,GG,CC,AA,AA,TT,AA,TT,GG,CG,CC,GG,CC,GT,GA,AA,TC,CC,CT,GG,GG,AG,CC,GG,GG,CC,GG,TT,GG,GA,CC,GG,AA,CC,TT,GG,GG,CC
scat_marten,0,SDunes_M15.sc,,,MH-26,,CONSENSUS,287001,280555,97.75,99%,90,0,GA,AC,CT,GC,TT,GG,GA,AA,GG,CC,CC,TT,AA,CC,CC,TT,CC,CC,AA,AA,CC,CA,CA,AA,GG,TT,TC,GG,CC,AT,AA,GA,GG,TT,GG,AA,CT,CC,GG,GA,CC,GG,AA,AA,GG,CC,TC,AA,CC,GG,GC,TT,CT,GG,CC,CC,CC,CT,CG,GA,CA,TT,GC,TT,AA,CC,GG,CC,TC,TT,TA,GG,AA,GA,GG,CC,AA,AA,TT,AA,TT,GG,CG,CC,GG,CC,GT,GA,AA,TC,CC,CT,GG,GG,AG,CC,GG,GG,CC,GG,TT,GG,GA,CC,GG,AA,CC,TT,GG,GG,CC
scat_marten,NA,SDunes_M16.sc,Nextseq510,MACAP4,MH-27,a,lane1-s245-index--TTACAATTCC-AGCACATCCT-MACAP4_MH_27_a_S245.assembled,37763,36254,96,60%,55,NA,AA,CC,0,GC,0,0,0,AT,GG,0,CC,TT,0,CC,CT,0,0,GG,AA,0,0,CC,AA,AA,GG,TT,0,GA,CC,AT,AA,0,0,CC,0,0,CT,0,GG,GG,CC,GG,0,0,GG,CC,TC,0,0,GG,0,0,0,GG,0,CC,CC,CC,0,0,CC,CC,GC,0,AA,CG,AA,CC,TC,TT,TT,GG,AA,AA,GA,CT,0,0,0,0,0,GG,0,CC,GG,0,GG,0,0,CC,CC,CC,0,0,GG,CC,GG,0,0,0,0,0,0,CC,GG,AA,0,TT,GG,GG,CG
scat_marten,NA,SDunes_M16.sc,Nextseq510,MACAP4,MH-27,b,lane1-s253-index--TGATTAGCCA-AGGCATGTAG-MACAP4_MH_27_b_S253.assembled,712205,697713,97.97,100%,91,NA,AA,CC,CT,GC,TT,GG,GA,AT,GG,CC,CC,TT,GG,CC,CT,TT,CC,CG,AA,AA,CC,CC,AA,AA,GG,TT,TC,GA,CC,AT,AA,AA,GA,CT,GG,AA,TT,CC,GG,GG,CC,GG,AG,AA,GG,CC,TC,AA,CC,GT,GC,TT,CT,GG,CC,CC,CC,CC,CC,GG,CC,CC,GC,TT,AA,CG,AA,CC,TC,TT,TT,GG,AA,AA,GA,CT,AA,AA,GT,AA,TG,GG,CG,CC,GG,CC,GG,GG,AA,CC,CC,CC,GG,GG,GG,CC,GG,GG,CC,GG,TT,GG,GG,CC,GG,AA,CC,TT,GG,GG,CG
scat_marten,NA,SDunes_M16.sc,Nextseq510,MACAP4,MH-27,c,lane1-s261-index--AAGTACTCCA-TCTGTGTGGA-MACAP4_MH_27_c_S261.assembled,1112336,1089569,97.95,100%,91,NA,AA,CC,CT,GC,TT,GG,GA,AT,GG,CC,CC,TT,GG,CC,CT,TT,CC,CG,AA,AA,CC,CC,AA,AA,GG,TT,TC,GA,CC,AT,AA,AA,GA,CT,GG,AA,TT,CC,GG,GG,CC,GG,AG,AA,GG,CC,TC,AA,CC,GT,GC,TT,CT,GG,CC,CC,CC,CC,CC,GG,CC,CC,GC,TT,AA,CG,AA,CC,TC,TT,TT,GG,AA,AA,GA,CT,AA,AA,GT,AA,TG,GG,CG,CC,GG,CC,GG,GG,AA,CC,CC,CC,GG,GG,GG,CC,GG,GG,CC,GG,TT,GG,GG,CC,GG,AA,CC,TT,GG,GG,CG
scat_marten,0,SDunes_M16.sc,,,MH-27,,CONSENSUS,620768,607845,97.31,99%,90,0,AA,CC,CT,GC,TT,GG,GA,AT,GG,CC,CC,TT,GG,CC,CT,TT,CC,CG,AA,AA,CC,CC,AA,AA,GG,TT,TC,GA,CC,AT,AA,AA,GA,CT,GG,AA,NA,CC,GG,GG,CC,GG,AG,AA,GG,CC,TC,AA,CC,GT,GC,TT,CT,GG,CC,CC,CC,CC,CC,GG,CC,CC,GC,TT,AA,CG,AA,CC,TC,TT,TT,GG,AA,AA,GA,CT,AA,AA,GT,AA,TG,GG,CG,CC,GG,CC,GG,GG,AA,CC,CC,CC,GG,GG,GG,CC,GG,GG,CC,GG,TT,GG,GG,CC,GG,AA,CC,TT,GG,GG,CG
scat_marten,NA,SDunes_M15.sc,Nextseq510,MACAP4,MH-28,a,lane1-s246-index--AAGCTTATGC-TTCCGTCGCA-MACAP4_MH_28_a_S246.assembled,355852,347127,97.55,99%,90,NA,GA,AC,CT,GC,TT,GG,GA,AA,GG,CC,CC,TT,0,CC,CC,TT,CC,CC,AA,AA,CC,CA,CA,AA,GG,TT,TC,GG,CC,AT,AA,GA,GG,TT,GG,AA,CT,CC,GG,GA,CC,GG,AA,AA,GG,CC,TC,AA,CC,GG,GC,TT,CT,GG,CC,CC,CC,CT,CG,GA,CA,TT,GC,TT,AA,CC,GG,CC,TC,TT,TA,GG,AA,GA,GG,CC,AA,AA,TT,AA,TT,GG,CG,CC,GG,CC,GT,GA,AA,TC,CC,CT,GG,GG,AG,CC,GG,GG,CC,GG,TT,GG,GA,CC,GG,AA,CC,TT,GG,GG,CC
scat_marten,NA,SDunes_M15.sc,Nextseq510,MACAP4,MH-28,b,lane1-s254-index--TAACAGTGTT-GCAAGTCTCA-MACAP4_MH_28_b_S254.assembled,165347,160605,97.13,99%,90,NA,GA,AC,CT,GC,TT,GG,GA,AA,GG,CC,CC,TT,AA,CC,CC,TT,CC,CC,AA,AA,CC,CA,CA,AA,GG,TT,TC,GG,CC,AT,AA,GA,GG,TT,GG,AA,CT,CC,GG,GA,CC,GG,AA,AA,GG,CC,TC,AA,CC,GG,GC,TT,CT,GG,CC,CC,CC,CT,CG,GA,CA,TT,GC,TT,AA,CC,GG,CC,TC,TT,TA,GG,AA,GA,GG,CC,AA,AA,TT,AA,TT,GG,CG,CC,GG,CC,GT,GA,AA,TC,CC,CT,GG,GG,AG,CC,GG,GG,CC,GG,TT,GG,GA,CC,GG,AA,CC,TT,GG,GG,CC
scat_marten,NA,SDunes_M15.sc,Nextseq510,MACAP4,MH-28,c,lane1-s262-index--ACGTCAATAC-GGAATTCCAA-MACAP4_MH_28_c_S262.assembled,774515,754753,97.45,100%,91,NA,GA,AC,CT,GC,TT,GG,GA,AA,GG,CC,CC,TT,AA,CC,CC,TT,CC,CC,AA,AA,CC,CA,CA,AA,GG,TT,TC,GG,CC,AT,AA,GA,GG,TT,GG,AA,CT,CC,GG,GA,CC,GG,AA,AA,GG,CC,TC,AA,CC,GG,GC,TT,CT,GG,CC,CC,CC,CT,CG,GA,CA,TT,GC,TT,AA,CC,GG,CC,TC,TT,TA,GG,AA,GA,GG,CC,AA,AA,TT,AA,TT,GG,CG,CC,GG,CC,GT,GA,AA,TC,CC,CT,GG,GG,AG,CC,GG,GG,CC,GG,TT,GG,GA,CC,GG,AA,CC,TT,GG,GG,CC
scat_marten,0,SDunes_M15.sc,,,MH-28,,CONSENSUS,431905,420828,97.38,100%,91,0,GA,AC,CT,GC,TT,GG,GA,AA,GG,CC,CC,TT,AA,CC,CC,TT,CC,CC,AA,AA,CC,CA,CA,AA,GG,TT,TC,GG,CC,AT,AA,GA,GG,TT,GG,AA,CT,CC,GG,GA,CC,GG,AA,AA,GG,CC,TC,AA,CC,GG,GC,TT,CT,GG,CC,CC,CC,CT,CG,GA,CA,TT,GC,TT,AA,CC,GG,CC,TC,TT,TA,GG,AA,GA,GG,CC,AA,AA,TT,AA,TT,GG,CG,CC,GG,CC,GT,GA,AA,TC,CC,CT,GG,GG,AG,CC,GG,GG,CC,GG,TT,GG,GA,CC,GG,AA,CC,TT,GG,GG,CC
scat_marten,NA,SDunes_F17.sc,Nextseq510,MACAP4,MH21-1,a,lane1-s193-index--CGCTCAGTTC-TCGTGGAGCG-MACAP4_MH21_1_a_S193.assembled,909353,885969,97.43,100%,91,NA,AA,AC,CT,GC,TT,AG,GG,AA,GA,TT,CC,TT,AA,CC,CT,TT,CC,CG,AA,AA,CC,CA,AA,AA,GG,TT,TC,GG,CC,AT,AA,GA,GG,CT,GG,AG,CT,CC,GG,GA,CC,AA,AA,AA,GG,CC,TC,AA,CC,GG,CC,TT,TT,GG,CC,CT,CC,CC,CC,AA,CA,TC,GC,TT,AA,CC,AA,CC,TC,TT,TA,GG,AA,GA,GG,CC,AA,AA,GT,AA,TT,GG,CC,CC,GG,GC,GT,GA,AA,CC,CC,CC,0,0,AG,CC,GG,GG,CC,GG,TT,GG,GA,CC,GG,AA,CC,TT,GG,GG,CC
scat_marten,NA,SDunes_F17.sc,Nextseq510,MACAP4,MH21-1,b,lane1-s201-index--CTACTCAGTC-GTTGATAGTG-MACAP4_MH21_1_b_S201.assembled,770145,745750,96.83,100%,91,NA,AA,AC,CT,GC,TT,AG,GG,AA,GA,TT,CC,TT,AA,CC,CT,TT,CC,CG,AA,AA,CC,CA,AA,AA,GG,TT,TC,GG,CC,AT,AA,GA,GG,CT,GG,AG,CT,CC,GG,GA,CC,AA,AA,AA,GG,CC,TC,AA,CC,GG,CC,TT,TT,GG,CC,CT,CC,CC,CC,AA,CA,TC,GC,TT,AA,CC,AA,CC,TC,TT,TA,GG,AA,GA,GG,CC,AA,AA,GT,AA,TT,GG,CC,CC,GG,GC,GT,GA,AA,CC,CC,CC,0,0,AG,CC,GG,GG,CC,GG,TT,GG,GA,CC,GG,AA,CC,TT,GG,GG,CC
scat_marten,NA,SDunes_F17.sc,Nextseq510,MACAP4,MH21-1,c,lane1-s209-index--AACCATTCTC-TCGGCAGCAA-MACAP4_MH21_1_c_S209.assembled,1094920,1065934,97.35,100%,91,NA,AA,AC,CT,GC,TT,AG,GG,AA,GA,TT,CC,TT,AA,CC,CT,TT,CC,CG,AA,AA,CC,CA,AA,AA,GG,TT,TC,GG,CC,AT,AA,GA,GG,CT,GG,AG,CT,CC,GG,GA,CC,AA,AA,AA,GG,CC,TC,AA,CC,GG,CC,TT,TT,GG,CC,CT,CC,CC,CC,AA,CA,TC,GC,TT,AA,CC,AA,CC,TC,TT,TA,GG,AA,GA,GG,CC,AA,AA,GT,AA,TT,GG,CC,CC,GG,GC,GT,GA,AA,CC,CC,CC,0,0,AG,CC,GG,GG,CC,GG,TT,GG,GA,CC,GG,AA,CC,TT,GG,GG,CC
scat_marten,0,SDunes_F17.sc,,,MH21-1,,CONSENSUS,924806,899218,97.2,100%,91,0,AA,AC,CT,GC,TT,AG,GG,AA,GA,TT,CC,TT,AA,CC,CT,TT,CC,CG,AA,AA,CC,CA,AA,AA,GG,TT,TC,GG,CC,AT,AA,GA,GG,CT,GG,AG,CT,CC,GG,GA,CC,AA,AA,AA,GG,CC,TC,AA,CC,GG,CC,TT,TT,GG,CC,CT,CC,CC,CC,AA,CA,TC,GC,TT,AA,CC,AA,CC,TC,TT,TA,GG,AA,GA,GG,CC,AA,AA,GT,AA,TT,GG,CC,CC,GG,GC,GT,GA,AA,CC,CC,CC,0,0,AG,CC,GG,GG,CC,GG,TT,GG,GA,CC,GG,AA,CC,TT,GG,GG,CC
scat_marten,NA,NA,Nextseq510,MACAP4,MH21-10,a,,,,,-2%,-2,NA,0,0,0,0,0,0,0,0,0,0,0,0,NA,0,0,0,0,0,0,0,0,0,0,0,0,0,0,0,0,0,0,0,0,0,0,0,0,0,0,0,0,0,0,0,0,0,0,0,0,0,0,0,0,0,0,0,0,0,0,0,0,0,0,0,0,0,0,0,0,0,0,0,0,0,0,0,0,NA,0,0,0,0,0,0,0,0,0,0,0,0,0,0,0,0,0,0,0,0,0,0,0,0,0,0,0,0,0,0,0,0,0
scat_marten,NA,NA,Nextseq510,MACAP4,MH21-10,b,,,,,-2%,-2,NA,0,0,0,0,0,0,0,0,0,0,0,0,NA,0,0,0,0,0,0,0,0,0,0,0,0,0,0,0,0,0,0,0,0,0,0,0,0,0,0,0,0,0,0,0,0,0,0,0,0,0,0,0,0,0,0,0,0,0,0,0,0,0,0,0,0,0,0,0,0,0,0,0,0,0,0,0,0,NA,0,0,0,0,0,0,0,0,0,0,0,0,0,0,0,0,0,0,0,0,0,0,0,0,0,0,0,0,0,0,0,0,0
scat_marten,NA,NA,Nextseq510,MACAP4,MH21-10,c,,,,,-2%,-2,NA,0,0,0,0,0,0,0,0,0,0,0,0,NA,0,0,0,0,0,0,0,0,0,0,0,0,0,0,0,0,0,0,0,0,0,0,0,0,0,0,0,0,0,0,0,0,0,0,0,0,0,0,0,0,0,0,0,0,0,0,0,0,0,0,0,0,0,0,0,0,0,0,0,0,0,0,0,0,NA,0,0,0,0,0,0,0,0,0,0,0,0,0,0,0,0,0,0,0,0,0,0,0,0,0,0,0,0,0,0,0,0,0
scat_marten,1,NA,,,MH21-10,,CONSENSUS,#DIV/0!,#DIV/0!,#DIV/0!,-2%,-2,0,0,0,0,0,0,0,0,0,0,0,0,0,0,0,0,0,0,0,0,0,0,0,0,0,0,0,0,0,0,0,0,0,0,0,0,0,0,0,0,0,0,0,0,0,0,0,0,0,0,0,0,0,0,0,0,0,0,0,0,0,0,0,0,0,0,0,0,0,0,0,0,0,0,0,0,0,0,0,0,0,0,0,0,0,0,0,0,0,0,0,0,0,0,0,0,0,0,0,0,0,0,0,0,0,0,0,0,0,0,0,0
scat_marten,NA,NA,Nextseq510,MACAP4,MH21-11,a,,,,,-2%,-2,0,0,0,0,0,0,0,0,0,0,0,0,0,NA,0,0,0,0,0,0,0,0,0,0,0,0,0,0,0,0,0,0,0,0,0,0,0,0,0,0,0,0,0,0,0,0,0,0,0,0,0,0,0,0,0,0,0,0,0,0,0,0,0,0,0,0,0,0,0,0,0,0,0,0,0,0,0,0,NA,0,0,0,0,0,0,0,0,0,0,0,0,0,0,0,0,0,0,0,0,0,0,0,0,0,0,0,0,0,0,0,0,0
scat_marten,NA,NA,Nextseq510,MACAP4,MH21-11,b,lane1-s227-index--GCGAGTTACC-AAGTTGGTGA-MACAP4_MH21_11_b_S227.assembled,850567,729483,85.76,33%,30,NA,0,0,0,GG,0,0,GG,0,0,0,CC,0,AA,0,CC,0,0,CC,0,AA,CC,0,0,0,GG,0,0,0,0,0,0,0,0,0,0,0,0,0,0,0,0,0,0,AA,0,CC,CC,0,0,0,0,0,TT,0,CC,TT,CC,0,0,0,0,0,0,0,0,CC,AA,CC,CC,TT,AA,GG,AA,0,0,0,AA,0,0,AA,0,GG,0,0,0,GG,0,AA,AA,CC,0,CC,0,0,0,0,0,0,CC,0,TT,0,AA,0,0,AA,0,0,0,GG,CC
scat_marten,NA,NA,Nextseq510,MACAP4,MH21-11,c,lane1-s235-index--GGCGAGATGG-TTCTATGGTT-MACAP4_MH21_11_c_S235.assembled,161422,146818,90.95,27%,25,NA,0,0,CC,0,TT,0,0,0,0,TT,0,0,NA,CC,0,0,0,0,AA,0,0,AA,0,0,GG,TT,0,GG,0,AT,0,0,0,0,0,0,0,0,GG,0,CC,0,AA,0,0,CC,0,AA,0,0,0,0,0,0,0,TT,0,0,0,0,0,0,0,0,0,CC,0,CC,0,TT,TT,0,AA,0,GG,0,AA,NA,TT,0,0,0,CC,CC,0,GG,0,0,0,0,0,0,0,0,AA,0,0,GG,0,0,0,0,0,0,0,0,0,TT,0,GG,CC
scat_marten,1,NA,,,MH21-11,,CONSENSUS,505995,438151,88.36,8%,7,0,0,0,0,0,0,0,0,0,0,0,0,0,0,0,0,0,0,0,0,0,0,0,0,0,GG,0,0,0,0,0,0,0,0,0,0,0,0,0,0,0,0,0,0,0,0,CC,0,0,0,0,0,0,0,0,0,TT,0,0,0,0,0,0,0,0,0,CC,0,CC,0,TT,NA,0,AA,0,0,0,AA,0,0,0,0,0,0,0,0,GG,0,0,0,0,0,0,0,0,0,0,0,0,0,0,0,0,0,0,0,0,0,0,0,GG,CC
scat_marten,NA,SDunes_F17.sc,Nextseq510,MACAP4,MH21-12,a,lane1-s220-index--ATGTCGTGGT-TCGTATGCGG-MACAP4_MH21_12_a_S220.assembled,292875,286354,97.77,99%,90,NA,AA,AC,CT,GC,TT,AG,GG,AA,GA,TT,CC,TT,AA,CC,CT,TT,CC,CG,AA,AA,CC,CA,AA,AA,GG,TT,TC,GG,CC,AT,AA,GA,GG,CT,GG,AG,CT,CC,GG,GA,CC,AA,AA,AA,GG,CC,TC,AA,CC,GG,CC,TT,TT,GG,CC,CT,CC,CC,CC,AA,CA,TC,GC,TT,AA,CC,AA,CC,TC,TT,TA,GG,AA,GA,GG,CC,AA,AA,GT,AA,TT,GG,CC,CC,GG,GC,GT,GA,AA,CC,CC,CC,0,0,AG,CC,GG,GG,CC,GG,TT,GG,GA,CC,GG,AA,CC,TT,GG,GG,CC
scat_marten,NA,SDunes_F17.sc,Nextseq510,MACAP4,MH21-12,b,lane1-s228-index--TACGGCCGGT-TGGCAATATT-MACAP4_MH21_12_b_S228.assembled,511927,501054,97.88,99%,90,NA,AA,AC,CT,GC,TT,AG,GG,AA,GA,TT,CC,TT,AA,CC,CT,TT,CC,CG,AA,AA,CC,CA,AA,AA,GG,TT,TC,GG,CC,AT,AA,GA,GG,CT,GG,AG,CT,CC,GG,GA,CC,AA,AA,AA,GG,CC,TC,AA,CC,GG,CC,TT,TT,GG,CC,CT,CC,CC,CC,AA,CA,TC,GC,TT,AA,CC,AA,CC,TC,TT,TA,GG,AA,GA,GG,CC,AA,AA,GT,AA,TT,GG,CC,CC,GG,GC,GT,GA,AA,CC,CC,CC,0,0,AG,CC,GG,GG,CC,GG,TT,GG,GA,CC,GG,AA,CC,TT,GG,GG,CC
scat_marten,NA,SDunes_F17.sc,Nextseq510,MACAP4,MH21-12,c,lane1-s236-index--TGGCTCGCAG-AATCCGGCCA-MACAP4_MH21_12_c_S236.assembled,348040,340739,97.9,99%,90,NA,AA,AC,CT,GC,TT,AG,GG,AA,GA,TT,CC,TT,AA,CC,CT,TT,CC,CG,AA,AA,CC,CA,AA,AA,GG,TT,TC,GG,CC,AT,AA,GA,GG,CT,GG,AG,CT,CC,GG,GA,CC,AA,AA,AA,GG,CC,TC,AA,CC,GG,CC,TT,TT,GG,CC,CT,CC,CC,CC,AA,CA,TC,GC,TT,AA,CC,AA,CC,TC,TT,TA,GG,AA,GA,GG,CC,AA,AA,GT,AA,TT,GG,CC,CC,GG,GC,GT,GA,AA,CC,CC,CC,0,0,AG,CC,GG,GG,CC,GG,TT,GG,GA,CC,GG,AA,CC,TT,GG,GG,CC
scat_marten,0,SDunes_F17.sc,,,MH21-12,,CONSENSUS,384281,376049,97.85,99%,90,0,AA,AC,CT,GC,TT,AG,GG,AA,GA,TT,CC,TT,AA,CC,CT,TT,CC,CG,AA,AA,CC,CA,AA,AA,GG,TT,TC,GG,CC,AT,AA,GA,GG,CT,GG,AG,CT,CC,GG,GA,CC,AA,AA,AA,GG,CC,TC,AA,CC,GG,CC,TT,TT,GG,CC,CT,CC,CC,CC,AA,CA,TC,GC,TT,AA,CC,AA,CC,TC,TT,TA,GG,AA,GA,GG,CC,AA,AA,GT,AA,TT,GG,CC,CC,GG,GC,GT,GA,AA,CC,CC,CC,0,0,AG,CC,GG,GG,CC,GG,TT,GG,GA,CC,GG,AA,CC,TT,GG,GG,CC
scat_marten,NA,SDunes_F17.sc,Nextseq510,MACAP4,MH21-14,a,lane1-s221-index--AGAGTGCGGC-TCCGACCTCG-MACAP4_MH21_14_a_S221.assembled,551032,535759,97.23,100%,91,NA,AA,AC,CT,GC,TT,AG,GG,AA,GA,TT,CC,TT,AA,CC,CT,TT,CC,CG,AA,AA,CC,CA,AA,AA,GG,TT,TC,GG,CC,AT,AA,GA,GG,CT,GG,AG,CT,CC,GG,GA,CC,AA,AA,AA,GG,CC,TC,AA,CC,GG,CC,TT,TT,GG,CC,CT,CC,CC,CC,AA,CA,TC,GC,TT,AA,CC,AA,CC,TC,TT,TA,GG,AA,GA,GG,CC,AA,AA,GT,AA,TT,GG,CC,CC,GG,GC,GT,GA,AA,CC,CC,CC,0,0,AG,CC,GG,GG,CC,GG,TT,GG,GA,CC,GG,AA,CC,TT,GG,GG,CC
scat_marten,NA,SDunes_F17.sc,Nextseq510,MACAP4,MH21-14,b,lane1-s229-index--GTCGATTACA-GATCACCGCG-MACAP4_MH21_14_b_S229.assembled,201401,196424,97.53,98%,89,NA,AA,AC,CT,GC,TT,AG,GG,AA,GA,TT,CC,TT,0,CC,CT,TT,CC,CG,AA,AA,CC,CA,AA,AA,GG,TT,TC,GG,CC,AT,AA,GA,GG,CT,GG,AG,CT,CC,GG,GA,CC,AA,AA,AA,GG,CC,TC,AA,CC,GG,CC,TT,TT,GG,CC,CT,CC,CC,CC,AA,CA,TC,GC,TT,AA,CC,AA,CC,TC,TT,TA,GG,AA,GA,GG,CC,AA,AA,GT,AA,TT,GG,CC,CC,GG,GC,GT,GA,AA,CC,CC,CC,0,0,AG,CC,GG,GG,CC,GG,TT,GG,GA,CC,GG,AA,CC,TT,GG,GG,CC
scat_marten,NA,SDunes_F17.sc,Nextseq510,MACAP4,MH21-14,c,lane1-s237-index--TAGAATAACG-CCATAAGGTT-MACAP4_MH21_14_c_S237.assembled,967597,938621,97.01,100%,91,NA,AA,AC,CT,GC,TT,AG,GG,AA,GA,TT,CC,TT,AA,CC,CT,TT,CC,CG,AA,AA,CC,CA,AA,AA,GG,TT,TC,GG,CC,AT,AA,GA,GG,CT,GG,AG,CT,CC,GG,GA,CC,AA,AA,AA,GG,CC,TC,AA,CC,GG,CC,TT,TT,GG,CC,CT,CC,CC,CC,AA,CA,TC,GC,TT,AA,CC,AA,CC,TC,TT,TA,GG,AA,GA,GG,CC,AA,AA,GT,AA,TT,GG,CC,CC,GG,GC,GT,GA,AA,CC,CC,CC,0,0,AG,CC,GG,GG,CC,GG,TT,GG,GA,CC,GG,AA,CC,TT,GG,GG,CC
scat_marten,0,SDunes_F17.sc,,,MH21-14,,CONSENSUS,573343,556935,97.26,100%,91,0,AA,AC,CT,GC,TT,AG,GG,AA,GA,TT,CC,TT,AA,CC,CT,TT,CC,CG,AA,AA,CC,CA,AA,AA,GG,TT,TC,GG,CC,AT,AA,GA,GG,CT,GG,AG,CT,CC,GG,GA,CC,AA,AA,AA,GG,CC,TC,AA,CC,GG,CC,TT,TT,GG,CC,CT,CC,CC,CC,AA,CA,TC,GC,TT,AA,CC,AA,CC,TC,TT,TA,GG,AA,GA,GG,CC,AA,AA,GT,AA,TT,GG,CC,CC,GG,GC,GT,GA,AA,CC,CC,CC,0,0,AG,CC,GG,GG,CC,GG,TT,GG,GA,CC,GG,AA,CC,TT,GG,GG,CC
scat_marten,NA,SDunes_F17.sc,Nextseq510,MACAP4,MH21-15,a,lane1-s222-index--TGCCTGGTGG-CTTATGGAAT-MACAP4_MH21_15_a_S222.assembled,682498,556100,81.48,100%,91,NA,AA,CC,CT,GC,TT,AG,GG,AA,GA,TT,CC,TT,AG,CC,CT,TT,CC,CG,AA,AA,CC,CA,AA,AA,GG,TT,TC,GG,CC,AT,AA,GA,GG,CT,GG,AA,CT,CC,GG,GA,CC,AA,AA,AA,GG,CC,TC,AA,CC,GG,CC,TT,TT,GG,CC,CT,CC,CC,CC,AA,CA,TC,GC,TT,AA,CC,AA,CC,TC,TT,TA,GG,AA,GA,GG,CC,AA,AA,GT,AA,TT,GG,CC,CC,GG,GC,GT,AA,AA,CC,CC,CC,0,0,AG,CC,GG,GG,CC,GG,TT,GG,AA,CC,GG,AA,CC,TT,GG,GG,CC
scat_marten,NA,SDunes_F17.sc,Nextseq510,MACAP4,MH21-15,b,lane1-s230-index--CTGTCTGCAC-TACCATCCGT-MACAP4_MH21_15_b_S230.assembled,456504,363990,79.73,97%,88,NA,AA,AC,CC,GC,TT,0,GG,AA,GA,TT,CC,TT,AA,CC,CT,TT,CC,0,AA,AA,CC,0,AA,AA,GG,TT,TC,GG,CC,AT,AA,GA,GG,CT,GG,AG,CT,CC,GG,GA,CC,AA,AA,AA,GG,CC,TC,AA,CC,GG,CC,TT,TT,GG,CC,CT,CC,CC,CC,AA,CA,TC,GC,TT,AA,CC,AA,CC,TC,TT,TA,GG,AA,GA,GG,CC,AA,AA,GT,AA,TT,GG,CC,CC,GG,GC,GT,GA,AA,CC,CC,CC,0,0,0,CC,GG,GG,CC,GG,TT,GG,GA,CC,GG,AA,CC,TT,GG,GG,CC
scat_marten,NA,SDunes_F17.sc,Nextseq510,MACAP4,MH21-15,c,lane1-s238-index--TAATGGATCT-ATCTCTACCA-MACAP4_MH21_15_c_S238.assembled,691024,550432,79.65,100%,91,NA,AA,CC,CT,GC,TT,GG,GG,AA,GA,TT,CC,TT,AA,CC,CT,TT,CC,CG,AA,AA,CC,AA,AA,AA,GG,TT,TC,GG,CC,AT,AA,GA,GG,CT,GG,AG,CT,CC,GG,GA,CC,AA,AA,AA,GG,CC,TC,AA,CC,GG,CC,TT,TT,GG,CC,CT,CC,CC,CC,AA,CA,TC,GC,TT,AA,CC,AA,CC,TC,TT,TA,GG,AA,GA,GG,CC,AA,AA,GT,AA,TT,GG,CC,CC,GG,GC,GT,GA,AA,CC,CC,CC,0,0,AA,CC,GG,GG,CC,GG,TT,GG,GA,CC,GG,AA,CC,TT,GG,GG,CC
scat_marten,0,SDunes_F17.sc,,,MH21-15,,CONSENSUS,610009,490174,80.29,96%,87,0,AA,NA,CT,GC,TT,NA,GG,AA,GA,TT,CC,TT,NA,CC,CT,TT,CC,CG,AA,AA,CC,NA,AA,AA,GG,TT,TC,GG,CC,AT,AA,GA,GG,CT,GG,AG,CT,CC,GG,GA,CC,AA,AA,AA,GG,CC,TC,AA,CC,GG,CC,TT,TT,GG,CC,CT,CC,CC,CC,AA,CA,TC,GC,TT,AA,CC,AA,CC,TC,TT,TA,GG,AA,GA,GG,CC,AA,AA,GT,AA,TT,GG,CC,CC,GG,GC,GT,GA,AA,CC,CC,CC,0,0,NA,CC,GG,GG,CC,GG,TT,GG,GA,CC,GG,AA,CC,TT,GG,GG,CC
scat_marten,NA,SDunes_F17.sc,Nextseq510,MACAP4,MH21-16,a,lane1-s223-index--TGCGTGTCAC-GCTTACGGAC-MACAP4_MH21_16_a_S223.assembled,816701,795050,97.35,99%,90,NA,AA,AC,CT,GC,TT,0,GG,AA,GA,TT,CC,TT,AA,CC,CT,TT,CC,CG,AA,AA,CC,CA,AA,AA,GG,TT,TC,GG,CC,AT,AA,GA,GG,CT,GG,AG,CT,CC,GG,GA,CC,AA,AA,AA,GG,CC,TC,AA,CC,GG,CC,TT,TT,GG,CC,CT,CC,CC,CC,AA,CA,TC,GC,TT,AA,CC,AA,CC,TC,TT,TA,GG,AA,GA,GG,CC,AA,AA,GT,AA,TT,GG,CC,CC,GG,GC,GT,GA,AA,CC,CC,CC,0,0,AG,CC,GG,GG,CC,GG,TT,GG,GA,CC,GG,AA,CC,TT,GG,GG,CC
scat_marten,NA,SDunes_F17.sc,Nextseq510,MACAP4,MH21-16,b,lane1-s231-index--CAGCCGATTG-GCTGTAGGAA-MACAP4_MH21_16_b_S231.assembled,965633,934745,96.8,100%,91,NA,AA,AC,CT,GC,TT,AG,GG,AA,GA,TT,CC,TT,AA,CC,CT,TT,CC,CG,AA,AA,CC,CA,AA,AA,GG,TT,TC,GG,CC,AT,AA,GA,GG,CT,GG,AG,CT,CC,GG,GA,CC,AA,AA,AA,GG,CC,TC,AA,CC,GG,CC,TT,TT,GG,CC,CT,CC,CC,CC,AA,CA,TC,GC,TT,AA,CC,AA,CC,TC,TT,TA,GG,AA,GA,GG,CC,AA,AA,GT,AA,TT,GG,CC,CC,GG,GC,GT,GA,AA,CC,CC,CC,0,0,AG,CC,GG,GG,CC,GG,TT,GG,GA,CC,GG,AA,CC,TT,GG,GG,CC
scat_marten,NA,SDunes_F17.sc,Nextseq510,MACAP4,MH21-16,c,lane1-s239-index--TATCCAGGAC-CGGTGGCGAA-MACAP4_MH21_16_c_S239.assembled,1446430,1388972,96.03,100%,91,NA,AA,AC,CT,GC,TT,AG,GG,AA,GA,TT,CC,TT,AA,CC,CT,TT,CC,CG,AA,AA,CC,CA,AA,AA,GG,TT,TC,GG,CC,AT,AA,GA,GG,CT,GG,AG,CT,CC,GG,GA,CC,AA,AA,AA,GG,CC,TC,AA,CC,GG,CC,TT,TT,GG,CC,CT,CC,CC,CC,AA,CA,TC,GC,TT,AA,CC,AA,CC,TC,TT,TA,GG,AA,GA,GG,CC,AA,AA,GT,AA,TT,GG,CC,CC,GG,GC,GT,GA,AA,CC,CC,CC,0,0,AG,CC,GG,GG,CC,GG,TT,GG,GA,CC,GG,AA,CC,TT,GG,GG,CC
scat_marten,0,SDunes_F17.sc,,,MH21-16,,CONSENSUS,1076255,1039589,96.73,100%,91,0,AA,AC,CT,GC,TT,AG,GG,AA,GA,TT,CC,TT,AA,CC,CT,TT,CC,CG,AA,AA,CC,CA,AA,AA,GG,TT,TC,GG,CC,AT,AA,GA,GG,CT,GG,AG,CT,CC,GG,GA,CC,AA,AA,AA,GG,CC,TC,AA,CC,GG,CC,TT,TT,GG,CC,CT,CC,CC,CC,AA,CA,TC,GC,TT,AA,CC,AA,CC,TC,TT,TA,GG,AA,GA,GG,CC,AA,AA,GT,AA,TT,GG,CC,CC,GG,GC,GT,GA,AA,CC,CC,CC,0,0,AG,CC,GG,GG,CC,GG,TT,GG,GA,CC,GG,AA,CC,TT,GG,GG,CC
scat_marten,NA,SDunes_F17.sc,Nextseq510,MACAP4,MH21-2,a,lane1-s194-index--TATCTGACCT-CTACAAGATA-MACAP4_MH21_2_a_S194.assembled,124298,120484,96.93,91%,83,NA,AA,AC,CT,GC,TT,0,GG,AA,GA,TT,CC,TT,AA,CC,CT,0,CC,CG,AA,AA,CC,CA,AA,AA,GG,TT,TC,GG,CC,AT,AA,GA,GG,CT,GG,AG,CT,CC,GG,GA,CC,AA,AA,AA,GG,CC,TC,AA,CC,GG,CC,TT,TT,GG,CC,CT,CC,CC,CC,AA,CA,0,GC,TT,AA,CC,AA,CC,TC,TT,0,GG,AA,GA,GG,CC,AA,AA,0,AA,TT,GG,0,CC,GG,GC,GT,GA,0,CC,CC,CC,0,0,AG,CC,GG,GG,CC,GG,TT,GG,GA,CC,GG,AA,CC,TT,GG,GG,CC
scat_marten,NA,SDunes_F17.sc,Nextseq510,MACAP4,MH21-2,b,lane1-s202-index--TCGTCTGACT-ACCAGCGACA-MACAP4_MH21_2_b_S202.assembled,1697140,1661137,97.88,100%,91,NA,AA,AC,CT,GC,TT,AG,GG,AA,GA,TT,CC,TT,AA,CC,CT,TT,CC,CG,AA,AA,CC,CA,AA,AA,GG,TT,TC,GG,CC,AT,AA,GA,GG,CT,GG,AG,CT,CC,GG,GA,CC,AA,AA,AA,GG,CC,TC,AA,CC,GG,CC,TT,TT,GG,CC,CT,CC,CC,CC,AA,CA,TC,GC,TT,AA,CC,AA,CC,TC,TT,TA,GG,AA,GA,GG,CC,AA,AA,GT,AA,TT,GG,CC,CC,GG,GC,GT,GA,AA,CC,CC,CC,0,0,AG,CC,GG,GG,CC,GG,TT,GG,GA,CC,GG,AA,CC,TT,GG,GG,CC
scat_marten,NA,SDunes_F17.sc,Nextseq510,MACAP4,MH21-2,c,lane1-s210-index--GGTTGCCTCT-CTAATGATGG-MACAP4_MH21_2_c_S210.assembled,1371365,1339021,97.64,100%,91,NA,AA,AC,CT,GC,TT,AG,GG,AA,GA,TT,CC,TT,AA,CC,CT,TT,CC,CG,AA,AA,CC,CA,AA,AA,GG,TT,TC,GG,CC,AT,AA,GA,GG,CT,GG,AG,CT,CC,GG,GA,CC,AA,AA,AA,GG,CC,TC,AA,CC,GG,CC,TT,TT,GG,CC,CT,CC,CC,CC,AA,CA,TC,GC,TT,AA,CC,AA,CC,TC,TT,TA,GG,AA,GA,GG,CC,AA,AA,GT,AA,TT,GG,CC,CC,GG,GC,GT,GA,AA,CC,CC,CC,0,0,AG,CC,GG,GG,CC,GG,TT,GG,GA,CC,GG,AA,CC,TT,GG,GG,CC
scat_marten,0,SDunes_F17.sc,,,MH21-2,,CONSENSUS,1064268,1040214,97.48,100%,91,0,AA,AC,CT,GC,TT,AG,GG,AA,GA,TT,CC,TT,AA,CC,CT,TT,CC,CG,AA,AA,CC,CA,AA,AA,GG,TT,TC,GG,CC,AT,AA,GA,GG,CT,GG,AG,CT,CC,GG,GA,CC,AA,AA,AA,GG,CC,TC,AA,CC,GG,CC,TT,TT,GG,CC,CT,CC,CC,CC,AA,CA,TC,GC,TT,AA,CC,AA,CC,TC,TT,TA,GG,AA,GA,GG,CC,AA,AA,GT,AA,TT,GG,CC,CC,GG,GC,GT,GA,AA,CC,CC,CC,0,0,AG,CC,GG,GG,CC,GG,TT,GG,GA,CC,GG,AA,CC,TT,GG,GG,CC
scat_marten,NA,SDunes_F17.sc,Nextseq510,MACAP4,MH21-3,a,lane1-s195-index--ATATGAGACG-TATAGTAGCT-MACAP4_MH21_3_a_S195.assembled,2827,2675,94.62,37%,34,NA,AA,0,0,GC,TT,0,0,0,0,0,CC,TT,0,CC,0,0,0,CG,AA,0,0,CA,AA,AA,0,TT,0,GG,CC,AT,0,0,0,0,0,0,0,0,GG,GA,CC,0,0,0,GG,CC,TC,0,0,0,0,0,0,GG,0,CT,0,CC,0,0,CA,0,0,0,AA,CC,AA,0,0,TT,0,0,AA,GA,GG,CC,AA,0,0,0,0,0,0,CC,0,0,0,0,0,CC,0,0,0,0,AG,0,GG,0,0,0,0,0,0,0,0,AA,0,TT,0,GG,CC
scat_marten,NA,SDunes_F17.sc,Nextseq510,MACAP4,MH21-3,b,lane1-s203-index--GAACATACGG-CATACACTGT-MACAP4_MH21_3_b_S203.assembled,1499774,1456512,97.12,100%,91,NA,AA,AC,CT,GC,TT,AG,GG,AA,GA,TT,CC,TT,AA,CC,CT,TT,CC,CG,AA,AA,CC,CA,AA,AA,GG,TT,TC,GG,CC,AT,AA,GA,GG,CT,GG,AG,CT,CC,GG,GA,CC,AA,AA,AA,GG,CC,TC,AA,CC,GG,CC,TT,TT,GG,CC,CT,CC,CC,CC,AA,CA,TC,GC,TT,AA,CC,AA,CC,TC,TT,TA,GG,AA,GA,GG,CC,AA,AA,GT,AA,TT,GG,CC,CC,GG,GC,GT,GA,AA,CC,CC,CC,0,0,AG,CC,GG,GG,CC,GG,TT,GG,GA,CC,GG,AA,CC,TT,GG,GG,CC
scat_marten,NA,SDunes_F17.sc,Nextseq510,MACAP4,MH21-3,c,lane1-s211-index--CTAATGATGG-GGTTGCCTCT-MACAP4_MH21_3_c_S211.assembled,1093763,1061819,97.08,98%,89,NA,AA,0,CT,GC,TT,AG,GG,AA,GA,TT,CC,TT,AA,CC,CT,TT,CC,CG,AA,AA,CC,CA,AA,AA,GG,TT,TC,GG,CC,AT,AA,GA,GG,CT,GG,AG,CT,CC,GG,GA,CC,AA,AA,AA,GG,CC,TC,AA,CC,GG,CC,TT,TT,GG,CC,CT,CC,CC,CC,AA,CA,TC,GC,TT,AA,CC,AA,CC,TC,TT,TA,GG,AA,GA,GG,CC,AA,AA,GT,AA,TT,GG,CC,CC,GG,GC,GT,0,AA,CC,CC,CC,0,0,AG,CC,GG,GG,CC,GG,TT,GG,0,CC,GG,AA,CC,TT,GG,GG,CC
scat_marten,0,SDunes_F17.sc,,,MH21-3,,CONSENSUS,865455,840335,96.27,98%,89,0,AA,0,CT,GC,TT,AG,GG,AA,GA,TT,CC,TT,AA,CC,CT,TT,CC,CG,AA,AA,CC,CA,AA,AA,GG,TT,TC,GG,CC,AT,AA,GA,GG,CT,GG,AG,CT,CC,GG,GA,CC,AA,AA,AA,GG,CC,TC,AA,CC,GG,CC,TT,TT,GG,CC,CT,CC,CC,CC,AA,CA,TC,GC,TT,AA,CC,AA,CC,TC,TT,TA,GG,AA,GA,GG,CC,AA,AA,GT,AA,TT,GG,CC,CC,GG,GC,GT,0,AA,CC,CC,CC,0,0,AG,CC,GG,GG,CC,GG,TT,GG,0,CC,GG,AA,CC,TT,GG,GG,CC
scat_marten,NA,SDunes_F17.sc,Nextseq510,MACAP4,MH21-4,a,lane1-s196-index--CTTATGGAAT-TGCCTGGTGG-MACAP4_MH21_4_a_S196.assembled,433588,423595,97.7,98%,89,NA,AA,AC,CT,GC,TT,AG,GG,AA,GA,TT,CC,TT,AA,CC,CT,TT,CC,CG,AA,AA,CC,CA,AA,AA,GG,TT,TC,GG,CC,AT,AA,GA,GG,0,GG,AG,CT,CC,GG,GA,CC,AA,AA,AA,GG,CC,TC,AA,CC,GG,CC,TT,TT,GG,CC,CT,CC,CC,CC,AA,CA,TC,GC,TT,AA,CC,AA,CC,TC,TT,TA,GG,AA,GA,GG,CC,AA,AA,GT,AA,TT,GG,CC,CC,GG,GC,GT,GA,AA,CC,CC,CC,0,0,AG,CC,GG,GG,CC,GG,TT,GG,GA,CC,GG,AA,CC,TT,GG,GG,CC
scat_marten,NA,SDunes_F17.sc,Nextseq510,MACAP4,MH21-4,b,lane1-s204-index--CCTATGACTC-GTGTGGCGCT-MACAP4_MH21_4_b_S204.assembled,131278,119356,90.92,98%,89,NA,AA,AC,CT,GC,TT,AG,GG,AA,GA,TT,CC,TT,AA,CC,CT,TT,CC,CG,AA,AA,CC,CA,AA,AA,GG,TT,TC,GG,CC,AT,AA,GA,GG,CT,GG,AG,CT,CC,GG,GA,CC,AA,AA,AA,GG,CC,TC,AA,CC,GG,CC,TT,TT,GG,CC,CT,CC,CC,CC,AA,CA,TC,GC,TT,AA,CC,AA,CC,TC,TT,TA,GG,AA,GA,GG,CC,AA,AA,GT,AA,TT,GG,CC,CC,GG,GC,0,GA,AA,CC,CC,CC,0,0,AG,CC,GG,GG,CC,GG,TT,GG,GA,CC,GG,AA,CC,TT,GG,GG,CC
scat_marten,NA,SDunes_F17.sc,Nextseq510,MACAP4,MH21-4,c,lane1-s212-index--TCGGCCTATC-CGCACATGGC-MACAP4_MH21_4_c_S212.assembled,11350,10470,92.25,57%,52,NA,AA,AC,CT,GC,TT,0,0,0,0,0,0,0,0,CC,0,0,CC,CG,AA,AA,CC,CA,AA,AA,GG,TT,TC,0,CC,0,0,0,GG,CT,GG,AG,CT,0,0,GA,CC,AA,AA,AA,0,CC,TC,0,0,GG,0,TT,0,0,CC,CT,0,CC,CC,AA,CA,0,0,TT,AA,0,AA,0,TC,TT,0,GG,AA,GA,GG,CC,AA,AA,0,0,0,0,0,CC,GG,0,0,GA,0,CC,0,0,0,0,AG,CC,GG,0,CC,GG,TT,0,GA,CC,0,AA,CC,TT,GG,GG,0
scat_marten,0,SDunes_F17.sc,,,MH21-4,,CONSENSUS,192072,184474,93.62,98%,89,0,AA,AC,CT,GC,TT,AG,GG,AA,GA,TT,CC,TT,AA,CC,CT,TT,CC,CG,AA,AA,CC,CA,AA,AA,GG,TT,TC,GG,CC,AT,AA,GA,GG,CT,GG,AG,CT,CC,GG,GA,CC,AA,AA,AA,GG,CC,TC,AA,CC,GG,CC,TT,TT,GG,CC,CT,CC,CC,CC,AA,CA,TC,GC,TT,AA,CC,AA,CC,TC,TT,TA,GG,AA,GA,GG,CC,AA,AA,GT,AA,TT,GG,CC,CC,GG,GC,NA,GA,AA,CC,CC,CC,0,0,AG,CC,GG,GG,CC,GG,TT,GG,GA,CC,GG,AA,CC,TT,GG,GG,CC
scat_marten,NA,SDunes_F17.sc,Nextseq510,MACAP4,MH21-5,a,lane1-s197-index--TAATCTCGTC-ACATTATCCT-MACAP4_MH21_5_a_S197.assembled,777539,753399,96.9,100%,91,NA,AA,AC,CT,GC,TT,AG,GG,AA,GA,TT,CC,TT,AA,CC,CT,TT,CC,CG,AA,AA,CC,CA,AA,AA,GG,TT,TC,GG,CC,AT,AA,GA,GG,CT,GG,AG,CT,CC,GG,GA,CC,AA,AA,AA,GG,CC,TC,AA,CC,GG,CC,TT,TT,GG,CC,CT,CC,CC,CC,AA,CA,TC,GC,TT,AA,CC,AA,CC,TC,TT,TA,GG,AA,GA,GG,CC,AA,AA,GT,AA,TT,GG,CC,CC,GG,GC,GT,GA,AA,CC,CC,CC,0,0,AG,CC,GG,GG,CC,GG,TT,GG,GA,CC,GG,AA,CC,TT,GG,GG,CC
scat_marten,NA,SDunes_F17.sc,Nextseq510,MACAP4,MH21-5,b,lane1-s205-index--TAATGGCAAG-ATCACGAAGG-MACAP4_MH21_5_b_S205.assembled,509987,490957,96.27,100%,91,NA,AA,AC,CT,GC,TT,AG,GG,AA,GA,TT,CC,TT,AA,CC,CT,TT,CC,CG,AA,AA,CC,CA,AA,AA,GG,TT,TC,GG,CC,AT,AA,GA,GG,CT,GG,AG,CT,CC,GG,GA,CC,AA,AA,AA,GG,CC,TC,AA,CC,GG,CC,TT,TT,GG,CC,CT,CC,CC,CC,AA,CA,TC,GC,TT,AA,CC,AA,CC,TC,TT,TA,GG,AA,GA,GG,CC,AA,AA,GT,AA,TT,GG,CC,CC,GG,GC,GT,GA,AA,CC,CC,CC,0,0,AG,CC,GG,GG,CC,GG,TT,GG,GA,CC,GG,AA,CC,TT,GG,GG,CC
scat_marten,NA,SDunes_F17.sc,Nextseq510,MACAP4,MH21-5,c,lane1-s213-index--AGTCAACCAT-GGCCTGTCCT-MACAP4_MH21_5_c_S213.assembled,16440,16070,97.75,85%,77,NA,AA,AC,CT,GC,TT,0,GG,AA,GA,0,CC,TT,AA,CC,CT,0,CC,CG,AA,AA,CC,CA,AA,AA,GG,TT,TC,GG,CC,AT,AA,0,GG,CT,GG,AG,CT,0,GG,GA,CC,AA,AA,AA,GG,CC,TC,0,CC,GG,CC,TT,TT,GG,CC,CT,CC,CC,CC,AA,CA,TC,GC,0,AA,CC,AA,CC,TC,TT,0,GG,AA,GA,GG,CC,AA,AA,0,AA,0,GG,0,CC,GG,GC,GT,0,0,CC,CC,CC,0,0,AG,CC,GG,0,CC,GG,TT,GG,0,CC,GG,AA,CC,TT,GG,GG,CC
scat_marten,0,SDunes_F17.sc,,,MH21-5,,CONSENSUS,434655,420142,96.97,100%,91,0,AA,AC,CT,GC,TT,AG,GG,AA,GA,TT,CC,TT,AA,CC,CT,TT,CC,CG,AA,AA,CC,CA,AA,AA,GG,TT,TC,GG,CC,AT,AA,GA,GG,CT,GG,AG,CT,CC,GG,GA,CC,AA,AA,AA,GG,CC,TC,AA,CC,GG,CC,TT,TT,GG,CC,CT,CC,CC,CC,AA,CA,TC,GC,TT,AA,CC,AA,CC,TC,TT,TA,GG,AA,GA,GG,CC,AA,AA,GT,AA,TT,GG,CC,CC,GG,GC,GT,GA,AA,CC,CC,CC,0,0,AG,CC,GG,GG,CC,GG,TT,GG,GA,CC,GG,AA,CC,TT,GG,GG,CC
scat_marten,NA,SDunes_F17.sc,Nextseq510,MACAP4,MH21-6,a,lane1-s198-index--GCGCGATGTT-GTCCACTTGT-MACAP4_MH21_6_a_S198.assembled,293051,283718,96.82,99%,90,NA,AA,AC,CT,GC,TT,AG,GG,AA,GA,TT,CC,TT,AA,CC,CT,TT,CC,CG,AA,AA,CC,CA,AA,AA,GG,TT,TC,GG,CC,AT,AA,GA,GG,CT,GG,AG,CT,CC,GG,GA,CC,AA,AA,AA,GG,CC,TC,AA,CC,GG,CC,TT,TT,GG,CC,CT,CC,CC,CC,AA,CA,TC,GC,TT,AA,CC,AA,CC,TC,TT,TA,GG,AA,GA,GG,CC,AA,AA,GT,AA,TT,GG,CC,CC,GG,GC,GT,GA,AA,CC,CC,CC,0,0,AG,CC,GG,GG,CC,GG,TT,GG,GA,CC,GG,AA,CC,TT,GG,GG,CC
scat_marten,NA,SDunes_F17.sc,Nextseq510,MACAP4,MH21-6,b,lane1-s206-index--GTGCCGCTTC-CGGCTCTACT-MACAP4_MH21_6_b_S206.assembled,1023956,997420,97.41,100%,91,NA,AA,AC,CT,GC,TT,AG,GG,AA,GA,TT,CC,TT,AA,CC,CT,TT,CC,CG,AA,AA,CC,CA,AA,AA,GG,TT,TC,GG,CC,AT,AA,GA,GG,CT,GG,AG,CT,CC,GG,GA,CC,AA,AA,AA,GG,CC,TC,AA,CC,GG,CC,TT,TT,GG,CC,CT,CC,CC,CC,AA,CA,TC,GC,TT,AA,CC,AA,CC,TC,TT,TA,GG,AA,GA,GG,CC,AA,AA,GT,AA,TT,GG,CC,CC,GG,GC,GT,GA,AA,CC,CC,CC,0,0,AG,CC,GG,GG,CC,GG,TT,GG,GA,CC,GG,AA,CC,TT,GG,GG,CC
scat_marten,NA,SDunes_F17.sc,Nextseq510,MACAP4,MH21-6,c,lane1-s214-index--GAGCGCAATA-CTGTGTTAGG-MACAP4_MH21_6_c_S214.assembled,368050,359244,97.61,99%,90,NA,AA,AC,CT,GC,TT,AG,GG,AA,GA,TT,CC,TT,AA,CC,CT,TT,CC,CG,AA,AA,CC,CA,AA,AA,GG,TT,TC,GG,CC,AT,AA,GA,GG,CT,GG,AG,CT,CC,GG,GA,CC,AA,AA,AA,GG,CC,TC,AA,CC,GG,CC,TT,TT,GG,CC,CT,CC,CC,CC,AA,CA,TC,GC,TT,AA,CC,AA,CC,TC,TT,TA,GG,AA,GA,GG,CC,AA,AA,GT,AA,TT,GG,CC,CC,GG,GC,GT,GA,AA,CC,CC,CC,0,0,AG,CC,GG,GG,CC,GG,TT,GG,GA,CC,GG,AA,CC,TT,GG,GG,CC
scat_marten,0,SDunes_F17.sc,,,MH21-6,,CONSENSUS,561686,546794,97.28,99%,90,0,AA,AC,CT,GC,TT,AG,GG,AA,GA,TT,CC,TT,AA,CC,CT,TT,CC,CG,AA,AA,CC,CA,AA,AA,GG,TT,TC,GG,CC,AT,AA,GA,GG,CT,GG,AG,CT,CC,GG,GA,CC,AA,AA,AA,GG,CC,TC,AA,CC,GG,CC,TT,TT,GG,CC,CT,CC,CC,CC,AA,CA,TC,GC,TT,AA,CC,AA,CC,TC,TT,TA,GG,AA,GA,GG,CC,AA,AA,GT,AA,TT,GG,CC,CC,GG,GC,GT,GA,AA,CC,CC,CC,0,0,AG,CC,GG,GG,CC,GG,TT,GG,GA,CC,GG,AA,CC,TT,GG,GG,CC
scat_marten,NA,SDunes_F17.sc,Nextseq510,MACAP4,MH21-7,a,lane1-s199-index--AGAGCACTAG-TGGAACAGTA-MACAP4_MH21_7_a_S199.assembled,791081,772635,97.67,98%,89,NA,AA,0,CT,GC,TT,AG,GG,AA,GA,TT,CC,TT,AA,CC,CT,TT,CC,CG,AA,AA,CC,CA,AA,AA,GG,TT,TC,GG,CC,AT,AA,0,GG,CT,GG,AG,CT,CC,GG,GA,CC,AA,AA,AA,GG,CC,TC,AA,CC,GG,CC,TT,TT,GG,CC,CT,CC,CC,CC,AA,CA,TC,GC,TT,AA,CC,AA,CC,TC,TT,TA,GG,AA,GA,GG,CC,AA,AA,GT,AA,TT,GG,CC,CC,GG,GC,GT,GA,AA,CC,CC,CC,0,0,AG,CC,GG,GG,CC,GG,TT,GG,GA,CC,GG,AA,CC,TT,GG,GG,CC
scat_marten,NA,SDunes_F17.sc,Nextseq510,MACAP4,MH21-7,b,lane1-s207-index--CGGCAATGGA-GAATGCACGA-MACAP4_MH21_7_b_S207.assembled,374665,362667,96.8,97%,88,NA,AA,AC,0,GC,TT,AG,GG,AA,GA,TT,CC,TT,AA,CC,CT,TT,CC,CG,AA,AA,CC,CA,AA,AA,GG,TT,0,GG,CC,AT,AA,GA,GG,CT,GG,AG,0,CC,GG,GA,CC,AA,AA,AA,GG,CC,TC,AA,CC,GG,CC,TT,TT,GG,CC,CT,CC,CC,CC,AA,CA,TC,GC,TT,AA,CC,AA,CC,TC,TT,TA,GG,AA,GA,GG,CC,AA,AA,GT,AA,TT,GG,CC,CC,GG,GC,GT,GA,AA,CC,CC,CC,0,0,AG,CC,GG,GG,CC,GG,TT,GG,GA,CC,GG,AA,CC,TT,GG,GG,CC
scat_marten,NA,SDunes_F17.sc,Nextseq510,MACAP4,MH21-7,c,lane1-s215-index--AACAAGGCGT-TAAGGAACGT-MACAP4_MH21_7_c_S215.assembled,684003,667380,97.57,99%,90,NA,AA,AC,CT,GC,TT,AG,GG,AA,GA,TT,CC,TT,AA,CC,CT,TT,CC,0,AA,AA,CC,CA,AA,AA,GG,TT,TC,GG,CC,AT,AA,GA,GG,CT,GG,AG,CT,CC,GG,GA,CC,AA,AA,AA,GG,CC,TC,AA,CC,GG,CC,TT,TT,GG,CC,CT,CC,CC,CC,AA,CA,TC,GC,TT,AA,CC,AA,CC,TC,TT,TA,GG,AA,GA,GG,CC,AA,AA,GT,AA,TT,GG,CC,CC,GG,GC,GT,GA,AA,CC,CC,CC,0,0,AG,CC,GG,GG,CC,GG,TT,GG,GA,CC,GG,AA,CC,TT,GG,GG,CC
scat_marten,0,SDunes_F17.sc,,,MH21-7,,CONSENSUS,616583,600894,97.35,100%,91,0,AA,AC,CT,GC,TT,AG,GG,AA,GA,TT,CC,TT,AA,CC,CT,TT,CC,CG,AA,AA,CC,CA,AA,AA,GG,TT,TC,GG,CC,AT,AA,GA,GG,CT,GG,AG,CT,CC,GG,GA,CC,AA,AA,AA,GG,CC,TC,AA,CC,GG,CC,TT,TT,GG,CC,CT,CC,CC,CC,AA,CA,TC,GC,TT,AA,CC,AA,CC,TC,TT,TA,GG,AA,GA,GG,CC,AA,AA,GT,AA,TT,GG,CC,CC,GG,GC,GT,GA,AA,CC,CC,CC,0,0,AG,CC,GG,GG,CC,GG,TT,GG,GA,CC,GG,AA,CC,TT,GG,GG,CC
scat_marten,NA,SDunes_F17.sc,Nextseq510,MACAP4,MH21-8,a,lane1-s200-index--TGCCTTGATC-CCTTGTTAAT-MACAP4_MH21_8_a_S200.assembled,1227986,1202014,97.88,100%,91,NA,AA,AC,CT,GC,TT,AG,GG,AA,GA,TT,CC,TT,AA,CC,CT,TT,CC,CG,AA,AA,CC,CA,AA,AA,GG,TT,TC,GG,CC,AT,AA,GA,GG,CT,GG,AG,CT,CC,GG,GA,CC,AA,AA,AA,GG,CC,TC,AA,CC,GG,CC,TT,TT,GG,CC,CT,CC,CC,CC,AA,CA,TC,GC,TT,AA,CC,AA,CC,TC,TT,TA,GG,AA,GA,GG,CC,AA,AA,GT,AA,TT,GG,CC,CC,GG,GC,GT,GA,AA,CC,CC,CC,0,0,AG,CC,GG,GG,CC,GG,TT,GG,GA,CC,GG,AA,CC,TT,GG,GG,CC
scat_marten,NA,SDunes_F17.sc,Nextseq510,MACAP4,MH21-8,b,lane1-s208-index--GCCGTAACCG-AAGACTATAG-MACAP4_MH21_8_b_S208.assembled,288349,281800,97.73,99%,90,NA,AA,AC,CT,GC,TT,AG,GG,AA,GA,TT,CC,TT,AA,CC,CT,TT,CC,CG,AA,AA,CC,CA,AA,AA,GG,TT,TC,GG,CC,AT,AA,GA,GG,CT,GG,AG,CT,CC,GG,GA,CC,AA,AA,AA,GG,CC,TC,AA,CC,GG,CC,TT,TT,GG,CC,CT,CC,CC,CC,AA,CA,TC,GC,TT,AA,CC,AA,CC,TC,TT,TA,GG,AA,GA,GG,CC,AA,AA,GT,AA,TT,GG,CC,CC,GG,GC,GT,GA,AA,CC,CC,CC,0,0,AG,CC,GG,GG,CC,GG,TT,GG,GA,CC,GG,AA,CC,TT,GG,GG,CC
scat_marten,NA,SDunes_F17.sc,Nextseq510,MACAP4,MH21-8,c,lane1-s216-index--GTATGTAGAA-CTAACTGTAA-MACAP4_MH21_8_c_S216.assembled,300986,292993,97.34,98%,89,NA,AA,AC,CT,GC,TT,AG,GG,AA,GA,TT,CC,TT,AA,CC,CT,TT,CC,CG,AA,AA,CC,CA,AA,AA,GG,TT,TC,GG,CC,AT,AA,GA,GG,CT,GG,AG,CT,CC,GG,GA,CC,AA,AA,AA,GG,CC,TC,AA,CC,GG,CC,TT,TT,GG,CC,CT,CC,CC,CC,AA,CA,TC,GC,TT,AA,CC,AA,CC,TC,TT,0,GG,AA,GA,GG,CC,AA,AA,GT,AA,TT,GG,CC,CC,GG,GC,GT,GA,AA,CC,CC,CC,0,0,AG,CC,GG,GG,CC,GG,TT,GG,GA,CC,GG,AA,CC,TT,GG,GG,CC
scat_marten,0,SDunes_F17.sc,,,MH21-8,,CONSENSUS,605774,592269,97.65,99%,90,0,AA,AC,CT,GC,TT,AG,GG,AA,GA,TT,CC,TT,AA,CC,CT,TT,CC,CG,AA,AA,CC,CA,AA,AA,GG,TT,TC,GG,CC,AT,AA,GA,GG,CT,GG,AG,CT,CC,GG,GA,CC,AA,AA,AA,GG,CC,TC,AA,CC,GG,CC,TT,TT,GG,CC,CT,CC,CC,CC,AA,CA,TC,GC,TT,AA,CC,AA,CC,TC,TT,TA,GG,AA,GA,GG,CC,AA,AA,GT,AA,TT,GG,CC,CC,GG,GC,GT,GA,AA,CC,CC,CC,0,0,AG,CC,GG,GG,CC,GG,TT,GG,GA,CC,GG,AA,CC,TT,GG,GG,CC
scat_marten,NA,SDunes_F17.sc,Nextseq510,MACAP4,MH21-9,a,,,,,-2%,-2,NA,0,0,0,0,0,0,0,0,0,0,0,0,NA,0,0,0,0,0,0,0,0,0,0,0,0,0,0,0,0,0,0,0,0,0,0,0,0,0,0,0,0,0,0,0,0,0,0,0,0,0,0,0,0,0,0,0,0,0,0,0,0,0,0,0,0,0,0,0,0,0,0,0,0,0,0,0,0,NA,0,0,0,0,0,0,0,0,0,0,0,0,0,0,0,0,0,NA,0,0,0,0,0,0,0,0,0,0,0,0,0,0,0
scat_marten,NA,SDunes_F17.sc,Nextseq510,MACAP4,MH21-9,a,lane1-s225-index--CGTATAATCA-GTCGATTACA-MACAP4_MH21_9_b_S225.assembled,1695747,1634909,96.41,90%,82,NA,AA,AA,CC,GG,TT,AG,GG,AA,GG,TT,CC,TT,AG,CC,CT,TT,CC,0,AA,AA,0,CC,AA,AA,GG,TT,0,GG,CC,TT,AA,0,GG,CC,GG,AA,TT,CC,GG,GA,CC,AA,0,AA,GG,CC,CC,AA,CC,GG,CC,TT,TT,GG,CC,CC,CC,CC,CC,AA,CA,0,GC,TT,AA,CC,AA,CC,TT,TT,0,GG,AA,GA,GG,CC,AA,AA,0,AA,TT,GG,CC,CC,GG,GC,GT,GG,AA,CC,CC,CC,0,0,GG,CC,GG,GG,CC,GG,TT,GG,GG,CC,GG,AA,CC,TT,GG,GG,CC
scat_marten,NA,SDunes_F17.sc,Nextseq510,MACAP4,MH21-9,b,lane1-s233-index--ATTGCCGAGT-GACAACTGAA-MACAP4_MH21_9_c_S233.assembled,1616650,1576196,97.5,87%,79,NA,AA,AA,0,0,TT,GG,GG,AA,AA,TT,CC,TT,AA,CC,CC,0,0,CG,AA,AA,CC,CA,0,AA,GG,0,0,GG,CC,0,AA,AA,GG,CC,GG,GG,TT,CC,GG,GA,CC,AA,AA,AA,GG,CC,TC,0,CC,GG,CC,TT,TT,GG,CC,CT,CC,CC,CC,AA,CA,TT,CC,TT,AA,CC,AA,CC,TT,TT,TA,GG,AA,AA,GG,CC,AA,AA,0,AA,TT,GG,CC,CC,GG,GC,TT,GG,0,CC,CC,CC,0,0,AG,CC,GG,0,CC,GG,TT,GG,GG,CC,GG,AA,CC,TT,GG,GG,CC
scat_marten,NA,SDunes_F17.sc,Nextseq533,MACA_P12,MH21-9,a,lane1-s673-index--GAACAATTCC-AACACGTGGA-MACAP12,776302,678553,87.41,88%,80,0,AA,0,CT,GC,TT,AA,GG,0,GG,TT,CC,TT,AA,CC,CT,TT,CC,CG,0,AA,CC,0,AA,AA,GG,0,TC,GG,CC,AA,AA,AA,0,CT,GG,AA,0,CC,GG,GG,CC,AA,AA,AA,GG,CC,TC,NA,CC,GG,CC,TT,TT,GG,CC,CT,CC,CC,0,AA,CA,TC,GC,TT,AA,CC,AA,CC,0,TT,TA,GG,AA,AA,GG,CC,AA,AA,GT,AA,TT,GG,0,CC,GG,CC,GT,GA,AA,CC,CC,CC,0,0,NA,CC,GG,GG,CC,0,NA,NA,NA,CC,GG,AA,0,TT,NA,GG,CC
scat_marten,NA,SDunes_F17.sc,Nextseq533,MACA_P12,MH21-9,b,lane1-s681-index--GAAGACTAGA-GATCTCTGGA-MACAP12,373120,344375,92.3,85%,77,0,AA,AA,TT,GC,TT,GG,GG,AA,GA,TT,CC,TT,AG,CC,CT,TT,0,CG,0,AA,CC,CC,0,0,GG,0,CC,GG,CC,AA,AA,AA,0,TT,0,GG,CT,CC,GG,GA,CC,AA,0,0,GG,CC,TC,NA,CC,GG,CC,TT,TT,GG,0,CT,CC,CC,CC,0,CA,CC,GC,0,AA,CC,AA,CC,0,TT,TA,GG,AA,AA,GG,CC,AA,AA,GG,AA,TT,GG,CC,CC,GG,GC,TT,GA,AA,CC,CC,CC,0,0,NA,CC,GG,GG,0,GG,0,NA,NA,CC,GG,AA,0,TT,NA,GG,CC
scat_marten,NA,SDunes_F17.sc,Nextseq533,MACA_P12,MH21-9,c,lane1-s689-index--ATACATCACA-AATACGACAT-MACAP12,411285,374356,91.02,89%,81,0,AA,0,0,GG,TT,GG,GG,0,AA,TT,CC,TT,AA,CC,TT,TT,CC,CG,0,AA,CC,AA,AA,AA,GG,0,TT,GG,CC,AT,AA,0,GG,CT,GG,AA,CT,CC,GG,GG,CC,AA,AA,AA,GG,CC,0,NA,CC,GG,CC,TT,TT,GG,CC,CT,CC,CC,CC,AA,CA,TC,GC,TT,AA,CC,AA,CC,0,TT,TT,GG,AA,GG,GG,CC,AA,AA,GT,AA,TT,GG,CC,CC,GG,GC,GT,GA,0,CC,CC,CC,0,0,NA,CC,GG,GG,CC,GG,NA,NA,NA,CC,GG,AA,CC,TT,NA,GG,CC
scat_marten,0,SDunes_F17.sc,Nextseq510 / Nextseq533,MACA_P4 / MACA_P12,MH21-9,,CONSENSUS,974621,921678,92.93,99%,90,0,AA,AA,CT,GC,TT,AG,GG,AA,GA,TT,CC,TT,AG,CC,CT,TT,CC,CG,AA,AA,CC,CA,AA,AA,GG,0,TC,GG,CC,AT,AA,AA,GG,CT,GG,AG,CT,CC,GG,GA,CC,AA,AA,AA,GG,CC,TC,AA,CC,GG,CC,TT,TT,GG,CC,CT,CC,CC,CC,AA,CA,TC,GC,TT,AA,CC,AA,CC,TT,TT,TA,GG,AA,GA,GG,CC,AA,AA,GT,AA,TT,GG,CC,CC,GG,GC,GT,GA,AA,CC,CC,CC,0,0,AG,CC,GG,GG,CC,GG,NA,GG,GG,CC,GG,AA,CC,TT,GG,GG,CC
blank,NA,NA,Nextseq510,MACAP4,NTC4,a,lane1-s272-index--CTGGCTTGCC-CAAGCATCCG-MACAP4_NTC4_a_S272.assembled,5070,24,0.47,-2%,-2,NA,0,0,0,0,0,0,0,0,0,0,0,0,NA,0,0,0,0,0,0,0,0,0,0,0,0,0,0,0,0,0,0,0,0,0,0,0,0,0,0,0,0,0,0,0,0,0,0,0,0,0,0,0,0,0,0,0,0,0,0,0,0,0,0,0,0,0,0,0,0,0,0,0,0,0,0,0,0,NA,0,0,0,0,0,0,0,0,0,0,0,0,0,0,0,0,0,0,0,0,0,0,0,0,0,0,0,0,0,0,0,0,0
blank,NA,NA,Nextseq510,MACAP4,NTC4,b,lane1-s280-index--TACACGCTCC-ATCCGTAAGT-MACAP4_NTC4_b_S280.assembled,29803,17,0.06,-2%,-2,NA,0,0,0,0,0,0,0,0,0,0,0,0,NA,0,0,0,0,0,0,0,0,0,0,0,0,0,0,0,0,0,0,0,0,0,0,0,0,0,0,0,0,0,0,0,0,0,0,0,0,0,0,0,0,0,0,0,0,0,0,0,0,0,0,0,0,0,0,0,0,0,0,0,0,0,0,0,0,NA,0,0,0,0,0,0,0,0,0,0,0,0,0,0,0,0,0,0,0,0,0,0,0,0,0,0,0,0,0,0,0,0,0
blank,NA,NA,Nextseq510,MACAP4,NTC4,c,lane1-s288-index--TGGACGGAGG-CACATCGGTG-MACAP4_NTC4_c_S288.assembled,13650,21,0.15,-2%,-2,NA,0,0,0,0,0,0,0,0,0,0,0,0,NA,0,0,0,0,0,0,0,0,0,0,0,0,0,0,0,0,0,0,0,0,0,0,0,0,0,0,0,0,0,0,0,0,0,0,0,0,0,0,0,0,0,0,0,0,0,0,0,0,0,0,0,0,0,0,0,0,0,0,0,0,0,0,0,0,NA,0,0,0,0,0,0,0,0,0,0,0,0,0,0,0,0,0,0,0,0,0,0,0,0,0,0,0,0,0,0,0,0,0
blank,1,NA,,,NTC4,,CONSENSUS,16174,21,0.23,-2%,-2,0,0,0,0,0,0,0,0,0,0,0,0,0,0,0,0,0,0,0,0,0,0,0,0,0,0,0,0,0,0,0,0,0,0,0,0,0,0,0,0,0,0,0,0,0,0,0,0,0,0,0,0,0,0,0,0,0,0,0,0,0,0,0,0,0,0,0,0,0,0,0,0,0,0,0,0,0,0,0,0,0,0,0,0,0,0,0,0,0,0,0,0,0,0,0,0,0,0,0,0,0,TT,0,0,0,0,0,0,0,0,0,0
scat_marten,NA,NA,Nextseq510,MACAP4,PM11,a,lane1-s248-index--CTCGTGCGTT-GCCTCGGATA-MACAP4_PM11_a_S248.assembled,986405,880131,89.23,42%,38,NA,GG,0,0,0,0,0,0,0,0,0,TT,TT,AA,0,CC,0,0,0,0,GG,TT,0,0,AA,AA,TT,TT,AA,0,0,0,0,0,CC,0,0,TT,0,GG,AA,TT,0,GG,GG,TT,0,TT,0,0,GG,GG,0,0,0,0,0,CC,0,GG,0,AA,TT,GG,0,0,CC,AA,0,CC,GG,TT,TT,0,GG,GA,0,0,0,0,0,0,0,0,0,0,GG,0,GG,0,0,CC,CC,0,0,0,CC,GG,0,0,GG,CC,0,GG,CC,GG,0,0,0,GG,0,CC
scat_marten,NA,NA,Nextseq510,MACAP4,PM11,b,lane1-s256-index--GTTCGCGCCA-AACTGATACT-MACAP4_PM11_b_S256.assembled,1322748,1122673,84.87,53%,48,NA,GG,0,CC,CC,0,0,0,AA,GG,0,0,TC,AA,0,CC,0,TT,CC,AA,GG,0,0,AA,AA,AA,0,TT,0,TT,0,AA,0,0,CC,0,GG,TT,0,0,AA,TT,0,0,0,TT,TT,TT,0,TT,GG,0,0,TT,AA,0,CC,CC,CT,0,0,0,TT,GG,0,0,CC,AA,CC,CC,GG,0,GT,AA,0,GA,0,0,0,0,AA,0,GG,CC,CC,0,GG,0,0,0,0,CC,CC,0,0,0,CC,GG,0,0,0,0,AA,0,CC,GG,AA,0,TT,GG,GG,CC
scat_marten,NA,NA,Nextseq510,MACAP4,PM11,c,lane1-s264-index--CCACCTGTGT-TGAGCGTTGT-MACAP4_PM11_c_S264.assembled,1136468,1031981,90.81,48%,44,NA,GG,0,CC,CC,0,0,0,AA,0,0,TT,0,NA,0,CC,0,0,CC,GG,GG,0,AA,AA,AA,0,CC,0,AA,0,0,0,0,0,CC,0,0,0,0,0,AA,0,0,0,0,0,TT,TT,GG,0,GG,0,TT,0,AA,0,CC,CC,CC,0,AA,AA,TT,GG,0,0,CC,0,CC,CC,GG,TT,TT,AA,GG,GA,0,AA,NA,0,AA,0,0,0,CC,0,GG,GG,GG,0,0,CC,CC,0,0,AA,CC,GG,AA,0,0,0,0,GG,CC,GG,AA,0,TT,GG,GG,CC
scat_marten,NA,NA,Nextseq533,MACA_P12,PM11,a,lane1-s698-index--CATTCACGCT-GTGACCTTGA-MACAP12,736535,618619,83.99,67%,61,0,GG,0,CC,CC,TT,0,0,AA,GG,0,TT,CC,AA,CC,CC,0,0,CC,0,GG,0,AA,AA,AA,AA,0,TT,AA,TT,AA,AA,AA,0,CC,0,0,TT,0,GG,AA,TT,0,GG,0,TT,TT,TT,0,0,GG,0,0,TT,AA,CT,CC,CC,CC,0,AA,AA,TT,GG,0,0,CC,AA,CC,0,GG,TT,TT,AA,GG,GA,0,AA,0,0,AA,0,GG,CC,CC,0,GG,GG,GA,0,TT,CC,CC,0,0,AA,CC,GG,0,CC,0,0,0,GA,CC,GG,AA,0,TT,GG,GG,CC
scat_marten,NA,NA,Nextseq533,MACA_P12,PM11,b,lane1-s706-index--CTCGTAGGCA-GACCGGAGAT-MACAP12,465106,338542,72.79,63%,57,0,GG,0,0,CC,TT,0,AA,AA,0,0,TT,TC,AA,CC,CC,0,0,CC,0,GG,TT,0,AA,AA,AA,0,0,AA,TT,AA,AA,AA,0,CC,0,0,TT,0,GG,AA,TT,0,GG,0,TT,TT,TC,0,0,GG,0,0,TT,AA,TT,CC,CC,0,0,0,AA,TT,GG,TT,GG,CC,AA,CC,0,GG,TT,0,AA,GG,GA,CC,0,0,GG,0,0,0,0,CC,GG,GG,GG,0,0,TT,CC,CC,0,0,0,CC,GG,0,CC,0,0,0,0,CC,GG,AA,0,TT,GG,GG,CC
scat_marten,NA,NA,Nextseq533,MACA_P12,PM11,c,lane1-s714-index--AGCTAGCTTC-GACAGACAGG-MACAP12,625690,532113,85.04,62%,56,0,GG,0,0,CC,0,AA,AA,AA,GG,0,TT,TC,AA,TT,CC,TT,CC,CC,0,GG,TT,AA,AA,AA,0,0,0,AA,CT,0,0,GG,0,CC,GG,0,0,0,GG,AA,TT,AA,0,0,TT,TT,0,0,0,GG,GG,0,TT,0,CC,CC,CC,CC,0,0,AA,TT,GG,0,AA,CC,AA,0,0,GG,TT,GG,AA,GG,GA,0,AA,0,0,AA,0,GG,0,CC,AG,GG,GG,0,0,0,0,CC,0,0,AA,CC,GG,0,CC,0,0,0,0,CC,0,AA,0,TT,GG,GG,CC
scat_marten,0.5,NA,Nextseq510 / Nextseq533,MACA_P4 / MACA_P12,PM11,,CONSENSUS,878825,754010,84.46,66%,60,0,GG,0,CC,CC,TT,0,AA,AA,GG,0,TT,TC,AA,NA,CC,0,NA,CC,NA,GG,TT,AA,AA,AA,AA,NA,TT,AA,NA,AA,AA,NA,0,CC,0,0,TT,0,GG,AA,TT,0,GG,0,TT,TT,NA,0,0,GG,GG,0,TT,AA,CT,CC,CC,NA,0,AA,AA,TT,GG,0,NA,CC,AA,CC,CC,GG,TT,GT,AA,GG,GA,0,AA,0,0,AA,0,GG,CC,CC,0,GG,GG,NA,0,TT,CC,CC,0,0,AA,CC,GG,0,CC,0,0,0,NA,CC,GG,AA,0,TT,GG,GG,CC
scat_marten,NA,SDunes_F05.sc,Nextseq510,MACAP4,PM25,a,lane1-s270-index--CGCACTAATG-TGACTACATA-MACAP4_PM25_a_S270.assembled,197745,191305,96.74,98%,89,NA,GA,AC,CT,GC,TT,GG,GA,AT,0,CC,CC,TT,AA,CC,CT,TT,CC,CG,AA,AA,CT,CA,AA,AA,GG,TT,TC,GA,CC,AT,AA,AA,GG,TT,GG,AA,TT,CT,GG,GA,CC,GG,AG,AA,GG,CC,TC,AA,CT,GG,GC,TT,CT,GG,CC,CC,CC,CT,CC,AA,CA,TC,GC,TT,AA,CC,AA,CT,TC,TT,TA,GG,AA,AA,GA,CC,AA,AA,GT,AA,TT,GA,GG,CC,GG,CC,GT,GG,AC,CC,CC,CT,0,0,AG,CC,GG,GG,CC,GG,TT,GA,GG,CC,GG,AA,CC,TT,GG,GG,CC
scat_marten,NA,SDunes_F05.sc,Nextseq510,MACAP4,PM25,b,lane1-s278-index--GGAATTCCAA-ACGTCAATAC-MACAP4_PM25_b_S278.assembled,480650,466401,97.04,99%,90,NA,GA,AC,CT,GC,TT,GG,GA,AT,GG,CC,CC,TT,AA,CC,CT,TT,CC,CG,AA,AA,CT,CA,AA,AA,GG,TT,TC,GA,CC,AT,AA,AA,GG,TT,GG,AA,CT,CT,GG,GA,CC,GG,AG,AA,GG,CC,TC,AA,CT,GG,GC,TT,CT,GG,CC,CC,0,CT,CC,AA,CA,TC,GC,TT,AA,CC,AA,CT,TC,TT,TA,GG,AA,AA,GA,CC,AA,AA,GT,AA,TT,GA,GG,CC,GG,CC,GT,GG,AC,CC,CC,CT,GG,GG,AG,CC,GG,GG,CC,GG,TT,GA,GG,CC,GG,AA,CC,TT,GG,GG,CC
scat_marten,NA,SDunes_F05.sc,Nextseq510,MACAP4,PM25,c,lane1-s286-index--CAATCTATGA-GATTAAGGTG-MACAP4_PM25_c_S286.assembled,219690,213533,97.2,97%,88,NA,GA,AC,CT,GC,TT,GG,GA,AT,GG,CC,CC,TT,AA,CC,CT,TT,CC,CG,AA,AA,CT,CA,AA,AA,GG,TT,TC,GA,CC,AT,AA,AA,GG,TT,GG,AA,TT,CT,GG,GA,CC,GG,AG,AA,GG,CC,TC,AA,CT,GG,GC,TT,CT,GG,CC,CC,CC,CT,CC,0,CA,TC,GC,TT,AA,CC,AA,CT,TC,TT,TA,GG,AA,0,GA,CC,AA,AA,GT,AA,TT,GA,GG,CC,GG,CC,GT,GG,AC,CC,CC,CT,GG,GG,AG,CC,GG,GG,CC,GG,TT,GA,GG,CC,GG,AA,CC,TT,GG,GG,CC
scat_marten,0,SDunes_F05.sc,,,PM25,,CONSENSUS,299362,290413,96.99,98%,89,0,GA,AC,CT,GC,TT,GG,GA,AT,GG,CC,CC,TT,AA,CC,CT,TT,CC,CG,AA,AA,CT,CA,AA,AA,GG,TT,TC,GA,CC,AT,AA,AA,GG,TT,GG,AA,NA,CT,GG,GA,CC,GG,AG,AA,GG,CC,TC,AA,CT,GG,GC,TT,CT,GG,CC,CC,CC,CT,CC,AA,CA,TC,GC,TT,AA,CC,AA,CT,TC,TT,TA,GG,AA,AA,GA,CC,AA,AA,GT,AA,TT,GA,GG,CC,GG,CC,GT,GG,AC,CC,CC,CT,GG,GG,AG,CC,GG,GG,CC,GG,TT,GA,GG,CC,GG,AA,CC,TT,GG,GG,CC
scat_marten,NA,SDunes_F04.tr,Nextseq510,MACAP4,PM26,a,lane1-s265-index--GTTCCGCAGG-ATCATAGGCT-MACAP4_PM26_a_S265.assembled,717530,696998,97.14,98%,89,NA,AA,CC,TT,GC,TT,AG,GA,AT,GA,CC,CC,TT,GG,CC,CC,TT,CC,CC,AA,AA,CT,CC,0,AA,GG,TT,TT,GA,CC,TT,AA,GA,GG,TT,AG,AA,CC,CC,GG,GG,CC,GG,AG,AA,GG,CC,TC,AA,CC,GG,GC,TT,CC,GG,CT,CC,CC,CC,CC,GG,CC,CC,GC,TC,AA,CC,AA,CT,TT,TT,TA,GG,AA,AA,GA,CC,AA,AA,GT,AA,TT,GG,CG,0,GG,GG,TT,GA,AC,CC,CC,CT,0,0,GG,CC,GG,GG,CC,GG,TT,GG,GA,CC,GG,AA,CC,TT,GG,GG,CC
scat_marten,NA,SDunes_F04.tr,Nextseq510,MACAP4,PM26,b,lane1-s273-index--ACCAGCGACA-TCGTCTGACT-MACAP4_PM26_b_S273.assembled,672991,655306,97.37,98%,89,NA,AA,CC,TT,GC,TT,0,GA,AT,GA,CC,CC,TT,GG,CC,CC,TT,CC,CC,AA,AA,CT,CC,AA,AA,GG,TT,TT,GA,CC,TT,AA,GA,GG,TT,AG,AA,CC,CC,GG,GG,CC,GG,AG,AA,GG,CC,TC,AA,CC,GG,GC,TT,CC,GG,CT,CC,CC,CC,CC,GG,CC,CC,GC,TC,AA,CC,AA,CT,TT,TT,TA,GG,AA,AA,GA,CC,AA,AA,GT,AA,TT,GG,CG,0,GG,GG,TT,GA,AC,CC,CC,CT,0,0,GG,CC,GG,GG,CC,GG,TT,GG,GA,CC,GG,AA,CC,TT,GG,GG,CC
scat_marten,NA,SDunes_F04.tr,Nextseq510,MACAP4,PM26,c,lane1-s281-index--GCTTACGGAC-CGTGTATCTT-MACAP4_PM26_c_S281.assembled,1389167,1355759,97.6,99%,90,NA,AA,CC,TT,GC,TT,AG,GA,AT,GA,CC,CC,TT,GG,CC,CC,TT,CC,CC,AA,AA,CT,CC,AA,AA,GG,TT,TT,GA,CC,TT,AA,GA,GG,TT,AG,AA,CC,CC,GG,GG,CC,GG,AG,AA,GG,CC,TC,AA,CC,GG,GC,TT,CC,GG,CT,CC,CC,CC,CC,GG,CC,CC,GC,TC,AA,CC,AA,CT,TT,TT,0,GG,AA,AA,GA,CC,AA,AA,GT,AA,TT,GG,CG,CT,GG,GG,TT,GA,AC,CC,CC,CT,0,0,GG,CC,GG,GG,CC,GG,TT,GG,GA,CC,GG,AA,CC,TT,GG,GG,CC
scat_marten,0,SDunes_F04.tr,,,PM26,,CONSENSUS,926563,902688,97.37,99%,90,0,AA,CC,TT,GC,TT,AG,GA,AT,GA,CC,CC,TT,GG,CC,CC,TT,CC,CC,AA,AA,CT,CC,AA,AA,GG,TT,TT,GA,CC,TT,AA,GA,GG,TT,AG,AA,CC,CC,GG,GG,CC,GG,AG,AA,GG,CC,TC,AA,CC,GG,GC,TT,CC,GG,CT,CC,CC,CC,CC,GG,CC,CC,GC,TC,AA,CC,AA,CT,TT,TT,TA,GG,AA,AA,GA,CC,AA,AA,GT,AA,TT,GG,CG,0,GG,GG,TT,GA,AC,CC,CC,CT,0,0,GG,CC,GG,GG,CC,GG,TT,GG,GA,CC,GG,AA,CC,TT,GG,GG,CC
scat_marten,NA,NA,Nextseq510,MACAP4,PM32,a,lane1-s266-index--ACCTTATGAA-TGTTAGAAGG-MACAP4_PM32_a_S266.assembled,491734,387431,78.79,3%,3,NA,0,0,0,0,0,0,0,0,0,0,0,0,0,0,0,0,0,0,0,0,0,CC,0,0,0,0,0,0,0,0,0,0,0,TT,0,0,0,0,0,0,0,0,0,0,0,0,CC,0,0,0,0,0,0,0,0,0,0,0,0,0,CC,0,0,0,0,0,0,0,0,0,0,0,0,0,0,0,0,0,0,0,0,GG,0,0,0,0,0,0,0,0,0,0,0,0,GG,CC,0,0,0,0,0,0,0,0,0,0,0,0,0,0,0
scat_marten,NA,NA,Nextseq510,MACAP4,PM32,b,lane1-s274-index--TTGTAACGGT-CTCATAGCGA-MACAP4_PM32_b_S274.assembled,371812,325747,87.61,4%,4,NA,0,0,0,0,0,0,0,0,0,0,0,0,GG,0,CC,0,0,0,0,0,0,0,AA,0,0,0,0,0,0,0,0,0,0,0,0,0,0,0,0,0,0,0,0,0,0,0,0,0,CC,0,0,0,0,0,0,0,0,0,0,0,0,0,0,TC,0,0,0,0,TT,0,0,0,0,0,0,0,0,0,0,0,0,0,0,0,0,0,0,0,0,0,0,0,0,0,0,0,0,0,0,0,0,GG,0,0,0,0,0,0,0,0,0
scat_marten,NA,NA,Nextseq510,MACAP4,PM32,c,lane1-s282-index--CGCTTGAAGT-GAACCATGAA-MACAP4_PM32_c_S282.assembled,491571,275700,56.09,2%,2,NA,0,0,0,0,0,0,0,0,0,0,0,0,0,0,0,0,0,0,0,0,0,0,0,0,0,0,0,0,0,0,0,0,0,0,0,0,0,0,0,0,0,GG,0,0,0,0,0,0,0,GG,0,0,0,GG,0,CC,0,0,0,0,0,0,0,0,0,0,0,0,0,0,0,0,0,0,0,0,0,0,0,0,0,0,0,0,0,0,0,0,0,0,0,0,0,0,0,0,0,0,0,0,0,0,0,CC,0,0,0,0,GG,GG,0
scat_marten,1,NA,,,PM32,,CONSENSUS,451706,329626,74.16,-2%,-2,0,0,0,0,0,0,0,0,0,0,0,0,0,0,0,0,0,0,0,0,0,0,0,0,0,0,0,0,0,0,0,0,0,0,0,0,0,0,0,0,0,0,0,0,0,0,0,0,0,0,0,0,0,0,0,0,0,0,0,0,0,0,0,0,0,0,0,0,0,0,0,0,0,0,0,0,0,0,0,0,0,0,0,0,0,0,0,0,0,0,0,0,0,0,0,0,0,0,0,0,0,0,0,0,0,0,0,0,0,0,0,0
scat_marten,NA,SDunes_F05.sc,Nextseq510,MACAP4,PM43,a,lane1-s267-index--CGCTGCAGAG-GATGGATGTA-MACAP4_PM43_a_S267.assembled,741933,720387,97.1,100%,91,NA,GA,AC,CT,GC,TT,GG,GA,AT,GG,CC,CC,TT,AA,CC,CT,TT,CC,CG,AA,AA,CT,CA,AA,AA,GG,TT,TC,GA,CC,AT,AA,AA,GG,TT,GG,AA,TT,CT,GG,GA,CC,GG,AG,AA,GG,CC,TC,AA,CT,GG,GC,TT,CT,GG,CC,CC,CC,CT,CC,AA,CA,TC,GC,TT,AA,CC,AA,CT,TC,TT,TA,GG,AA,AA,GA,CC,AA,AA,GT,AA,TT,GA,GG,CC,GG,CC,GT,GG,AC,CC,CC,CT,0,0,AG,CC,GG,GG,CC,GG,TT,GA,GG,CC,GG,AA,CC,TT,GG,GG,CC
scat_marten,NA,SDunes_F05.sc,Nextseq510,MACAP4,PM43,b,lane1-s275-index--GTAAGGCATA-AGACACATTA-MACAP4_PM43_b_S275.assembled,1043352,1016567,97.43,98%,89,NA,GA,AC,CT,GC,TT,GG,GA,AT,GG,CC,CC,TT,AA,CC,CT,TT,CC,CG,AA,AA,CT,CA,AA,AA,GG,TT,TC,GA,CC,AT,AA,AA,GG,TT,GG,AA,TT,CT,GG,GA,CC,GG,AG,AA,GG,0,TC,AA,CT,GG,GC,TT,CT,GG,CC,CC,CC,CT,CC,AA,CA,TC,GC,TT,AA,CC,AA,CT,TC,TT,TA,GG,AA,AA,GA,CC,AA,AA,0,AA,TT,GA,GG,CC,GG,CC,GT,GG,AC,CC,CC,CT,0,0,AG,CC,GG,GG,CC,GG,TT,GA,GG,CC,GG,AA,CC,TT,GG,GG,CC
scat_marten,NA,SDunes_F05.sc,Nextseq510,MACAP4,PM43,c,lane1-s283-index--CGCCTTCTGA-GGCCATCATA-MACAP4_PM43_c_S283.assembled,1152339,1124058,97.55,99%,90,NA,GA,AC,CT,GC,TT,GG,GA,AT,GG,CC,CC,TT,AA,CC,CT,TT,CC,CG,AA,AA,CT,CA,AA,AA,GG,TT,TC,GA,CC,AT,AA,AA,GG,TT,GG,AA,TT,CT,GG,GA,CC,GG,AG,AA,GG,CC,TC,AA,CT,GG,GC,TT,CT,GG,CC,CC,CC,CT,CC,AA,CA,0,GC,TT,AA,CC,AA,CT,TC,TT,TA,GG,AA,AA,GA,CC,AA,AA,GT,AA,TT,GA,GG,CC,GG,CC,GT,GG,AC,CC,CC,CT,0,0,AG,CC,GG,GG,CC,GG,TT,GA,GG,CC,GG,AA,CC,TT,GG,GG,CC
scat_marten,0,SDunes_F05.sc,,,PM43,,CONSENSUS,979208,953671,97.36,100%,91,0,GA,AC,CT,GC,TT,GG,GA,AT,GG,CC,CC,TT,AA,CC,CT,TT,CC,CG,AA,AA,CT,CA,AA,AA,GG,TT,TC,GA,CC,AT,AA,AA,GG,TT,GG,AA,TT,CT,GG,GA,CC,GG,AG,AA,GG,CC,TC,AA,CT,GG,GC,TT,CT,GG,CC,CC,CC,CT,CC,AA,CA,TC,GC,TT,AA,CC,AA,CT,TC,TT,TA,GG,AA,AA,GA,CC,AA,AA,GT,AA,TT,GA,GG,CC,GG,CC,GT,GG,AC,CC,CC,CT,0,0,AG,CC,GG,GG,CC,GG,TT,GA,GG,CC,GG,AA,CC,TT,GG,GG,CC
scat_marten,NA,NA,Nextseq510,MACAP4,PM7,a,lane1-s247-index--TATTCCTCAG-CTTAACCACT-MACAP4_PM7_a_S247.assembled,473703,457728,96.63,4%,4,NA,0,0,0,0,0,0,0,0,0,0,0,0,NA,0,0,0,0,0,0,0,0,0,0,AA,GG,0,0,0,0,0,0,0,0,0,0,0,CC,0,0,0,0,0,0,0,0,0,0,0,0,0,0,0,0,0,0,0,0,0,0,0,0,0,0,0,0,0,AA,0,0,0,0,0,AA,0,0,0,0,NA,0,0,0,0,0,0,0,0,0,0,0,0,CC,0,0,0,0,0,0,0,0,0,0,0,0,0,GG,0,0,0,0,0,0
scat_marten,NA,NA,Nextseq510,MACAP4,PM7,b,lane1-s255-index--ACCGCGCAAT-TTGGCTCCGC-MACAP4_PM7_b_S255.assembled,162238,118917,73.3,4%,4,NA,0,0,0,0,0,0,0,0,0,0,CC,0,0,0,0,0,0,0,0,0,0,0,0,0,0,0,0,0,0,0,0,0,0,0,0,0,0,0,0,0,0,0,0,0,0,0,0,0,0,TT,0,0,0,0,0,0,0,CC,0,0,0,0,0,0,0,0,GG,0,0,0,0,0,0,0,0,0,0,0,0,0,0,0,0,0,0,0,0,GG,0,CC,0,0,0,0,0,0,0,0,0,0,0,0,GG,CC,0,0,0,0,GG,0,0
scat_marten,NA,NA,Nextseq510,MACAP4,PM7,c,lane1-s263-index--GGTGTACAAG-AAGCGCGCTT-MACAP4_PM7_c_S263.assembled,19084,15343,80.4,0%,0,NA,0,0,0,0,0,0,0,0,0,0,0,0,NA,0,CC,0,0,0,0,0,0,0,0,0,0,0,0,0,0,0,0,0,0,0,0,0,0,0,0,0,TT,0,0,0,0,0,0,0,0,0,0,0,0,0,0,0,0,0,0,0,0,0,0,0,0,0,0,0,0,0,0,0,0,0,0,0,0,NA,0,0,0,0,0,0,0,0,0,0,0,0,0,0,0,GG,NA,0,0,0,0,0,0,NA,NA,0,0,0,0,0,NA,0,0
scat_marten,1,NA,,,PM7,,CONSENSUS,218342,197329,83.44,-2%,-2,0,0,0,0,0,0,0,0,0,0,0,0,0,0,0,0,0,0,0,0,0,0,0,0,0,0,0,0,0,0,0,0,0,0,0,0,0,0,0,0,0,0,0,0,0,0,0,0,0,0,0,0,0,0,0,0,0,0,0,0,0,0,0,0,0,0,0,NA,0,0,0,0,0,0,0,0,0,0,0,0,0,0,0,0,0,0,0,0,0,0,0,0,0,0,GG* (1 rep),0,0,0,0,0,0,0,0,0,0,0,0,0,0,0,0,0
scat_marten,NA,SDunes_M21.sc,Nextseq510,MACAP6,BLM001,a,lane1-s294-index--ATGGCGCCTG-TCCACGGCCT-MACAP6_BLM001_a_S294.assembled,374567,328542,87.71,42%,38,NA,GG,0,CC,0,0,0,0,TT,AA,TT,CC,0,NA,0,0,0,0,CC,0,AA,0,0,0,AA,GG,0,CC,AA,0,0,AA,0,0,TT,GG,0,CC,0,GG,AA,CC,0,0,0,GG,0,TT,0,CC,0,GG,TT,TT,0,CC,0,0,CC,0,GG,CA,0,0,TT,AA,CC,0,0,0,TT,0,0,0,0,GG,CC,AA,NA,0,0,0,GG,GG,0,GG,0,0,0,0,0,0,0,GG,GG,0,CC,GG,0,CC,0,0,GG,0,0,0,AA,0,0,0,0,CC
scat_marten,NA,SDunes_M21.sc,Nextseq510,MACAP6,BLM001,b,lane1-s302-index--TAATTAGCGT-TGGTTAAGAA-MACAP6_BLM001_b_S302.assembled,292786,278514,95.13,35%,32,NA,GG,0,CC,0,0,0,GG,0,GG,0,CC,TT,0,0,0,TT,CC,CC,0,0,0,0,AA,AA,GG,0,0,0,CC,0,0,0,0,TT,0,0,TT,CC,GG,0,0,0,AA,AA,GG,0,0,0,0,0,GG,0,0,0,CC,CT,0,0,CC,GG,0,0,0,0,0,0,0,0,0,TT,0,0,0,0,GG,0,AA,AA,0,AA,0,0,0,CC,GG,0,TT,0,AA,0,0,0,GG,GG,0,CC,0,0,CC,GG,TT,0,0,0,0,AA,0,TT,0,GG,0
scat_marten,NA,SDunes_M21.sc,Nextseq510,MACAP6,BLM001,c,lane1-s310-index--ATACTTGTTC-TAACCGCCGA-MACAP6_BLM001_c_S310.assembled,416172,388850,93.43,36%,33,NA,GG,0,0,0,TT,0,GG,0,GG,TT,CC,0,AA,0,0,0,0,0,0,0,0,CA,AA,0,0,0,TT,0,CC,0,0,0,GG,0,0,AG,CC,CC,0,GA,0,AA,0,0,0,0,0,0,0,0,0,0,0,GG,0,CT,0,0,CC,0,0,0,0,TT,AA,0,AA,CC,0,0,0,GG,AA,0,GG,0,AA,0,0,0,GG,0,0,CC,0,CC,TT,GG,0,0,CC,TT,0,0,AG,0,GG,0,0,GG,0,0,GG,0,GG,0,CC,TT,0,GG,0
scat_marten,NA,SDunes_M21.sc,Nextseq533,MACA_P12,BLM001,a,lane1-s675-index--CTTCTAAGTC-AGATTGTTAC-MACAP12,573954,528239,92.04,60%,55,0,AA,CC,CC,CC,TT,0,GG,AA,GA,0,CC,TT,0,CC,CC,TT,CC,0,0,AA,0,0,0,AA,0,0,TT,GG,CC,0,AA,0,0,TT,GG,AA,0,CC,0,0,0,AA,AA,AA,GG,0,TT,AA,0,GG,0,0,0,GG,CC,0,0,CC,0,0,CA,0,GG,TT,0,CC,AA,CC,0,TT,TT,GG,AA,0,0,CC,AA,AA,0,0,0,GG,GG,0,GG,CC,TT,GG,0,CC,CC,TT,0,GG,0,CC,0,GG,CC,0,TT,0,GG,CC,GG,0,0,0,GG,0,CC
scat_marten,NA,SDunes_M21.sc,Nextseq533,MACA_P12,BLM001,b,lane1-s683-index--TTCACTCACT-TTAATAGACC-MACAP12,532399,475516,89.32,54%,49,0,AA,0,0,CC,TT,AA,GG,0,0,TT,CC,TT,GG,0,0,TT,CC,CC,0,0,CC,CA,0,AA,0,0,0,AA,0,TT,0,GG,0,TT,0,0,CC,0,GG,AA,CC,0,AG,0,GG,CC,0,0,CC,GG,CC,0,0,0,0,TT,0,CC,0,AA,0,0,GG,TT,0,0,AA,0,0,0,0,GG,AA,0,GG,0,AA,AA,0,AA,TT,GG,CC,CC,GG,0,TT,0,AA,0,CC,CC,GG,GG,AG,CC,GG,0,0,0,0,GG,0,CC,GG,AA,0,TT,GG,GG,0
scat_marten,NA,SDunes_M21.sc,Nextseq533,MACA_P12,BLM001,c,lane1-s691-index--CACCTAGCAC-GCCTGCCATG-MACAP12,491939,450365,91.55,49%,45,0,0,0,0,0,TT,GG,0,AA,GG,0,CC,TT,AA,CC,0,0,0,CG,0,AA,0,CC,0,0,GG,0,0,0,CC,TT,0,0,GG,0,0,GG,CT,CC,0,GG,CC,AA,0,0,GG,0,0,AA,0,0,0,TT,TT,GG,0,TT,CC,CC,0,AA,AA,TT,0,0,0,CC,AA,CC,0,TT,0,0,AA,0,0,0,AA,AA,GG,AA,TT,GG,GG,TT,0,CC,0,0,0,CC,0,0,0,GG,GG,0,GG,GG,0,0,0,0,0,0,0,AA,CC,TT,0,GG,CC
scat_marten,NA,SDunes_M21.sc,Nextseq552,MACA_P13,BLM001,a,lane1-s003-index--TCTCACACGC-ACTCTACAGG-M13_BLM001_a_S3.assembled,197049,187854,95.33,46%,42,0,0,0,CC,CC,TT,AG,0,0,0,0,CC,TT,AG,CC,CT,0,CC,0,0,0,0,0,AA,0,GG,0,0,0,CC,0,0,AA,GG,CC,0,GG,,0,GG,0,CC,AA,0,0,0,0,TT,NA,0,0,0,TT,0,GG,0,TT,0,CC,0,GG,0,0,GG,0,0,CC,AA,0,0,TT,0,GG,AA,GG,GG,0,AA,AA,TT,0,TT,0,CC,CC,GG,0,TT,0,0,CC,0,0,0,0,NA,TT,,0,0,0,0,NA,NA,0,0,AA,CC,TT,NA,GG,CC
scat_marten,NA,SDunes_M21.sc,Nextseq552,MACA_P13,BLM001,b,lane1-s011-index--GAACGCAATA-TATCATGAGA-M13_BLM001_b_S11.assembled,138932,121982,87.8,37%,34,0,GG,0,CC,CC,0,0,0,TT,0,0,CC,0,NA,0,0,0,CC,0,0,0,0,0,0,AA,GG,0,TT,AA,CC,TT,0,AA,GG,TT,0,0,,CC,GG,GA,CC,GG,0,0,0,CC,TT,0,0,0,0,0,TT,0,CC,0,CC,0,0,0,0,0,0,TT,0,CC,AA,0,0,TT,0,0,AA,0,0,0,AA,NA,0,0,0,GG,GG,CC,0,0,0,0,0,CC,0,0,GG,GG,0,CC,GG,0,CC,0,0,0,0,0,0,0,CC,TT,0,0,CC
scat_marten,NA,SDunes_M21.sc,Nextseq552,MACA_P13,BLM001,c,lane1-s019-index--AGGCAGCTCT-TGCTGGACAT-M13_BLM001_c_S19.assembled,99992,93510,93.52,41%,37,0,GA,CC,CC,CC,TT,0,GG,0,AA,0,0,TT,AG,CC,CT,0,CC,0,0,AA,0,0,AA,AA,GG,0,CC,0,0,TT,AA,0,0,TT,GG,0,,0,0,GA,0,0,0,0,GG,0,0,0,0,GG,CC,0,0,0,CC,0,0,CC,0,0,CC,0,0,TT,AA,0,AA,0,0,TT,0,0,AA,0,GG,0,AA,0,0,0,GG,0,0,0,GG,CC,0,0,0,0,CC,0,GG,GG,0,CC,GG,0,CC,0,0,0,0,CC,GG,0,0,0,GG,0,0
scat_marten,0,SDunes_M21.sc,Nextseq510 / Nextseq533,MACAP6 / MACA_P12,BLM001,9,CONSENSUS,446970,408338,91.53,84%,76,0,GA,CC,CC,CC,TT,AG,GG,AT,GA,TT,CC,TT,AG,CC,CT,TT,CC,NA,0,AA,0,CA,AA,AA,GG,0,TC,NA,CC,TT,AA,NA,GG,CT,GG,AG,CT,CC,GG,GA,CC,NA,NA,AA,GG,CC,TT,AA,CC,GG,GC,TT,TT,GG,CC,CT,CC,CC,CC,GA,CA,0,GG,TT,AA,CC,AA,CC,0,TT,0,GG,AA,0,GG,CC,AA,AA,0,AA,TG,GG,CG,NA,GG,CC,TT,GG,AA,CC,CC,NA,GG,GG,AG,NA,GG,GG,CC,GG,TT,GG,GG,CC,GG,AA,CC,TT,GG,GG,CC
scat_marten,NA,SDunes_M24.sc,Nextseq510,MACAP6,BLM002,a,,,,,-2%,-2,NA,0,0,0,0,0,0,0,0,0,0,0,0,NA,0,0,0,0,0,0,0,0,0,0,0,0,0,0,0,0,0,0,0,0,0,0,0,0,0,0,0,0,0,0,0,0,0,0,0,0,0,0,0,0,0,0,0,0,0,0,0,0,0,0,0,0,0,0,0,0,0,0,0,0,0,0,0,0,NA,0,0,0,0,0,0,0,0,0,0,0,0,0,0,0,0,0,NA,0,0,0,0,0,0,0,0,0,0,0,0,0,0,0
scat_marten,NA,SDunes_M24.sc,Nextseq510,MACAP6,BLM002,b,lane1-s303-index--ATTAACAAGG-TGTTGTTCGT-MACAP6_BLM002_b_S303.assembled,395929,82393,20.81,-1%,-1,NA,0,0,0,0,0,0,0,0,0,0,0,0,NA,0,0,0,0,0,0,0,0,0,0,0,0,0,0,0,0,0,0,0,0,0,0,0,0,0,0,0,0,0,0,0,0,0,0,0,0,0,0,0,0,0,0,0,0,0,0,0,0,0,0,0,0,0,0,0,0,0,0,0,0,0,0,0,AA,NA,0,0,0,0,0,0,0,0,0,0,0,0,0,0,0,0,NA,0,0,0,0,0,0,NA,NA,0,0,0,0,0,NA,0,0
scat_marten,NA,SDunes_M24.sc,Nextseq510,MACAP6,BLM002,c,lane1-s311-index--TCCGCCAATT-CTCCGTGCTG-MACAP6_BLM002_c_S311.assembled,215852,43840,20.31,-1%,-1,NA,0,0,0,0,0,0,0,0,0,0,0,0,0,0,0,0,0,0,0,0,0,0,0,0,0,0,0,0,0,0,0,0,0,0,0,0,0,0,0,0,0,0,0,0,0,0,0,0,0,0,0,0,0,0,0,0,0,0,0,0,0,0,0,0,0,0,0,0,0,0,0,0,0,0,0,0,AA,0,0,0,0,0,0,0,0,0,0,0,0,0,0,0,0,0,0,0,0,0,0,0,0,0,0,0,0,0,0,0,0,0,0
scat_marten,1,SDunes_M24.sc,,,BLM002,,CONSENSUS,305891,63117,20.56,-1%,-1,0,0,0,0,0,0,0,0,0,0,0,0,0,0,0,0,0,0,0,0,0,0,0,0,0,0,0,0,0,0,0,0,0,0,0,0,0,0,0,0,0,0,0,0,0,0,0,0,0,0,0,0,0,0,0,0,0,0,0,0,0,0,0,0,0,0,0,0,0,0,0,0,0,0,0,0,0,AA,0,0,0,0,0,0,0,0,0,0,0,0,0,0,0,0,0,0,0,0,0,0,0,0,0,0,0,0,0,0,0,0,0,0
scat_marten,NA,NA,Nextseq510,MACAP6,BLM003,a,lane1-s296-index--GGTCTATTAA-CCACGACACG-MACAP6_BLM003_a_S296.assembled,454967,49,0.01,-1%,-1,NA,0,0,0,0,0,0,0,0,0,0,0,0,NA,0,0,0,0,0,0,0,0,0,0,0,0,0,0,0,0,0,0,0,0,0,0,0,0,0,0,0,0,0,0,0,0,0,0,0,0,0,0,0,0,0,0,0,0,0,0,0,0,0,0,0,0,0,0,0,0,0,0,0,0,0,0,0,AA,NA,0,0,0,0,0,0,0,0,0,0,0,0,0,0,0,0,0,0,0,0,0,0,0,0,0,0,0,0,0,0,0,0,0
scat_marten,NA,NA,Nextseq510,MACAP6,BLM003,b,lane1-s304-index--TGATGGCTAC-CCAACAACAT-MACAP6_BLM003_b_S304.assembled,481641,74882,15.55,1%,1,NA,AA,0,0,0,0,0,0,0,0,0,0,0,NA,0,0,0,0,0,0,0,0,0,0,0,0,0,0,0,0,0,0,0,0,0,AA,0,0,0,0,0,0,0,0,0,0,0,0,0,0,0,0,0,0,0,0,0,0,0,0,0,0,0,0,0,0,0,0,0,0,0,0,0,0,0,0,0,AA,NA,0,0,0,0,0,0,0,0,0,0,0,0,0,0,0,0,0,0,0,0,0,0,0,0,0,0,0,0,0,0,0,0,0
scat_marten,NA,NA,Nextseq510,MACAP6,BLM003,c,lane1-s312-index--AGGACAGGCC-CATTCCAGCT-MACAP6_BLM003_c_S312.assembled,572615,275195,48.06,0%,0,NA,0,0,0,0,0,0,0,0,0,0,0,0,NA,0,0,0,0,0,0,0,0,0,AA,0,0,0,0,0,0,0,0,0,0,0,0,0,0,0,0,0,0,0,0,0,0,0,0,0,0,0,0,0,0,0,0,0,0,0,0,0,0,0,0,0,0,0,0,0,0,0,0,0,0,0,0,0,AA,NA,0,0,0,0,0,0,0,0,0,0,0,0,0,0,0,0,0,0,0,0,0,0,0,0,0,0,0,0,0,0,0,0,0
scat_marten,1,NA,,,BLM003,,CONSENSUS,503074,116709,21.21,1%,1,2,0,0,0,0,0,0,0,0,0,0,0,0,0,0,0,0,0,0,0,0,0,0,FALSE,0,0,0,0,0,0,0,0,0,0,0,FALSE,0,0,0,0,0,0,0,0,0,0,0,0,0,0,0,0,0,0,0,0,0,0,0,0,0,0,0,0,0,0,0,0,0,0,0,0,0,0,0,0,0,AA,0,0,0,0,0,0,0,0,0,0,0,0,0,0,0,0,0,0,0,0,0,0,0,0,0,0,0,0,0,0,0,0,0,0
scat_marten,NA,NA,Nextseq510,MACAP6,BLM004,a,lane1-s313-index--AGAGAACCTA-GGTTATGCTA-MACAP6_BLM004_a_S313.assembled,284506,213840,75.16,15%,14,NA,GG,0,CC,0,0,0,0,0,0,0,0,TT,NA,0,0,0,0,0,AA,0,0,0,0,AA,0,0,TT,0,0,0,0,0,0,0,0,0,0,0,0,0,0,0,0,0,0,CC,TT,0,0,TT,0,0,0,0,0,0,0,0,0,0,CA,0,GG,0,0,0,0,0,0,TT,0,TT,0,GG,0,0,0,NA,0,0,GG,0,0,0,GG,0,0,0,0,0,0,0,0,0,0,0,0,0,0,0,0,0,0,CC,0,0,0,0,GG,0,0
scat_marten,NA,NA,Nextseq510,MACAP6,BLM004,b,lane1-s321-index--TCTAGGCGCG-CGAAGGTTAA-MACAP6_BLM004_b_S321.assembled,523453,416783,79.62,20%,18,NA,0,0,0,GG,TT,0,0,TT,0,0,0,0,NA,CC,0,CC,0,0,0,0,0,0,0,0,GG,0,0,GG,CC,0,0,0,0,0,0,0,CC,0,0,0,0,0,0,0,0,0,0,0,0,0,GG,0,0,0,CC,0,0,0,0,0,AA,0,0,TT,0,0,GG,0,TT,TT,0,GG,0,0,0,TT,0,NA,0,0,0,0,0,0,0,0,0,AA,0,0,0,CC,0,0,0,0,0,0,CC,0,0,0,AA,0,0,0,0,0,0,0,0
scat_marten,NA,NA,Nextseq510,MACAP6,BLM004,c,lane1-s329-index--CCGGTTCCTA-TATATTCGAG-MACAP6_BLM004_c_S329.assembled,728800,386156,52.99,19%,17,NA,0,0,0,0,TT,0,AA,0,GG,0,0,TT,0,0,0,CC,0,0,0,0,0,0,0,0,0,0,0,0,0,0,0,0,0,0,0,0,0,0,0,GG,0,0,0,0,0,CC,0,0,0,0,0,TT,0,0,0,CC,TT,0,0,AA,0,TT,0,0,0,0,GG,0,0,0,0,0,0,0,GG,0,0,0,0,GG,0,AA,0,0,GG,GG,0,GG,0,0,0,0,0,GG,0,0,GG,0,0,0,0,0,GG,0,0,0,0,0,0,GG,0
scat_marten,1,NA,,,BLM004,,CONSENSUS,512253,338926,69.26,5%,5,0,0,0,0,0,TT,0,0,0,0,0,0,TT,0,0,0,CC,0,0,0,0,0,0,0,0,0,0,0,0,0,0,0,0,0,0,0,0,0,0,0,0,0,0,0,0,0,CC,0,0,0,0,0,0,0,0,0,0,0,0,0,0,NA,0,0,0,0,0,GG,0,0,TT,0,NA,0,0,0,0,0,0,0,0,0,0,0,0,GG,0,0,NA,0,0,0,0,0,0,0,0,0,0,0,0,0,0,NA,0,0,0,0,0,0,0,0
scat_marten,NA,SDunes_M22.sc,Nextseq510,MACAP6,BLM005,a,lane1-s314-index--GATATTGTGT-ACCACACGGT-MACAP6_BLM005_a_S314.assembled,255245,236717,92.74,64%,58,NA,AA,AC,CT,GG,0,0,GG,0,0,CC,CC,TT,GG,TC,TT,CC,0,CC,AA,AA,CC,CC,0,AA,0,0,0,0,CC,AA,AA,GG,0,0,AA,0,0,0,GG,GG,TT,AA,0,AA,GG,CC,0,AA,CT,TT,GG,TT,CT,GG,TT,CC,0,0,GG,0,0,0,0,0,AA,CC,AA,CC,CC,TT,0,GG,AT,GG,GG,TT,0,0,0,AG,0,AA,GG,0,GG,GG,TT,AA,0,CC,0,CC,GG,GG,GG,0,GG,GG,CC,GG,TT,GA,AA,CC,0,AA,0,0,GG,GG,CC
scat_marten,NA,SDunes_M22.sc,Nextseq510,MACAP6,BLM005,b,lane1-s322-index--ATAGCCAAGA-AGTGCCACTG-MACAP6_BLM005_b_S322.assembled,367811,350680,95.34,64%,58,NA,GG,AA,CT,GC,TT,GG,GG,TT,0,TT,CC,0,AA,TT,CC,0,0,CC,AA,0,0,0,CC,AA,GG,TT,CC,0,CC,0,AA,GG,GA,0,GG,0,0,CC,GG,0,0,0,AA,0,GG,CC,TT,AA,0,0,GG,TT,0,GG,CC,0,TT,TT,0,0,CC,TT,GG,TT,AA,0,GA,CC,0,0,TT,GG,0,0,0,CC,AA,AA,0,AA,TT,AA,GG,0,0,GG,TT,0,AA,0,CC,TT,0,GG,0,0,0,GG,CC,0,0,0,0,0,GG,AA,CC,0,0,0,0
scat_marten,NA,SDunes_M22.sc,Nextseq510,MACAP6,BLM005,c,lane1-s330-index--GGCCAATATT-CGGTCCGATA-MACAP6_BLM005_c_S330.assembled,407914,396266,97.14,62%,56,NA,GA,0,TT,CC,TT,GG,GG,0,GG,TT,CC,0,GG,TT,0,CC,0,CC,0,AA,0,0,CA,AA,GG,TT,0,0,0,AA,0,GG,0,CC,GG,0,0,0,AA,GG,TC,GG,AA,0,0,0,TT,0,0,TT,GG,TT,0,GG,TT,CC,TT,0,GG,0,CC,0,0,TT,AA,CC,0,0,0,TT,0,TT,AA,GG,GG,0,AA,AA,TT,GG,TT,AA,CG,CC,GG,0,TT,GA,0,CC,CC,0,GG,GG,0,CC,GG,0,CC,GG,0,0,GA,CC,GG,AA,0,TT,GG,GG,CC
scat_marten,NA,SDunes_M22.sc,Nextseq533,MACA_P11,BLM005,a,lane1-s052-index--GCAACCAGTC-TAGGAACCGG-MACAP11,180377,158064,87.63,56%,51,0,GA,0,CC,CC,0,GG,GG,0,0,0,0,TT,AG,0,0,CC,0,CC,0,AA,CC,CC,AA,AA,0,0,CC,GG,CC,AA,AA,GG,0,CC,GG,GG,CC,0,0,0,CC,GG,AA,0,0,CC,TT,0,0,TT,GG,TT,CC,GG,0,CC,CC,0,GG,0,AA,0,GG,0,0,0,GG,CC,0,0,TT,0,TT,GG,0,0,AA,AA,0,0,TT,AA,0,0,GG,GG,TT,0,0,0,0,CT,GG,GG,GG,CC,0,0,0,GG,0,0,0,CC,0,AA,0,0,GG,GG,0
scat_marten,NA,SDunes_M22.sc,Nextseq533,MACA_P11,BLM005,b,lane1-s060-index--AACCAGCCAC-GGCGCCAATT-MACAP11,458358,438844,95.74,54%,49,0,GA,AA,CC,GG,TT,GG,0,TT,0,0,0,TT,0,CC,0,CC,TT,CC,0,AA,CC,0,AA,AA,GG,0,CC,0,0,0,AA,GG,AA,0,0,0,CC,0,0,GG,CC,0,0,0,0,CC,0,AA,CT,TT,0,0,0,GG,0,0,0,CC,GG,GG,CA,0,CC,TT,0,CC,GG,CC,0,TT,TT,0,TT,0,0,0,0,0,GG,0,0,AA,CC,0,0,GG,TT,AA,0,CC,CC,CC,0,GG,0,0,GG,GG,0,GG,0,GA,AA,CC,GG,AA,CC,0,GG,0,CC
scat_marten,NA,SDunes_M22.sc,Nextseq533,MACA_P11,BLM005,c,lane1-s068-index--GATAGCCTTG-AGGATAAGTT-MACAP11,154036,122226,79.35,55%,50,0,GA,0,TT,0,0,GG,GG,TT,GG,CC,0,0,0,0,0,CC,0,CC,0,0,0,CC,AA,AA,GG,0,CC,GG,0,0,AA,GG,GG,CC,0,0,CC,0,GA,GG,TT,0,AA,AA,GG,CC,TT,0,TT,0,GG,TT,CC,GG,TT,0,0,CC,0,GG,AA,0,GC,TT,AA,CC,GG,0,0,0,0,TT,0,GG,0,CC,0,0,GG,0,0,0,0,0,GG,GG,0,GG,0,CC,CC,0,0,GG,GG,CC,GG,0,CC,0,TT,AA,GG,0,GG,AA,CC,0,0,0,CC
scat_marten,NA,SDunes_M22.sc,Nextseq552,MACA_P13,BLM005,a,lane1-s005-index--ATATGCATGT-GCGTTGGTAT-M13_BLM005_a_S5.assembled,584459,537837,92.02,65%,59,0,GG,0,0,0,0,GG,0,0,GG,CC,0,TT,AG,CC,0,CC,CC,CC,0,AA,CC,CC,0,0,0,0,CC,GG,CC,AA,AA,GG,0,0,0,0,,CC,0,GG,TC,0,AA,AA,GG,CC,TT,AA,CC,TT,GG,TT,0,GG,0,CC,TT,CC,0,0,CA,0,GG,0,0,0,GG,CC,0,TT,TT,GT,AA,GG,GG,0,AA,AA,0,AG,TG,AA,CC,CC,GG,GG,TT,GG,AA,CC,0,CC,GG,GG,GG,0,GG,0,0,0,TT,GG,GG,CC,0,AA,0,TT,GG,GG,0
scat_marten,NA,SDunes_M22.sc,Nextseq552,MACA_P13,BLM005,b,lane1-s013-index--GGTAGAATTA-GAATTGAGTG-M13_BLM005_b_S13.assembled,304757,287747,94.42,71%,65,0,AA,AA,0,GG,TT,GG,GG,TT,0,0,CC,TT,AG,CC,CC,0,CT,0,0,AA,CT,CC,CA,AA,GG,0,CC,0,CC,AA,AA,0,0,CC,AA,0,,0,AA,GG,CC,GG,AA,0,GG,0,TT,AA,CC,TT,GG,0,0,GG,0,CC,CC,CC,GG,AA,AA,TT,CC,TT,0,CC,GG,0,0,TT,0,GG,AA,GG,GG,TT,AA,AA,0,AA,TT,0,CG,0,GG,GG,TT,0,AA,CC,CC,CC,0,GG,GG,CC,GG,0,0,GG,0,GG,0,CC,GG,0,0,0,GG,GG,CC
scat_marten,NA,SDunes_M22.sc,Nextseq552,MACA_P13,BLM005,c,lane1-s021-index--CCGTGACCGA-GGCTTAATTG-M13_BLM005_c_S21.assembled,474308,428694,90.38,69%,63,0,GG,CC,CT,CC,TT,GG,0,TT,GG,0,CC,TT,GG,CC,CC,CC,TT,CC,0,AA,CC,CC,AA,AA,GG,0,0,0,0,0,AA,0,0,CC,0,0,,CT,0,GG,0,AA,0,AA,GG,CC,TT,AA,CC,TT,GG,TT,0,GG,0,CC,CC,0,0,0,AA,TT,GG,TT,AA,CC,GG,CC,0,TT,TT,GG,TT,GG,0,0,AA,AA,GT,AA,0,AA,GG,0,0,GG,TT,GA,AA,CC,0,TT,0,0,GG,CC,GG,0,0,0,TT,GG,GA,CC,0,AA,0,0,GG,GG,CC
scat_marten,0,SDunes_M22.sc,Nextseq510 / Nextseq533,MACAP6 / MACA_P11,BLM005,9,CONSENSUS,354141,328564,91.64,87%,79,0,GA,AC,CT,GC,TT,GG,GG,TT,GG,CT,CC,TT,AG,TC,NA,CC,CT,CC,AA,AA,NA,CC,CA,AA,GG,TT,CC,GG,CC,AA,AA,GG,GA,CC,AG,0,CC,NA,GA,GG,TC,NA,AA,AA,GG,CC,TT,AA,CT,TT,GG,TT,NA,GG,NA,CC,CT,NA,GG,NA,CA,TT,GC,TT,AA,CC,GA,CC,0,TT,TT,GT,AT,GG,GG,NA,AA,AA,GT,AG,NA,AA,CG,CC,GG,GG,TT,GA,AA,CC,CC,CT,GG,GG,GG,CC,GG,GG,CC,GG,TT,GA,GA,CC,GG,AA,CC,TT,GG,GG,CC
scat_marten,NA,SDunes_M22.sc,Nextseq510,MACAP6,BLM006,a,lane1-s315-index--CGTACAGGAA-TAGGTTCTCT-MACAP6_BLM006_a_S315.assembled,728234,598180,82.14,56%,51,NA,AA,0,0,CC,0,0,GG,TT,0,0,CC,TT,GG,0,TT,CC,0,0,AA,AA,CC,CC,CA,AA,0,TT,CC,0,CC,AA,0,GG,GA,CC,AA,AA,CC,0,AA,GG,TC,0,0,AA,0,0,TT,AA,0,0,0,TT,0,GG,0,CC,0,CT,0,0,0,TT,0,TT,0,CC,AA,0,TT,TT,TT,TT,AA,GG,GG,0,AA,0,TT,0,0,0,0,0,0,GG,0,GG,AA,0,0,TT,GG,GG,GG,CC,GG,GG,0,0,TT,0,GG,0,0,0,CC,0,0,GG,CC
scat_marten,NA,SDunes_M22.sc,Nextseq510,MACAP6,BLM006,b,lane1-s323-index--TTCGGTGTGA-GAACAAGTAT-MACAP6_BLM006_b_S323.assembled,874595,590825,67.55,49%,45,NA,GG,0,0,GC,0,0,0,TT,0,0,CC,TT,AA,CC,CT,0,0,CC,0,0,0,CC,0,AA,GG,0,TT,GG,0,AA,AA,GG,GG,CC,0,0,0,0,GG,0,TT,0,0,0,GG,CC,0,0,0,0,0,TT,0,GG,0,CC,TT,CT,0,AA,AA,0,GG,0,0,GG,0,CC,TC,TT,TT,TT,AA,GG,GG,0,AA,0,0,0,0,AA,0,0,0,GG,TT,AA,0,0,CC,TT,0,0,GG,CC,0,0,0,0,0,0,AA,0,GG,AA,CC,0,0,GG,GG
scat_marten,NA,SDunes_M22.sc,Nextseq510,MACAP6,BLM006,c,lane1-s331-index--GAATACCTAT-ACAATAGAGT-MACAP6_BLM006_c_S331.assembled,518211,494028,95.33,49%,45,NA,GA,0,0,CC,0,0,0,TT,0,CC,CC,TT,0,TT,0,0,0,0,0,0,0,CC,CC,AA,GG,TT,0,0,CC,AA,AA,GG,AA,CC,0,GG,0,0,0,GG,CC,GA,0,AA,GG,CC,0,0,CC,0,GG,0,0,GG,CC,0,0,TT,0,GA,0,TT,0,0,0,0,GG,CC,TT,TT,0,GG,AA,0,GG,TT,AA,0,TT,AG,0,0,0,CC,GG,GG,0,0,0,0,0,CC,0,0,GG,CC,GG,0,CC,0,TT,GG,0,0,0,0,CC,TT,0,0,0
scat_marten,NA,SDunes_M22.sc,Nextseq533,MACA_P11,BLM006,a,lane1-s053-index--GAGCGACGAT-AGCGGTGGAC-MACAP11,679171,596310,87.8,47%,43,0,GA,0,0,GG,TT,0,0,TT,0,0,0,TT,NA,CC,0,CC,0,0,0,AA,0,0,CC,AA,GG,0,CC,GG,CC,AA,AA,0,0,0,0,0,CC,CC,0,GG,0,AA,AA,0,GG,CC,TT,0,TT,TT,0,0,0,0,CC,0,TT,0,0,0,CC,TT,CC,0,AA,0,AA,CC,0,TT,TT,GT,AA,0,GG,0,AA,NA,GG,0,0,AA,0,CC,0,0,0,0,0,CC,0,0,0,0,0,0,GG,0,CC,0,0,AA,0,CC,0,0,0,TT,GG,0,0
scat_marten,NA,SDunes_M22.sc,Nextseq533,MACA_P11,BLM006,b,lane1-s061-index--CTTAAGTCGA-AGATATGGCG-MACAP11,378305,344280,91.01,60%,55,0,GG,0,TT,CC,TT,0,0,TT,0,0,0,TT,AA,TT,CT,0,0,CC,0,0,0,CC,CA,AA,GG,0,CC,0,CC,0,AA,GG,0,CC,0,AA,CC,0,0,GG,0,0,AA,0,0,CC,TT,AA,0,0,GG,TT,TT,0,0,CC,TT,CC,0,GG,CC,TT,GC,TT,AA,0,GA,0,0,TT,TT,0,TT,GG,GG,TT,AA,AA,TT,GG,TT,AA,0,CC,0,GG,TT,AA,0,CC,CC,0,0,GG,GG,CC,GG,GG,0,0,0,0,AA,0,GG,AA,0,TT,0,GG,0
scat_marten,NA,SDunes_M22.sc,Nextseq533,MACA_P11,BLM006,c,lane1-s069-index--CCTGGACGCA-AGGCCAGACA-MACAP11,269997,230554,85.39,62%,56,0,GA,0,0,GC,TT,0,0,0,0,TT,CC,TT,AA,TT,CT,0,TT,CC,0,0,TT,0,AA,AA,GG,0,CC,GG,CC,AA,AA,0,AA,CC,0,AA,CC,0,0,0,CC,0,0,0,GG,CC,TT,AA,CC,0,0,TT,CC,0,CC,CC,CT,TT,0,AA,CC,TT,0,0,0,0,AA,CC,0,TT,TT,GT,TT,GG,GG,0,AA,AA,0,GG,0,0,CG,CC,GG,GG,0,AA,AA,CC,CC,0,0,GG,0,CC,0,GG,CC,0,0,GG,AA,0,GG,AA,CC,TT,0,GG,0
scat_marten,NA,SDunes_M22.sc,Nextseq552,MACA_P13,BLM006,a,lane1-s002-index--CACTCAATTC-AGAGCACTAG-M13_BLM006_a_S2.assembled,165053,154711,93.73,49%,45,0,AA,AA,0,0,0,0,GG,0,GG,0,CC,TT,0,0,CT,0,0,0,0,0,0,0,CC,AA,GG,0,0,0,CC,0,AA,GG,0,CC,0,GG,,0,0,GG,0,0,AA,AA,0,CC,TT,0,0,TT,0,TT,0,GG,CC,CC,0,TT,GG,0,CC,0,GC,TT,0,CC,0,CC,0,TT,TT,GG,AT,GG,GG,TT,AA,AA,GG,0,0,0,0,CC,0,GG,0,AA,0,0,CC,TT,0,GG,0,CC,GG,0,CC,GG,TT,0,AA,CC,GG,0,0,TT,GG,GG,CC
scat_marten,NA,SDunes_M22.sc,Nextseq552,MACA_P13,BLM006,b,lane1-s010-index--TTCTGTAGAA-TTAGGCTTAC-M13_BLM006_b_S10.assembled,71384,66299,92.88,54%,49,0,GA,0,TT,GC,0,GG,GG,TT,GG,0,0,0,AA,TT,0,0,0,CC,0,AA,0,0,CC,AA,GG,0,CC,0,CC,0,AA,GG,0,0,0,0,,CC,0,GG,CC,0,0,AA,GG,CC,0,AA,CC,0,0,0,0,GG,0,CC,0,0,0,0,CC,0,CC,TT,AA,CC,0,CC,0,TT,0,TT,AA,GG,0,CC,AA,AA,TT,0,0,0,GG,CC,0,GG,TT,AA,0,CC,CC,CT,0,0,0,0,GG,0,0,0,TT,GG,AA,0,GG,AA,0,TT,0,GG,CC
scat_marten,NA,SDunes_M22.sc,Nextseq552,MACA_P13,BLM006,c,lane1-s018-index--TAGAATTGGA-CGAGACCAAG-M13_BLM006_c_S18.assembled,322868,285849,88.53,45%,41,0,AA,0,CT,0,TT,GG,GG,TT,GG,0,CC,TT,NA,TC,0,0,TT,CC,0,0,TT,CC,0,AA,GG,0,0,GG,CC,0,0,GG,0,0,0,0,,0,0,0,TT,0,0,AA,GG,CC,TT,0,0,0,0,TT,CC,GG,0,CC,TT,TT,0,GG,AA,0,0,0,0,0,0,0,0,TT,TT,GT,AT,0,0,0,AA,NA,0,0,0,0,0,CC,0,GG,TT,GG,0,CC,CC,0,0,GG,GG,0,0,0,0,0,TT,0,GG,0,GG,AA,0,TT,0,GG,0
scat_marten,0.5,SDunes_M22.sc,Nextseq510 / Nextseq533,MACAP6 / MACA_P11,BLM006,9,CONSENSUS,445313,373448,87.15,79%,72,0,GA,0,NA,GC,TT,GG,GG,TT,GG,NA,CC,TT,NA,TC,CT,CC,TT,CC,0,AA,NA,CC,CA,AA,GG,TT,NA,GG,CC,AA,AA,GG,GA,CC,0,AG,CC,CC,NA,GG,TC,NA,AA,AA,GG,CC,TT,AA,CT,TT,GG,TT,NA,GG,CC,CC,NA,CT,0,GA,CA,TT,GC,TT,AA,NA,GA,CC,NA,TT,TT,GT,AT,GG,GG,NA,AA,AA,GT,NA,0,AA,NA,CC,GG,GG,TT,GA,AA,CC,CC,CT,GG* (1 rep),GG,GG,CC,GG,GG,CC,0,TT,GA,GA,CC,GG,AA,CC,TT,GG,GG,NA
scat_marten,NA,NA,Nextseq510,MACAP6,BLM009,a,lane1-s316-index--CTGCGTTACC-TATGGCTCGA-MACAP6_BLM009_a_S316.assembled,676044,438316,64.84,34%,31,NA,AA,0,0,CC,TT,AA,0,0,GG,0,0,0,0,CC,0,TT,0,0,0,0,0,0,AA,0,GG,0,0,GG,0,0,0,0,0,0,0,0,0,0,AA,0,CC,AA,0,0,GG,0,0,0,CC,0,0,0,TT,0,0,0,CC,0,CC,0,CC,CC,GG,TT,0,0,0,CC,0,TT,0,0,0,GG,GG,0,0,0,GG,AA,0,0,CC,CC,GG,0,0,GG,0,CC,0,0,0,GG,0,0,0,0,0,GG,0,GG,GG,0,0,0,0,TT,0,0,0
scat_marten,NA,NA,Nextseq510,MACAP6,BLM009,b,lane1-s324-index--ATGTAACGTT-ACGATTGCTG-MACAP6_BLM009_b_S324.assembled,779890,269873,34.6,13%,12,NA,0,0,0,0,0,0,0,AA,0,0,0,0,GG,0,CC,0,0,0,AA,AA,0,0,0,0,0,0,0,0,0,0,0,0,0,0,AA,0,0,0,0,GG,0,0,0,0,GG,0,0,0,0,GG,0,0,0,0,0,CC,0,0,CC,0,0,0,0,TT,0,0,0,0,0,0,0,TT,0,0,0,0,0,0,0,0,0,0,0,0,0,0,0,0,0,CC,0,0,0,GG,0,0,GG,0,0,GG,0,0,0,CC,0,0,0,0,GG,GG,0
scat_marten,NA,NA,Nextseq510,MACAP6,BLM009,c,lane1-s332-index--TACGTGAAGG-CGGTTATTAG-MACAP6_BLM009_c_S332.assembled,312077,180114,57.71,35%,32,NA,0,0,TT,0,TT,0,0,0,0,CC,CC,TT,GG,0,CC,TT,CC,0,0,0,0,0,AA,AA,0,TT,TT,0,CC,0,AA,0,GG,CC,0,0,0,0,0,0,0,0,0,AA,GG,0,0,0,CC,TT,GG,0,0,0,0,0,0,0,CC,0,0,TT,0,0,AA,0,0,CC,0,TT,0,0,0,0,0,CC,0,0,0,0,GG,0,CC,CC,0,0,GG,AA,0,0,0,TT,AA,GG,0,CC,0,0,0,GG,TT,GG,AA,CC,0,0,CC,TT,GG,0,0
scat_marten,NA,NA,Nextseq533,MACA_P11,BLM009,a,lane1-s055-index--TCTTACGCCG-ACAGAGGCCA-MACAP11,364012,213156,58.56,24%,22,0,AA,0,0,0,0,0,0,AA,AA,0,0,TT,0,CC,CC,0,0,0,0,0,0,0,AA,0,0,0,0,GG,0,0,0,0,0,0,0,0,0,0,0,0,CC,0,0,0,0,0,0,0,CC,GG,0,0,0,0,0,0,0,0,CC,0,CC,0,GG,0,0,CC,0,CC,0,0,AA,0,0,GG,GG,0,0,0,0,0,0,0,0,0,GG,0,0,GG,0,CC,CC,CC,0,GG,0,0,0,0,0,GG,0,GG,GG,0,GG,0,0,0,0,0,CC
scat_marten,NA,NA,Nextseq533,MACA_P11,BLM009,b,lane1-s063-index--ACTTACTTCA-GACGAACAAT-MACAP11,254897,203237,79.73,26%,24,0,AA,0,0,0,TT,0,0,AA,0,0,0,TT,GG,0,0,0,0,0,0,AA,0,0,AA,0,0,0,0,GG,0,0,AA,GG,0,0,GG,0,0,0,0,GG,0,0,0,0,0,0,0,0,0,GG,0,TT,0,GG,0,CC,0,0,CC,AA,CC,CC,0,TT,AA,0,0,0,0,0,0,0,0,0,0,0,0,0,TT,AA,0,0,0,0,GG,CC,0,0,0,0,0,0,0,0,0,0,GG,0,0,GG,0,0,0,0,0,0,0,0,0,GG,0
scat_marten,NA,NA,Nextseq533,MACA_P11,BLM009,c,lane1-s071-index--TCGTTGCTGC-CACCACCTAC-MACAP11,267020,220070,82.42,26%,24,0,AA,0,0,GG,0,0,GG,0,AA,CC,CC,0,NA,0,0,0,0,0,0,0,0,0,0,0,0,0,0,0,0,0,0,0,GG,CC,0,0,TT,0,AA,0,TT,0,AA,0,0,0,TT,0,0,GG,0,TT,0,0,0,0,0,CC,CC,0,0,TT,0,TT,0,0,GG,CC,0,TT,0,TT,AA,0,0,0,0,NA,0,AA,0,0,0,0,0,0,0,0,0,0,CC,0,0,0,0,CC,0,0,0,GG,0,0,0,0,GG,0,CC,0,0,0,0
scat_marten,NA,NA,Nextseq552,MACA_P13,BLM009,a,lane1-s008-index--GGTCTATTAA-CTTATACCTG-M13_BLM009_a_S8.assembled,288130,139749,48.5,22%,20,0,0,0,0,GG,0,0,0,AA,0,0,0,0,NA,0,0,0,0,0,0,0,0,CC,CC,0,0,0,0,GG,0,0,0,0,0,0,0,0,,0,0,0,0,0,0,0,GG,0,0,0,0,0,0,0,TT,GG,0,0,CC,CC,CC,GG,CC,0,CC,0,AA,0,0,0,0,0,0,0,0,0,GG,0,0,NA,0,AA,0,0,CC,0,GG,CC,0,AA,0,0,0,0,0,GG,GG,0,0,0,0,GG,0,0,AA,0,0,0,0,0,0,0,0
scat_marten,NA,NA,Nextseq552,MACA_P13,BLM009,b,lane1-s016-index--TGATGGCTAC-TACGGCGAAG-M13_BLM009_b_S16.assembled,104987,44592,42.47,31%,28,0,0,0,0,0,0,0,0,0,GG,TT,0,TT,GG,CC,CC,0,0,0,0,0,0,0,AA,0,0,0,TT,0,0,0,0,AA,0,CC,AA,0,,0,0,0,CC,0,AA,0,GG,0,0,0,CC,0,0,0,TT,0,0,0,0,0,CC,0,CC,CC,GG,0,AA,CC,GG,0,0,TT,0,TT,0,0,0,0,0,0,0,0,0,0,CC,CC,0,CC,0,0,AA,0,0,TT,0,GG,0,CC,0,0,0,GG,0,GG,0,0,0,0,0,TT,0,0,CC
scat_marten,NA,NA,Nextseq552,MACA_P13,BLM009,c,lane1-s024-index--AGGACAGGCC-TCTCGGACGA-M13_BLM009_c_S24.assembled,552158,420107,76.08,35%,32,0,AA,CC,TT,CC,0,AA,GG,0,0,0,CC,0,0,CC,0,TT,0,CC,0,0,CC,0,0,AA,0,0,0,0,0,TT,0,0,0,0,AA,0,,0,AA,GG,TC,0,AA,0,0,0,0,AA,0,0,0,TT,CC,0,0,0,0,CC,CC,0,0,0,CC,TT,0,0,0,CC,0,0,0,GT,0,GG,GG,CC,AA,AA,0,0,GG,0,0,0,0,0,GG,0,0,0,0,0,0,0,0,0,GG,0,0,GG,0,0,0,0,0,AA,0,0,0,0,0
scat_marten,0.5,NA,Nextseq510 / Nextseq533,MACAP6 / MACA_P11,BLM009,9,CONSENSUS,399913,236579,60.55,58%,53,0,AA,0,TT,GC,TT,AA,GG,AA,GA,NA,CC,TT,GG,CC,CC,TT,0,0,0,AA,0,0,NA,AA,0,0,TT,GG,0,0,AA,NA,GG,CC,NA,0,0,0,AA,GG,TC,0,AA,0,GG,0,0,0,CC,NA,0,TT,NA,GG,0,CC,CC,CC,CC,NA,CC,TC,GC,TT,AA,CC,GG,CC,0,TT,0,NA,0,GG,GG,CC,0,0,NA,AA,GG,0,CC,CC,GG,CC,GG,GA,0,CC,CC,NA,AA* (1 rep),GG,0,CC,GG,0,0,GG,0,GG,GA,CC,GG,0,CC,TT,GG,GG,CC
scat_marten,NA,SDunes_F09.sc,Nextseq510,MACAP6,BLM057,a,,,,,-2%,-2,NA,0,0,0,0,0,0,0,0,0,0,0,0,NA,0,0,0,0,0,0,0,0,0,0,0,0,0,0,0,0,0,0,0,0,0,0,0,0,0,0,0,0,0,0,0,0,0,0,0,0,0,0,0,0,0,0,0,0,0,0,0,0,0,0,0,0,0,0,0,0,0,0,0,0,0,0,0,0,NA,0,0,0,0,0,0,0,0,0,0,0,0,0,0,0,0,0,0,0,0,0,0,0,0,0,0,0,0,0,0,0,0,0
scat_marten,NA,SDunes_F09.sc,Nextseq510,MACAP6,BLM057,b,lane1-s325-index--AACGAGGCCG-ATACCTGGAT-MACAP6_BLM057_b_S325.assembled,1072319,1031790,96.22,100%,91,NA,AA,CC,CT,GC,TT,AG,GA,AT,GG,CT,CC,TT,AA,CC,CC,TT,CC,CC,AA,AA,CC,AA,CA,AA,GG,TT,TT,GA,CC,TT,AA,GA,GG,CT,GG,AA,CT,CT,GG,GG,CC,GG,AG,AA,GG,CC,TT,AA,CC,GG,GG,TT,TT,GG,CT,CC,CC,CC,CG,AA,AA,TC,GG,TT,AA,CG,GA,CC,TT,TT,TT,GG,AA,GG,GA,CC,AA,AA,GG,AA,TG,AA,CG,CT,GG,GG,GT,GG,AA,CC,CC,TT,0,0,AA,CC,GG,GG,CC,GG,TT,GG,GG,CC,GG,AA,CC,TT,GG,GG,CG
scat_marten,NA,SDunes_F09.sc,Nextseq510,MACAP6,BLM057,c,lane1-s333-index--CTTATTGGCC-GATAACAAGT-MACAP6_BLM057_c_S333.assembled,156877,148003,94.34,99%,90,NA,AA,CC,CT,GC,TT,AG,GA,AT,GG,CT,CC,TT,AA,CC,CC,TT,CC,CC,AA,AA,CC,AA,CA,AA,GG,TT,TT,GA,CC,TT,AA,GA,GG,CT,GG,AA,CT,CT,GG,GG,CC,GG,AG,AA,GG,CC,TT,AA,CC,GG,GG,TT,TT,GG,CT,CC,CC,CC,CG,AA,AA,TC,GG,TT,AA,CG,GA,CC,TT,TT,TT,GG,AA,GG,GA,CC,AA,AA,GG,AA,TG,AA,CG,CT,GG,GG,GT,GG,AA,CC,CC,TT,0,0,AA,CC,GG,GG,CC,GG,TT,GG,GG,CC,GG,AA,CC,TT,GG,GG,CG
scat_marten,0,SDunes_F09.sc,,,BLM057,,CONSENSUS,614598,589897,95.28,99%,90,0,AA,CC,CT,GC,TT,AG,GA,AT,GG,CT,CC,TT,AA,CC,CC,TT,CC,CC,AA,AA,CC,AA,CA,AA,GG,TT,TT,GA,CC,TT,AA,GA,GG,CT,GG,AA,CT,CT,GG,GG,CC,GG,AG,AA,GG,CC,TT,AA,CC,GG,GG,TT,TT,GG,CT,CC,CC,CC,CG,AA,AA,TC,GG,TT,AA,CG,GA,CC,TT,TT,TT,GG,AA,GG,GA,CC,AA,AA,GG,AA,TG,AA,CG,CT,GG,GG,GT,GG,AA,CC,CC,TT,0,0,AA,CC,GG,GG,CC,GG,TT,GG,GG,CC,GG,AA,CC,TT,GG,GG,CG
scat_marten,NA,NA,Nextseq510,MACAP6,BLM058,a,lane1-s318-index--AGGAGGTATC-CCAGTTGGCA-MACAP6_BLM058_a_S318.assembled,461771,424566,91.94,49%,45,NA,0,0,0,0,0,GG,0,AA,GG,0,CC,TT,NA,CC,CC,0,0,CC,0,AA,TT,0,CC,AA,GG,0,CC,0,CC,TT,AA,0,0,CC,0,0,CC,TT,0,AA,CC,0,0,0,GG,0,TT,0,CC,0,CC,TT,TT,0,CC,CC,CC,0,0,AA,CC,CC,GG,TT,AA,CC,GG,0,0,TT,0,GG,0,0,AA,0,0,NA,0,0,0,0,0,TT,0,0,TT,AA,0,CC,0,CC,0,0,0,CC,GG,0,CC,0,0,GG,AA,0,0,AA,0,TT,0,GG,CC
scat_marten,NA,NA,Nextseq510,MACAP6,BLM058,b,lane1-s326-index--TGGTGTTATG-TCCAATTCTA-MACAP6_BLM058_b_S326.assembled,585943,552629,94.31,55%,50,NA,AA,CC,TT,GG,TT,GG,0,0,AA,CC,0,TT,GG,CC,CC,0,0,CC,AA,0,0,0,0,0,GG,TT,TT,GG,TT,TT,AA,GG,0,CC,GG,GG,0,0,0,GG,CC,GG,AA,0,GG,0,0,AA,0,0,CC,0,TT,0,0,0,0,0,0,GG,CC,0,0,0,AA,CC,GG,0,0,TT,AA,GG,AA,GG,AA,0,0,0,0,0,0,0,CC,TT,0,GG,TT,0,0,CC,CC,TT,0,0,0,CC,GG,GG,0,0,0,0,0,0,GG,AA,0,TT,0,0,CC
scat_marten,NA,NA,Nextseq510,MACAP6,BLM058,c,lane1-s334-index--ACAACTACTG-AGTTATCACA-MACAP6_BLM058_c_S334.assembled,295537,271418,91.84,43%,39,NA,GG,0,0,GG,0,0,GG,AA,0,0,CC,TT,0,CC,CC,CC,0,NA,AA,AA,0,0,0,AA,NA,TT,TC,0,0,AA,NA,0,NA,NA,0,0,0,0,GG,NA,0,0,NA,AA,GG,CC,TT,AA,0,NA,0,TT,NA,GG,NA,NA,0,TT,NA,0,0,TT,GG,CC,AA,NA,GG,0,TT,TT,TA,GG,AA,GG,0,0,NA,0,0,NA,0,0,CC,NA,GG,NA,0,GG,0,CC,CC,TT,0,0,0,0,GG,GG,0,0,TT,0,GG,0,NA,0,CC,TT,0,GG,CC
scat_marten,NA,NA,Nextseq533,MACA_P11,BLM058,a,lane1-s056-index--AGCTGATGTC-ATTCCTATTG-MACAP11,270361,239192,88.47,51%,46,0,GG,0,CC,GG,TT,GG,GG,AA,0,0,CC,0,0,CC,CC,TT,CC,0,0,AA,0,0,AA,AA,0,0,0,GG,CC,AT,AA,GG,GG,0,GG,0,CC,0,0,0,CC,0,0,0,GT,CC,0,0,0,0,0,TT,TT,0,CC,CC,0,0,0,0,CC,0,GG,0,AA,CC,GG,0,0,TT,0,GG,AA,0,GA,CC,AA,AA,GG,0,0,0,0,0,GG,GG,0,AA,0,CC,0,0,0,0,0,0,0,0,CC,0,0,0,AA,0,0,0,CC,TT,0,GG,CC
scat_marten,NA,NA,Nextseq533,MACA_P11,BLM058,b,lane1-s064-index--CGCATTCCGT-TGGCGGTCCA-MACAP11,380137,354628,93.29,49%,45,0,0,0,CC,0,0,GG,0,0,0,0,CC,0,AA,0,CC,CC,0,CC,0,AA,TT,CC,CC,0,0,0,0,0,CT,0,0,GG,GG,0,0,0,CC,0,GG,0,CC,GG,AA,0,0,CC,0,0,0,0,GG,0,0,0,CC,CC,CC,TT,GG,GG,CC,CC,0,CC,0,CC,0,0,0,TT,0,GG,0,GG,AA,CC,AA,AA,GT,AA,TT,AA,CC,TT,0,GG,0,GG,AA,0,0,0,0,0,GG,0,0,0,CC,GG,0,0,GG,0,0,AA,CC,TT,0,GG,CC
scat_marten,NA,NA,Nextseq533,MACA_P11,BLM058,c,lane1-s072-index--CGACAAGGAT-TTGCTTGTAT-MACAP11,581864,560305,96.29,43%,39,0,GA,0,0,0,TT,0,GG,AA,0,0,CC,TT,AA,CC,0,TT,0,0,0,0,0,CC,0,0,0,0,0,0,CC,0,0,GG,GG,CC,0,AA,0,0,GG,0,CC,0,0,0,GG,CC,0,AA,CC,GT,0,TT,TT,GG,0,CC,CC,CT,0,0,CC,0,GG,CC,0,0,GG,CC,0,TT,AA,0,AA,0,AA,0,0,0,0,0,0,0,0,0,0,GG,0,AA,0,0,CC,CC,0,0,GG,CC,GG,GG,0,0,0,GG,AA,CC,GG,0,CC,0,GG,GG,0
scat_marten,NA,NA,Nextseq552,MACA_P13,BLM058,a,lane1-s079-index--GGACCAGTGG-GTGGCGAGAC-M13_BLM058_a_S79.assembled,414724,390888,94.25,40%,36,0,GG,CC,0,GG,TT,0,0,0,0,0,CC,TT,NA,CC,CC,0,TT,0,0,0,0,0,0,0,GG,0,0,GG,TT,0,AA,0,0,CC,0,0,,TT,0,0,0,GG,AA,AA,0,0,TT,0,0,0,CC,0,0,GG,0,0,CC,0,GG,0,0,CC,0,0,AA,CC,GG,CC,0,0,0,GG,AA,GG,0,TT,0,NA,0,0,0,0,0,TT,GG,GG,TT,GG,0,CC,0,0,0,0,0,CC,0,0,0,GG,TT,0,GG,0,0,0,0,TT,0,0,CC
scat_marten,NA,NA,Nextseq552,MACA_P13,BLM058,b,lane1-s087-index--TTCCTACAGC-TCTCAGTACA-M13_BLM058_b_S87.assembled,534861,513677,96.04,45%,41,0,GG,0,0,GG,0,0,0,AA,AA,0,CC,TT,0,CC,CC,TT,0,CC,0,0,0,0,0,AA,GG,0,TT,0,CC,TT,AA,GG,GG,CC,0,0,,0,GG,GA,CC,0,0,0,0,CC,0,0,CC,GG,0,0,0,GG,0,0,CC,TT,0,AA,0,TT,GG,0,AA,CC,GG,CC,0,0,0,GG,0,0,AA,0,AA,AA,0,AA,0,0,CC,0,0,0,0,AA,0,0,CC,0,0,0,0,CC,GG,0,0,0,0,GG,AA,CC,GG,AA,CC,0,GG,0,CC
scat_marten,NA,NA,Nextseq552,MACA_P13,BLM058,c,lane1-s095-index--TTGAATGTTG-AATCCTTAGG-M13_BLM058_c_S95.assembled,627587,600421,95.67,40%,36,0,GG,0,TT,GG,0,0,0,AA,0,0,CC,TT,GG,CC,CC,TC,CC,0,0,0,0,CC,0,0,0,0,CC,0,0,0,0,GG,GG,0,0,0,,0,GG,GG,0,0,0,0,GG,0,TT,0,0,TT,0,TT,0,GG,0,CC,CC,0,0,0,CC,CC,GG,0,AA,0,0,0,0,TT,0,GG,AA,GG,0,0,0,0,0,0,0,0,0,TT,0,GG,0,0,AA,CC,0,CC,0,GG,GG,0,GG,0,0,0,0,0,0,CC,0,0,CC,TT,GG,GG,0
scat_marten,0.5,NA,Nextseq510 / Nextseq533,MACAP6 / MACA_P11,BLM058,9,CONSENSUS,461421,434192,93.57,81%,74,0,GA,CC,CT,GG,TT,GG,GG,AA,NA,0,CC,TT,AG,CC,CC,TC,NA,CC,AA,AA,TT,CC,NA,AA,GG,TT,TC,GG,CT,AT,AA,GG,GG,CC,GG,NA,CC,0,GG,GA,CC,GG,AA,AA,NA,CC,TT,AA,CC,GT,NA,TT,TT,GG,CC,CC,CC,NA,GG,GA,CC,TC,GG,NA,AA,CC,GG,CC,0,TT,NA,GG,AA,GG,NA,NA,AA,AA,NA,AA,0,0,CC,TT,GG,GG,TT,GA,AA,CC,CC,CT,0,GG* (1 rep),GG,CC,GG,GG,CC,GG,TT,GG,GA,CC,GG,AA,CC,TT,GG,GG,CC
scat_marten,NA,SDunes_M07.sc,Nextseq510,MACAP6,COOS86,a,lane1-s319-index--GCTGACGTTG-TGTTCGCATT-MACAP6_COOS86_a_S319.assembled,690752,666419,96.48,98%,89,NA,GA,CC,CT,GG,TT,AG,GG,AA,GA,CC,CC,TT,AA,CC,CC,0,CC,CC,AA,AA,TT,CC,CC,AA,GG,TT,TC,GG,CT,TT,AA,GG,GG,CC,GG,AG,CC,TT,GG,GA,CC,GG,AA,AA,GG,CC,TT,AA,CC,GT,0,TT,TT,GG,CC,CC,CC,TT,GG,GA,CC,TC,GG,TC,AA,CC,GG,CC,TT,TT,TA,GG,AA,GG,AA,CT,AA,AA,TT,AA,TT,AA,CC,TT,GG,GC,TT,GG,AA,CC,CC,CT,GG,GG,GG,CC,GG,GG,CC,GG,TT,GG,GG,CC,GG,AA,CC,TT,GG,GG,CC
scat_marten,NA,SDunes_M07.sc,Nextseq510,MACAP6,COOS86,b,lane1-s327-index--TGGCCTCTGT-TGAGACAGCG-MACAP6_COOS86_b_S327.assembled,591729,574902,97.16,98%,89,NA,GA,CC,CT,GG,TT,0,GG,AA,GA,CC,CC,TT,0,CC,CC,TT,CT,CC,AA,AA,CC,CC,CC,AA,GG,TT,TC,GG,CT,AT,AA,GG,GG,CC,GG,GG,CC,TT,GG,GA,CC,GG,AA,AA,GG,CC,TT,AA,CC,GT,GG,TT,TT,GG,CC,CC,CC,CT,GG,GG,CC,TC,GG,TC,AA,CC,GG,CC,TT,TT,TA,GG,AA,GG,AA,CT,AA,AA,TT,AA,TT,AA,CC,TT,GG,GC,TT,GG,AA,CC,CC,CT,GG,GG,GG,CC,GG,GG,CC,GG,TT,GG,GG,CC,GG,AA,CC,TT,GG,GG,CC
scat_marten,NA,SDunes_M07.sc,Nextseq510,MACAP6,COOS86,c,lane1-s335-index--GTTGGATGAA-TTCCAGGTAA-MACAP6_COOS86_c_S335.assembled,277375,265023,95.55,95%,86,NA,GA,CC,CT,GG,TT,GG,GG,AA,GA,CC,CC,TT,AA,CC,CC,TC,CT,CC,AA,AA,CC,CC,CC,AA,GG,TT,TC,GG,CT,AT,AA,GG,GG,CC,GG,AG,CC,TT,GG,GA,CC,GG,AA,AA,GG,CC,TT,AA,CC,GT,GC,TT,TT,GG,CC,CC,CC,CT,GG,GA,CC,TC,GG,TT,AA,CC,GG,CC,TT,TT,TA,GG,AA,GG,AA,0,0,0,0,AA,TT,AA,CC,TT,GG,GC,TT,GA,AA,CC,CC,CT,GG,GG,GG,CC,GG,GG,CC,GG,TT,GG,GA,CC,GG,AA,CC,TT,GG,GG,CC
scat_marten,0,SDunes_M07.sc,,,COOS86,,CONSENSUS,519952,502115,96.4,95%,86,0,GA,CC,CT,GG,TT,NA,GG,AA,GA,CC,CC,TT,AA,CC,CC,NA,CT,CC,AA,AA,NA,CC,CC,AA,GG,TT,TC,GG,CT,AT,AA,GG,GG,CC,GG,AG,CC,TT,GG,GA,CC,GG,AA,AA,GG,CC,TT,AA,CC,GT,NA,TT,TT,GG,CC,CC,CC,CT,GG,GA,CC,TC,GG,TC,AA,CC,GG,CC,TT,TT,TA,GG,AA,GG,AA,CT,AA,AA,TT,AA,TT,AA,CC,TT,GG,GC,TT,NA,AA,CC,CC,CT,GG,GG,GG,CC,GG,GG,CC,GG,TT,GG,NA,CC,GG,AA,CC,TT,GG,GG,CC
scat_marten,NA,NA,Nextseq510,MACAP6,COOS87,a,lane1-s320-index--CTAATAACCG-AACCGCATCG-MACAP6_COOS87_a_S320.assembled,1304151,1257333,96.41,24%,22,NA,0,0,0,0,TT,0,0,0,0,TT,0,0,AA,0,0,0,0,0,0,GG,0,0,CC,AA,0,0,0,0,0,AA,0,0,0,0,0,0,0,CC,GG,0,0,AA,AA,0,0,0,0,0,0,0,0,TT,0,GG,0,CC,0,0,0,0,CC,TT,0,0,0,0,GG,0,TT,0,TT,0,AA,GG,0,CC,0,0,0,0,0,0,CC,0,0,0,0,0,0,CC,0,0,0,0,0,0,0,0,0,0,0,0,0,0,0,0,0,0,0,GG,0
scat_marten,NA,NA,Nextseq510,MACAP6,COOS87,b,lane1-s328-index--CCAGGCACCA-ACGCTAATTA-MACAP6_COOS87_b_S328.assembled,706700,580405,82.13,40%,36,NA,0,0,0,0,0,GG,GG,AA,AA,0,0,TT,AA,CC,0,0,CC,GG,0,GG,CC,0,0,0,0,0,0,0,CC,0,AA,0,0,CC,AA,0,0,TT,0,0,CC,0,AA,0,0,0,TT,0,0,0,GG,0,TT,GG,CC,0,CC,0,CC,GA,0,TT,GG,TT,0,0,0,0,TT,TT,0,0,0,GG,0,0,0,0,GG,0,0,AA,0,CC,0,CC,0,GG,0,0,0,TT,0,0,0,CC,0,0,CC,GG,0,0,GG,0,0,AA,0,TT,0,0,0
scat_marten,NA,NA,Nextseq510,MACAP6,COOS87,c,lane1-s336-index--AATCCAATTG-CATGTAGAGG-MACAP6_COOS87_c_S336.assembled,585237,507615,86.74,29%,26,NA,GA,0,0,0,0,GG,0,0,AA,0,CC,0,0,CC,0,CC,CC,0,0,0,0,0,0,0,0,0,0,0,CC,0,0,0,GG,0,AA,0,CC,0,0,0,0,0,AA,0,GG,0,0,0,0,0,0,0,0,0,0,0,0,0,0,0,0,0,0,TT,AA,CC,0,0,0,0,0,0,AA,0,0,CC,AA,AA,TT,0,TT,AA,0,0,0,CC,0,AA,AA,0,CC,0,0,0,0,0,0,0,0,0,0,0,AA,0,GG,0,CC,0,0,0,CC
scat_marten,1,NA,,,COOS87,,CONSENSUS,865363,781784,88.43,18%,16,0,0,0,0,0,0,GG,0,0,AA,0,0,0,AA,CC,0,0,CC,0,0,GG,0,0,0,0,0,0,0,0,CC,0,0,0,0,0,AA,0,0,NA,0,0,0,0,AA,0,0,0,0,0,0,0,0,0,0,GG,0,0,0,0,0,0,0,TT,0,TT,0,0,0,0,TT,0,0,0,AA,GG,0,CC,0,0,NA,0,0,AA,0,0,0,CC,0,NA,0,0,0,0,0,0,0,0,0,0,0,0,0,0,NA,0,0,0,0,0,0,0,0
scat_marten,NA,NA,Nextseq510,MACAP6,COOS88,a,lane1-s337-index--TATGATGGCC-GATTGTCATA-MACAP6_COOS88_a_S337.assembled,210460,108594,51.6,31%,28,NA,AA,0,0,0,TT,0,0,0,GG,CC,0,0,NA,CC,0,0,CC,CC,AA,0,0,0,0,0,GG,0,0,0,0,0,0,GG,0,CC,0,0,CC,0,0,0,0,0,0,AA,GG,0,0,0,CC,0,CC,0,0,GG,CC,0,0,0,GG,0,CC,0,GG,0,0,CC,0,0,TT,0,0,0,0,0,0,CC,0,NA,0,AA,TT,AA,0,0,0,CC,TT,0,0,CC,0,0,GG,GG,0,CC,0,0,CC,GG,TT,GG,0,0,0,AA,0,0,0,0,CC
scat_marten,NA,NA,Nextseq510,MACAP6,COOS88,b,lane1-s345-index--CCACGCTGAA-TATTCCTCAG-MACAP6_COOS88_b_S345.assembled,438285,165720,37.81,24%,22,NA,GG,0,0,GG,0,0,0,0,AA,0,CC,0,NA,CC,0,0,CC,0,0,AA,0,0,0,AA,0,0,0,0,0,0,0,0,0,CC,0,0,0,TT,0,0,0,0,0,0,0,0,0,0,CC,GG,CC,0,0,0,CC,CC,CC,0,0,GG,0,0,0,0,0,CC,GG,CC,0,TT,0,0,0,0,0,0,0,NA,0,0,TT,0,0,0,0,0,0,AA,AA,0,0,0,0,0,0,CC,0,0,CC,0,0,GG,AA,CC,0,0,0,0,GG,GG,CC
scat_marten,NA,NA,Nextseq510,MACAP6,COOS88,c,lane1-s353-index--AATTCCATCT-CTTCAGTTAC-MACAP6_COOS88_c_S353.assembled,294462,123679,42,18%,16,NA,GG,0,0,GG,0,0,0,0,0,0,0,0,AA,CC,0,0,0,CC,AA,0,0,0,0,0,0,0,0,0,0,AA,0,0,0,0,0,0,0,0,0,0,0,0,0,AA,0,0,0,0,0,TT,0,0,TT,0,0,0,0,0,GG,0,0,0,0,0,0,CC,0,0,0,TT,0,0,0,0,0,0,0,0,0,AA,0,0,CC,TT,0,0,0,AA,AA,0,0,0,0,0,0,0,0,0,0,GG,TT,0,AA,CC,0,AA,0,TT,GG,0,CC
scat_marten,1,NA,,,COOS88,,CONSENSUS,314402,132664,43.8,16%,15,0,NA,0,0,GG,0,0,0,0,NA,0,0,0,0,CC,0,0,CC,CC,AA,0,0,0,0,0,0,0,0,0,0,0,0,0,0,CC,0,0,0,0,0,0,0,0,0,AA,0,0,0,0,CC,NA,CC,0,0,0,CC,0,0,0,GG,0,0,0,0,0,0,CC,0,0,0,TT,0,0,0,0,0,0,0,0,0,AA,TT,0,0,0,0,0,0,AA,AA,0,0,0,0,0,0,CC,0,0,CC,GG,TT,GG,AA,CC,0,AA,0,0,GG,0,CC
scat_marten,NA,SDunes_F14.sc,Nextseq510,MACAP6,COOS89,a,lane1-s338-index--CGCAGCAATT-ATTCCGCTAT-MACAP6_COOS89_a_S338.assembled,392985,366631,93.29,97%,88,NA,GA,CC,CT,GG,TT,0,GG,AA,GG,TT,CC,TT,AA,CC,CC,TC,CC,CG,AA,GA,CT,CC,CC,AA,GG,TT,TT,GA,CC,AA,AA,GG,GG,CT,AA,GG,CC,CT,GG,GG,CC,AA,AA,AA,GG,CC,TT,AA,CC,GG,GC,TT,CT,GG,CC,CC,CC,CT,CC,GA,CC,0,GG,TT,AA,CC,GG,CC,TT,TT,TT,GT,AA,GG,GG,CC,AA,AA,TT,AA,TT,AA,CC,CC,GG,CC,TT,GA,AA,CC,CC,TT,0,0,GG,CC,GG,GG,CC,GG,TT,GG,GA,CC,GG,AA,CC,TT,GG,GG,CC
scat_marten,NA,SDunes_F14.sc,Nextseq510,MACAP6,COOS89,b,lane1-s346-index--GTTCGGAGTT-CGCCTTCTGA-MACAP6_COOS89_b_S346.assembled,364151,351076,96.41,96%,87,NA,GA,CC,0,GG,TT,AG,GG,AA,GA,TT,CC,TT,AA,CC,CC,TC,CC,CG,AA,GA,CT,CC,CC,AA,GG,TT,TT,GA,CC,AA,AA,GG,GG,CT,AA,GG,CC,CT,GG,GG,CC,AA,AA,AA,GG,CC,TT,AA,CC,GG,GC,TT,CT,GG,CC,CC,CC,0,CG,GA,CC,CC,GG,TT,AA,0,GG,CC,TT,TT,TT,GT,AA,GG,GG,CC,AA,AA,GT,AA,TT,AA,CC,CT,GG,CC,TT,AA,AA,CC,CC,TT,0,0,GG,CC,GG,GG,CC,GG,TT,GG,AA,CC,GG,AA,CC,TT,GG,GG,0
scat_marten,NA,SDunes_F14.sc,Nextseq510,MACAP6,COOS89,c,lane1-s354-index--TTAACGGTGT-TCCTGACCGT-MACAP6_COOS89_c_S354.assembled,288199,274826,95.36,99%,90,NA,GA,CC,CT,GG,TT,AG,GG,AA,GA,TT,CC,TT,AA,CC,CC,TC,CC,CG,AA,GA,CT,CC,CC,AA,GG,TT,TT,GA,CC,AA,AA,GG,GG,CT,AA,GG,CC,CT,GG,GG,CC,AA,AA,AA,GG,CC,TT,AA,CC,GG,GC,TT,CT,GG,CC,CC,CC,CT,CG,GA,CC,TC,GG,TT,AA,CC,GG,CC,TT,TT,TT,0,AA,GG,GG,CC,AA,AA,TT,AA,TT,AA,CC,CC,GG,CC,TT,GA,AA,CC,CC,TT,0,0,GG,CC,GG,GG,CC,GG,TT,GG,GA,CC,GG,AA,CC,TT,GG,GG,CC
scat_marten,0,SDunes_F14.sc,,,COOS89,,CONSENSUS,348445,330844,95.02,96%,87,0,GA,CC,CT,GG,TT,AG,GG,AA,GA,TT,CC,TT,AA,CC,CC,TC,CC,CG,AA,GA,CT,CC,CC,AA,GG,TT,TT,GA,CC,AA,AA,GG,GG,CT,AA,GG,CC,CT,GG,GG,CC,AA,AA,AA,GG,CC,TT,AA,CC,GG,GC,TT,CT,GG,CC,CC,CC,CT,CG,GA,CC,NA,GG,TT,AA,CC,GG,CC,TT,TT,TT,GT,AA,GG,GG,CC,AA,AA,NA,AA,TT,AA,CC,NA,GG,CC,TT,GA,AA,CC,CC,TT,0,0,GG,CC,GG,GG,CC,GG,TT,GG,GA,CC,GG,AA,CC,TT,GG,GG,CC
scat_marten,NA,SDunes_M07.sc,Nextseq510,MACAP6,COOS90,a,lane1-s339-index--ACGTTCCTTA-GACCGCTGTG-MACAP6_COOS90_a_S339.assembled,124388,119612,96.16,98%,89,NA,GA,CC,CT,GG,TT,AG,GG,AA,GA,CC,CC,TT,0,CC,CC,TC,CT,CC,AA,AA,CT,CC,CC,AA,GG,TT,TC,GG,CT,AT,AA,GG,GG,CC,GG,AG,CC,TT,GG,GA,CC,GG,AA,AA,GG,CC,TT,AA,CC,GT,GC,TT,TT,GG,CC,CC,CC,CT,GG,GA,CC,TC,GG,TC,AA,CC,GG,CC,TT,TT,TA,GG,AA,GG,AA,CT,AA,AA,GT,AA,TT,AA,CC,TT,GG,GC,TT,GA,AA,CC,CC,CT,0,GG,GG,CC,GG,GG,CC,GG,TT,GG,GA,CC,GG,AA,CC,TT,GG,GG,CC
scat_marten,NA,SDunes_M07.sc,Nextseq510,MACAP6,COOS90,b,lane1-s347-index--ATAGCGGAAT-GCGCAGAGTA-MACAP6_COOS90_b_S347.assembled,154598,149060,96.42,99%,90,NA,GA,CC,CT,GG,TT,AG,GG,AA,GA,CC,CC,TT,AA,CC,CC,TC,CT,CC,AA,AA,CT,CC,CC,AA,GG,TT,TC,GG,CT,AT,AA,GG,GG,CC,GG,AG,CC,TT,GG,GA,CC,GG,AA,AA,GG,CC,TT,AA,CC,GT,GC,TT,TT,GG,CC,CC,CC,CT,GG,GA,CC,TC,GG,TC,AA,CC,GG,CC,TT,TT,TA,GG,AA,GG,AA,CT,AA,AA,GT,AA,TT,AA,CC,TT,GG,GC,TT,GA,AA,CC,CC,CT,0,GG,GG,CC,GG,GG,CC,GG,TT,GG,GA,CC,GG,AA,CC,TT,GG,GG,CC
scat_marten,NA,SDunes_M07.sc,Nextseq510,MACAP6,COOS90,c,lane1-s355-index--ACTTGTTATC-CGCGCCTAGA-MACAP6_COOS90_c_S355.assembled,380709,368503,96.79,100%,91,NA,GA,CC,CT,GG,TT,AG,GG,AA,GA,CC,CC,TT,AA,CC,CC,TC,CT,CC,AA,AA,CT,CC,CC,AA,GG,TT,TC,GG,CT,AT,AA,GG,GG,CC,GG,AG,CC,TT,GG,GA,CC,GG,AA,AA,GG,CC,TT,AA,CC,GT,GC,TT,TT,GG,CC,CC,CC,CT,GG,GA,CC,TC,GG,TC,AA,CC,GG,CC,TT,TT,TA,GG,AA,GG,AA,CT,AA,AA,GT,AA,TT,AA,CC,TT,GG,GC,TT,GA,AA,CC,CC,CT,GG,GG,GG,CC,GG,GG,CC,GG,TT,GG,GA,CC,GG,AA,CC,TT,GG,GG,CC
scat_marten,0,SDunes_M07.sc,,,COOS90,,CONSENSUS,219898,212392,96.46,99%,90,0,GA,CC,CT,GG,TT,AG,GG,AA,GA,CC,CC,TT,AA,CC,CC,TC,CT,CC,AA,AA,CT,CC,CC,AA,GG,TT,TC,GG,CT,AT,AA,GG,GG,CC,GG,AG,CC,TT,GG,GA,CC,GG,AA,AA,GG,CC,TT,AA,CC,GT,GC,TT,TT,GG,CC,CC,CC,CT,GG,GA,CC,TC,GG,TC,AA,CC,GG,CC,TT,TT,TA,GG,AA,GG,AA,CT,AA,AA,GT,AA,TT,AA,CC,TT,GG,GC,TT,GA,AA,CC,CC,CT,GG* (1 rep),GG,GG,CC,GG,GG,CC,GG,TT,GG,GA,CC,GG,AA,CC,TT,GG,GG,CC
scat_marten,NA,SDunes_M07.sc,Nextseq510,MACAP6,COOS91,a,lane1-s340-index--CCGCGTATAG-TAGGAACCGG-MACAP6_COOS91_a_S340.assembled,248504,224496,90.34,92%,84,NA,GA,CC,CC,GG,TT,AG,GG,AA,0,0,CC,TT,AG,CC,CC,CC,TT,CC,AA,AA,0,CC,CC,AA,GG,TT,TC,GG,CT,AT,AA,GG,GG,CC,GG,AG,CC,TT,GG,GA,CC,GG,AA,AA,GG,CC,TT,0,CC,GT,CC,TT,TT,GG,CC,CC,CC,CC,GG,AA,CC,TC,GG,TC,AA,CC,GG,CC,TT,TT,TA,GG,AA,GG,AA,TT,0,0,TT,0,TT,AA,CC,TT,GG,GC,TT,GA,AA,CC,CC,CT,0,GG,GG,CC,GG,0,CC,GG,TT,GG,GA,CC,GG,AA,CC,TT,GG,GG,CC
scat_marten,NA,SDunes_M07.sc,Nextseq510,MACAP6,COOS91,b,lane1-s348-index--GCAATATTCA-GGCGCCAATT-MACAP6_COOS91_b_S348.assembled,407513,387879,95.18,93%,85,NA,GA,CC,CT,GG,TT,0,GG,AA,GG,CC,CC,TT,0,CC,CC,TC,CT,CC,AA,AA,0,CC,CC,AA,GG,TT,TC,GG,CT,AT,AA,GG,GG,CC,GG,GG,CC,TT,GG,GA,CC,GG,AA,AA,GG,CC,TT,AA,CC,GT,GC,0,TT,GG,CC,CC,CC,CC,0,GA,CC,0,GG,TT,AA,CC,GG,CC,TT,TT,TA,GG,AA,GG,AA,TT,AA,AA,TT,AA,TT,AA,CC,TT,GG,GC,TT,GA,AA,CC,CC,CC,GG,GG,GG,CC,GG,GG,CC,0,TT,GG,GA,CC,GG,AA,CC,TT,GG,GG,CC
scat_marten,NA,SDunes_M07.sc,Nextseq510,MACAP6,COOS91,c,lane1-s356-index--CGTGTACCAG-AGGATAAGTT-MACAP6_COOS91_c_S356.assembled,402633,388057,96.38,95%,86,NA,GA,CC,0,GG,TT,AG,GG,AA,GG,0,CC,TT,AG,CC,CC,TC,CC,CC,AA,AA,TT,CC,CC,AA,GG,TT,TC,GG,CT,AT,AA,GG,GG,CC,GG,GG,CC,0,GG,GA,CC,GG,AA,AA,GG,CC,TT,AA,CC,GT,0,TT,TT,GG,CC,CC,CC,TT,GG,GG,CC,TC,GG,TC,AA,CC,GG,CC,TT,TT,TT,GG,AA,GG,AA,CT,AA,AA,GT,AA,TT,AA,CC,TT,GG,GC,TT,GG,AA,CC,CC,CT,GG,GG,GG,CC,GG,GG,CC,GG,TT,GG,GG,CC,GG,AA,CC,TT,GG,GG,CC
scat_marten,0,SDunes_M07.sc,,,COOS91,,CONSENSUS,352883,333477,93.97,91%,83,0,GA,CC,NA,GG,TT,AG,GG,AA,GG,0,CC,TT,AG,CC,CC,TC,CT,CC,AA,AA,0,CC,CC,AA,GG,TT,TC,GG,CT,AT,AA,GG,GG,CC,GG,NA,CC,TT,GG,GA,CC,GG,AA,AA,GG,CC,TT,AA,CC,GT,NA,TT,TT,GG,CC,CC,CC,NA,GG,GA,CC,TC,GG,TC,AA,CC,GG,CC,TT,TT,TA,GG,AA,GG,AA,NA,AA,AA,NA,AA,TT,AA,CC,TT,GG,GC,TT,GA,AA,CC,CC,CT,GG,GG,GG,CC,GG,GG,CC,GG,TT,GG,GA,CC,GG,AA,CC,TT,GG,GG,CC
scat_marten,NA,SCoast_M02.sc,Nextseq510,MACAP6,COOS94,a,lane1-s341-index--GATTCTGAAT-AGCGGTGGAC-MACAP6_COOS94_a_S341.assembled,250957,228872,91.2,73%,66,NA,GG,0,0,0,TT,0,0,AA,GG,CC,CC,TT,GG,TC,CC,0,CC,CC,GG,GG,0,CC,AA,AA,GG,CC,0,0,CC,AA,AA,0,AA,TT,0,AA,0,TT,0,GA,CC,GG,AA,AA,TT,CC,CC,AA,0,GG,GG,TT,0,GG,TT,CC,TT,CC,GG,GG,CA,0,GG,TT,0,CC,AA,0,TT,TT,TT,TT,AA,GG,GG,0,AA,AA,GG,0,TT,GG,CC,CC,GG,CC,0,0,0,CC,0,TT,0,0,GG,CC,GG,GG,CC,GG,TT,0,0,CC,0,AA,CC,TT,GG,GG,CC
scat_marten,NA,SCoast_M02.sc,Nextseq510,MACAP6,COOS94,b,lane1-s349-index--CTAGATTGCG-AGATATGGCG-MACAP6_COOS94_b_S349.assembled,598571,543593,90.82,73%,66,NA,GG,CC,0,CC,TT,AA,GG,AA,GG,CC,CC,TT,GG,0,CC,0,CC,CC,AA,GG,0,0,CC,AA,0,TT,CC,AA,CC,AT,AA,0,0,TT,AG,0,0,TT,0,GA,CC,GG,AA,0,0,CC,TC,0,TT,TT,0,TT,0,0,TT,CC,TT,0,0,GG,CA,TC,GG,TT,AA,CC,AA,0,TT,TT,TT,TT,AA,GG,GG,0,AA,0,TT,GG,TT,0,CC,0,GG,CC,GG,0,CC,CC,CC,TT,0,GG,0,CC,GG,0,CC,0,0,AA,0,CC,GG,AA,0,0,GG,GG,CC
scat_marten,NA,SCoast_M02.sc,Nextseq510,MACAP6,COOS94,c,lane1-s357-index--TTAACCTTCG-AGGCCAGACA-MACAP6_COOS94_c_S357.assembled,521902,442104,84.71,81%,74,NA,GG,0,TT,GG,TT,0,GG,0,GG,CC,CC,TT,GG,0,CC,0,CC,CC,GG,0,CC,0,AA,AA,GG,CC,CC,0,CC,TT,AA,GG,AA,TT,0,AA,TT,0,0,0,CC,GG,AA,AA,GT,CC,CC,AA,0,GG,GG,0,TT,GG,CC,CC,TT,CC,0,GG,CA,CC,GG,TT,AA,CC,AA,CC,TC,TT,TT,TT,AA,GG,GG,CC,GA,GG,TT,GG,0,GG,CC,CC,GG,CC,GG,GG,0,CC,CC,TT,GG,GG,0,CC,GG,GG,CC,0,TT,0,GG,CC,GG,AA,CC,TT,GG,GG,CC
scat_marten,NA,SCoast_M02.sc,Nextseq533,MACA_P12,Coos94,a,lane1-s697-index--TTAATAGCAC-TCAGTTAATG-MACAP12,849341,787607,92.73,93%,85,0,GG,CC,CT,GC,TT,AA,GG,0,GG,CC,CC,TT,GG,TC,CC,CC,CC,CC,0,GG,0,CC,CA,AA,GG,0,CC,AA,CC,AT,AA,GG,AA,TT,AG,0,TT,TT,GG,GG,CC,GG,GG,AA,GT,CC,TC,AA,CT,GT,GG,TT,TT,GG,CC,CC,TT,TT,GG,GA,CA,TC,GG,TT,AA,CC,AA,CC,0,TT,TT,TT,AA,GG,GG,CC,GA,GA,TT,GG,GG,GG,CC,CC,GG,CC,GG,AA,CC,CC,CC,TT,0,GG,GG,CC,GG,GG,CC,GG,TT,GA,AA,CC,GG,AA,CC,TT,GG,GG,CC
scat_marten,NA,SCoast_M02.sc,Nextseq533,MACA_P12,Coos94,b,lane1-s705-index--TCGACGCTAG-AGTACCTATA-MACAP12,901039,809245,89.81,92%,84,0,GG,AC,TT,GC,TT,AA,GG,AA,GG,CC,CC,TT,GG,TC,CC,CC,CC,CC,0,GG,CC,CC,CA,AA,GG,0,CC,AA,CC,AA,AA,GG,AA,TT,GG,AA,TT,0,GA,GA,CC,GG,0,AA,GT,CC,CC,AA,0,GT,GG,TT,TT,GG,TT,CC,TT,CC,GG,GG,CA,CC,GG,TT,AA,CC,AA,CC,0,TT,TT,TT,AA,GG,GG,CC,GA,GA,GT,0,TT,GG,CC,CC,GG,CC,GG,GG,CC,CC,CC,TT,GG,GG,GG,CC,GG,GG,CC,GG,TT,0,GG,CC,GG,AA,CC,TT,GG,GG,CC
scat_marten,NA,SCoast_M02.sc,Nextseq533,MACA_P12,Coos94,c,lane1-s713-index--GAGCTTGCCG-CAGGTGTTCA-MACAP12,622507,537173,86.29,77%,70,0,GG,0,CT,0,TT,0,0,AT,GG,0,CC,TT,AA,TC,CC,CC,CC,0,0,GG,0,0,CC,AA,GG,0,CC,AA,CC,0,AA,GG,AA,TT,AA,AA,0,0,0,GA,CC,GG,AA,0,GT,CC,CC,0,CT,GG,GG,TT,TT,GG,CC,CC,TT,CC,0,0,CA,TC,GG,TT,AA,CC,AA,CC,0,TT,TT,TT,AA,GG,GG,CC,AA,0,GT,GG,GG,GG,CC,0,GG,CC,GG,GA,CC,CC,CC,TT,0,0,0,CC,GG,0,CC,GG,0,GA,GA,CC,GG,0,CC,0,GG,GG,CC
scat_marten,0,SCoast_M02.sc,Nextseq510 / Nextseq533,MACAP6 / MACA_P12,COOS94,,CONSENSUS,457143,404856,88.91,89%,81,0,GG,NA,CT,GC,TT,AA,GG,NA,GG,CC,CC,TT,NA,TC,CC,CC,CC,CC,NA,GG,CC,CC,CA,AA,GG,NA,CC,AA,CC,AT,AA,GG,AA,TT,AG,AA,TT,TT,NA,GA,CC,GG,NA,AA,GT,CC,TC,AA,CT,GT,GG,TT,TT,GG,CT,CC,TT,NA,GG,NA,CA,TC,GG,TT,AA,CC,AA,CC,NA,TT,TT,TT,AA,GG,GG,CC,GA,GA,GT,GG,TG,GG,CC,CC,GG,CC,GG,GA,CC,CC,CC,TT,GG,GG,GG,CC,GG,GG,CC,GG,TT,GA,GA,CC,GG,AA,CC,TT,GG,GG,CC
scat_marten,NA,SDunes_F15.sc,Nextseq510,MACAP6,COOS95,a,lane1-s342-index--TAGAGAATAC-TATAGATTCG-MACAP6_COOS95_a_S342.assembled,30768,29296,95.22,96%,87,NA,AA,CC,CT,GC,TT,GG,GG,AT,GG,0,CC,TT,AA,CC,CC,TT,CC,CC,AA,AA,CC,CA,CA,AA,GG,TT,TC,AA,CC,AA,AA,AA,GG,TT,GG,AA,TT,CC,GG,GG,CC,GG,GG,AA,GG,CC,TC,AA,CT,GT,GG,TT,CC,GG,CC,CC,CC,CT,GG,AA,CA,TT,GC,TT,AA,GG,AA,CT,TT,TT,0,GG,AA,GA,GA,CC,AA,AA,GG,AA,TT,GA,CG,CC,GG,GC,GG,GA,0,TT,CC,CC,0,0,AG,CC,GG,GG,CC,GG,TT,GA,GA,CC,GG,AA,CC,TT,GG,GG,GG
scat_marten,NA,SDunes_F15.sc,Nextseq510,MACAP6,COOS95,b,lane1-s350-index--CGATGCGGTT-CCTGCTTGGT-MACAP6_COOS95_b_S350.assembled,253255,244053,96.37,100%,91,NA,AA,CC,CT,GC,TT,GG,GG,AT,GG,CC,CC,TT,AA,CC,CC,TT,CC,CC,AA,AA,CC,CA,CA,AA,GG,TT,TC,AA,CC,AA,AA,AA,GG,TT,GG,AA,TT,CC,GG,GG,CC,GG,GG,AA,GG,CC,TC,AA,CT,GT,GG,TT,CC,GG,CC,CC,CC,CT,GG,AA,CA,TT,GC,TT,AA,GG,AA,CT,TT,TT,TA,GG,AA,GA,GA,CC,AA,AA,GG,AA,TT,GA,CG,CC,GG,GC,GG,GA,AA,TT,CC,CC,0,0,AG,CC,GG,GG,CC,GG,TT,GA,GA,CC,GG,AA,CC,TT,GG,GG,GG
scat_marten,NA,SDunes_F15.sc,Nextseq510,MACAP6,COOS95,c,lane1-s358-index--CATATGCGAT-CCTTGAACGG-MACAP6_COOS95_c_S358.assembled,125038,119853,95.85,100%,91,NA,AA,CC,CT,GC,TT,GG,GG,AT,GG,CC,CC,TT,AA,CC,CC,TT,CC,CC,AA,AA,CC,CA,CA,AA,GG,TT,TC,AA,CC,AA,AA,AA,GG,TT,GG,AA,TT,CC,GG,GG,CC,GG,GG,AA,GG,CC,TC,AA,CT,GT,GG,TT,CC,GG,CC,CC,CC,CT,GG,AA,CA,TT,GC,TT,AA,GG,AA,CT,TT,TT,TA,GG,AA,GA,GA,CC,AA,AA,GG,AA,TT,GA,CG,CC,GG,GC,GG,GA,AA,TT,CC,CC,0,0,AG,CC,GG,GG,CC,GG,TT,GA,GA,CC,GG,AA,CC,TT,GG,GG,GG
scat_marten,0,SDunes_F15.sc,,,COOS95,,CONSENSUS,136354,131067,95.81,100%,91,0,AA,CC,CT,GC,TT,GG,GG,AT,GG,CC,CC,TT,AA,CC,CC,TT,CC,CC,AA,AA,CC,CA,CA,AA,GG,TT,TC,AA,CC,AA,AA,AA,GG,TT,GG,AA,TT,CC,GG,GG,CC,GG,GG,AA,GG,CC,TC,AA,CT,GT,GG,TT,CC,GG,CC,CC,CC,CT,GG,AA,CA,TT,GC,TT,AA,GG,AA,CT,TT,TT,TA,GG,AA,GA,GA,CC,AA,AA,GG,AA,TT,GA,CG,CC,GG,GC,GG,GA,AA,TT,CC,CC,0,0,AG,CC,GG,GG,CC,GG,TT,GA,GA,CC,GG,AA,CC,TT,GG,GG,GG
scat_marten,NA,NA,Nextseq510,MACAP6,CURR12,a,lane1-s363-index--AGGCGTTCGC-TTCATCCAAC-MACAP6_CURR12_a_S363.assembled,381489,168686,44.22,1%,1,NA,0,0,0,0,0,0,0,0,0,0,0,0,NA,0,0,0,0,0,0,0,0,0,0,0,0,0,0,0,0,0,0,0,0,0,0,0,0,0,0,0,0,0,0,0,0,0,0,0,0,GG,0,0,0,0,0,0,0,0,CC,0,0,0,0,0,0,0,0,0,0,0,0,0,0,0,0,0,AA,NA,0,0,0,0,0,0,0,0,0,0,0,0,0,0,0,0,0,0,0,0,0,CC,0,0,0,CC,0,0,0,0,GG,0,0
scat_marten,NA,NA,Nextseq510,MACAP6,CURR12,b,lane1-s371-index--TATCCGAGGC-GGCCAATAAG-MACAP6_CURR12_b_S371.assembled,322831,45298,14.03,1%,1,NA,0,0,0,0,0,0,0,0,0,0,0,0,NA,0,0,0,0,0,0,0,0,0,0,0,0,0,0,0,0,0,0,0,0,0,0,0,0,0,0,0,0,0,0,0,0,0,0,0,0,GG,0,0,0,0,0,0,0,0,CC,0,0,0,0,0,0,0,0,0,0,0,0,0,0,0,0,0,AA,NA,0,0,0,0,0,0,0,0,0,0,0,0,0,0,0,0,0,0,0,0,0,CC,0,0,0,CC,0,0,0,0,GG,0,0
scat_marten,NA,NA,Nextseq510,MACAP6,CURR12,c,lane1-s379-index--AGCGCCACAC-CTAATGTCTT-MACAP6_CURR12_c_S379.assembled,453412,178315,39.33,1%,1,NA,0,0,0,0,0,0,0,0,0,0,0,0,NA,0,0,0,0,0,0,0,0,0,0,0,0,0,0,0,0,0,0,0,0,0,0,0,0,0,0,0,0,0,0,0,0,0,0,0,0,GG,0,0,0,0,0,0,0,0,CC,0,0,0,0,0,0,0,0,0,0,0,0,0,0,0,0,0,AA,NA,0,0,0,0,0,0,0,0,0,0,0,0,0,0,0,0,0,0,0,0,0,CC,0,0,0,CC,0,0,0,0,GG,0,0
scat_marten,1,NA,,,CURR12,,CONSENSUS,385911,130766,32.53,1%,1,0,0,0,0,0,0,0,0,0,0,0,0,0,0,0,0,0,0,0,0,0,0,0,0,0,0,0,0,0,0,0,0,0,0,0,0,0,0,0,0,0,0,0,0,0,0,0,0,0,0,GG,0,0,0,0,0,0,0,0,CC,0,0,0,0,0,0,0,0,0,0,0,0,0,0,0,0,0,AA,0,0,0,0,0,0,0,0,0,0,0,0,0,0,0,0,0,0,0,0,0,0,CC,0,0,0,CC,0,0,0,0,GG,0,0
scat_marten,NA,NA,Nextseq510,MACAP6,CURR26,a,,,,,-2%,-2,NA,0,0,0,0,0,0,0,0,0,0,0,0,NA,0,0,0,0,0,0,0,0,0,0,0,0,0,0,0,0,0,0,0,0,0,0,0,0,0,0,0,0,0,0,0,0,0,0,0,0,0,0,0,0,0,0,0,0,0,0,0,0,0,0,0,0,0,0,0,0,0,0,0,0,0,0,0,0,NA,0,0,0,0,0,0,0,0,0,0,0,0,0,0,0,0,0,0,0,0,0,0,0,0,0,0,0,0,0,0,0,0,0
scat_marten,NA,NA,Nextseq510,MACAP6,CURR26,b,,,,,-2%,-2,NA,0,0,0,0,0,0,0,0,0,0,0,0,NA,0,0,0,0,0,0,0,0,0,0,0,0,0,0,0,0,0,0,0,0,0,0,0,0,0,0,0,0,0,0,0,0,0,0,0,0,0,0,0,0,0,0,0,0,0,0,0,0,0,0,0,0,0,0,0,0,0,0,0,0,0,0,0,0,NA,0,0,0,0,0,0,0,0,0,0,0,0,0,0,0,0,0,0,0,0,0,0,0,0,0,0,0,0,0,0,0,0,0
scat_marten,NA,NA,Nextseq510,MACAP6,CURR26,c,,,,,-2%,-2,NA,0,0,0,0,0,0,0,0,0,0,0,0,NA,0,0,0,0,0,0,0,0,0,0,0,0,0,0,0,0,0,0,0,0,0,0,0,0,0,0,0,0,0,0,0,0,0,0,0,0,0,0,0,0,0,0,0,0,0,0,0,0,0,0,0,0,0,0,0,0,0,0,0,0,0,0,0,0,NA,0,0,0,0,0,0,0,0,0,0,0,0,0,0,0,0,0,0,0,0,0,0,0,0,0,0,0,0,0,0,0,0,0
scat_marten,1,NA,,,CURR26,,CONSENSUS,#DIV/0!,#DIV/0!,#DIV/0!,-2%,-2,0,0,0,0,0,0,0,0,0,0,0,0,0,0,0,0,0,0,0,0,0,0,0,0,0,0,0,0,0,0,0,0,0,0,0,0,0,0,0,0,0,0,0,0,0,0,0,0,0,0,0,0,0,0,0,0,0,0,0,0,0,0,0,0,0,0,0,0,0,0,0,0,0,0,0,0,0,0,0,0,0,0,0,0,0,0,0,0,0,0,0,0,0,0,0,0,0,0,0,0,0,0,0,0,0,0,0,0,0,0,0,0
scat_marten,NA,NA,Nextseq510,MACAP6,CURR38,a,lane1-s365-index--GTCCACCGCT-TCCTATTAGC-MACAP6_CURR38_a_S365.assembled,183217,22089,12.06,0%,0,NA,0,0,0,0,0,0,0,0,0,0,0,0,NA,0,0,0,0,0,0,0,0,0,0,0,0,0,0,0,0,0,0,0,0,0,0,0,0,0,0,0,0,0,0,0,0,0,0,0,0,0,0,0,0,0,0,0,0,0,CC,0,0,0,0,0,0,0,0,0,0,0,0,0,0,0,0,0,AA,NA,0,0,0,0,0,0,0,0,0,0,0,0,0,0,0,0,0,0,0,0,0,CC,0,0,0,0,0,0,0,0,0,0,0
scat_marten,NA,NA,Nextseq510,MACAP6,CURR38,b,lane1-s373-index--AATGCGAACA-AATTGGCGGA-MACAP6_CURR38_b_S373.assembled,144557,10259,7.1,-1%,-1,NA,0,0,0,0,0,0,0,0,0,0,0,0,0,0,0,0,0,0,0,0,0,0,0,0,0,0,0,0,0,0,0,0,0,0,0,0,0,0,0,0,0,0,0,0,0,0,0,0,0,0,0,0,0,0,0,0,0,0,CC,0,0,0,0,0,0,0,0,0,0,0,0,0,0,0,0,0,0,0,0,0,0,0,0,0,0,0,0,0,0,0,0,0,0,0,0,0,0,0,0,CC,0,0,0,0,0,0,0,0,0,0,0
scat_marten,NA,NA,Nextseq510,MACAP6,CURR38,c,lane1-s381-index--CAACACCGCA-GGCAGTAGCA-MACAP6_CURR38_c_S381.assembled,186700,27239,14.59,-1%,-1,NA,0,0,0,0,0,0,0,0,0,0,0,0,NA,0,0,0,0,0,0,0,0,0,0,0,0,0,0,0,0,0,0,0,0,0,0,0,0,0,0,0,0,0,0,0,0,0,0,0,0,0,0,0,0,0,0,0,0,0,CC,0,0,0,0,0,0,0,0,0,0,0,0,0,0,0,0,0,0,NA,0,0,0,0,0,0,0,0,0,0,0,0,0,0,0,0,0,0,0,0,0,CC,0,0,0,0,0,0,0,0,0,0,0
scat_marten,1,NA,,,CURR38,,CONSENSUS,171491,19862,11.25,-1%,-1,0,0,0,0,0,0,0,0,0,0,0,0,0,0,0,0,0,0,0,0,0,0,0,0,0,0,0,0,0,0,0,0,0,0,0,0,0,0,0,0,0,0,0,0,0,0,0,0,0,0,0,0,0,0,0,0,0,0,0,CC,0,0,0,0,0,0,0,0,0,0,0,0,0,0,0,0,0,0,0,0,0,0,0,0,0,0,0,0,0,0,0,0,0,0,0,0,0,0,0,0,CC,0,0,0,0,0,0,0,0,0,0,0
scat_marten,NA,NA,Nextseq510,MACAP6,KM058,a,lane1-s362-index--GCACCACCAA-TGGTACTGAT-MACAP6_KM058_a_S362.assembled,568254,123737,21.77,-1%,-1,NA,0,0,0,0,0,0,0,0,0,0,0,0,NA,0,0,0,0,0,0,0,0,0,0,0,0,0,0,0,0,0,0,0,0,0,0,0,0,0,0,0,0,0,0,0,0,0,0,0,0,0,0,0,0,0,0,0,0,0,CC,0,0,0,0,0,0,0,0,0,0,0,0,0,0,0,0,0,0,NA,0,0,0,0,0,0,0,0,0,0,0,0,0,0,0,0,0,0,0,0,0,CC,0,0,0,CC,0,0,0,0,0,0,0
scat_marten,NA,NA,Nextseq510,MACAP6,KM058,b,lane1-s370-index--GATCGTCGCG-CTGGATATGT-MACAP6_KM058_b_S370.assembled,488534,72411,14.82,-1%,-1,NA,0,0,0,0,0,0,0,0,0,0,0,0,NA,0,0,0,0,0,0,0,0,0,0,0,0,0,0,0,0,0,0,0,0,0,0,0,0,0,0,0,0,0,0,0,0,0,0,0,0,0,0,0,0,0,0,0,0,0,CC,0,0,0,0,0,0,0,0,0,0,0,0,0,0,0,0,0,0,NA,0,0,0,0,0,0,0,0,0,0,0,0,0,0,0,0,0,0,0,0,0,CC,0,0,0,CC,0,0,0,0,0,0,0
scat_marten,NA,NA,Nextseq510,MACAP6,KM058,c,lane1-s378-index--GTAACTTGGT-CGCCATACCT-MACAP6_KM058_c_S378.assembled,422539,68308,16.17,-1%,-1,NA,0,0,0,0,0,0,0,0,0,0,0,0,NA,0,0,0,0,0,0,0,0,0,0,0,0,0,0,0,0,0,0,0,0,0,0,0,0,0,0,0,0,0,0,0,0,0,0,0,0,0,0,0,0,0,0,0,0,0,CC,0,0,0,0,0,0,0,0,0,0,0,0,0,0,0,0,0,0,NA,0,0,0,0,0,0,0,0,0,0,0,0,0,0,0,0,0,0,0,0,0,CC,0,0,0,CC,0,0,0,0,0,0,0
scat_marten,1,NA,,,KM058,,CONSENSUS,493109,88152,17.59,-1%,-1,0,0,0,0,0,0,0,0,0,0,0,0,0,0,0,0,0,0,0,0,0,0,0,0,0,0,0,0,0,0,0,0,0,0,0,0,0,0,0,0,0,0,0,0,0,0,0,0,0,0,0,0,0,0,0,0,0,0,0,CC,0,0,0,0,0,0,0,0,0,0,0,0,0,0,0,0,0,0,0,0,0,0,0,0,0,0,0,0,0,0,0,0,0,0,0,0,0,0,0,0,CC,0,0,0,CC,0,0,0,0,0,0,0
scat_marten,NA,NA,Nextseq510,MACAP6,KM059,a,lane1-s289-index--TGCCGGTCAG-CCTGATACAA-MACAP6_KM059_a_S289.assembled,316474,3920,1.24,-1%,-1,NA,0,0,0,0,0,0,0,0,0,0,0,0,NA,0,0,0,0,0,0,0,0,0,0,0,0,0,0,0,0,0,0,0,0,0,0,0,0,0,0,0,0,0,0,0,0,0,0,0,0,0,0,0,0,0,0,0,0,0,CC,0,0,0,0,0,0,0,0,0,0,0,0,0,0,0,0,0,0,NA,0,0,0,0,0,0,0,0,0,0,0,0,0,0,0,0,0,0,0,0,0,GG,0,0,0,0,0,0,0,0,0,0,0
scat_marten,NA,NA,Nextseq510,MACAP6,KM059,b,lane1-s297-index--CAGCAATCGT-TGTGATGTAT-MACAP6_KM059_b_S297.assembled,414959,23,0.01,-2%,-2,NA,0,0,0,0,0,0,0,0,0,0,0,0,NA,0,0,0,0,0,0,0,0,0,0,0,0,0,0,0,0,0,0,0,0,0,0,0,0,0,0,0,0,0,0,0,0,0,0,0,0,0,0,0,0,0,0,0,0,0,0,0,0,0,0,0,0,0,0,0,0,0,0,0,0,0,0,0,0,NA,0,0,0,0,0,0,0,0,0,0,0,0,0,0,0,0,0,0,0,0,0,0,0,0,0,0,0,0,0,0,0,0,0
scat_marten,NA,NA,Nextseq510,MACAP6,KM059,c,lane1-s305-index--GAATTACAAG-ACCGGCTCAG-MACAP6_KM059_c_S305.assembled,453958,9426,2.08,-1%,-1,NA,0,0,0,0,0,0,0,0,0,0,0,0,NA,0,0,0,0,0,0,0,0,0,0,0,0,0,0,0,0,0,0,0,0,0,0,0,0,0,0,0,0,0,0,0,0,0,0,0,0,0,0,0,0,0,0,0,0,0,CC,0,0,0,0,0,0,0,0,0,0,0,0,0,0,0,0,0,0,NA,0,0,0,0,0,0,0,0,0,0,0,0,0,0,0,0,0,0,0,0,0,GG,0,0,0,0,0,0,0,0,0,0,0
scat_marten,1,NA,,,KM059,,CONSENSUS,395130,4456,1.11,-1%,-1,1,0,0,0,0,0,0,0,0,0,0,0,0,0,0,0,0,0,0,0,0,0,0,0,0,0,0,0,0,0,0,0,0,0,0,0,0,0,0,0,0,0,0,0,0,0,0,0,0,0,0,0,0,0,0,0,0,0,0,CC,0,0,0,0,0,0,0,0,0,0,0,0,0,0,0,0,0,0,0,0,0,0,0,0,0,0,0,0,0,0,0,0,0,0,0,0,0,0,0,0,FALSE,0,0,0,0,0,0,0,0,0,0,0
scat_marten,NA,NA,Nextseq510,MACAP6,KM061,a,lane1-s290-index--CACTCAATTC-TTAAGTTGTG-MACAP6_KM061_a_S290.assembled,688583,25108,3.65,7%,6,NA,0,0,0,0,0,0,0,0,0,0,0,0,NA,0,CC,0,0,0,0,0,0,0,0,0,AA,0,0,0,0,0,0,0,0,0,0,0,0,0,0,0,0,0,0,0,0,0,0,0,0,0,0,0,0,0,0,0,0,0,CC,0,CC,0,0,0,0,0,0,CC,0,0,0,0,0,0,0,0,AA,NA,0,0,0,0,0,0,0,0,0,0,0,0,CC,0,0,0,0,0,0,0,0,CC,0,0,0,0,GG,0,0,0,0,0,0
scat_marten,NA,NA,Nextseq510,MACAP6,KM061,b,lane1-s298-index--TTCTGTAGAA-GAGCGCAATA-MACAP6_KM061_b_S298.assembled,649690,22501,3.46,5%,5,NA,0,0,0,0,0,0,0,0,0,0,0,0,NA,0,CC,0,0,0,0,0,0,0,0,0,0,0,0,0,0,0,0,0,0,0,0,0,0,0,0,0,0,0,0,0,0,0,0,0,0,0,0,0,0,0,0,0,0,0,CC,0,CC,0,0,0,0,0,0,CC,0,0,0,0,0,0,0,0,AA,NA,0,0,0,0,0,0,0,0,0,0,0,0,CC,0,0,0,0,0,0,0,0,CC,0,0,0,0,GG,0,0,0,0,0,0
scat_marten,NA,NA,Nextseq510,MACAP6,KM061,c,lane1-s306-index--TAGAATTGGA-GTTAATCTGA-MACAP6_KM061_c_S306.assembled,481227,13014,2.7,5%,5,NA,0,0,0,0,0,0,0,0,0,0,0,0,NA,0,CC,0,0,0,0,0,0,0,0,0,0,0,0,0,0,0,0,0,0,0,0,0,0,0,0,0,0,0,0,0,0,0,0,0,0,0,0,0,0,0,0,0,0,0,CC,0,CC,0,0,0,0,0,0,CC,0,0,0,0,0,0,0,0,AA,NA,0,0,0,0,0,0,0,0,0,0,0,0,CC,0,0,0,0,0,0,0,0,CC,0,0,0,0,GG,0,0,0,0,0,0
scat_marten,1,NA,,,KM061,,CONSENSUS,606500,20208,3.27,5%,5,1,0,0,0,0,0,0,0,0,0,0,0,0,0,0,CC,0,0,0,0,0,0,0,0,0,0,0,0,0,0,0,0,0,0,0,0,0,0,0,0,0,0,0,0,0,0,0,0,0,0,0,0,0,0,0,0,0,0,0,CC,0,CC,0,0,0,0,0,0,CC,0,0,0,0,0,0,0,0,AA,0,0,0,0,0,0,0,0,0,0,0,0,0,CC,0,0,0,0,0,0,0,0,CC,0,0,0,0,GG,0,0,0,0,0,0
scat_marten,NA,NA,Nextseq510,MACAP6,KM062,a,lane1-s291-index--TCTCACACGC-CGGACAGTGA-MACAP6_KM062_a_S291.assembled,407877,62,0.02,-1%,-1,NA,0,0,0,0,0,0,0,0,0,0,0,0,NA,0,0,0,0,GG,0,0,0,0,0,0,0,0,0,0,0,0,0,0,0,0,0,0,0,0,0,0,0,0,0,0,0,0,0,0,0,0,0,0,0,0,0,0,0,0,0,0,0,0,0,0,0,0,0,0,0,0,0,0,0,0,0,0,0,NA,0,0,0,0,0,0,0,0,0,0,0,0,0,0,0,0,NA,0,0,0,0,0,0,NA,NA,CC,0,0,0,0,NA,0,0
scat_marten,NA,NA,Nextseq510,MACAP6,KM062,b,lane1-s299-index--GAACGCAATA-ATCTTACTGT-MACAP6_KM062_b_S299.assembled,329135,9504,2.89,-1%,-1,NA,0,0,0,0,0,0,0,0,0,0,0,0,NA,0,0,0,0,0,0,0,0,0,0,0,0,0,0,0,0,0,0,0,0,0,0,0,0,0,0,0,0,0,0,0,0,0,0,0,0,0,0,0,0,0,0,0,0,0,CC,0,0,0,0,0,0,0,0,0,0,0,0,0,0,0,0,0,0,NA,0,0,0,0,0,0,0,0,0,0,0,0,0,0,0,0,NA,0,0,0,0,CC,0,NA,NA,CC,0,0,0,0,NA,0,0
scat_marten,NA,NA,Nextseq510,MACAP6,KM062,c,lane1-s307-index--AGGCAGCTCT-CGGCTAACGT-MACAP6_KM062_c_S307.assembled,723130,80126,11.08,-1%,-1,NA,0,0,0,0,0,0,0,0,0,0,0,0,NA,0,0,0,0,0,0,0,0,0,0,0,0,0,0,0,0,0,0,0,0,0,0,0,0,0,0,0,0,0,0,0,0,0,0,0,0,0,0,0,0,0,0,0,0,0,CC,0,0,0,0,0,0,0,0,0,0,0,0,0,0,0,0,0,0,NA,0,0,0,0,0,0,0,0,0,0,0,0,0,0,0,0,0,0,0,0,0,CC,0,0,0,CC,0,0,0,0,0,0,0
scat_marten,1,NA,,,KM062,,CONSENSUS,486714,29897,4.66,-1%,-1,1,0,0,0,0,0,0,0,0,0,0,0,0,0,0,0,0,0,0,0,0,0,0,0,0,0,0,0,0,0,0,0,0,0,0,0,0,0,0,0,0,0,0,0,0,0,0,0,0,0,0,0,0,0,0,0,0,0,0,CC,0,0,0,0,0,0,0,0,0,0,0,0,0,0,0,0,0,0,0,0,0,0,0,0,0,0,0,0,0,0,0,0,0,0,0,0,0,0,0,0,FALSE,0,0,0,CC,0,0,0,0,0,0,0
scat_marten,NA,NA,Nextseq510,MACAP6,KM063,a,lane1-s292-index--TCAATGGAGA-GCACTACAAC-MACAP6_KM063_a_S292.assembled,525139,107374,20.45,-1%,-1,NA,0,0,0,0,0,0,0,0,0,0,0,0,NA,0,0,0,0,0,0,0,0,0,0,0,0,0,0,0,0,0,0,0,0,0,0,0,0,0,0,0,0,0,0,0,0,0,0,0,0,0,0,0,0,0,0,0,0,0,CC,0,0,0,0,0,0,0,0,0,0,0,0,0,0,0,0,0,0,NA,0,0,0,0,0,0,0,0,0,0,0,0,0,0,0,GG,0,0,0,0,0,GG,0,0,0,0,0,0,0,0,0,0,0
scat_marten,NA,NA,Nextseq510,MACAP6,KM063,b,lane1-s300-index--AGTACTCATG-ATGTCGTGGT-MACAP6_KM063_b_S300.assembled,533144,68038,12.76,-1%,-1,NA,0,0,0,0,0,0,0,0,0,0,0,0,NA,0,0,0,0,0,0,0,0,0,0,0,0,0,0,0,0,0,0,0,0,0,0,0,0,0,0,0,0,0,0,0,0,0,0,0,0,0,0,0,0,0,0,0,0,0,CC,0,0,0,0,0,0,0,0,0,0,0,0,0,0,0,0,0,0,NA,0,0,0,0,0,0,0,0,0,0,0,0,0,0,0,GG,0,0,0,0,0,GG,0,0,0,0,0,0,0,0,0,0,0
scat_marten,NA,NA,Nextseq510,MACAP6,KM063,c,lane1-s308-index--ATCGGCGAAG-TCCAAGAATT-MACAP6_KM063_c_S308.assembled,551076,58454,10.61,-1%,-1,NA,0,0,0,0,0,0,0,0,0,0,0,0,NA,0,0,0,0,0,0,0,0,0,0,0,0,0,0,0,0,0,0,0,0,0,0,0,0,0,0,0,0,0,0,0,0,0,0,0,0,0,0,0,0,0,0,0,0,0,CC,0,0,0,0,0,0,0,0,0,0,0,0,0,0,0,0,0,0,NA,0,0,0,0,0,0,0,0,0,0,0,0,0,0,0,GG,NA,0,0,0,0,GG,0,NA,NA,0,0,0,0,0,NA,0,0
scat_marten,1,NA,,,KM063,,CONSENSUS,536453,77955,14.61,-1%,-1,0,0,0,0,0,0,0,0,0,0,0,0,0,0,0,0,0,0,0,0,0,0,0,0,0,0,0,0,0,0,0,0,0,0,0,0,0,0,0,0,0,0,0,0,0,0,0,0,0,0,0,0,0,0,0,0,0,0,0,CC,0,0,0,0,0,0,0,0,0,0,0,0,0,0,0,0,0,0,0,0,0,0,0,0,0,0,0,0,0,0,0,0,0,0,GG,0,0,0,0,0,GG,0,0,0,0,0,0,0,0,0,0,0
scat_marten,NA,NA,Nextseq510,MACAP6,KM080,a,lane1-s293-index--ATATGCATGT-TGGTGCCTGG-MACAP6_KM080_a_S293.assembled,158204,31,0.02,-2%,-2,NA,0,0,0,0,0,0,0,0,0,0,0,0,NA,0,0,0,0,0,0,0,0,0,0,0,0,0,0,0,0,0,0,0,0,0,0,0,0,0,0,0,0,0,0,0,0,0,0,0,0,0,0,0,0,0,0,0,0,0,0,0,0,0,0,0,0,0,0,0,0,0,0,0,0,0,0,0,0,NA,0,0,0,0,0,0,0,0,0,0,0,0,0,0,0,0,0,0,0,0,0,0,0,0,0,0,0,0,0,0,0,0,0
scat_marten,NA,NA,Nextseq510,MACAP6,KM080,b,lane1-s301-index--GGTAGAATTA-GTAGCCATCA-MACAP6_KM080_b_S301.assembled,102523,16,0.02,-2%,-2,NA,0,0,0,0,0,0,0,0,0,0,0,0,NA,0,0,0,0,0,0,0,0,0,0,0,0,0,0,0,0,0,0,0,0,0,0,0,0,0,0,0,0,0,0,0,0,0,0,0,0,0,0,0,0,0,0,0,0,0,0,0,0,0,0,0,0,0,0,0,0,0,0,0,0,0,0,0,0,NA,0,0,0,0,0,0,0,0,0,0,0,0,0,0,0,0,NA,0,0,0,0,0,0,NA,NA,0,0,0,0,0,NA,0,0
scat_marten,NA,NA,Nextseq510,MACAP6,KM080,c,lane1-s309-index--CCGTGACCGA-CCGAACGTTG-MACAP6_KM080_c_S309.assembled,56238,8,0.01,-2%,-2,NA,0,0,0,0,0,0,0,0,0,0,0,0,NA,0,0,0,0,0,0,0,0,0,0,0,0,0,0,0,0,0,0,0,0,0,0,0,0,0,0,0,0,0,0,0,0,0,0,0,0,0,0,0,0,0,0,0,0,0,0,0,0,0,0,0,0,0,0,0,0,0,0,0,0,0,0,0,0,NA,0,0,0,0,0,0,0,0,0,0,0,0,0,0,0,0,0,0,0,0,0,0,0,0,0,0,0,0,0,0,0,0,0
scat_marten,1,NA,,,KM080,,CONSENSUS,105655,18,0.02,-2%,-2,0,0,0,0,0,0,0,0,0,0,0,0,0,0,0,0,0,0,0,0,0,0,0,0,0,0,0,0,0,0,0,0,0,0,0,0,0,0,0,0,0,0,0,0,0,0,0,0,0,0,0,0,0,0,0,0,0,0,0,0,0,0,0,0,0,0,0,0,0,0,0,0,0,0,0,0,0,0,0,0,0,0,0,0,0,0,0,0,0,0,0,0,0,0,0,0,0,0,0,0,0,0,0,0,0,0,0,0,0,0,0,0
scat_marten,NA,NA,Nextseq510,MACAP6,MACA5,a,lane1-s367-index--GGACCAGTGG-CGCGAGCCTA-MACAP6_MACA5_a_S367.assembled,50132,48440,96.62,99%,90,NA,GA,CC,CC,GC,TT,AA,GA,AA,GG,CC,CC,TT,GG,TT,CC,CC,CT,CC,AG,AA,CC,CC,AA,AA,GG,TT,TT,AA,CC,AA,AA,GG,GA,TT,GG,AG,CT,CT,GA,AA,TC,GA,AG,AA,TT,CC,TT,AG,CT,TT,GG,TT,TT,GA,CT,CC,CC,TT,CG,AA,CC,TT,GC,TT,AA,CC,GA,CC,TT,TT,TA,TT,AT,GG,GA,CC,AA,AA,GT,AG,TG,GG,GG,CC,AG,CC,GG,GG,AC,TT,CC,CT,0,GG,GG,CC,GG,GA,CC,GG,TT,GA,GG,CC,GG,AA,CC,TT,GG,GG,CC
scat_marten,NA,NA,Nextseq510,MACAP6,MACA5,b,lane1-s375-index--TTCCTACAGC-GGCGAATTCT-MACAP6_MACA5_b_S375.assembled,35574,34192,96.12,96%,87,NA,GA,CC,CC,GC,TT,AA,GA,AA,GG,CC,CC,TT,0,TT,CC,CC,CT,CC,AG,AA,CC,CC,AA,AA,GG,TT,TT,AA,CC,AA,AA,GG,GA,TT,GG,AG,CT,CT,GA,AA,TC,GA,AG,AA,TT,CC,TT,AG,CT,TT,GG,TT,TT,GA,CT,CC,CC,TT,CG,AA,CC,TT,GC,TT,AA,CC,GA,CC,TT,TT,0,TT,AT,GG,GA,CC,AA,AA,GT,0,TG,GG,GG,CC,AG,CC,GG,GG,AC,TT,CC,CT,GG,GG,GG,CC,GG,GA,CC,GG,TT,GA,GG,CC,GG,AA,CC,TT,GG,GG,CC
scat_marten,NA,NA,Nextseq510,MACAP6,MACA5,c,lane1-s383-index--TTGAATGTTG-CGCAATCTAG-MACAP6_MACA5_c_S383.assembled,57898,55896,96.54,99%,90,NA,GA,CC,CC,GC,TT,AA,GA,AA,GG,CC,CC,TT,GG,TT,CC,CC,CT,CC,AG,AA,CC,CC,AA,AA,GG,TT,TT,AA,CC,AA,AA,GG,GA,TT,GG,AG,CT,CT,GA,AA,TC,GA,AG,AA,TT,CC,TT,AG,CT,TT,GG,TT,TT,GA,CT,CC,CC,TT,CG,AA,CC,TT,GC,TT,AA,CC,GA,CC,TT,TT,TA,TT,AT,GG,GA,CC,AA,AA,GT,AG,TG,GG,GG,CC,AG,CC,GG,GG,AC,TT,CC,CT,GG,GG,GG,CC,GG,GA,CC,GG,TT,GA,GG,CC,GG,AA,CC,TT,GG,GG,CC
scat_marten,0,NA,,,MACA5,,CONSENSUS,47868,46176,96.43,99%,90,0,GA,CC,CC,GC,TT,AA,GA,AA,GG,CC,CC,TT,GG,TT,CC,CC,CT,CC,AG,AA,CC,CC,AA,AA,GG,TT,TT,AA,CC,AA,AA,GG,GA,TT,GG,AG,CT,CT,GA,AA,TC,GA,AG,AA,TT,CC,TT,AG,CT,TT,GG,TT,TT,GA,CT,CC,CC,TT,CG,AA,CC,TT,GC,TT,AA,CC,GA,CC,TT,TT,TA,TT,AT,GG,GA,CC,AA,AA,GT,AG,TG,GG,GG,CC,AG,CC,GG,GG,AC,TT,CC,CT,GG,GG,GG,CC,GG,GA,CC,GG,TT,GA,GG,CC,GG,AA,CC,TT,GG,GG,CC
blank,NA,NA,Nextseq510,MACAP6,NTC6,a,lane1-s368-index--CCTTCTAACA-GATAAGCTCT-MACAP6_NTC6_a_S368.assembled,10596,17,0.16,-2%,-2,NA,0,0,0,0,0,0,0,0,0,0,0,0,0,0,0,0,0,0,0,0,0,0,0,0,0,0,0,0,0,0,0,0,0,0,0,0,0,0,0,0,0,0,0,0,0,0,0,0,0,0,0,0,0,0,0,0,0,0,0,0,0,0,0,0,0,0,0,0,0,0,0,0,0,0,0,0,0,0,0,0,0,0,0,0,0,0,0,0,0,0,0,0,0,0,0,0,0,0,0,0,0,0,0,0,0,0,0,0,0,0,0
blank,NA,NA,Nextseq510,MACAP6,NTC6,b,lane1-s376-index--ATCCAGGTAT-CAACGTCAGC-MACAP6_NTC6_b_S376.assembled,4649,19,0.41,-2%,-2,NA,0,0,0,0,0,0,0,0,0,0,0,0,NA,0,0,0,0,0,0,0,0,0,0,0,0,0,0,0,0,0,0,0,0,0,0,0,0,0,0,0,0,0,0,0,0,0,0,0,0,0,0,0,0,0,0,0,0,0,0,0,0,0,0,0,0,0,0,0,0,0,0,0,0,0,0,0,0,NA,0,0,0,0,0,0,0,0,0,0,0,0,0,0,0,0,NA,0,0,0,0,0,0,NA,NA,0,0,0,0,0,NA,0,0
blank,NA,NA,Nextseq510,MACAP6,NTC6,c,lane1-s384-index--CCGGTAACAC-GAGTTGTACT-MACAP6_NTC6_c_S384.assembled,123418,27,0.02,-2%,-2,NA,0,0,0,0,0,0,0,0,0,0,0,0,NA,0,0,0,0,0,0,0,0,0,0,0,0,0,0,0,0,0,0,0,0,0,0,0,0,0,0,0,0,0,0,0,0,0,0,0,0,0,0,0,0,0,0,0,0,0,0,0,0,0,0,0,0,0,0,0,0,0,0,0,0,0,0,0,0,NA,0,0,0,0,0,0,0,0,0,0,0,0,0,0,0,0,0,0,0,0,0,0,0,0,0,0,0,0,0,0,0,0,0
blank,1,NA,,,NTC6,,CONSENSUS,46221,21,0.2,-2%,-2,0,0,0,0,0,0,0,0,0,0,0,0,0,0,0,0,0,0,0,0,0,0,0,0,0,0,0,0,0,0,0,0,0,0,0,0,0,0,0,0,0,0,0,0,0,0,0,0,0,0,0,0,0,0,0,0,0,0,0,0,0,0,0,0,0,0,0,0,0,0,0,0,0,0,0,0,0,0,0,0,0,0,0,0,0,0,0,0,0,0,0,0,0,0,0,0,0,0,0,0,0,0,0,0,0,0,0,0,0,0,0,0
scat_marten,NA,Border_F02.sc,Nextseq510,MACAP6,PSW183,a,lane1-s366-index--ATTGTTCGTC-TCTCTAGATT-MACAP6_PSW183_a_S366.assembled,105494,99731,94.54,99%,90,NA,AA,CC,CC,GC,TT,AG,GG,AA,GG,CC,CC,TT,GG,TT,CC,TC,CT,CC,AG,AA,CC,CC,CA,AA,GG,TC,CC,GG,CC,AT,AA,GG,GA,CC,AG,AG,CC,CT,AA,GG,TC,GG,GG,AA,GG,CC,TC,AA,CT,GT,GG,TC,CT,GG,CT,CT,CT,TT,CG,AA,CC,TT,GC,TC,AA,GG,GA,CC,TT,GG,AA,GT,AA,GA,GG,CC,AA,AA,GT,GG,TT,GG,CC,CT,AG,GC,GT,GG,AA,TC,CC,CT,0,0,GG,CC,GG,GG,CC,GG,TT,GA,GG,CC,GG,AA,CC,TT,GG,GG,GG
scat_marten,NA,Border_F02.sc,Nextseq510,MACAP6,PSW183,b,lane1-s374-index--AATTCTTGGA-TTGTCAACTT-MACAP6_PSW183_b_S374.assembled,49461,46788,94.6,97%,88,NA,AA,CC,CC,GC,TT,AG,GG,AA,GG,CC,CC,TT,GG,TT,CC,TC,CT,CC,AG,AA,CC,CC,CA,AA,GG,TC,CC,GG,CC,AT,AA,GG,GA,CC,AG,AG,CC,CT,AA,GG,TC,GG,GG,AA,GG,CC,TC,AA,CT,GT,GG,TC,CT,GG,CT,CT,CT,TT,CG,AA,CC,TT,GC,TC,AA,GG,GA,CC,TT,GG,AA,GT,AA,GA,GG,CC,AA,AA,GT,0,0,GG,CC,CT,AG,GC,GT,GG,AA,TC,CC,CT,0,0,GG,CC,GG,GG,CC,GG,TT,GA,GG,CC,GG,AA,CC,TT,GG,GG,GG
scat_marten,NA,Border_F02.sc,Nextseq510,MACAP6,PSW183,c,lane1-s382-index--CACCTTAATC-TTAGGATAGA-MACAP6_PSW183_c_S382.assembled,84400,79511,94.21,98%,89,NA,AA,CC,CC,GC,TT,AG,GG,AA,GG,CC,CC,TT,GG,TT,CC,TC,CT,CC,AG,AA,CC,CC,CA,AA,GG,TC,CC,GG,CC,AT,AA,GG,GA,CC,AG,AG,CC,CT,AA,GG,TC,GG,GG,AA,GG,CC,TC,AA,CT,GT,GG,TC,CT,GG,CT,CT,CT,TT,CG,AA,CC,TT,GC,TC,AA,GG,GA,CC,TT,GG,AA,GT,AA,GA,GG,CC,AA,AA,GT,0,TT,GG,CC,CT,AG,GC,GT,GG,AA,TC,CC,CT,0,0,GG,CC,GG,GG,CC,GG,TT,GA,GG,CC,GG,AA,CC,TT,GG,GG,GG
scat_marten,0,Border_F02.sc,,,PSW183,,CONSENSUS,79785,75343,94.45,98%,89,0,AA,CC,CC,GC,TT,AG,GG,AA,GG,CC,CC,TT,GG,TT,CC,TC,CT,CC,AG,AA,CC,CC,CA,AA,GG,TC,CC,GG,CC,AT,AA,GG,GA,CC,AG,AG,CC,CT,AA,GG,TC,GG,GG,AA,GG,CC,TC,AA,CT,GT,GG,TC,CT,GG,CT,CT,CT,TT,CG,AA,CC,TT,GC,TC,AA,GG,GA,CC,TT,GG,AA,GT,AA,GA,GG,CC,AA,AA,GT,0,TT,GG,CC,CT,AG,GC,GT,GG,AA,TC,CC,CT,0,0,GG,CC,GG,GG,CC,GG,TT,GA,GG,CC,GG,AA,CC,TT,GG,GG,GG
scat_marten,NA,Border_F02.sc,Nextseq510,MACAP6,PSW184,a,lane1-s343-index--TTGTATCAGG-ACAGAGGCCA-MACAP6_PSW184_a_S343.assembled,196827,161139,81.87,92%,84,NA,AA,CC,CC,GC,TT,AG,GG,AA,GG,CC,CC,TT,GG,TT,CC,CC,0,CC,AG,AA,CC,CC,CA,AA,GG,TC,CC,GG,CC,AT,AA,GG,GA,CC,AA,AG,CC,CT,AA,GG,TC,GG,GG,AA,GG,CC,TC,AA,TT,GT,GG,TC,0,GG,0,CT,CT,TT,0,AA,CC,TT,GC,TC,AA,GG,GA,CC,TT,GG,AA,GT,AA,GA,GG,CC,0,0,GT,GG,TT,GG,CC,TT,AG,GC,TT,GG,AA,0,CC,CT,0,0,GG,CC,GG,GG,CC,GG,TT,AA,GG,CC,GG,AA,CC,TT,GG,GG,GG
scat_marten,NA,Border_F02.sc,Nextseq510,MACAP6,PSW184,b,lane1-s351-index--TCCGGACTAG-GACGAACAAT-MACAP6_PSW184_b_S351.assembled,261631,215027,82.19,97%,88,NA,AA,CC,CC,GC,TT,AG,GG,AA,GG,CC,CC,TT,GG,TT,CC,TC,CT,CC,AG,AA,CC,CC,CA,AA,GG,0,CC,GG,CC,AT,AA,GG,GA,CC,AG,0,CC,CT,AA,GG,TC,GG,GG,AA,GG,CC,CC,AA,TT,GT,GG,TC,CT,GG,CC,CT,CT,TT,CG,AA,CC,TT,GC,TC,AA,GG,GA,CC,TT,GG,AA,GT,AA,GA,GG,CC,AA,AA,GT,GG,TT,GG,CC,CT,AG,GC,GT,GG,AA,TC,CC,CT,0,0,GG,CC,GG,GG,CC,GG,TT,AA,GG,CC,GG,AA,CC,TT,GG,GG,GG
scat_marten,NA,Border_F02.sc,Nextseq510,MACAP6,PSW184,c,lane1-s359-index--AGCCTATGAT-CACCACCTAC-MACAP6_PSW184_c_S359.assembled,495933,410010,82.67,95%,86,NA,AA,CC,CC,GC,TT,AG,GG,AA,GG,CC,CC,TT,GG,TT,CC,CC,0,CC,AG,AA,CC,CC,CA,AA,GG,TC,CC,GG,CC,AT,AA,GG,0,CC,AG,AA,CC,CT,AA,GG,TC,GG,GG,AA,GG,CC,0,AA,CT,0,GG,TT,CT,GG,CT,CT,CT,TT,CG,AA,CC,TT,GC,TC,AA,GG,GA,CC,TT,GG,AA,GT,AA,GA,GG,CC,AA,AA,GT,GG,TT,GG,CC,CT,AG,0,GT,GG,AA,TC,CC,CT,0,0,GG,CC,GG,GG,CC,GG,TT,GA,GG,CC,GG,AA,CC,TT,GG,GG,GG
scat_marten,0,Border_F02.sc,,,PSW184,,CONSENSUS,318130,262059,82.24,93%,85,0,AA,CC,CC,GC,TT,AG,GG,AA,GG,CC,CC,TT,GG,TT,CC,NA,0,CC,AG,AA,CC,CC,CA,AA,GG,TC,CC,GG,CC,AT,AA,GG,GA,CC,AG,NA,CC,CT,AA,GG,TC,GG,GG,AA,GG,CC,NA,AA,NA,GT,GG,TC,CT,GG,NA,CT,CT,TT,CG,AA,CC,TT,GC,TC,AA,GG,GA,CC,TT,GG,AA,GT,AA,GA,GG,CC,AA,AA,GT,GG,TT,GG,CC,CT,AG,GC,GT,GG,AA,TC,CC,CT,0,0,GG,CC,GG,GG,CC,GG,TT,NA,GG,CC,GG,AA,CC,TT,GG,GG,GG
scat_marten,NA,NA,Nextseq510,MACAP6,PSW185,a,lane1-s344-index--CACAGCGGTC-ATTCCTATTG-MACAP6_PSW185_a_S344.assembled,764984,389098,50.86,57%,52,NA,AA,CC,0,GG,0,0,GG,AA,0,CC,CC,TC,AA,TT,CC,TT,CC,GG,0,0,0,AA,AA,0,0,0,TT,AA,CC,0,0,0,0,0,0,AG,CC,0,GG,0,CC,0,0,GG,TT,CC,TT,0,0,0,GG,0,CC,GG,0,CC,TT,0,CC,AA,CC,0,GC,TT,AA,0,AA,0,0,0,TT,GG,AA,0,AA,CC,AA,AA,GG,0,GG,0,CC,0,AA,0,TT,0,AA,CC,0,TT,0,0,AA,0,0,0,0,GG,CC,0,0,0,0,AA,0,0,0,GG,0
scat_marten,NA,NA,Nextseq510,MACAP6,PSW185,b,lane1-s352-index--GTGACGGAGC-TGGCGGTCCA-MACAP6_PSW185_b_S352.assembled,378033,180992,47.88,49%,45,NA,GG,0,0,CC,TT,0,0,0,GG,0,CC,0,0,0,0,0,CC,0,AA,0,CC,CC,AA,AA,0,0,CC,0,0,0,AA,0,0,CC,0,AG,CC,0,AA,GG,CC,0,0,0,GT,CC,TT,0,TT,0,0,TT,0,GG,0,CC,TT,TT,0,AA,0,CC,CC,0,AA,0,GA,CC,TT,TT,0,0,AA,GG,GG,0,0,0,GG,GG,0,GG,CC,CC,0,GG,0,0,0,CC,0,TT,0,GG,GG,CC,GG,0,0,0,0,AA,0,0,0,0,0,TT,0,GG,0
scat_marten,NA,NA,Nextseq510,MACAP6,PSW185,c,lane1-s360-index--TATGACAATC-TTGCTTGTAT-MACAP6_PSW185_c_S360.assembled,625960,281355,44.95,54%,49,NA,GG,0,0,0,TT,0,GG,AA,0,0,CC,0,NA,TT,CC,0,0,GG,0,AA,0,0,AA,AA,GG,CC,0,GG,0,AA,0,GG,0,CC,0,0,0,TT,AA,0,0,0,0,0,TT,CC,0,AA,0,0,0,0,CC,0,0,CC,0,TT,0,0,CC,TT,GG,CC,AA,CC,AA,CC,TT,GG,TA,0,AA,GG,AA,CC,0,NA,GG,GG,TT,GG,CC,CC,0,0,TT,GG,0,CC,0,TT,GG,GG,0,CC,0,GG,0,0,0,0,GG,0,0,AA,0,TT,0,GG,CC
scat_marten,NA,NA,Nextseq533,MACA_P12,PSW185,a,lane1-s677-index--TCGTGCATTC-CTGACCGGCA-MACAP12,268391,119070,44.36,65%,59,0,0,0,TT,CC,TT,AA,0,AA,0,0,CC,TC,GG,TT,CC,0,0,CC,0,AA,0,CC,AA,AA,GG,0,TC,GG,CC,TT,AA,GG,0,CC,0,0,CT,TT,AA,GG,TC,AA,AA,GG,0,CC,TT,AA,TT,0,0,TT,0,GG,TT,CC,TT,0,0,0,CC,CC,CC,0,0,CC,GG,0,0,TG,0,GG,AA,GG,0,0,AA,AA,0,GG,0,0,CC,0,AA,GC,0,GG,AA,CC,CC,TT,0,GG,GG,CC,GG,GG,CC,0,CC,AA,GG,0,GG,AA,0,0,0,GG,CC
scat_marten,NA,NA,Nextseq533,MACA_P12,PSW185,b,lane1-s685-index--CAACGAGAGC-AACGCCAGAG-MACAP12,462365,238491,51.58,58%,53,0,AA,0,0,CC,0,0,GG,AA,GG,CC,CC,0,0,CC,0,0,0,CC,0,0,0,AA,AA,AA,GG,0,TC,GG,CC,AA,0,0,0,CC,0,AA,TT,TT,0,GG,TT,AA,AA,0,0,CC,TT,AA,0,GG,0,TT,CC,GG,TT,0,TT,TT,0,0,CC,0,CC,0,AA,CC,GA,CC,0,TT,0,GG,AA,GG,GA,0,0,0,0,0,0,0,0,CT,AA,CC,GT,0,AA,CC,CC,TT,GG,GG,AA,CC,GG,GG,CC,0,0,0,0,CC,GG,AA,0,TT,GG,0,CC
scat_marten,NA,NA,Nextseq533,MACA_P12,PSW185,c,lane1-s693-index--TTAAGACAAG-TATACCATGG-MACAP12,227691,76836,33.75,47%,43,0,GA,0,0,GG,0,AA,0,0,0,CC,CC,TC,AA,CC,0,0,CC,GG,0,AA,0,0,AA,AA,0,0,TT,GG,CC,AA,0,GG,0,CC,AA,0,CT,0,GG,GG,TC,AA,0,0,0,0,0,0,0,0,0,TT,CC,0,0,0,TT,TT,GG,0,CC,TC,0,TT,AA,0,AA,CC,0,TT,TT,0,0,0,GG,0,0,0,0,0,GG,GG,0,0,AA,GG,0,GG,0,0,0,TT,0,0,0,CC,GG,0,0,GG,0,0,GG,0,0,AA,0,0,0,0,0
scat_marten,NA,NA,Nextseq552,MACA_P13,PSW185,a,lane1-s007-index--TCCGTTATGT-CCAGAAGTAA-M13_PSW185_a_S7.assembled,152785,124677,81.6,52%,47,0,AA,CC,0,CC,0,0,0,AA,GG,CC,CC,0,AA,TT,CC,0,0,0,0,AA,0,AA,AA,0,GG,0,0,0,CC,AA,AA,GG,GG,CC,0,0,,0,0,GG,TT,GG,AA,0,GG,CC,TT,0,0,TT,0,0,0,0,0,CC,0,0,0,0,CC,TT,GG,0,AA,0,AA,CC,0,GG,TA,GG,AA,GG,GG,0,AA,AA,0,0,GG,0,CC,CC,AA,GG,0,0,0,0,0,TT,0,0,AA,CC,GG,0,0,0,0,0,0,CC,0,0,CC,TT,GG,GG,0
scat_marten,NA,NA,Nextseq552,MACA_P13,PSW185,b,lane1-s015-index--ATTAACAAGG-TTGAAGCAGA-M13_PSW185_b_S15.assembled,249327,200403,80.38,51%,46,0,0,0,0,CC,TT,AA,GG,AA,GG,0,CC,0,AA,CC,CC,0,CC,GG,0,AA,CC,0,AA,AA,0,0,CC,0,0,0,0,GG,0,TT,0,GG,,TT,AA,GG,TC,0,AA,0,GG,CC,0,AA,0,0,0,0,CC,GG,CC,0,TT,0,0,0,CC,TT,CC,CC,0,0,0,0,0,GG,0,GG,AA,0,0,0,AA,AA,0,GG,0,GG,CC,CC,0,GG,0,GG,0,0,0,TT,0,GG,0,CC,GG,0,CC,0,0,0,GG,0,0,AA,0,TT,0,0,0
scat_marten,NA,NA,Nextseq552,MACA_P13,PSW185,c,lane1-s023-index--TCCGCCAATT-ATACACAGAG-M13_PSW185_c_S23.assembled,200821,138837,69.13,41%,37,0,GA,AA,0,GG,TT,0,GG,AA,GG,0,CC,0,NA,0,CC,0,0,0,0,AA,0,0,0,0,0,0,CC,GA,CC,0,AA,GG,0,0,AA,0,,0,0,GG,TT,0,0,0,GT,CC,0,0,0,0,0,0,CC,GG,0,CC,TT,0,0,0,CC,CC,0,0,AA,CC,0,CC,0,0,AA,0,AA,0,GA,0,0,NA,0,GG,TT,GG,0,0,AA,GG,0,0,0,0,CT,0,0,GG,NA,0,GG,0,0,0,0,NA,NA,0,GG,0,0,0,NA,GG,CC
scat_marten,0.5,NA,Nextseq510 / Nextseq533,MACAP6 / MACA_P12,PSW185,9,CONSENSUS,370040,194418,56.05,81%,74,0,GA,NA,0,GC,TT,AA,GG,AA,GG,CC,CC,TC,NA,TC,CC,0,CC,CG,0,AA,CC,CA,AA,AA,GG,0,TC,NA,CC,NA,AA,GG,0,NA,AA,AG,CT,TT,GA,GG,TC,NA,AA,GG,GT,CC,TT,AA,TT,NA,0,TT,CC,GG,NA,CC,TT,TT,NA,AA,CC,TC,GC,TC,AA,CC,GA,CC,TT,TG,TA,GG,AA,GG,GA,CC,AA,AA,GG,GG,TG,GG,CC,NA,AA,GC,NA,GG,AA,CC,CT,TT,GG,GG,AG,CC,GG,GG,CC,GG,CC,AA,GG,CC,GG,AA,0,TT,GG,GG,CC
scat_marten,NA,NCali_M08.sc,Nextseq510,MACAP6,PSW186,a,lane1-s361-index--ATGTTGTTGG-CAATCTATGA-MACAP6_PSW186_a_S361.assembled,118891,86414,72.68,98%,89,NA,GA,CC,CT,GC,TT,AG,GG,AA,GG,CC,CC,TC,AA,TC,CC,TC,CC,CG,AA,AA,CT,CA,AA,AA,GG,TC,TC,GA,CC,AT,AA,GG,GA,CT,AG,AG,CT,TT,GA,GG,TC,GA,AA,AG,GT,CC,TT,AA,CT,GT,GG,TT,CC,GG,CT,CC,TT,TT,CC,AA,CC,TC,GC,TC,AA,CC,GA,CC,TT,TG,0,GG,AA,GG,GA,CC,AA,AA,TT,GG,TG,GG,CC,CC,AA,GC,GT,GG,AA,CC,CC,TT,GG,GG,AG,CC,GG,GG,CC,GG,TC,GA,GG,CC,GG,AA,CC,TT,GG,GG,CC
scat_marten,NA,NCali_M08.sc,Nextseq510,MACAP6,PSW186,b,lane1-s369-index--CTCGAATATA-GAGATGTCGA-MACAP6_PSW186_b_S369.assembled,88886,64220,72.25,97%,88,NA,GA,CC,CT,GC,TT,AG,GG,AA,GG,CC,CC,TC,AA,TC,CC,TC,CC,CG,AA,AA,CT,CA,AA,AA,GG,TC,TC,GA,CC,AT,AA,GG,GA,CT,AG,AG,CT,TT,GA,GG,TC,GA,AA,AG,GT,CC,TT,AA,CT,0,GG,TT,CC,GG,CT,CC,TT,TT,CC,AA,CC,TC,GC,TC,AA,CC,GA,CC,TT,TG,TA,GG,AA,GG,GA,CC,AA,AA,GT,0,TG,GG,CC,CC,AA,GC,GT,GG,AA,CC,CC,TT,0,GG,AG,CC,GG,GG,CC,GG,TC,GA,GG,CC,GG,AA,CC,TT,GG,GG,CC
scat_marten,NA,NCali_M08.sc,Nextseq510,MACAP6,PSW186,c,lane1-s377-index--ACGGTCCAAC-TCTTACATCA-MACAP6_PSW186_c_S377.assembled,250310,181994,72.71,98%,89,NA,GA,CC,CT,GC,TT,AG,GG,AA,GG,CC,CC,TC,AA,TC,CC,TC,CC,CG,AA,AA,CT,0,AA,AA,GG,TC,TC,GA,CC,AT,AA,GG,GA,CT,AG,AG,CT,TT,GA,GG,TC,GA,AA,AG,GT,CC,TT,AA,CT,GT,GG,TT,CC,GG,CT,CC,TT,TT,CC,AA,CC,TC,GC,TC,AA,CC,GA,CC,TT,TG,TA,GG,AA,GG,GA,CC,AA,AA,GT,GG,TG,GG,CC,CC,AA,GC,GT,GG,AA,CC,CC,TT,GG,GG,0,CC,GG,GG,CC,GG,TC,GA,GG,CC,GG,AA,CC,TT,GG,GG,CC
scat_marten,0,NCali_M08.sc,,,PSW186,,CONSENSUS,152696,110876,72.55,99%,90,0,GA,CC,CT,GC,TT,AG,GG,AA,GG,CC,CC,TC,AA,TC,CC,TC,CC,CG,AA,AA,CT,CA,AA,AA,GG,TC,TC,GA,CC,AT,AA,GG,GA,CT,AG,AG,CT,TT,GA,GG,TC,GA,AA,AG,GT,CC,TT,AA,CT,GT,GG,TT,CC,GG,CT,CC,TT,TT,CC,AA,CC,TC,GC,TC,AA,CC,GA,CC,TT,TG,TA,GG,AA,GG,GA,CC,AA,AA,GT,GG,TG,GG,CC,CC,AA,GC,GT,GG,AA,CC,CC,TT,GG,GG,AG,CC,GG,GG,CC,GG,TC,GA,GG,CC,GG,AA,CC,TT,GG,GG,CC
scat_marten,NA,SDunes_M10.sc,Nextseq511,MACA_P5,Coos13,a,lane1-s193-index--CGCTCAGTTC-TCGTGGAGCG-MACAP5_Coos13_a_S193.assembled,311571,301291,96.7,100%,91,NA,AA,CC,TT,GG,TT,GG,GG,AT,GG,CT,CC,TT,GG,CC,CC,TT,CC,CG,AA,GA,CC,AA,CA,AA,GG,TT,TC,GA,CC,AA,AA,AA,GA,CC,GG,AG,TT,CC,GA,GG,CC,GA,AA,AA,GG,CC,TT,AA,CC,GT,CC,TT,CT,GG,CC,CC,CC,CT,CC,GA,AA,TC,GG,TT,AA,GG,GA,CC,TT,TT,AA,GT,AA,GG,GA,CC,AA,AA,TT,AA,TT,GA,CC,CC,GG,GC,GG,AA,AA,CC,CC,CT,GG,GG,AA,CC,GG,GG,CC,GG,TT,GG,AA,CC,GG,AA,CC,TT,GG,GG,GG
scat_marten,NA,SDunes_M10.sc,Nextseq511,MACA_P5,Coos13,b,lane1-s201-index--CTACTCAGTC-GTTGATAGTG-MACAP5_Coos13_b_S201.assembled,481685,466638,96.88,98%,89,NA,AA,CC,TT,GG,TT,GG,GG,AT,GG,CT,CC,TT,GG,CC,CC,TT,CC,CG,AA,GA,CC,AA,CA,AA,GG,TT,TC,GA,CC,AA,AA,AA,GA,CC,GG,AG,TT,CC,GA,GG,CC,GA,AA,AA,GG,CC,TT,AA,CC,GT,CC,TT,CT,GG,CC,CC,CC,CT,CC,GA,AA,TC,GG,TT,AA,0,GA,CC,TT,TT,AA,GT,AA,GG,GA,CC,AA,AA,TT,AA,TT,GA,CC,CC,GG,GC,GG,AA,AA,CC,CC,CT,GG,GG,AA,CC,GG,GG,CC,GG,TT,GG,AA,CC,GG,AA,CC,TT,GG,GG,0
scat_marten,NA,SDunes_M10.sc,Nextseq511,MACA_P5,Coos13,c,lane1-s209-index--AACCATTCTC-TCGGCAGCAA-MACAP5_Coos13_c_S209.assembled,257926,249894,96.89,99%,90,NA,AA,CC,TT,GG,TT,GG,GG,AT,GG,CT,CC,TT,GG,CC,CC,TT,CC,CG,AA,GA,CC,AA,CA,AA,GG,TT,TC,GA,CC,AA,AA,AA,GA,CC,GG,AG,TT,CC,GA,GG,CC,GA,AA,AA,GG,CC,TT,AA,CC,GT,CC,TT,CT,GG,CC,CC,CC,CT,CC,GA,AA,TC,GG,TT,AA,GG,GA,CC,TT,TT,AA,GT,AA,GG,GA,CC,AA,AA,TT,AA,TT,GA,CC,CC,GG,GC,GG,AA,AA,CC,CC,CT,GG,GG,AA,CC,GG,GG,CC,GG,TT,GG,AA,CC,GG,AA,CC,TT,GG,GG,GG
scat_marten,0,SDunes_M10.sc,,,Coos13,,CONSENSUS,350394,339274,96.82,99%,90,0,AA,CC,TT,GG,TT,GG,GG,AT,GG,CT,CC,TT,GG,CC,CC,TT,CC,CG,AA,GA,CC,AA,CA,AA,GG,TT,TC,GA,CC,AA,AA,AA,GA,CC,GG,AG,TT,CC,GA,GG,CC,GA,AA,AA,GG,CC,TT,AA,CC,GT,CC,TT,CT,GG,CC,CC,CC,CT,CC,GA,AA,TC,GG,TT,AA,GG,GA,CC,TT,TT,AA,GT,AA,GG,GA,CC,AA,AA,TT,AA,TT,GA,CC,CC,GG,GC,GG,AA,AA,CC,CC,CT,GG,GG,AA,CC,GG,GG,CC,GG,TT,GG,AA,CC,GG,AA,CC,TT,GG,GG,GG
scat_marten,NA,SDunes_F10.sc,Nextseq511,MACA_P5,Coos14,a,lane1-s194-index--TATCTGACCT-CTACAAGATA-MACAP5_Coos14_a_S194.assembled,276309,267057,96.65,99%,90,NA,GA,AC,TT,CC,TT,GG,GA,AT,GG,CC,CC,TT,AA,CC,CC,TT,CC,CG,AA,AA,CT,CA,AA,AA,GG,TT,TC,AA,CC,AT,AA,GA,GA,TT,GG,AA,CT,CT,GA,GA,CC,GG,GG,AA,GG,CC,TC,AA,CT,GG,GC,TT,TT,GG,CT,CC,CT,CT,CC,GG,CA,TT,GC,TT,AA,CC,AA,CC,TT,TT,AA,GG,AA,AA,GA,CT,AA,AA,GG,AA,TT,GA,GG,CC,GG,CC,TT,GG,AC,CC,CC,CC,0,0,AG,CC,GG,GG,CC,GG,TT,GA,GG,CC,GG,AA,CC,TT,GG,GG,CC
scat_marten,NA,SDunes_F10.sc,Nextseq511,MACA_P5,Coos14,b,lane1-s202-index--TCGTCTGACT-ACCAGCGACA-MACAP5_Coos14_b_S202.assembled,217382,208957,96.12,99%,90,NA,GA,AC,TT,CC,TT,GG,GA,AT,GG,CC,CC,TT,AA,CC,CC,TT,CC,CG,AA,AA,CT,CA,AA,AA,GG,TT,TC,AA,CC,AT,AA,GA,GA,TT,GG,AA,CT,CT,GA,GA,CC,GG,GG,AA,GG,CC,TC,AA,CT,GG,GC,TT,TT,GG,CT,CC,CT,CT,CC,GG,CA,TT,GC,TT,AA,CC,AA,CC,TT,TT,AA,GG,AA,AA,GA,CT,AA,AA,GG,AA,TT,GA,GG,CC,GG,CC,TT,GG,AC,CC,CC,CC,0,0,AG,CC,GG,GG,CC,GG,TT,GA,GG,CC,GG,AA,CC,TT,GG,GG,CC
scat_marten,NA,SDunes_F10.sc,Nextseq511,MACA_P5,Coos14,c,lane1-s210-index--GGTTGCCTCT-CTAATGATGG-MACAP5_Coos14_c_S210.assembled,171969,165846,96.44,99%,90,NA,GA,AC,TT,CC,TT,GG,GA,AT,GG,CC,CC,TT,AA,CC,CC,TT,CC,CG,AA,AA,CT,CA,AA,AA,GG,TT,TC,AA,CC,AT,AA,GA,GA,TT,GG,AA,CT,CT,GA,GA,CC,GG,GG,AA,GG,CC,TC,AA,CT,GG,GC,TT,TT,GG,CT,CC,CT,CT,CC,GG,CA,TT,GC,TT,AA,CC,AA,CC,TT,TT,AA,GG,AA,AA,GA,CT,AA,AA,GG,AA,TT,GA,GG,CC,GG,CC,TT,GG,AC,CC,CC,CC,0,0,AG,CC,GG,GG,CC,GG,TT,GA,GG,CC,GG,AA,CC,TT,GG,GG,CC
scat_marten,0,SDunes_F10.sc,,,Coos14,,CONSENSUS,221887,213953,96.4,99%,90,0,GA,AC,TT,CC,TT,GG,GA,AT,GG,CC,CC,TT,AA,CC,CC,TT,CC,CG,AA,AA,CT,CA,AA,AA,GG,TT,TC,AA,CC,AT,AA,GA,GA,TT,GG,AA,CT,CT,GA,GA,CC,GG,GG,AA,GG,CC,TC,AA,CT,GG,GC,TT,TT,GG,CT,CC,CT,CT,CC,GG,CA,TT,GC,TT,AA,CC,AA,CC,TT,TT,AA,GG,AA,AA,GA,CT,AA,AA,GG,AA,TT,GA,GG,CC,GG,CC,TT,GG,AC,CC,CC,CC,0,0,AG,CC,GG,GG,CC,GG,TT,GA,GG,CC,GG,AA,CC,TT,GG,GG,CC
scat_marten,NA,SDunes_M10.sc,Nextseq511,MACA_P5,Coos15,a,lane1-s195-index--ATATGAGACG-TATAGTAGCT-MACAP5_Coos15_a_S195.assembled,185683,176520,95.07,99%,90,NA,AA,CC,TT,GG,TT,GG,GG,AT,GG,CT,CC,TT,GG,CC,CC,TT,CC,CG,AA,GA,CC,AA,CA,AA,GG,TT,TC,GA,CC,AA,AA,AA,GA,CC,GG,AG,TT,CC,GA,GG,CC,GA,AA,AA,GG,CC,TT,AA,CC,GT,CC,TT,CT,GG,CC,CC,CC,CT,CC,GA,AA,TC,GG,TT,AA,GG,GA,CC,TT,TT,AA,GT,AA,GG,GA,CC,AA,AA,TT,AA,TT,GA,CC,CC,GG,GC,GG,AA,AA,CC,CC,CT,GG,GG,AA,CC,GG,GG,CC,GG,TT,GG,AA,CC,GG,AA,CC,TT,GG,GG,GG
scat_marten,NA,SDunes_M10.sc,Nextseq511,MACA_P5,Coos15,b,lane1-s203-index--GAACATACGG-CATACACTGT-MACAP5_Coos15_b_S203.assembled,286164,269232,94.08,97%,88,NA,AA,CC,TT,GG,TT,GG,GG,AT,GG,CT,CC,TT,GG,CC,CC,TT,CC,CG,AA,GA,CC,AA,CA,AA,GG,TT,TC,GA,CC,AA,AA,AA,GA,CC,GG,AG,TT,CC,GA,GG,CC,GA,AA,AA,GG,CC,TT,AA,CC,GT,CC,TT,CT,GG,CC,CC,CC,CT,CC,GA,AA,TC,GG,TT,AA,0,GA,CC,TT,TT,AA,0,AA,GG,GA,CC,AA,AA,TT,AA,TT,GA,CC,CC,GG,GC,GG,AA,AA,CC,CC,CT,GG,GG,AA,CC,GG,GG,CC,GG,TT,GG,AA,CC,GG,AA,CC,TT,GG,GG,0
scat_marten,NA,SDunes_M10.sc,Nextseq511,MACA_P5,Coos15,c,lane1-s211-index--CTAATGATGG-GGTTGCCTCT-MACAP5_Coos15_c_S211.assembled,202288,189395,93.63,97%,88,NA,AA,CC,TT,GG,TT,GG,GG,AT,GG,CT,CC,TT,GG,CC,CC,TT,CC,CG,AA,GA,CC,AA,CA,AA,GG,TT,TC,GA,CC,AA,AA,AA,GG,CC,GG,AG,TT,CC,GA,GG,CC,GA,AA,AA,GG,CC,TT,AA,CC,GT,CC,TT,CT,GG,CC,CC,CC,CT,CC,0,AA,TC,GG,TT,AA,0,GA,CC,TT,TT,AA,GT,AA,GG,GA,CC,AA,AA,TT,AA,TT,GA,CC,CC,GG,GC,GG,AA,AA,CC,CC,CT,GG,GG,AA,CC,GG,GG,CC,GG,TT,GG,AA,CC,GG,AA,CC,TT,GG,GG,0
scat_marten,0,SDunes_M10.sc,,,Coos15,,CONSENSUS,224712,211716,94.26,98%,89,0,AA,CC,TT,GG,TT,GG,GG,AT,GG,CT,CC,TT,GG,CC,CC,TT,CC,CG,AA,GA,CC,AA,CA,AA,GG,TT,TC,GA,CC,AA,AA,AA,GA,CC,GG,AG,TT,CC,GA,GG,CC,GA,AA,AA,GG,CC,TT,AA,CC,GT,CC,TT,CT,GG,CC,CC,CC,CT,CC,GA,AA,TC,GG,TT,AA,0,GA,CC,TT,TT,AA,GT,AA,GG,GA,CC,AA,AA,TT,AA,TT,GA,CC,CC,GG,GC,GG,AA,AA,CC,CC,CT,GG,GG,AA,CC,GG,GG,CC,GG,TT,GG,AA,CC,GG,AA,CC,TT,GG,GG,0
scat_marten,NA,SDunes_F11.sc,Nextseq511,MACA_P5,Coos16,a,lane1-s196-index--CTTATGGAAT-TGCCTGGTGG-MACAP5_Coos16_a_S196.assembled,338190,324257,95.88,100%,91,NA,AA,CC,CT,CC,TT,GG,GG,AT,GG,CT,CC,TT,GG,CC,CC,TT,CC,CC,AA,AA,TT,CC,AA,AA,GG,TT,TC,AA,CC,AA,AA,GA,GA,CT,AG,AA,CT,CC,GA,GG,CC,GA,AG,AA,GG,CC,TC,AA,CC,GG,GG,TT,CT,GG,CC,CC,CC,CC,CG,GA,CC,TT,GC,TT,AA,CC,AA,CC,TT,TT,AA,GG,AA,AA,GA,CC,AA,AA,GG,AA,TT,GA,CG,CT,GG,CC,GT,GA,AA,CC,CC,CT,0,0,GG,CC,GG,GG,CC,GG,TT,GG,GA,CC,GG,AA,CC,TT,GG,GG,CC
scat_marten,NA,SDunes_F11.sc,Nextseq511,MACA_P5,Coos16,b,lane1-s204-index--CCTATGACTC-GTGTGGCGCT-MACAP5_Coos16_b_S204.assembled,267275,251051,93.93,97%,88,NA,AA,CC,CT,CC,TT,GG,GG,AT,GG,CT,CC,TT,AG,CC,CC,TT,CC,CC,AA,AA,TT,CC,AA,AA,GG,TT,TC,AA,CC,AA,AA,GA,GA,CT,AG,AA,CT,CC,GA,GG,CC,GA,AG,AA,GG,CC,TC,AA,CC,GG,GG,TT,CT,GG,CC,CC,CC,CC,CG,0,CC,TT,GC,TT,AA,CC,AA,CC,TT,TT,AA,GG,AA,AA,GA,CC,AA,AA,GG,AA,TT,GA,CG,CT,GG,CC,0,GA,AA,CC,CC,CT,0,0,GG,CC,GG,GG,CC,GG,TT,GG,GA,CC,GG,AA,0,TT,GG,GG,CC
scat_marten,NA,SDunes_F11.sc,Nextseq511,MACA_P5,Coos16,c,lane1-s212-index--TCGGCCTATC-CGCACATGGC-MACAP5_Coos16_c_S212.assembled,331198,318296,96.1,99%,90,NA,AA,CC,CC,CC,TT,GG,GG,AT,GG,CT,CC,TT,GG,CC,CC,TT,CC,CC,AA,AA,TT,CC,AA,AA,GG,TT,TC,AA,CC,AA,AA,GA,GA,CT,AG,AA,CT,CC,GA,GG,CC,GA,AG,AA,GG,CC,TC,AA,CC,GG,GG,TT,CT,GG,CC,CC,CC,CC,CG,GA,CC,TT,GC,TT,AA,CC,AA,CC,TT,TT,AA,GG,AA,AA,GA,CC,AA,AA,GG,AA,TT,GA,CG,CT,GG,CC,GT,0,AA,CC,CC,CT,0,0,GG,CC,GG,GG,CC,GG,TT,GG,0,CC,GG,AA,CC,TT,GG,GG,CC
scat_marten,0,SDunes_F11.sc,,,Coos16,,CONSENSUS,312221,297868,95.3,99%,90,0,AA,CC,CT,CC,TT,GG,GG,AT,GG,CT,CC,TT,NA,CC,CC,TT,CC,CC,AA,AA,TT,CC,AA,AA,GG,TT,TC,AA,CC,AA,AA,GA,GA,CT,AG,AA,CT,CC,GA,GG,CC,GA,AG,AA,GG,CC,TC,AA,CC,GG,GG,TT,CT,GG,CC,CC,CC,CC,CG,GA,CC,TT,GC,TT,AA,CC,AA,CC,TT,TT,AA,GG,AA,AA,GA,CC,AA,AA,GG,AA,TT,GA,CG,CT,GG,CC,GT,GA,AA,CC,CC,CT,0,0,GG,CC,GG,GG,CC,GG,TT,GG,GA,CC,GG,AA,CC,TT,GG,GG,CC
scat_marten,NA,SDunes_F11.sc,Nextseq511,MACA_P5,Coos18,a,lane1-s197-index--TAATCTCGTC-ACATTATCCT-MACAP5_Coos18_a_S197.assembled,169723,163312,96.22,99%,90,NA,AA,CC,CT,CC,TT,GG,GG,TT,GG,CT,CC,TT,GG,CC,CC,TT,CC,CC,AA,AA,TT,CC,AA,AA,GG,TT,TC,AA,CC,AA,AA,GA,GA,CT,AG,AA,CT,CC,GA,GG,CC,GA,AG,AA,GG,CC,TC,AA,CC,GG,GG,TT,CT,GG,CC,CC,CC,CC,CG,GA,CC,TT,GC,TT,AA,CC,AA,CC,TT,TT,AA,GG,AA,AA,GA,CC,AA,AA,GG,AA,TT,GA,CG,CT,GG,CC,GT,AA,AA,CC,CC,CT,0,0,GG,CC,GG,GG,CC,GG,TT,GG,AA,CC,GG,AA,CC,TT,GG,GG,CC
scat_marten,NA,SDunes_F11.sc,Nextseq511,MACA_P5,Coos18,b,lane1-s205-index--TAATGGCAAG-ATCACGAAGG-MACAP5_Coos18_b_S205.assembled,338292,328171,97.01,100%,91,NA,AA,CC,CT,CC,TT,GG,GG,AT,GG,CT,CC,TT,AG,CC,CC,TT,CC,CC,AA,AA,TT,CC,AA,AA,GG,TT,TC,AA,CC,AA,AA,GA,GA,CT,AG,AA,CT,CC,GA,GG,CC,GA,AG,AA,GG,CC,TC,AA,CC,GG,GG,TT,CT,GG,CC,CC,CC,CC,CG,GA,CC,TT,GC,TT,AA,CC,AA,CC,TT,TT,AA,GG,AA,AA,GA,CC,AA,AA,GG,AA,TT,GA,CG,CT,GG,CC,GT,GG,AA,CC,CC,CT,0,0,GG,CC,GG,GG,CC,GG,TT,GG,GG,CC,GG,AA,CC,TT,GG,GG,CC
scat_marten,NA,SDunes_F11.sc,Nextseq511,MACA_P5,Coos18,c,lane1-s213-index--AGTCAACCAT-GGCCTGTCCT-MACAP5_Coos18_c_S213.assembled,238465,230247,96.55,100%,91,NA,AA,CC,CT,CC,TT,GG,GG,AT,GG,CT,CC,TT,GG,CC,CC,TT,CC,CC,AA,AA,TT,CC,AA,AA,GG,TT,TC,AA,CC,AA,AA,GA,GA,CT,AG,AA,CT,CC,GA,GG,CC,GA,AG,AA,GG,CC,TC,AA,CC,GG,GG,TT,CT,GG,CC,CC,CC,CC,CG,GA,CC,TT,GC,TT,AA,CC,AA,CC,TT,TT,AA,GG,AA,AA,GA,CC,AA,AA,GG,AA,TT,GA,CG,CT,GG,CC,GT,GG,AA,CC,CC,CT,0,0,GG,CC,GG,GG,CC,GG,TT,GG,GG,CC,GG,AA,CC,TT,GG,GG,CC
scat_marten,0,SDunes_F11.sc,,,Coos18,,CONSENSUS,248827,240577,96.59,98%,89,0,AA,CC,CT,CC,TT,GG,GG,AT,GG,CT,CC,TT,NA,CC,CC,TT,CC,CC,AA,AA,TT,CC,AA,AA,GG,TT,TC,AA,CC,AA,AA,GA,GA,CT,AG,AA,CT,CC,GA,GG,CC,GA,AG,AA,GG,CC,TC,AA,CC,GG,GG,TT,CT,GG,CC,CC,CC,CC,CG,GA,CC,TT,GC,TT,AA,CC,AA,CC,TT,TT,AA,GG,AA,AA,GA,CC,AA,AA,GG,AA,TT,GA,CG,CT,GG,CC,GT,NA,AA,CC,CC,CT,0,0,GG,CC,GG,GG,CC,GG,TT,GG,NA,CC,GG,AA,CC,TT,GG,GG,CC
scat_marten,NA,SDunes_M10.sc,Nextseq511,MACA_P5,Coos19,a,lane1-s198-index--GCGCGATGTT-GTCCACTTGT-MACAP5_Coos19_a_S198.assembled,66355,64169,96.71,97%,88,NA,AA,CC,TT,GG,TT,GG,GG,AT,GG,CT,CC,TT,GG,CC,CC,TT,CC,CG,AA,GA,CC,AA,CA,AA,GG,TT,TC,GA,CC,AA,AA,AA,GA,CC,GG,AG,TT,CC,GA,GG,CC,GA,AA,AA,GG,CC,TT,AA,CC,GT,CC,TT,CT,GG,CC,CC,CC,CT,CC,GA,AA,TC,GG,TT,AA,0,GA,CC,TT,TT,0,GT,AA,GG,GA,CC,AA,AA,TT,AA,TT,GA,CC,CC,GG,GC,GG,AA,AA,CC,CC,CT,0,GG,AA,CC,GG,GG,CC,GG,TT,GG,AA,CC,GG,AA,CC,TT,GG,GG,0
scat_marten,NA,SDunes_M10.sc,Nextseq511,MACA_P5,Coos19,b,lane1-s206-index--GTGCCGCTTC-CGGCTCTACT-MACAP5_Coos19_b_S206.assembled,110110,107062,97.23,98%,89,NA,AA,CC,TT,GG,TT,GG,GG,AT,GG,CT,CC,TT,GG,CC,CC,TT,CC,CG,AA,GA,CC,AA,CA,AA,GG,TT,TC,GA,CC,AA,AA,AA,GA,CC,GG,AG,TT,CC,GA,GG,CC,GA,AA,AA,GG,CC,TT,AA,CC,GT,CC,TT,CT,GG,CC,CC,CC,CT,CC,GA,AA,TC,GG,TT,AA,0,GA,CC,TT,TT,AA,GT,AA,GG,GA,CC,AA,AA,TT,AA,TT,GA,CC,CC,GG,GC,GG,AA,AA,CC,CC,CT,GG,GG,AA,CC,GG,GG,CC,GG,TT,GG,AA,CC,GG,AA,CC,TT,GG,GG,0
scat_marten,NA,SDunes_M10.sc,Nextseq511,MACA_P5,Coos19,c,lane1-s214-index--GAGCGCAATA-CTGTGTTAGG-MACAP5_Coos19_c_S214.assembled,82282,79724,96.89,97%,88,NA,AA,CC,TT,GG,TT,GG,GG,AT,GG,CT,CC,TT,GG,CC,CC,TT,CC,CG,AA,GA,CC,AA,CA,AA,GG,TT,TC,GA,CC,AA,AA,AA,GA,CC,GG,AG,TT,CC,GA,GG,CC,GA,AA,AA,GG,CC,TT,AA,CC,GT,CC,TT,CT,GG,CC,CC,CC,CT,CC,GA,AA,TC,GG,TT,AA,0,GA,CC,TT,TT,0,GT,AA,GG,GA,CC,AA,AA,TT,AA,TT,GA,CC,CC,GG,GC,GG,AA,AA,CC,CC,CT,GG,GG,AA,CC,GG,GG,CC,GG,TT,GG,AA,CC,GG,AA,CC,TT,GG,GG,0
scat_marten,0,SDunes_M10.sc,,,Coos19,,CONSENSUS,86249,83652,96.94,97%,88,0,AA,CC,TT,GG,TT,GG,GG,AT,GG,CT,CC,TT,GG,CC,CC,TT,CC,CG,AA,GA,CC,AA,CA,AA,GG,TT,TC,GA,CC,AA,AA,AA,GA,CC,GG,AG,TT,CC,GA,GG,CC,GA,AA,AA,GG,CC,TT,AA,CC,GT,CC,TT,CT,GG,CC,CC,CC,CT,CC,GA,AA,TC,GG,TT,AA,0,GA,CC,TT,TT,0,GT,AA,GG,GA,CC,AA,AA,TT,AA,TT,GA,CC,CC,GG,GC,GG,AA,AA,CC,CC,CT,GG,GG,AA,CC,GG,GG,CC,GG,TT,GG,AA,CC,GG,AA,CC,TT,GG,GG,0
scat_marten,NA,SDunes_M11.sc,Nextseq511,MACA_P5,Coos20,a,lane1-s199-index--AGAGCACTAG-TGGAACAGTA-MACAP5_Coos20_a_S199.assembled,497910,467290,93.85,98%,89,NA,AA,CC,TT,GC,TT,AA,GG,AA,GG,CC,CC,TT,AA,CC,CC,TC,CC,CC,AA,AA,CC,CC,CC,AA,GG,TT,TC,GA,CT,AT,AA,GA,AA,0,GG,AA,CC,CC,GG,GG,TC,GG,AA,AA,GG,CC,TC,AA,CC,GG,GG,TT,CC,GG,CC,CC,CC,CT,CC,GA,CC,CC,GC,TC,AA,CC,GG,CC,CC,TT,AA,GT,AA,GA,GA,CT,AA,AA,GG,AA,GG,GG,CC,CC,GG,GC,GT,0,AA,CC,CC,CC,GG,GG,GG,CC,GG,GG,CC,GG,TT,GG,0,CC,GG,AA,CC,TT,GG,GG,CC
scat_marten,NA,SDunes_M11.sc,Nextseq511,MACA_P5,Coos20,b,lane1-s207-index--CGGCAATGGA-GAATGCACGA-MACAP5_Coos20_b_S207.assembled,448022,415650,92.77,100%,91,NA,AA,CC,TT,GC,TT,AA,GG,AA,GG,CC,CC,TT,AA,CC,CC,TC,CC,CC,AA,AA,CC,CC,CC,AA,GG,TT,TC,GA,CT,AT,AA,GA,AA,CT,GG,AA,CC,CT,GG,GG,TC,GG,AA,AA,GG,CC,TC,AA,CC,GG,GG,TT,CT,GG,CC,CC,CC,CT,CC,GA,CC,CC,GC,TC,AA,CC,GG,CC,CC,TT,AA,GT,AA,GA,GA,CT,AA,AA,GG,AA,GG,GG,CC,CC,GG,GC,GT,GA,AA,CC,CC,CC,GG,GG,GG,CC,GG,GG,CC,GG,TT,GG,GA,CC,GG,AA,CC,TT,GG,GG,CC
scat_marten,NA,SDunes_M11.sc,Nextseq511,MACA_P5,Coos20,c,lane1-s215-index--AACAAGGCGT-TAAGGAACGT-MACAP5_Coos20_c_S215.assembled,341494,317332,92.92,98%,89,NA,AA,CC,TT,GC,TT,AA,GG,AA,GG,CC,CC,TT,AA,CC,CC,TC,CC,CC,AA,AA,CC,CC,CC,AA,GG,TT,TC,GA,CT,AT,AA,GA,AA,CT,GG,AA,CC,CT,GG,GG,TC,GG,AA,AA,GG,CC,TC,AA,CC,GG,GG,TT,CT,GG,CC,CC,CC,CT,CC,0,CC,CC,GC,TC,AA,CC,GG,CC,CC,TT,AA,GT,AA,GA,GA,CT,AA,AA,GG,AA,GG,GG,CC,CC,GG,GC,GT,GA,AA,CC,CC,CC,GG,GG,GG,CC,GG,GG,CC,GG,TT,GG,GA,CC,GG,AA,CC,TT,GG,GG,CC
scat_marten,0,SDunes_M11.sc,,,Coos20,,CONSENSUS,429142,400091,93.18,100%,91,0,AA,CC,TT,GC,TT,AA,GG,AA,GG,CC,CC,TT,AA,CC,CC,TC,CC,CC,AA,AA,CC,CC,CC,AA,GG,TT,TC,GA,CT,AT,AA,GA,AA,CT,GG,AA,CC,CT,GG,GG,TC,GG,AA,AA,GG,CC,TC,AA,CC,GG,GG,TT,CT,GG,CC,CC,CC,CT,CC,GA,CC,CC,GC,TC,AA,CC,GG,CC,CC,TT,AA,GT,AA,GA,GA,CT,AA,AA,GG,AA,GG,GG,CC,CC,GG,GC,GT,GA,AA,CC,CC,CC,GG,GG,GG,CC,GG,GG,CC,GG,TT,GG,GA,CC,GG,AA,CC,TT,GG,GG,CC
scat_marten,NA,SDunes_F12.sc,Nextseq511,MACA_P5,Coos21,a,lane1-s200-index--TGCCTTGATC-CCTTGTTAAT-MACAP5_Coos21_a_S200.assembled,249508,238762,95.69,99%,90,NA,AA,CC,TT,GC,TT,AG,GG,AA,GA,CC,CC,TT,AG,CC,CC,TT,CC,CC,AA,AA,TT,CC,CA,AA,GG,TT,CC,GA,CT,AT,AA,AA,AA,CT,AA,AA,TT,CC,GG,GG,CC,GG,AA,AA,GG,CC,CC,AA,TT,GT,GG,TT,TT,GG,CC,CC,CT,CT,CC,GA,CC,TT,CC,TT,AA,CC,GA,CT,TT,TT,TT,GT,AA,AA,GG,CC,AA,AA,GT,AA,TT,AA,CC,0,GG,CC,GT,AA,AA,CC,CC,CC,0,0,GG,CC,GG,GG,CC,GG,TT,AA,AA,CC,GG,AA,CC,TT,GG,GG,CC
scat_marten,NA,SDunes_F12.sc,Nextseq511,MACA_P5,Coos21,b,lane1-s208-index--GCCGTAACCG-AAGACTATAG-MACAP5_Coos21_b_S208.assembled,298593,257828,86.35,98%,89,NA,AA,CC,TT,GC,TT,AG,GG,AA,GA,CC,CC,TT,AA,CC,CC,TT,CC,CC,AA,AA,TT,CC,CA,AA,GG,TT,CC,GA,CT,AT,AA,AA,GA,CT,AA,AA,TT,CC,GG,GG,CC,GG,AA,AA,GG,CC,CC,AA,TT,GT,GG,TT,TT,GG,CC,CC,CT,CT,CC,GG,CC,TT,CC,TT,AA,CC,GA,0,TT,TT,TT,GT,AA,AA,GG,CT,AA,AA,0,AA,TT,AA,CC,CT,GG,CC,GT,AA,AA,CC,CC,CC,0,0,GG,CC,GG,GG,CC,GG,TT,AA,AA,CC,GG,AA,CC,TT,GG,GG,CC
scat_marten,NA,SDunes_F12.sc,Nextseq511,MACA_P5,Coos21,c,lane1-s216-index--GTATGTAGAA-CTAACTGTAA-MACAP5_Coos21_c_S216.assembled,303702,290383,95.61,97%,88,NA,AA,0,TT,GC,TT,AA,GG,AA,GA,CC,CC,TT,AA,CC,CC,TT,CT,CC,AA,AA,TT,CC,CA,AA,GG,TT,CC,GA,CT,AT,AA,AA,GA,CT,AA,AA,TT,CT,GG,GG,CC,GG,AA,AA,GG,CC,CC,AA,TT,GT,GG,TT,TT,GG,CC,CC,CT,CT,CC,GA,CC,TT,CC,TT,AA,CC,GA,CT,TT,TT,TT,GT,AA,AA,GG,CT,AA,AA,GT,AA,TT,AA,CC,CT,GG,CC,0,AA,AA,CC,CC,CC,0,0,GG,CC,GG,GG,CC,GG,TT,AA,AA,CC,GG,AA,CC,TT,GG,GG,CC
scat_marten,0,SDunes_F12.sc,,,Coos21,,CONSENSUS,283934,262324,92.55,97%,88,0,AA,CC,TT,GC,TT,AG,GG,AA,GA,CC,CC,TT,NA,CC,CC,TT,NA,CC,AA,AA,TT,CC,CA,AA,GG,TT,CC,GA,CT,AT,AA,AA,GA,CT,AA,AA,TT,NA,GG,GG,CC,GG,AA,AA,GG,CC,CC,AA,TT,GT,GG,TT,TT,GG,CC,CC,CT,CT,CC,GA,CC,TT,CC,TT,AA,CC,GA,CT,TT,TT,TT,GT,AA,AA,GG,CT,AA,AA,GT,AA,TT,AA,CC,CT,GG,CC,GT,AA,AA,CC,CC,CC,0,0,GG,CC,GG,GG,CC,GG,TT,AA,AA,CC,GG,AA,CC,TT,GG,GG,CC
scat_marten,NA,SDunes_F12.sc,Nextseq511,MACA_P5,Coos22,a,lane1-s217-index--TTCTATGGTT-GGCGAGATGG-MACAP5_Coos22_a_S217.assembled,331690,320943,96.76,100%,91,NA,AA,CC,TT,GC,TT,AG,GG,AA,GA,CC,CC,TT,AA,CC,CC,TT,CT,CC,AA,AA,TT,CC,CA,AA,GG,TT,CC,GA,CT,AT,AA,AA,GA,CT,AA,AA,TT,CT,GG,GG,CC,GG,AA,AA,GG,CC,CC,AA,TT,GT,GG,TT,TT,GG,CC,CC,CT,CT,CC,GA,CC,TT,CC,TT,AA,CC,GA,CT,TT,TT,TT,GT,AA,AA,GG,CT,AA,AA,GT,AA,TT,AA,CC,CT,GG,CC,GT,AA,AA,CC,CC,CC,0,0,GG,CC,GG,GG,CC,GG,TT,AA,AA,CC,GG,AA,CC,TT,GG,GG,CC
scat_marten,NA,SDunes_F12.sc,Nextseq511,MACA_P5,Coos22,b,lane1-s225-index--CGTATAATCA-GTCGATTACA-MACAP5_Coos22_b_S225.assembled,317079,307231,96.89,99%,90,NA,AA,CC,TT,GC,TT,AG,GG,AA,GA,CC,CC,TT,0,CC,CC,TT,CT,CC,AA,AA,TT,CC,CA,AA,GG,TT,CC,GA,CT,AT,AA,AA,GA,CT,AA,AA,TT,CT,GG,GG,CC,GG,AA,AA,GG,CC,CC,AA,TT,GT,GG,TT,TT,GG,CC,CC,CT,CT,CC,GA,CC,TT,CC,TT,AA,CC,GA,CT,TT,TT,TT,GT,AA,AA,GG,CT,AA,AA,GT,AA,TT,AA,CC,CT,GG,CC,GT,AA,AA,CC,CC,CC,0,0,GG,CC,GG,GG,CC,GG,TT,AA,AA,CC,GG,AA,CC,TT,GG,GG,CC
scat_marten,NA,SDunes_F12.sc,Nextseq511,MACA_P5,Coos22,c,lane1-s233-index--ATTGCCGAGT-GACAACTGAA-MACAP5_Coos22_c_S233.assembled,263104,253762,96.45,99%,90,NA,AA,CC,TT,GC,TT,AG,GG,AA,GA,CC,CC,TT,AA,CC,CC,TT,CT,CC,AA,AA,TT,CC,CA,AA,GG,TT,CC,GA,CT,AT,AA,AA,GA,CT,AA,AA,TT,CT,GG,GG,CC,GG,AA,AA,GG,CC,CC,AA,TT,GT,GG,TT,TT,GG,CC,CC,CT,CT,CC,GA,CC,TT,CC,TT,AA,CC,GA,CT,TT,TT,TT,GT,AA,AA,GG,CT,AA,AA,GT,AA,TT,AA,CC,CT,GG,CC,GT,AA,AA,CC,CC,CC,0,0,GG,CC,GG,GG,CC,GG,TT,AA,AA,CC,GG,AA,CC,TT,GG,GG,CC
scat_marten,0,SDunes_F12.sc,,,Coos22,,CONSENSUS,303958,293979,96.7,100%,91,0,AA,CC,TT,GC,TT,AG,GG,AA,GA,CC,CC,TT,AA,CC,CC,TT,CT,CC,AA,AA,TT,CC,CA,AA,GG,TT,CC,GA,CT,AT,AA,AA,GA,CT,AA,AA,TT,CT,GG,GG,CC,GG,AA,AA,GG,CC,CC,AA,TT,GT,GG,TT,TT,GG,CC,CC,CT,CT,CC,GA,CC,TT,CC,TT,AA,CC,GA,CT,TT,TT,TT,GT,AA,AA,GG,CT,AA,AA,GT,AA,TT,AA,CC,CT,GG,CC,GT,AA,AA,CC,CC,CC,0,0,GG,CC,GG,GG,CC,GG,TT,AA,AA,CC,GG,AA,CC,TT,GG,GG,CC
scat_marten,NA,SDunes_M12.sc,Nextseq511,MACA_P5,Coos24,a,lane1-s218-index--CCTCGCAACC-AATAGAGCAA-MACAP5_Coos24_a_S218.assembled,335150,324110,96.71,95%,86,NA,AA,CC,0,GG,TT,0,GG,AA,GG,CC,0,TT,AA,CC,CC,TC,CC,CC,AA,AA,CC,CC,CC,AA,GG,TT,TC,AA,CC,AT,AA,AA,GA,TT,AA,AA,CT,CT,GG,GG,CC,GG,AA,AA,GG,CC,TC,AA,CC,GT,GG,TT,TT,GG,CC,CC,CC,0,CC,AA,CC,TC,GC,TT,AA,0,GA,CC,TC,TT,TT,GG,AA,AA,GG,CC,AA,AA,TT,AA,TG,AA,CC,CC,GG,GG,GG,AA,AA,TC,CC,CC,GG,GG,GG,CC,GG,GG,CC,GG,TT,GG,AA,CC,GG,AA,CC,TT,GG,GG,0
scat_marten,NA,SDunes_M12.sc,Nextseq511,MACA_P5,Coos24,b,lane1-s226-index--TACGCGGCTG-ACTAGCCGTG-MACAP5_Coos24_b_S226.assembled,437105,420977,96.31,92%,84,NA,AA,CC,TT,GG,TT,AA,GG,AA,GG,CC,CC,TT,AA,CC,CC,TC,CC,CC,AA,AA,0,CC,CC,AA,GG,TT,CC,AA,CC,AT,AA,GA,GG,TT,AA,AA,0,0,GG,GG,CC,GG,AA,AA,GG,CC,CC,AA,CC,0,GG,TT,TT,GG,CC,CC,CC,CC,CG,AA,CC,TC,GC,TT,AA,0,GA,CC,TC,TT,TT,GG,AA,AA,GG,CC,AA,AA,GT,AA,GG,AA,CC,CC,GG,0,GG,AA,AA,TC,CC,CC,GG,GG,GG,CC,GG,GG,CC,GG,TT,GG,AA,CC,GG,AA,CC,TT,GG,GG,0
scat_marten,NA,SDunes_M12.sc,Nextseq511,MACA_P5,Coos24,c,lane1-s234-index--GCCATTAGAC-AGTGGTCAGG-MACAP5_Coos24_c_S234.assembled,285945,269111,94.11,97%,88,NA,AA,CC,TT,GG,TT,AG,GG,AA,GG,CC,CC,TT,AA,CC,CT,CC,CC,CC,AA,AA,CC,CC,CC,AA,GG,TT,TC,AA,CC,AT,AA,GA,AA,TT,AA,AA,CT,TT,GG,GG,CC,GG,AA,AA,GG,CC,TC,AA,CC,TT,GG,TT,TT,GG,CC,CC,CC,CC,CC,0,CC,CC,GC,TT,AA,0,GA,CC,TC,TT,TT,GG,AA,AA,GG,CC,AA,AA,GT,AA,TG,AA,CC,CC,GG,GG,GG,AA,AA,TC,CC,CC,GG,GG,GG,CC,GG,GG,CC,GG,TT,GG,AA,CC,GG,AA,CC,TT,GG,GG,0
scat_marten,0,SDunes_M12.sc,,,Coos24,,CONSENSUS,352733,338066,95.71,92%,84,0,AA,CC,TT,GG,TT,NA,GG,AA,GG,CC,CC,TT,AA,CC,NA,TC,CC,CC,AA,AA,CC,CC,CC,AA,GG,TT,TC,AA,CC,AT,AA,GA,GA,TT,AA,AA,CT,NA,GG,GG,CC,GG,AA,AA,GG,CC,TC,AA,CC,NA,GG,TT,TT,GG,CC,CC,CC,CC,NA,AA,CC,TC,GC,TT,AA,0,GA,CC,TC,TT,TT,GG,AA,AA,GG,CC,AA,AA,GT,AA,TG,AA,CC,CC,GG,GG,GG,AA,AA,TC,CC,CC,GG,GG,GG,CC,GG,GG,CC,GG,TT,GG,AA,CC,GG,AA,CC,TT,GG,GG,0
scat_marten,NA,SDunes_F13.sc,Nextseq511,MACA_P5,Coos25,a,lane1-s219-index--TGGATGCTTA-TCAATCCATT-MACAP5_Coos25_a_S219.assembled,459152,441004,96.05,97%,88,NA,GA,CC,TT,CC,TT,GG,GA,AA,GG,CC,CC,TT,AA,CC,CC,TT,CC,CG,AA,AA,TT,CA,CA,AA,GG,TT,CC,GA,CC,AA,AA,AA,GG,TT,AG,0,TT,CT,GG,GG,CC,GG,AA,AA,GG,CC,TT,AA,TT,GG,GC,TT,TT,GG,CC,CC,CC,0,CG,GG,CA,TT,GG,TT,AA,CC,AA,CC,TC,TT,TT,GG,AA,AA,GG,CC,AA,AA,0,AA,TG,GA,CC,CC,GG,GG,GT,GA,CC,TC,CC,CT,0,0,AG,CC,GG,GG,CC,GG,TT,AA,GA,CC,GG,AA,CC,TT,GG,GG,CC
scat_marten,NA,SDunes_F13.sc,Nextseq511,MACA_P5,Coos25,b,lane1-s227-index--GCGAGTTACC-AAGTTGGTGA-MACAP5_Coos25_b_S227.assembled,335069,318012,94.91,95%,86,NA,GA,CC,CC,CC,TT,GG,GA,AA,GG,CC,CC,TT,AA,CC,CC,TT,CC,0,AA,AA,CT,CA,CA,AA,GG,TT,TC,GA,CC,AA,AA,AA,GG,TT,0,AA,TT,CT,GG,GG,CC,GG,AA,AA,GG,CC,TT,AA,CT,GG,GC,TT,TT,GG,CC,CC,CC,CT,CG,0,CA,TT,GG,TT,AA,CC,AA,CC,TC,TT,TT,GG,AA,AA,GG,CC,AA,AA,GT,AA,TG,GA,CC,0,GG,GG,GT,GA,AC,TC,CC,CT,0,0,AG,CC,GG,GG,CC,GG,TT,GA,GA,CC,GG,AA,CC,TT,GG,GG,CC
scat_marten,NA,SDunes_F13.sc,Nextseq511,MACA_P5,Coos25,c,lane1-s235-index--GGCGAGATGG-TTCTATGGTT-MACAP5_Coos25_c_S235.assembled,290521,278543,95.88,95%,86,NA,GA,0,CT,CC,TT,GG,GG,AA,GG,CC,CC,TT,AA,CC,CC,TT,CC,CG,AA,AA,0,CA,CA,AA,GG,TT,TC,GA,CC,AA,AA,0,GG,TT,AG,AA,TT,TT,GG,GG,CC,GG,AA,AA,GG,CC,TT,AA,CT,GG,CC,TT,TT,GG,CC,CC,CC,CT,CG,GA,CA,TT,GG,TT,AA,CC,AA,CC,TC,TT,TT,GG,AA,AA,GG,CC,AA,AA,GT,AA,TG,GA,CC,CC,GG,GG,TT,0,AC,0,CC,CT,0,0,AG,CC,GG,GG,CC,GG,TT,GA,0,CC,GG,AA,CC,TT,GG,GG,CC
scat_marten,0,SDunes_F13.sc,,,Coos25,,CONSENSUS,361581,345853,95.61,99%,90,0,GA,CC,CT,CC,TT,GG,GA,AA,GG,CC,CC,TT,AA,CC,CC,TT,CC,CG,AA,AA,NA,CA,CA,AA,GG,TT,TC,GA,CC,AA,AA,AA,GG,TT,AG,AA,TT,CT,GG,GG,CC,GG,AA,AA,GG,CC,TT,AA,CT,GG,GC,TT,TT,GG,CC,CC,CC,CT,CG,GA,CA,TT,GG,TT,AA,CC,AA,CC,TC,TT,TT,GG,AA,AA,GG,CC,AA,AA,GT,AA,TG,GA,CC,CC,GG,GG,GT,GA,AC,TC,CC,CT,0,0,AG,CC,GG,GG,CC,GG,TT,GA,GA,CC,GG,AA,CC,TT,GG,GG,CC
scat_marten,NA,SDunes_F14.sc,Nextseq511,MACA_P5,Coos27,a,lane1-s220-index--ATGTCGTGGT-TCGTATGCGG-MACAP5_Coos27_a_S220.assembled,218673,209453,95.78,100%,91,NA,GA,CC,CT,GG,TT,AG,GG,AA,GA,TT,CC,TT,AA,CC,CC,TC,CC,CG,AA,GA,CT,CC,CC,AA,GG,TT,TT,GA,CC,AA,AA,GG,GG,CT,AA,GG,CC,CT,GG,GG,CC,AA,AA,AA,GG,CC,TT,AA,CC,GG,GC,TT,CT,GG,CC,CC,CC,CT,CG,GA,CC,TC,GG,TT,AA,CC,GG,CC,TT,TT,TT,GT,AA,GG,GG,CC,AA,AA,GT,AA,TT,AA,CC,CT,GG,CC,TT,GA,AA,CC,CC,TT,0,0,GG,CC,GG,GG,CC,GG,TT,GG,GA,CC,GG,AA,CC,TT,GG,GG,CC
scat_marten,NA,SDunes_F14.sc,Nextseq511,MACA_P5,Coos27,b,lane1-s228-index--TACGGCCGGT-TGGCAATATT-MACAP5_Coos27_b_S228.assembled,166205,156533,94.18,100%,91,NA,GA,CC,CT,GG,TT,AG,GG,AA,GA,TT,CC,TT,AA,CC,CC,TC,CC,CG,AA,GA,CT,CC,CC,AA,GG,TT,TT,GA,CC,AA,AA,GG,GG,CT,AA,GG,CC,CT,GG,GG,CC,AA,AA,AA,GG,CC,TT,AA,CC,GG,GC,TT,CT,GG,CC,CC,CC,CT,CG,GA,CC,TC,GG,TT,AA,CC,GG,CC,TT,TT,TT,GT,AA,GG,GG,CC,AA,AA,GT,AA,TT,AA,CC,CT,GG,CC,TT,GA,AA,CC,CC,TT,0,0,GG,CC,GG,GG,CC,GG,TT,GG,GA,CC,GG,AA,CC,TT,GG,GG,CC
scat_marten,NA,SDunes_F14.sc,Nextseq511,MACA_P5,Coos27,c,lane1-s236-index--TGGCTCGCAG-AATCCGGCCA-MACAP5_Coos27_c_S236.assembled,214602,205929,95.96,98%,89,NA,GA,CC,CT,GG,TT,AG,GG,AA,GA,TT,CC,TT,AA,CC,CC,TC,CC,0,AA,GA,CT,CC,CC,AA,GG,TT,TT,GA,CC,AA,AA,GG,GG,CT,AA,GG,CC,CT,GG,GG,CC,AA,AA,AA,GG,CC,TT,AA,CC,GG,GC,TT,CT,GG,CC,CC,CC,CT,CG,GA,CC,TC,GG,TT,AA,CC,GG,CC,TT,TT,TT,GT,AA,GG,GG,CC,AA,AA,GT,AA,TT,AA,CC,CT,GG,CC,TT,GA,AA,CC,CC,TT,0,0,GG,CC,GG,GG,CC,GG,TT,GG,GA,CC,GG,AA,CC,TT,GG,GG,CC
scat_marten,0,SDunes_F14.sc,,,Coos27,,CONSENSUS,199827,190638,95.31,100%,91,0,GA,CC,CT,GG,TT,AG,GG,AA,GA,TT,CC,TT,AA,CC,CC,TC,CC,CG,AA,GA,CT,CC,CC,AA,GG,TT,TT,GA,CC,AA,AA,GG,GG,CT,AA,GG,CC,CT,GG,GG,CC,AA,AA,AA,GG,CC,TT,AA,CC,GG,GC,TT,CT,GG,CC,CC,CC,CT,CG,GA,CC,TC,GG,TT,AA,CC,GG,CC,TT,TT,TT,GT,AA,GG,GG,CC,AA,AA,GT,AA,TT,AA,CC,CT,GG,CC,TT,GA,AA,CC,CC,TT,0,0,GG,CC,GG,GG,CC,GG,TT,GG,GA,CC,GG,AA,CC,TT,GG,GG,CC
scat_marten,NA,SDunes_F14.sc,Nextseq511,MACA_P5,Coos28,a,lane1-s221-index--AGAGTGCGGC-TCCGACCTCG-MACAP5_Coos28_a_S221.assembled,217050,206496,95.14,98%,89,NA,GA,CC,CT,GG,TT,AG,GG,AA,GA,TT,CC,TT,AA,CC,CC,TC,CC,CG,AA,GA,0,CC,CC,AA,GG,TT,TT,GA,CC,AA,AA,GG,GG,CT,AA,GG,CC,CT,GG,GG,CC,AA,AA,AA,GG,CC,TT,AA,CC,GG,GC,TT,CT,GG,CC,CC,CC,CT,CG,GA,CC,TC,GG,TT,AA,CC,GG,CC,TT,TT,TT,GT,AA,GG,GG,CC,AA,AA,GT,AA,TT,AA,CC,CT,GG,CC,TT,GA,AA,CC,CC,TT,0,0,GG,CC,GG,GG,CC,GG,TT,GG,GA,CC,GG,AA,CC,TT,GG,GG,CC
scat_marten,NA,SDunes_F14.sc,Nextseq511,MACA_P5,Coos28,b,lane1-s229-index--GTCGATTACA-GATCACCGCG-MACAP5_Coos28_b_S229.assembled,414085,396093,95.65,98%,89,NA,GA,CC,CT,GG,TT,GG,GG,AA,GA,TT,CC,TT,AA,CC,CC,TC,CC,CG,AA,GA,CT,CC,CC,AA,GG,TT,TT,GA,CC,AA,AA,GG,GG,CT,AA,GG,CC,0,GG,GG,CC,AA,AA,AA,GG,CC,TT,AA,CC,GG,GC,TT,CT,GG,CC,CC,CC,CT,CG,GA,CC,TC,GG,TT,AA,CC,GG,CC,TT,TT,TT,GT,AA,GG,GG,CC,AA,AA,GT,AA,TT,AA,CC,CT,GG,CC,TT,0,AA,CC,CC,TT,0,0,GG,CC,GG,GG,CC,GG,TT,GG,0,CC,GG,AA,CC,TT,GG,GG,CC
scat_marten,NA,SDunes_F14.sc,Nextseq511,MACA_P5,Coos28,c,lane1-s237-index--TAGAATAACG-CCATAAGGTT-MACAP5_Coos28_c_S237.assembled,143396,135508,94.5,97%,88,NA,GA,CC,CT,GG,TT,GG,GG,AA,GA,TT,CC,TT,AA,CC,CC,TC,CC,CG,AA,GA,CT,CC,CC,AA,GG,TT,TT,GA,CC,AA,AA,GG,GG,CT,AA,GG,CC,CT,GG,GG,CC,AA,AA,AA,GG,CC,TT,AA,CC,GG,GC,TT,CT,GG,CC,CC,CC,0,CG,GA,CC,0,GG,TT,AA,CC,GG,CC,TT,TT,TT,GT,AA,GG,GG,CC,AA,AA,GT,AA,TT,AA,CC,CT,GG,CC,TT,GA,AA,CC,CC,TT,0,0,GG,CC,GG,GG,CC,GG,TT,GG,GA,CC,GG,AA,CC,TT,GG,GG,CC
scat_marten,0,SDunes_F14.sc,,,Coos28,,CONSENSUS,258177,246032,95.1,98%,89,0,GA,CC,CT,GG,TT,NA,GG,AA,GA,TT,CC,TT,AA,CC,CC,TC,CC,CG,AA,GA,CT,CC,CC,AA,GG,TT,TT,GA,CC,AA,AA,GG,GG,CT,AA,GG,CC,CT,GG,GG,CC,AA,AA,AA,GG,CC,TT,AA,CC,GG,GC,TT,CT,GG,CC,CC,CC,CT,CG,GA,CC,TC,GG,TT,AA,CC,GG,CC,TT,TT,TT,GT,AA,GG,GG,CC,AA,AA,GT,AA,TT,AA,CC,CT,GG,CC,TT,GA,AA,CC,CC,TT,0,0,GG,CC,GG,GG,CC,GG,TT,GG,GA,CC,GG,AA,CC,TT,GG,GG,CC
scat_marten,NA,SDunes_M07.sc,Nextseq511,MACA_P5,Coos29,a,lane1-s222-index--TGCCTGGTGG-CTTATGGAAT-MACAP5_Coos29_a_S222.assembled,150314,145160,96.57,99%,90,NA,GA,CC,CT,GG,TT,AG,GG,AA,GA,CC,CC,TT,AA,CC,CC,TC,CT,CC,AA,AA,CT,CC,CC,AA,GG,TT,TC,GG,CT,AT,AA,GG,GG,CC,GG,AG,CC,TT,GG,GA,CC,GG,AA,AA,GG,CC,TT,AA,CC,GT,GC,TT,TT,GG,CC,CC,CC,CT,GG,GA,CC,TC,GG,TC,AA,CC,GG,CC,TT,TT,TA,GG,AA,GG,AA,CT,AA,AA,GT,AA,TT,AA,CC,TT,GG,GC,TT,GA,AA,CC,CC,CT,GG,GG,GG,CC,GG,GG,CC,GG,TT,GG,GA,CC,GG,AA,CC,TT,GG,GG,CC
scat_marten,NA,SDunes_M07.sc,Nextseq511,MACA_P5,Coos29,b,lane1-s230-index--CTGTCTGCAC-TACCATCCGT-MACAP5_Coos29_b_S230.assembled,352619,340185,96.47,100%,91,NA,GA,CC,CT,GG,TT,AG,GG,AA,GA,CC,CC,TT,AA,CC,CC,TC,CT,CC,AA,AA,CT,CC,CC,AA,GG,TT,TC,GG,CT,AT,AA,GG,GG,CC,GG,AG,CC,TT,GG,GA,CC,GG,AA,AA,GG,CC,TT,AA,CC,GT,GC,TT,TT,GG,CC,CC,CC,CT,GG,GA,CC,TC,GG,TC,AA,CC,GG,CC,TT,TT,TA,GG,AA,GG,AA,CT,AA,AA,GT,AA,TT,AA,CC,TT,GG,GC,TT,GA,AA,CC,CC,CT,GG,GG,GG,CC,GG,GG,CC,GG,TT,GG,GA,CC,GG,AA,CC,TT,GG,GG,CC
scat_marten,NA,SDunes_M07.sc,Nextseq511,MACA_P5,Coos29,c,lane1-s238-index--TAATGGATCT-ATCTCTACCA-MACAP5_Coos29_c_S238.assembled,67585,65000,96.18,99%,90,NA,GA,CC,CT,GG,TT,AG,GG,AA,GA,CC,CC,TT,AA,CC,CC,TC,CT,CC,AA,AA,CT,CC,CC,AA,GG,TT,TC,GG,CT,AT,AA,GG,GG,CC,GG,AG,CC,TT,GG,GA,CC,GG,AA,AA,GG,CC,TT,AA,CC,GT,GC,TT,TT,GG,CC,CC,CC,CT,GG,GA,CC,TC,GG,TC,AA,CC,GG,CC,TT,TT,TA,GG,AA,GG,AA,CT,AA,AA,GT,AA,TT,AA,CC,TT,GG,GC,TT,GA,AA,CC,CC,CT,0,GG,GG,CC,GG,GG,CC,GG,TT,GG,GA,CC,GG,AA,CC,TT,GG,GG,CC
scat_marten,0,SDunes_M07.sc,,,Coos29,,CONSENSUS,190173,183448,96.41,99%,90,0,GA,CC,CT,GG,TT,AG,GG,AA,GA,CC,CC,TT,AA,CC,CC,TC,CT,CC,AA,AA,CT,CC,CC,AA,GG,TT,TC,GG,CT,AT,AA,GG,GG,CC,GG,AG,CC,TT,GG,GA,CC,GG,AA,AA,GG,CC,TT,AA,CC,GT,GC,TT,TT,GG,CC,CC,CC,CT,GG,GA,CC,TC,GG,TC,AA,CC,GG,CC,TT,TT,TA,GG,AA,GG,AA,CT,AA,AA,GT,AA,TT,AA,CC,TT,GG,GC,TT,GA,AA,CC,CC,CT,GG,GG,GG,CC,GG,GG,CC,GG,TT,GG,GA,CC,GG,AA,CC,TT,GG,GG,CC
scat_marten,NA,SDunes_M07.sc,Nextseq511,MACA_P5,Coos30,a,lane1-s223-index--TGCGTGTCAC-GCTTACGGAC-MACAP5_Coos30_a_S223.assembled,75033,72667,96.85,99%,90,NA,GA,CC,CT,GG,TT,AG,GG,AA,GA,CC,CC,TT,AA,CC,CC,TC,CT,CC,AA,AA,CT,CC,CC,AA,GG,TT,TC,GG,CT,AT,AA,GG,GG,CC,GG,AG,CC,TT,GG,GA,CC,GG,AA,AA,GG,CC,TT,AA,CC,GT,GC,TT,TT,GG,CC,CC,CC,CT,GG,GA,CC,TC,GG,TC,AA,CC,GG,CC,TT,TT,TA,GG,AA,GG,AA,CT,AA,AA,GT,AA,TT,AA,CC,TT,GG,GC,TT,GA,AA,CC,CC,CT,0,GG,GG,CC,GG,GG,CC,GG,TT,GG,GA,CC,GG,AA,CC,TT,GG,GG,CC
scat_marten,NA,SDunes_M07.sc,Nextseq511,MACA_P5,Coos30,b,lane1-s231-index--CAGCCGATTG-GCTGTAGGAA-MACAP5_Coos30_b_S231.assembled,105273,102051,96.94,98%,89,NA,GA,CC,CT,GG,TT,AG,GG,AA,GA,CC,CC,TT,0,CC,CC,TC,CT,CC,AA,AA,CT,CC,CC,AA,GG,TT,TC,GG,CT,AT,AA,GG,GG,CC,GG,AG,CC,TT,GG,GA,CC,GG,AA,AA,GG,CC,TT,AA,CC,GT,GC,TT,TT,GG,CC,CC,CC,CT,GG,GA,CC,TC,GG,TC,AA,CC,GG,CC,TT,TT,TA,GG,AA,GG,AA,CT,AA,AA,GT,AA,TT,AA,CC,TT,GG,GC,TT,GA,AA,CC,CC,CT,GG,GG,GG,CC,GG,GG,CC,GG,TT,GG,GA,CC,GG,AA,CC,TT,GG,GG,CC
scat_marten,NA,SDunes_M07.sc,Nextseq511,MACA_P5,Coos30,c,lane1-s239-index--TATCCAGGAC-CGGTGGCGAA-MACAP5_Coos30_c_S239.assembled,109879,106431,96.86,98%,89,NA,GA,CC,CT,GG,TT,AG,GG,AA,GA,CC,CC,TT,AA,CC,CC,TC,CT,CC,AA,AA,CT,CC,CC,AA,GG,TT,TC,GG,CT,AT,AA,GG,GG,CC,GG,AG,CC,TT,GG,GA,CC,GG,AA,AA,GG,CC,TT,AA,CC,GT,GC,TT,TT,GG,CC,CC,CC,CT,GG,GA,CC,TC,GG,TC,AA,CC,GG,CC,TT,TT,0,GG,AA,GG,AA,CT,AA,AA,GT,AA,TT,AA,CC,TT,GG,GC,TT,GA,AA,CC,CC,CT,0,GG,GG,CC,GG,GG,CC,GG,TT,GG,GA,CC,GG,AA,CC,TT,GG,GG,CC
scat_marten,0,SDunes_M07.sc,,,Coos30,,CONSENSUS,96728,93716,96.88,99%,90,0,GA,CC,CT,GG,TT,AG,GG,AA,GA,CC,CC,TT,AA,CC,CC,TC,CT,CC,AA,AA,CT,CC,CC,AA,GG,TT,TC,GG,CT,AT,AA,GG,GG,CC,GG,AG,CC,TT,GG,GA,CC,GG,AA,AA,GG,CC,TT,AA,CC,GT,GC,TT,TT,GG,CC,CC,CC,CT,GG,GA,CC,TC,GG,TC,AA,CC,GG,CC,TT,TT,TA,GG,AA,GG,AA,CT,AA,AA,GT,AA,TT,AA,CC,TT,GG,GC,TT,GA,AA,CC,CC,CT,GG* (1 rep),GG,GG,CC,GG,GG,CC,GG,TT,GG,GA,CC,GG,AA,CC,TT,GG,GG,CC
scat_marten,NA,SDunes_M13.sc,Nextseq511,MACA_P5,Coos32,a,lane1-s224-index--CATACACTGT-GAACATACGG-MACAP5_Coos32_a_S224.assembled,350745,336013,95.8,99%,90,NA,GG,CC,CT,GG,TT,AG,GG,AA,GA,CT,CC,TT,AA,CC,CC,TC,CT,CG,AA,GA,CC,CC,CC,AA,GG,TT,TC,GG,CC,AT,AA,GG,GG,CT,AG,AG,CC,TT,GG,GG,CC,0,AA,AA,GG,CC,TT,AA,CC,GG,CC,TT,TT,GG,CC,CC,CC,CC,CG,GA,CC,TT,GG,TC,AA,CC,GG,CC,TT,TT,TA,GT,AA,GG,GA,CC,AA,AA,GT,AA,TT,AA,CC,CT,GG,CC,TT,GG,AA,CC,CC,TT,GG,GG,GG,CC,GG,GG,CC,GG,TT,GG,GG,CC,GG,AA,CC,TT,GG,GG,CC
scat_marten,NA,SDunes_M13.sc,Nextseq511,MACA_P5,Coos32,b,lane1-s232-index--TGACTACATA-CGCACTAATG-MACAP5_Coos32_b_S232.assembled,368749,354642,96.17,97%,88,NA,GG,CC,0,GG,TT,AG,GG,AA,GA,CT,CC,TT,0,CC,CC,TC,CT,CG,AA,GA,CC,CC,CC,AA,GG,TT,TT,GG,CC,0,AA,GG,GG,CT,AG,GG,CC,TT,GG,GG,CC,GA,AA,AA,GG,CC,TT,AA,CC,GG,CC,TT,TT,GG,CC,CC,CC,CC,CG,GA,CC,TT,GG,TC,AA,CC,GG,CC,TT,TT,TA,GT,AA,GG,GA,CC,AA,AA,GT,AA,TT,AA,CC,CT,GG,CC,TT,GG,AA,CC,CC,TT,GG,GG,GG,CC,GG,GG,CC,GG,TT,GG,GG,CC,GG,AA,CC,TT,GG,GG,CC
scat_marten,NA,SDunes_M13.sc,Nextseq511,MACA_P5,Coos32,c,lane1-s240-index--AGTGCCACTG-TAACAATAGG-MACAP5_Coos32_c_S240.assembled,197909,191697,96.86,100%,91,NA,GG,CC,CT,GG,TT,AA,GG,AA,GA,CT,CC,TT,AG,CC,CC,TC,CT,CG,AA,GA,CC,CC,CC,AA,GG,TT,TC,GG,CC,AT,AA,GG,GG,CT,AG,GG,CC,TT,GG,GG,CC,GA,AA,AA,GG,CC,TT,AA,CC,GG,CC,TT,TT,GG,CC,CC,CC,CC,CG,GA,CC,TT,GG,TC,AA,CC,GG,CC,TT,TT,TA,GT,AA,GG,GA,CC,AA,AA,GT,AA,TT,AA,CC,CT,GG,CC,TT,GG,AA,CC,CC,TT,GG,GG,GG,CC,GG,GG,CC,GG,TT,GG,GG,CC,GG,AA,CC,TT,GG,GG,CC
scat_marten,0,SDunes_M13.sc,,,Coos32,,CONSENSUS,305801,294117,96.28,98%,89,0,GG,CC,CT,GG,TT,AG,GG,AA,GA,CT,CC,TT,NA,CC,CC,TC,CT,CG,AA,GA,CC,CC,CC,AA,GG,TT,TC,GG,CC,AT,AA,GG,GG,CT,AG,NA,CC,TT,GG,GG,CC,GA,AA,AA,GG,CC,TT,AA,CC,GG,CC,TT,TT,GG,CC,CC,CC,CC,CG,GA,CC,TT,GG,TC,AA,CC,GG,CC,TT,TT,TA,GT,AA,GG,GA,CC,AA,AA,GT,AA,TT,AA,CC,CT,GG,CC,TT,GG,AA,CC,CC,TT,GG,GG,GG,CC,GG,GG,CC,GG,TT,GG,GG,CC,GG,AA,CC,TT,GG,GG,CC
scat_marten,NA,NA,Nextseq511,MACA_P5,Coos33,a,lane1-s241-index--GTGCAACACT-CTGGTACACG-MACAP5_Coos33_a_S241.assembled,157573,131328,83.34,22%,20,NA,GG,0,CC,0,0,0,0,AA,0,0,0,0,AA,CC,0,0,TT,0,0,0,0,0,0,AA,GG,0,CC,0,CC,0,0,0,0,0,0,0,CC,0,0,0,0,0,0,0,0,CC,0,0,0,GG,0,0,0,0,0,0,0,0,0,0,CC,TT,0,0,AA,0,0,0,0,TT,0,0,AA,GG,0,0,0,0,0,AA,0,0,0,0,0,0,0,GG,0,0,CC,0,0,0,0,0,0,0,0,0,0,0,GG,CC,GG,0,0,0,GG,0,0
scat_marten,NA,NA,Nextseq511,MACA_P5,Coos33,b,lane1-s249-index--TTAGGATAGA-CGTCGACTGG-MACAP5_Coos33_b_S249.assembled,299783,228009,76.06,29%,26,NA,0,0,0,0,0,0,0,0,GG,TT,0,TT,0,0,0,0,0,CC,0,0,0,CC,AA,0,GG,0,TT,GG,CC,0,0,0,0,0,0,GG,0,TT,0,0,0,GG,0,0,0,CC,0,0,0,0,CC,TT,0,0,0,0,CC,0,0,0,CC,0,0,0,0,CC,0,0,TT,0,0,0,AA,0,AA,0,0,0,TT,0,TT,0,0,0,0,CC,TT,0,0,CC,0,TT,0,0,GG,0,0,0,0,0,0,0,0,0,0,AA,0,0,0,0,CC
scat_marten,NA,NA,Nextseq511,MACA_P5,Coos33,c,lane1-s257-index--AGACACATTA-GTAAGGCATA-MACAP5_Coos33_c_S257.assembled,273931,215724,78.75,37%,34,NA,GG,0,0,0,0,0,0,0,GG,0,0,TT,AG,0,0,0,0,0,AA,AA,CC,0,0,0,GG,0,0,0,CC,AA,0,0,0,0,GG,GG,CC,0,0,GG,0,0,AA,0,GG,0,TT,0,CC,GG,0,0,TT,0,0,CC,0,0,0,0,0,TT,0,CC,0,CC,GG,0,TT,TT,0,GG,0,GG,0,0,0,0,GG,AA,0,AA,CC,0,0,0,TT,0,AA,CC,0,0,0,GG,0,0,GG,0,0,0,0,GG,0,CC,0,0,0,0,GG,GG,CC
scat_marten,1,NA,,,Coos33,,CONSENSUS,243762,191687,79.38,20%,18,1,GG,0,0,0,0,0,0,0,GG,0,0,TT,0,FALSE,0,0,0,0,0,0,0,0,0,0,GG,0,NA,0,CC,0,0,0,0,0,0,GG,CC,0,0,0,0,0,0,0,0,CC,0,0,0,GG,0,0,0,0,0,0,0,0,0,0,CC,TT,0,0,0,CC,0,0,TT,TT,0,0,AA,GG,0,0,0,0,NA,AA,0,0,0,0,0,0,TT,0,0,CC,0,0,0,0,0,0,0,0,0,0,0,0,0,CC,0,0,0,0,GG,0,CC
scat_marten,NA,SDunes_M13.sc,Nextseq511,MACA_P5,Coos34,a,lane1-s242-index--ACATGGTGTC-TCAACGTGTA-MACAP5_Coos34_a_S242.assembled,182848,175780,96.13,99%,90,NA,GG,CC,CT,GG,TT,AG,GG,AA,GA,CT,CC,TT,AA,CC,CC,TC,CT,CG,AA,GA,CC,CC,CC,AA,GG,TT,TC,GG,CC,AT,AA,GG,GG,CT,AG,AG,CC,TT,GG,GG,CC,GA,AA,AA,GG,CC,TT,AA,CC,GG,CC,TT,TT,GG,CC,CC,CC,CC,CG,GA,CC,TT,GG,TC,AA,CC,GG,CC,TT,TT,TA,GT,AA,GG,GA,CC,AA,AA,GT,AA,TT,AA,CC,CT,GG,CC,TT,GG,AA,CC,CC,TT,GG,GG,GG,CC,GG,GG,CC,GG,TT,GG,GG,CC,GG,AA,CC,TT,GG,GG,CC
scat_marten,NA,SDunes_M13.sc,Nextseq511,MACA_P5,Coos34,b,lane1-s250-index--CCGAAGCGAG-TACTAGTCAA-MACAP5_Coos34_b_S250.assembled,236944,228633,96.49,100%,91,NA,GG,CC,CT,GG,TT,AG,GG,AA,GA,CT,CC,TT,AA,CC,CC,TC,CT,CG,AA,GA,CC,CC,CC,AA,GG,TT,TC,GG,CC,AT,AA,GG,GG,CT,AG,AG,CC,TT,GG,GG,CC,GA,AA,AA,GG,CC,TT,AA,CC,GG,CC,TT,TT,GG,CC,CC,CC,CC,CG,GA,CC,TT,GG,TC,AA,CC,GG,CC,TT,TT,TA,GT,AA,GG,GA,CC,AA,AA,GT,AA,TT,AA,CC,CT,GG,CC,TT,GG,AA,CC,CC,TT,GG,GG,GG,CC,GG,GG,CC,GG,TT,GG,GG,CC,GG,AA,CC,TT,GG,GG,CC
scat_marten,NA,SDunes_M13.sc,Nextseq511,MACA_P5,Coos34,c,lane1-s258-index--GCGTTGGTAT-AATTGCTGCG-MACAP5_Coos34_c_S258.assembled,205619,198495,96.54,99%,90,NA,GG,CC,CT,GG,TT,AG,GG,AA,GA,CT,CC,TT,AA,CC,CC,TC,CT,CG,AA,GA,CC,CC,CC,AA,GG,TT,TC,GG,CC,AT,AA,GG,GG,CT,AG,AG,CC,TT,GG,GG,CC,GA,AA,AA,GG,CC,TT,AA,CC,GG,CC,TT,TT,GG,CC,CC,CC,CC,CG,GA,CC,TT,GG,TC,AA,CC,GG,CC,TT,TT,TA,GT,AA,GG,GA,CC,AA,AA,GT,AA,TT,AA,CC,CT,GG,CC,TT,GG,AA,CC,CC,TT,0,GG,GG,CC,GG,GG,CC,GG,TT,GG,GG,CC,GG,AA,CC,TT,GG,GG,CC
scat_marten,0,SDunes_M13.sc,,,Coos34,,CONSENSUS,208470,200969,96.39,99%,90,0,GG,CC,CT,GG,TT,AG,GG,AA,GA,CT,CC,TT,AA,CC,CC,TC,CT,CG,AA,GA,CC,CC,CC,AA,GG,TT,TC,GG,CC,AT,AA,GG,GG,CT,AG,AG,CC,TT,GG,GG,CC,GA,AA,AA,GG,CC,TT,AA,CC,GG,CC,TT,TT,GG,CC,CC,CC,CC,CG,GA,CC,TT,GG,TC,AA,CC,GG,CC,TT,TT,TA,GT,AA,GG,GA,CC,AA,AA,GT,AA,TT,AA,CC,CT,GG,CC,TT,GG,AA,CC,CC,TT,GG,GG,GG,CC,GG,GG,CC,GG,TT,GG,GG,CC,GG,AA,CC,TT,GG,GG,CC
scat_marten,NA,SDunes_M13.sc,Nextseq511,MACA_P5,Coos35,a,lane1-s243-index--GACAGACAGG-ACTGTTGTGA-MACAP5_Coos35_a_S243.assembled,396363,379971,95.86,98%,89,NA,GG,CC,CT,GG,TT,AG,GG,AA,GA,CT,CC,TT,AG,CC,CC,TC,CT,CG,AA,GA,CC,CC,CC,AA,GG,TT,TC,0,CC,AT,AA,GG,GG,CT,AG,AG,CC,TT,GG,GG,CC,GA,AA,AA,GG,CC,TT,AA,CC,GG,CC,TT,TT,GG,CC,CC,CC,CC,CG,0,CC,TT,GG,TC,AA,CC,GG,CC,TT,TT,TA,GT,AA,GG,GA,CC,AA,AA,GT,AA,TT,AA,CC,CT,GG,CC,TT,GG,AA,CC,CC,TT,GG,GG,GG,CC,GG,GG,CC,GG,TT,GG,GG,CC,GG,AA,CC,TT,GG,GG,CC
scat_marten,NA,SDunes_M13.sc,Nextseq511,MACA_P5,Coos35,b,lane1-s251-index--GGACCAACAG-ATAGACCGTT-MACAP5_Coos35_b_S251.assembled,440690,406393,92.22,97%,88,NA,GG,CC,CT,GG,TT,AG,GG,AA,0,CT,CC,TT,AA,CC,CC,TC,CT,0,AA,GA,CC,CC,CC,AA,GG,TT,TC,GG,CC,AT,AA,GG,GG,CT,AG,0,CC,TT,GG,GG,CC,GA,AA,AA,GG,CC,TT,AA,CC,GG,CC,TT,TT,GG,CC,CC,CC,CC,CG,GA,CC,TT,GG,TC,AA,CC,GG,CC,TT,TT,TA,GT,AA,GG,GA,CC,AA,AA,GT,AA,TT,AA,CC,CT,GG,CC,TT,GG,AA,CC,CC,TT,GG,GG,GG,CC,GG,GG,CC,GG,TT,GG,GG,CC,GG,AA,CC,TT,GG,GG,CC
scat_marten,NA,SDunes_M13.sc,Nextseq511,MACA_P5,Coos35,c,lane1-s259-index--AGCACATCCT-TTACAATTCC-MACAP5_Coos35_c_S259.assembled,247334,236522,95.63,99%,90,NA,GG,CC,CT,GG,TT,AG,GG,AA,GA,CT,CC,TT,0,CC,CC,TC,CT,CG,AA,GA,CC,CC,CC,AA,GG,TT,TC,GG,CC,AT,AA,GG,GG,CT,AG,AG,CC,TT,GG,GG,CC,GA,AA,AA,GG,CC,TT,AA,CC,GG,CC,TT,TT,GG,CC,CC,CC,CC,CG,GA,CC,TT,GG,TC,AA,CC,GG,CC,TT,TT,TA,GT,AA,GG,GA,CC,AA,AA,GT,AA,TT,AA,CC,CT,GG,CC,TT,GG,AA,CC,CC,TT,GG,GG,GG,CC,GG,GG,CC,GG,TT,GG,GG,CC,GG,AA,CC,TT,GG,GG,CC
scat_marten,0,SDunes_M13.sc,,,Coos35,,CONSENSUS,361462,340962,94.57,99%,90,0,GG,CC,CT,GG,TT,AG,GG,AA,GA,CT,CC,TT,NA,CC,CC,TC,CT,CG,AA,GA,CC,CC,CC,AA,GG,TT,TC,GG,CC,AT,AA,GG,GG,CT,AG,AG,CC,TT,GG,GG,CC,GA,AA,AA,GG,CC,TT,AA,CC,GG,CC,TT,TT,GG,CC,CC,CC,CC,CG,GA,CC,TT,GG,TC,AA,CC,GG,CC,TT,TT,TA,GT,AA,GG,GA,CC,AA,AA,GT,AA,TT,AA,CC,CT,GG,CC,TT,GG,AA,CC,CC,TT,GG,GG,GG,CC,GG,GG,CC,GG,TT,GG,GG,CC,GG,AA,CC,TT,GG,GG,CC
scat_marten,NA,SDunes_M13.sc,Nextseq511,MACA_P5,Coos36,a,lane1-s244-index--TCTTACATCA-GTGCGTCCTT-MACAP5_Coos36_a_S244.assembled,561503,520543,92.71,92%,84,NA,GG,CC,CT,GG,TT,AA,GG,AA,GG,0,CC,TT,AA,CC,CC,TC,CT,CG,AA,0,0,CC,CC,AA,GG,TT,TC,GG,CC,AA,AA,GG,GG,CT,0,AA,0,TT,GG,GG,CC,GA,AA,AA,GG,CC,TT,AA,0,GG,CC,TT,TT,GG,CC,CC,CC,CC,0,GG,CC,TT,GG,TC,AA,CC,GG,CC,TT,TT,TA,TT,AA,GG,GA,CC,AA,AA,GT,AA,TT,AA,CC,CT,GG,CC,TT,GG,AA,CC,CC,TT,GG,GG,GG,CC,GG,GG,CC,0,TT,0,GG,CC,GG,AA,CC,TT,GG,GG,CC
scat_marten,NA,SDunes_M13.sc,Nextseq511,MACA_P5,Coos36,b,lane1-s252-index--TTCCAGGTAA-ACAGTTCCAG-MACAP5_Coos36_b_S252.assembled,666255,529495,79.47,92%,84,NA,GG,CC,TT,GG,TT,AA,GG,0,AA,CT,CC,TT,0,CC,CC,TC,CC,0,AA,AA,CC,CC,CC,AA,GG,TT,CC,GG,CC,AA,0,GG,GG,CT,GG,GG,CC,0,GG,GG,CC,GA,AA,AA,GG,CC,TT,AA,CC,GG,CC,TT,TT,GG,CC,CC,CC,CC,GG,0,CC,TT,GG,CC,AA,CC,GG,CC,TT,TT,TA,GT,AA,GG,GA,CC,AA,AA,TT,0,TT,AA,CC,CC,GG,CC,TT,GG,AA,CC,CC,TT,GG,GG,GG,CC,GG,GG,CC,GG,TT,GG,GG,CC,GG,AA,CC,TT,GG,GG,CC
scat_marten,NA,SDunes_M13.sc,Nextseq511,MACA_P5,Coos36,c,lane1-s260-index--TTGTTCCGTG-AACCTAGCAC-MACAP5_Coos36_c_S260.assembled,241193,215534,89.36,88%,80,NA,GG,0,TT,GG,TT,GG,GG,AA,GA,CT,CC,TT,0,CC,CC,CC,CT,GG,AA,AA,CC,CC,CC,AA,GG,TT,TT,GG,CC,AT,AA,0,GG,CT,AA,GG,CC,0,GG,GG,CC,GA,AA,AA,GG,CC,TT,0,0,GG,CC,TT,TT,GG,CC,CC,CC,CC,CG,0,CC,TT,GG,CC,AA,CC,GG,CC,TT,TT,TA,0,AA,GG,0,CC,AA,AA,GT,AA,TT,AA,CC,0,GG,CC,TT,GG,AA,CC,CC,TT,0,GG,GG,CC,GG,0,CC,GG,TT,0,GG,CC,GG,AA,CC,0,GG,GG,CC
scat_marten,0,SDunes_M13.sc,,,Coos36,,CONSENSUS,489650,421857,87.18,85%,77,0,GG,CC,NA,GG,TT,NA,GG,AA,GA,CT,CC,TT,0,CC,CC,TC,CT,NA,AA,AA,CC,CC,CC,AA,GG,TT,TC,GG,CC,NA,AA,GG,GG,CT,NA,NA,CC,0,GG,GG,CC,GA,AA,AA,GG,CC,TT,AA,0,GG,CC,TT,TT,GG,CC,CC,CC,CC,NA,0,CC,TT,GG,NA,AA,CC,GG,CC,TT,TT,TA,NA,AA,GG,GA,CC,AA,AA,GT,AA,TT,AA,CC,NA,GG,CC,TT,GG,AA,CC,CC,TT,GG,GG,GG,CC,GG,GG,CC,GG,TT,0,GG,CC,GG,AA,CC,TT,GG,GG,CC
scat_marten,NA,SDunes_M07.sc,Nextseq511,MACA_P5,Coos37,a,lane1-s245-index--TTACAATTCC-AGCACATCCT-MACAP5_Coos37_a_S245.assembled,512697,492931,96.14,91%,83,NA,GA,0,CT,GG,TT,AG,GG,AA,GA,CC,CC,TT,0,CC,CC,TC,CT,CC,AA,AA,CC,CC,CC,AA,GG,TT,TC,GG,CC,AA,AA,GG,GG,CC,GG,AA,CC,TT,GG,GA,CC,GG,AA,AA,GG,CC,TT,AA,CC,GT,GG,TT,TT,GG,CC,CC,CC,CT,GG,GA,CC,TC,GG,TC,AA,CC,GG,CC,TT,TT,TA,GG,AA,GG,AA,CT,0,0,0,AA,TT,AA,CC,TT,GG,GC,TT,0,AA,CC,CC,0,GG,GG,GG,CC,GG,GG,CC,GG,TT,GG,0,CC,GG,AA,CC,TT,GG,GG,CC
scat_marten,NA,SDunes_M07.sc,Nextseq511,MACA_P5,Coos37,b,lane1-s253-index--TGATTAGCCA-AGGCATGTAG-MACAP5_Coos37_b_S253.assembled,357462,343707,96.15,90%,82,NA,GA,CC,CT,GG,TT,GG,GG,AA,GG,CC,CC,TT,AG,CC,CC,TT,TT,CC,AA,AA,0,CC,CC,AA,GG,TT,0,GG,CT,AT,AA,GG,GG,CC,GG,GG,CC,TT,GG,GA,CC,GG,AA,AA,GG,CC,TT,0,0,TT,0,0,TT,GG,CC,CC,CC,CT,0,AA,CC,TC,GG,TT,AA,CC,GG,CC,TT,TT,TA,GG,AA,GG,AA,TT,AA,AA,GG,AA,TT,AA,CC,TT,GG,GC,TT,0,AA,CC,CC,CT,GG,GG,GG,CC,GG,0,CC,0,TT,0,0,CC,GG,AA,CC,TT,GG,GG,CC
scat_marten,NA,SDunes_M07.sc,Nextseq511,MACA_P5,Coos37,c,lane1-s261-index--AAGTACTCCA-TCTGTGTGGA-MACAP5_Coos37_c_S261.assembled,421228,395538,93.9,92%,84,NA,GA,0,TT,GG,TT,AG,GG,AA,GG,0,CC,TT,AG,CC,CC,TT,CT,CC,AA,AA,0,CC,CC,AA,GG,TT,TC,GG,CT,0,AA,GG,GG,CC,0,AG,CC,TT,GG,GA,CC,GG,AA,AA,GG,CC,TT,AA,CC,GT,CC,TT,TT,GG,CC,CC,CC,TT,0,GA,CC,TC,GG,CC,AA,CC,GG,CC,TT,TT,TT,GG,AA,GG,AA,CT,AA,AA,GG,AA,TT,AA,CC,TT,GG,GC,TT,GA,AA,CC,CC,CT,0,GG,GG,CC,GG,GG,CC,0,TT,GG,GA,CC,GG,AA,CC,TT,GG,GG,CC
scat_marten,0,SDunes_M07.sc,,,Coos37,,CONSENSUS,430462,410725,95.4,90%,82,0,GA,0,CT,GG,TT,AG,GG,AA,NA,CC,CC,TT,AG,CC,CC,NA,CT,CC,AA,AA,0,CC,CC,AA,GG,TT,TC,GG,CT,NA,AA,GG,GG,CC,GG,AG,CC,TT,GG,GA,CC,GG,AA,AA,GG,CC,TT,AA,CC,GT,NA,TT,TT,GG,CC,CC,CC,CT,0,GA,CC,TC,GG,TC,AA,CC,GG,CC,TT,TT,TA,GG,AA,GG,AA,CT,AA,AA,GG,AA,TT,AA,CC,TT,GG,GC,TT,0,AA,CC,CC,CT,GG,GG,GG,CC,GG,GG,CC,0,TT,GG,0,CC,GG,AA,CC,TT,GG,GG,CC
scat_marten,NA,SDunes_M13.sc,Nextseq511,MACA_P5,Coos38,a,lane1-s246-index--AAGCTTATGC-TTCCGTCGCA-MACAP5_Coos38_a_S246.assembled,346751,336283,96.98,99%,90,NA,GG,CC,CT,GG,TT,AG,GG,AA,GA,CT,CC,TT,0,CC,CC,TC,CT,CG,AA,GA,CC,CC,CC,AA,GG,TT,TC,GG,CC,AT,AA,GG,GG,CT,AG,AG,CC,TT,GG,GG,CC,GA,AA,AA,GG,CC,TT,AA,CC,GG,CC,TT,TT,GG,CC,CC,CC,CC,CG,GA,CC,TT,GG,TC,AA,CC,GG,CC,TT,TT,TA,GT,AA,GG,GA,CC,AA,AA,GT,AA,TT,AA,CC,CT,GG,CC,TT,GG,AA,CC,CC,TT,GG,GG,GG,CC,GG,GG,CC,GG,TT,GG,GG,CC,GG,AA,CC,TT,GG,GG,CC
scat_marten,NA,SDunes_M13.sc,Nextseq511,MACA_P5,Coos38,b,lane1-s254-index--TAACAGTGTT-GCAAGTCTCA-MACAP5_Coos38_b_S254.assembled,418143,405198,96.9,100%,91,NA,GG,CC,CT,GG,TT,AG,GG,AA,GA,CT,CC,TT,AA,CC,CC,TC,CT,CG,AA,GA,CC,CC,CC,AA,GG,TT,TC,GG,CC,AT,AA,GG,GG,CT,AG,AG,CC,TT,GG,GG,CC,GA,AA,AA,GG,CC,TT,AA,CC,GG,CC,TT,TT,GG,CC,CC,CC,CC,CG,GA,CC,TT,GG,TC,AA,CC,GG,CC,TT,TT,TA,GT,AA,GG,GA,CC,AA,AA,GT,AA,TT,AA,CC,CT,GG,CC,TT,GG,AA,CC,CC,TT,GG,GG,GG,CC,GG,GG,CC,GG,TT,GG,GG,CC,GG,AA,CC,TT,GG,GG,CC
scat_marten,NA,SDunes_M13.sc,Nextseq511,MACA_P5,Coos38,c,lane1-s262-index--ACGTCAATAC-GGAATTCCAA-MACAP5_Coos38_c_S262.assembled,170707,164558,96.4,100%,91,NA,GG,CC,CT,GG,TT,AG,GG,AA,GA,CT,CC,TT,AA,CC,CC,TC,CT,CG,AA,GA,CC,CC,CC,AA,GG,TT,TC,GG,CC,AT,AA,GG,GG,CT,AG,AG,CC,TT,GG,GG,CC,GA,AA,AA,GG,CC,TT,AA,CC,GG,CC,TT,TT,GG,CC,CC,CC,CC,CG,GA,CC,TT,GG,TC,AA,CC,GG,CC,TT,TT,TA,GT,AA,GG,GA,CC,AA,AA,GT,AA,TT,AA,CC,CT,GG,CC,TT,GG,AA,CC,CC,TT,GG,GG,GG,CC,GG,GG,CC,GG,TT,GG,GG,CC,GG,AA,CC,TT,GG,GG,CC
scat_marten,0,SDunes_M13.sc,,,Coos38,,CONSENSUS,311867,302013,96.76,100%,91,0,GG,CC,CT,GG,TT,AG,GG,AA,GA,CT,CC,TT,AA,CC,CC,TC,CT,CG,AA,GA,CC,CC,CC,AA,GG,TT,TC,GG,CC,AT,AA,GG,GG,CT,AG,AG,CC,TT,GG,GG,CC,GA,AA,AA,GG,CC,TT,AA,CC,GG,CC,TT,TT,GG,CC,CC,CC,CC,CG,GA,CC,TT,GG,TC,AA,CC,GG,CC,TT,TT,TA,GT,AA,GG,GA,CC,AA,AA,GT,AA,TT,AA,CC,CT,GG,CC,TT,GG,AA,CC,CC,TT,GG,GG,GG,NA,GG,GG,CC,GG,TT,GG,GG,CC,GG,AA,CC,TT,GG,GG,CC
scat_marten,NA,NA,Nextseq511,MACA_P5,Coos39,a,lane1-s247-index--TATTCCTCAG-CTTAACCACT-MACAP5_Coos39_a_S247.assembled,393603,238924,60.7,63%,57,NA,GG,0,TT,GG,TT,GG,0,AA,0,CC,CC,TT,AA,CC,CC,0,0,0,AA,AA,0,CC,CC,AA,GG,TT,0,GG,TT,0,AA,0,0,CC,0,0,CC,0,GG,GA,CC,0,AA,0,GG,0,TT,0,0,GG,CC,TT,TT,0,0,CC,CC,0,0,0,CC,0,GG,0,AA,CC,GG,CC,TT,TT,TT,GG,AA,GG,AA,0,AA,AA,0,AA,0,0,CC,TT,GG,CC,TT,0,0,CC,0,TT,0,0,GG,CC,GG,0,0,0,0,0,0,CC,0,0,0,TT,GG,GG,CC
scat_marten,NA,NA,Nextseq511,MACA_P5,Coos39,b,lane1-s255-index--ACCGCGCAAT-TTGGCTCCGC-MACAP5_Coos39_b_S255.assembled,366876,250580,68.3,51%,46,NA,GG,0,0,0,TT,0,0,0,0,0,CC,TT,AA,CC,0,0,0,CC,AA,0,CC,CC,CC,AA,GG,TT,CC,0,0,0,AA,0,0,CC,0,0,CC,TT,GG,0,CC,0,0,AA,GG,CC,TT,0,0,GT,GG,0,TT,GG,0,CC,CC,0,0,0,CC,CC,GG,TT,AA,CC,GG,CC,0,0,0,GG,0,GG,AA,TT,0,0,0,AA,0,AA,0,TT,0,CC,0,0,0,0,CC,0,0,0,GG,CC,GG,0,0,0,TT,0,0,CC,GG,AA,0,TT,GG,GG,CC
scat_marten,NA,NA,Nextseq511,MACA_P5,Coos39,c,lane1-s263-index--GGTGTACAAG-AAGCGCGCTT-MACAP5_Coos39_c_S263.assembled,247938,188737,76.12,60%,55,NA,GA,0,TT,GG,0,0,GG,AA,0,0,CC,TT,0,0,CC,0,0,CC,AA,AA,CC,CC,CC,0,GG,0,0,GG,CC,0,AA,GG,0,CC,0,0,CC,TT,GG,0,CC,0,0,0,GG,CC,TT,0,0,TT,0,0,TT,GG,0,CC,CC,CC,0,0,CC,TT,0,CC,AA,CC,GG,CC,TT,TT,0,GG,AA,GG,AA,CC,AA,AA,0,AA,TT,AA,0,TT,GG,GG,0,0,0,CC,0,CT,0,GG,GG,CC,GG,0,0,0,0,0,0,CC,0,AA,0,TT,GG,GG,CC
scat_marten,NA,NA,Nextseq533,MACA_P11,Coos39,a,lane1-s054-index--CGAACGCACC-TATAGATTCG-MACAP11,731714,594605,81.26,55%,50,0,AA,CC,0,GG,TT,0,GG,AA,GG,0,CC,0,0,0,CC,CC,TT,0,0,0,0,CC,CC,0,GG,0,TT,0,0,AT,0,0,0,0,GG,GG,CC,TT,GG,GG,CC,0,AA,0,GG,0,0,0,0,GG,0,0,0,GG,0,CC,CC,CT,GG,0,CC,TT,GG,CC,AA,CC,GG,CC,0,TT,AA,GG,AA,GG,AA,0,0,0,0,0,TT,AA,0,0,0,GC,0,0,AA,CC,CC,CC,0,0,GG,0,GG,0,0,GG,0,0,0,0,GG,0,0,0,GG,GG,CC
scat_marten,NA,NA,Nextseq533,MACA_P11,Coos39,b,lane1-s062-index--GCCTAACGTG-CCTGCTTGGT-MACAP11,464517,360855,77.68,53%,48,0,GG,0,TT,0,0,0,GG,0,GA,0,CC,TT,AA,CC,CC,0,0,0,0,AA,0,CC,CC,0,0,0,TT,0,TT,TT,AA,GG,AA,0,GG,0,0,TT,GG,GA,CC,0,AG,0,0,CC,0,0,0,GG,CC,0,0,0,CC,CC,CC,CC,0,AA,CC,TC,GG,0,0,CC,GG,CC,0,TT,TT,GG,AA,GG,AA,0,0,0,0,0,0,AA,0,TT,0,0,0,0,0,CC,CC,CT,0,GG,GG,0,GG,0,CC,0,0,0,0,0,GG,0,CC,TT,GG,GG,CC
scat_marten,NA,NA,Nextseq533,MACA_P11,Coos39,c,lane1-s070-index--TTACGCACCT-CCTTGAACGG-MACAP11,813272,553117,68.01,53%,48,0,GG,0,0,GG,TT,GG,0,AA,AA,CC,0,TT,NA,CC,CC,0,TT,CC,0,0,0,CC,CC,AA,0,0,TC,0,CT,0,AA,0,0,0,0,0,CC,0,0,GA,CC,0,AG,0,GG,CC,0,0,0,GG,GG,0,0,0,CC,0,CC,0,0,0,CC,TC,0,TT,AA,CC,GG,CC,0,TT,AA,GG,AA,GG,AA,0,0,NA,0,AA,TT,0,0,TT,0,GC,TT,0,0,CC,CC,TT,0,0,GG,0,GG,0,CC,0,0,0,0,CC,GG,AA,0,TT,GG,0,CC
scat_marten,0.5,NA,Nextseq511 / Nextseq533,MACA_P5 / MACA_P11,Coos39,,CONSENSUS,502987,364470,72.01,80%,73,0,GA,0,TT,GG,TT,GG,GG,AA,GA,CC,CC,TT,AA,CC,CC,0,TT,CC,AA,AA,CC,CC,CC,AA,GG,TT,TC,GG,CT,AT,AA,GG,0,CC,GG,0,CC,TT,GG,GA,CC,0,AG,0,GG,CC,TT,0,0,GT,GC,0,TT,GG,CC,CC,CC,NA,0,0,CC,TC,GG,TC,AA,CC,GG,CC,TT,TT,TA,GG,AA,GG,AA,NA,AA,AA,0,AA,TT,AA,0,TT,GG,GC,0,0,0,CC,CC,CT,0,GG* (1 rep),GG,NA,GG,0,CC,0,0,0,0,CC,GG,AA,0,TT,NA,GG,CC
scat_marten,NA,SDunes_M07.sc,Nextseq511,MACA_P5,Coos40,a,lane1-s248-index--CTCGTGCGTT-GCCTCGGATA-MACAP5_Coos40_a_S248.assembled,586978,538425,91.73,96%,87,NA,GA,CC,CT,GG,TT,0,GG,AA,0,CC,CC,TT,AA,CC,CC,TC,CC,CC,AA,AA,0,CC,CC,AA,GG,TT,TC,GG,CT,AT,AA,GG,GG,CC,GG,AG,CC,TT,GG,GA,CC,GG,AA,AA,GG,CC,TT,AA,CC,GT,0,TT,TT,GG,CC,CC,CC,CT,GG,GA,CC,TC,GG,TC,AA,CC,GG,CC,TT,TT,TA,GG,AA,GG,AA,TT,AA,AA,GG,AA,TT,AA,CC,TT,GG,GG,TT,GA,AA,CC,CC,CT,GG,GG,GG,CC,GG,GG,CC,GG,TT,GG,GA,CC,GG,AA,CC,TT,GG,GG,CC
scat_marten,NA,SDunes_M07.sc,Nextseq511,MACA_P5,Coos40,b,lane1-s256-index--GTTCGCGCCA-AACTGATACT-MACAP5_Coos40_b_S256.assembled,334083,300951,90.08,87%,79,NA,GA,CC,CT,GG,TT,GG,GG,AA,AA,CC,0,TT,AA,CC,CC,0,0,CC,AA,AA,CC,CC,CC,AA,GG,TT,TT,GG,CT,TT,AA,GG,GG,CC,GG,AG,CC,TT,GG,0,CC,GG,AA,AA,0,CC,TT,AA,CC,GT,0,TT,TT,GG,CC,CC,CC,0,GG,GA,CC,TC,GG,CC,AA,CC,GG,CC,TT,TT,TA,0,AA,GG,AA,TT,0,0,TT,AA,TT,AA,CC,TT,GG,GC,TT,GA,0,CC,CC,CT,0,GG,GG,CC,GG,GG,CC,GG,TT,GG,GA,CC,GG,AA,CC,TT,GG,GG,CC
scat_marten,NA,SDunes_M07.sc,Nextseq511,MACA_P5,Coos40,c,lane1-s264-index--CCACCTGTGT-TGAGCGTTGT-MACAP5_Coos40_c_S264.assembled,620691,460731,74.23,95%,86,NA,GA,CC,TT,GG,TT,AG,GG,AA,0,CC,CC,TT,AA,CC,CC,TC,CC,CC,AA,AA,TT,CC,CC,AA,GG,TT,0,GG,CT,AT,AA,GG,0,CC,GG,GG,CC,TT,GG,GA,CC,GG,AA,AA,GG,CC,TT,AA,CC,GT,GC,TT,TT,GG,CC,CC,CC,CC,GG,GG,CC,0,GG,TC,AA,CC,GG,CC,TT,TT,TA,GG,AA,GG,AA,TT,AA,AA,GG,AA,TT,AA,CC,TT,GG,GC,TT,0,AA,CC,CC,CT,GG,GG,GG,CC,GG,GG,CC,GG,TT,GG,0,CC,GG,AA,0,TT,GG,GG,CC
scat_marten,0,SDunes_M07.sc,,,Coos40,,CONSENSUS,513917,433369,85.35,92%,84,0,GA,CC,CT,GG,TT,NA,GG,AA,0,CC,CC,TT,AA,CC,CC,TC,CC,CC,AA,AA,NA,CC,CC,AA,GG,TT,NA,GG,CT,AT,AA,GG,GG,CC,GG,AG,CC,TT,GG,GA,CC,GG,AA,AA,GG,CC,TT,AA,CC,GT,0,TT,TT,GG,CC,CC,CC,0,GG,GA,CC,TC,GG,TC,AA,CC,GG,CC,TT,TT,TA,GG,AA,GG,AA,TT,AA,AA,NA,AA,TT,AA,CC,TT,GG,GC,TT,GA,AA,CC,CC,CT,GG,GG,GG,NA,GG,GG,CC,GG,TT,GG,GA,CC,GG,AA,CC,TT,GG,GG,CC
scat_marten,NA,NA,Nextseq511,MACA_P5,Coos41,a,lane1-s265-index--GTTCCGCAGG-ATCATAGGCT-MACAP5_Coos41_a_S265.assembled,350160,306938,87.66,66%,60,NA,AA,0,CT,GG,TT,0,GG,0,GG,0,CC,TT,NA,CC,0,0,0,CC,AA,0,TT,CC,CC,0,GG,TT,TT,GG,CC,0,AA,GG,0,CC,GG,AA,CC,0,0,AA,CC,GG,AA,0,GG,0,TT,0,CC,0,CC,TT,TT,0,0,CC,CC,CC,CC,0,CC,TT,GG,CC,0,0,GG,CC,TT,TT,TT,GG,AA,0,AA,CC,0,NA,GG,AA,0,AA,0,TT,GG,GC,TT,0,0,0,CC,CC,GG,GG,GG,CC,GG,0,0,GG,0,GG,0,0,GG,AA,0,TT,0,GG,0
scat_marten,NA,NA,Nextseq511,MACA_P5,Coos41,b,lane1-s273-index--ACCAGCGACA-TCGTCTGACT-MACAP5_Coos41_b_S273.assembled,507844,444254,87.48,62%,56,NA,GA,0,CC,GG,TT,0,GG,AA,0,CC,0,TT,AA,CC,CC,CC,CC,CC,AA,0,CC,0,CC,AA,GG,TT,0,0,0,TT,AA,GG,GG,CC,GG,0,0,TT,GG,GA,CC,GG,0,0,GG,0,TT,AA,CC,0,0,0,0,0,0,CC,CC,0,GG,0,CC,TC,0,CC,AA,CC,GG,CC,0,TT,0,GG,AA,GG,AA,0,0,0,GG,AA,0,AA,0,TT,0,GC,TT,AA,0,0,0,CC,0,GG,0,CC,GG,GG,0,GG,0,GG,AA,0,0,AA,CC,TT,0,GG,CC
scat_marten,NA,NA,Nextseq511,MACA_P5,Coos41,c,lane1-s281-index--GCTTACGGAC-CGTGTATCTT-MACAP5_Coos41_c_S281.assembled,338177,304817,90.14,54%,49,NA,0,0,0,0,0,0,0,AA,0,CC,CC,TT,GG,CC,CC,0,0,0,AA,AA,0,0,CC,AA,GG,0,0,GG,CC,AA,AA,0,GG,0,GG,0,CC,0,GG,GA,CC,0,AA,0,GG,CC,TT,0,0,TT,0,0,0,GG,CC,0,CC,0,CG,GG,CC,TT,GG,TC,0,CC,GG,CC,TT,TT,0,0,AA,GG,AA,0,0,0,0,AA,TT,AA,0,TT,GG,0,0,0,0,CC,0,TT,0,GG,0,0,GG,0,CC,GG,0,0,0,CC,0,0,CC,TT,GG,0,CC
scat_marten,NA,NA,Nextseq533,MACA_P11,Coos41,a,lane1-s074-index--ACCTGGCCAA-TGGTACTGAT-MACAP11,1213525,1132753,93.34,80%,73,0,GA,0,0,GG,TT,GG,GG,AA,AA,CC,CC,0,AA,CC,0,CC,CC,0,0,AA,CC,CC,CC,AA,GG,0,0,GG,CT,0,AA,GG,GG,CC,GG,AA,CC,TT,GG,GA,0,GG,AA,AA,GG,CC,TT,AA,0,TT,0,TT,TT,GG,CC,CC,CC,CC,CC,GG,CC,TC,GG,TT,AA,CC,GG,CC,0,TT,TA,GG,AA,GG,AA,CT,0,0,GT,AA,TT,AA,0,TT,GG,CC,TT,GA,AA,CC,0,0,0,GG,GG,CC,GG,GG,CC,GG,TT,0,GA,CC,0,0,CC,TT,GG,GG,CC
scat_marten,NA,NA,Nextseq533,MACA_P11,Coos41,b,lane1-s082-index--AGTGCGAGTG-CTGGATATGT-MACAP11,127337,121496,95.41,62%,56,0,AA,CC,0,GG,0,0,GG,AA,AA,CC,CC,TT,NA,0,CC,0,0,CC,0,0,TT,CC,CC,AA,GG,0,0,0,TT,TT,0,GG,GG,0,0,AA,CC,0,GG,GA,CC,0,0,0,GG,CC,TT,AA,0,GT,CC,0,0,GG,CC,CC,CC,TT,GG,AA,CC,0,GG,TT,0,CC,GG,CC,0,TT,TT,0,AA,GG,AA,CT,0,NA,TT,AA,TT,0,0,TT,GG,CC,TT,0,0,0,CC,0,0,GG,GG,0,GG,GG,CC,GG,0,0,0,CC,GG,AA,CC,TT,GG,GG,CC
scat_marten,NA,NA,Nextseq533,MACA_P11,Coos41,c,lane1-s090-index--CCGCGGTTCT-CGCCATACCT-MACAP11,273839,252233,92.11,69%,63,0,GA,CC,CC,GG,TT,GG,GG,AA,0,0,CC,TT,0,CC,CT,0,CC,CC,0,AA,CC,0,CC,AA,GG,0,0,GG,CT,0,AA,GG,GG,CC,GG,0,0,TT,GG,GA,CC,GG,AA,0,GG,CC,TT,AA,CC,GG,0,TT,0,0,0,CC,CC,0,0,0,CC,0,GG,TT,AA,CC,GG,CC,0,TT,0,GG,AA,GG,AA,TT,AA,AA,GG,AA,0,0,0,TT,0,GC,TT,AA,AA,CC,0,0,GG,GG,0,CC,0,GG,0,0,0,GG,AA,CC,0,AA,CC,TT,GG,GG,CC
scat_marten,0,NA,Nextseq511 / Nextseq533,MACA_P5 / MACA_P11,Coos41,,CONSENSUS,468480,427082,91.02,84%,76,0,GA,CC,NA,GG,TT,GG,GG,AA,NA,CC,CC,TT,NA,CC,NA,CC,CC,CC,AA,AA,CT,CC,CC,AA,GG,TT,0,GG,CT,NA,AA,GG,GG,CC,GG,AA,CC,TT,GG,GA,CC,GG,AA,0,GG,CC,TT,AA,CC,GT,CC,TT,TT,GG,CC,CC,CC,NA,CG,NA,CC,TC,GG,TC,AA,CC,GG,CC,TT,TT,NA,GG,AA,GG,AA,CT,0,0,GT,AA,TT,AA,0,TT,GG,GC,TT,NA,AA,CC,CC,NA,GG* (1 rep),GG,GG,CC,GG,GG,CC,GG,0,GG,NA,CC,GG,AA,CC,TT,GG,GG,CC
scat_marten,NA,SDunes_M07.sc,Nextseq511,MACA_P5,Coos42,a,lane1-s266-index--ACCTTATGAA-TGTTAGAAGG-MACAP5_Coos42_a_S266.assembled,467487,447307,95.68,74%,67,NA,AA,CC,CC,GG,0,AG,0,0,AA,CC,CC,TT,AA,CC,0,CC,0,CC,0,AA,0,CC,CC,0,GG,TT,TC,GG,CT,AA,AA,0,0,0,0,GG,0,TT,0,AA,0,GG,AA,AA,GG,CC,TT,AA,0,GG,GC,TT,TT,GG,CC,0,CC,TT,0,AA,CC,0,GG,TT,AA,CC,GG,CC,TT,0,TT,GG,AA,GG,AA,CT,AA,AA,TT,AA,TT,AA,0,0,GG,0,TT,GG,AA,0,CC,CC,GG,GG,GG,0,GG,GG,CC,0,TT,0,GG,CC,GG,AA,0,0,GG,0,CC
scat_marten,NA,SDunes_M07.sc,Nextseq511,MACA_P5,Coos42,b,lane1-s274-index--TTGTAACGGT-CTCATAGCGA-MACAP5_Coos42_b_S274.assembled,449938,425379,94.54,62%,56,NA,0,CC,CC,GG,0,AA,0,AA,0,CC,CC,TT,GG,0,0,0,CC,0,AA,0,0,0,CC,AA,GG,0,CC,GG,0,AA,0,GG,0,CC,GG,GG,CC,0,GG,0,CC,0,AA,AA,0,0,TT,AA,CC,TT,0,TT,0,GG,0,0,CC,CC,GG,GG,CC,0,GG,0,AA,CC,GG,CC,TT,0,AA,GG,AA,0,0,CC,AA,AA,0,AA,TT,AA,0,TT,0,GG,TT,GG,AA,CC,0,0,GG,GG,0,CC,0,GG,0,GG,TT,GG,GG,CC,0,0,0,TT,GG,0,CC
scat_marten,NA,SDunes_M07.sc,Nextseq511,MACA_P5,Coos42,c,lane1-s282-index--CGCTTGAAGT-GAACCATGAA-MACAP5_Coos42_c_S282.assembled,446373,413676,92.67,70%,64,NA,AA,0,0,GG,TT,AA,GG,AA,0,0,CC,0,AA,0,0,CC,0,0,AA,0,CT,0,CC,AA,GG,TT,CC,GG,0,AT,AA,0,0,CC,GG,GG,CC,TT,GG,GG,0,GG,0,AA,GG,CC,TT,AA,CC,0,GG,TT,TT,0,0,CC,CC,CC,0,AA,CC,0,GG,TT,0,CC,GG,CC,TT,TT,0,GG,AA,GG,AA,CT,AA,AA,TT,0,TT,AA,CC,0,0,CC,TT,AA,AA,0,CC,TT,0,GG,0,CC,GG,GG,0,0,TT,GG,AA,0,GG,0,0,0,0,GG,CC
scat_marten,NA,SDunes_M07.sc,Nextseq533,MACA_P11,Coos42,a,lane1-s073-index--GTGTACCTTC-CAATCTATGA-MACAP11,211157,198682,94.09,77%,70,0,GG,0,TT,GG,0,GG,0,AA,GG,CC,CC,TT,GG,CC,CC,CC,0,CC,0,0,CC,CC,CC,AA,0,0,TT,GG,TT,AT,AA,GG,GG,CC,0,GG,CC,TT,GG,GG,CC,GG,AA,AA,GG,CC,TT,0,0,GT,0,TT,TT,GG,0,CC,CC,CC,GG,0,CC,CC,GG,CC,AA,CC,GG,CC,0,0,0,GG,AA,GG,AA,0,AA,AA,GG,AA,TT,AA,CC,TT,GG,0,TT,0,AA,0,CC,TT,GG,GG,GG,CC,GG,0,0,GG,TT,0,0,CC,GG,AA,CC,TT,GG,GG,CC
scat_marten,NA,SDunes_M07.sc,Nextseq533,MACA_P11,Coos42,b,lane1-s081-index--GCCATATAAC-GAGATGTCGA-MACAP11,57005,52084,91.37,70%,64,0,GA,CC,0,0,TT,0,0,AA,0,0,CC,TT,AA,CC,CC,CC,TT,CC,0,AA,CC,CC,CC,AA,0,0,CC,GG,CC,TT,0,0,GG,CC,GG,AA,CC,TT,0,0,CC,0,AA,AA,GG,CC,0,AA,CC,GG,CC,TT,0,GG,0,CC,CC,TT,GG,0,CC,0,GG,0,AA,CC,GG,CC,0,TT,AA,0,AA,0,AA,0,AA,AA,GG,AA,TT,AA,CC,0,GG,0,0,AA,AA,CC,CC,CC,0,GG,GG,CC,0,GG,0,GG,TT,GG,AA,CC,GG,AA,CC,0,GG,GG,CC
scat_marten,NA,SDunes_M07.sc,Nextseq533,MACA_P11,Coos42,c,lane1-s089-index--TGAGTACAAC-TCTTACATCA-MACAP11,19965,18180,91.06,57%,52,0,GG,CC,TT,0,0,GG,0,AA,GG,CC,CC,0,0,CC,CC,0,CC,0,0,AA,TT,CC,0,0,GG,0,TT,0,0,TT,AA,0,0,0,GG,GG,CC,0,0,GA,CC,GG,AA,AA,0,0,0,AA,0,GT,GG,TT,0,0,0,CC,CC,0,0,GA,CC,TT,GG,CC,AA,CC,GG,CC,0,0,0,GG,AA,GG,0,TT,AA,AA,TT,AA,0,0,0,TT,GG,GG,0,AA,0,0,0,TT,0,GG,GG,0,GG,GG,0,0,TT,0,AA,CC,0,0,0,TT,GG,GG,CC
scat_marten,0,SDunes_M07.sc,Nextseq511 / Nextseq533,MACA_P5 / MACA_P11,Coos42,,CONSENSUS,275321,259218,93.24,91%,83,0,GA,CC,CT,GG,TT,AG,0,AA,NA,CC,CC,TT,AG,CC,CC,CC,NA,CC,AA,AA,CT,CC,CC,AA,GG,TT,TC,GG,CT,AT,AA,GG,GG,CC,GG,NA,CC,TT,GG,GA,CC,GG,AA,AA,GG,CC,TT,AA,CC,GT,GC,TT,TT,GG,0,CC,CC,CT,GG,GA,CC,NA,GG,TC,AA,CC,GG,CC,TT,TT,NA,GG,AA,GG,AA,CT,AA,AA,GT,AA,TT,AA,CC,TT,GG,NA,TT,GA,AA,CC,CC,CT,GG,GG,GG,CC,GG,GG,0,GG,TT,GG,GA,CC,GG,AA,CC,TT,GG,GG,CC
scat_marten,NA,SDunes_M07.sc,Nextseq511,MACA_P5,Coos44,a,lane1-s267-index--CGCTGCAGAG-GATGGATGTA-MACAP5_Coos44_a_S267.assembled,382861,362784,94.76,99%,90,NA,GA,CC,CT,GG,TT,AG,GG,AA,GA,CC,CC,TT,AA,CC,CC,TC,CT,CC,AA,AA,0,CC,CC,AA,GG,TT,TC,GG,CT,AT,AA,GG,GG,CC,GG,AG,CC,TT,GG,GA,CC,GG,AA,AA,GG,CC,TT,AA,CC,GT,GC,TT,TT,GG,CC,CC,CC,CT,GG,GA,CC,TC,GG,TC,AA,CC,GG,CC,TT,TT,TA,GG,AA,GG,AA,CT,AA,AA,GT,AA,TT,AA,CC,TT,GG,GC,TT,GA,AA,CC,CC,CT,GG,GG,GG,CC,GG,GG,CC,GG,TT,GG,GA,CC,GG,AA,CC,TT,GG,GG,CC
scat_marten,NA,SDunes_M07.sc,Nextseq511,MACA_P5,Coos44,b,lane1-s275-index--GTAAGGCATA-AGACACATTA-MACAP5_Coos44_b_S275.assembled,359264,336566,93.68,100%,91,NA,GA,CC,CT,GG,TT,AG,GG,AA,GA,CC,CC,TT,AA,CC,CC,TC,CT,CC,AA,AA,CT,CC,CC,AA,GG,TT,TC,GG,CT,AT,AA,GG,GG,CC,GG,AG,CC,TT,GG,GA,CC,GG,AA,AA,GG,CC,TT,AA,CC,GT,GC,TT,TT,GG,CC,CC,CC,CT,GG,GA,CC,TC,GG,TT,AA,CC,GG,CC,TT,TT,TA,GG,AA,GG,AA,CT,AA,AA,GT,AA,TT,AA,CC,TT,GG,GC,TT,GA,AA,CC,CC,CT,GG,GG,GG,CC,GG,GG,CC,GG,TT,GG,GA,CC,GG,AA,CC,TT,GG,GG,CC
scat_marten,NA,SDunes_M07.sc,Nextseq511,MACA_P5,Coos44,c,lane1-s283-index--CGCCTTCTGA-GGCCATCATA-MACAP5_Coos44_c_S283.assembled,247743,237669,95.93,99%,90,NA,GA,CC,CT,GG,TT,AG,GG,AA,GA,CC,CC,TT,0,CC,CC,TC,CT,CC,AA,AA,CT,CC,CC,AA,GG,TT,TC,GG,CT,AT,AA,GG,GG,CC,GG,AG,CC,TT,GG,GA,CC,GG,AA,AA,GG,CC,TT,AA,CC,GT,GC,TT,TT,GG,CC,CC,CC,CT,GG,GA,CC,TC,GG,TC,AA,CC,GG,CC,TT,TT,TA,GG,AA,GG,AA,CT,AA,AA,GT,AA,TT,AA,CC,TT,GG,GC,TT,AA,AA,CC,CC,CT,0,GG,GG,CC,GG,GG,CC,GG,TT,GG,AA,CC,GG,AA,CC,TT,GG,GG,CC
scat_marten,0,SDunes_M07.sc,,,Coos44,,CONSENSUS,329956,312340,94.79,100%,91,0,GA,CC,CT,GG,TT,AG,GG,AA,GA,CC,CC,TT,AA,CC,CC,TC,CT,CC,AA,AA,CT,CC,CC,AA,GG,TT,TC,GG,CT,AT,AA,GG,GG,CC,GG,AG,CC,TT,GG,GA,CC,GG,AA,AA,GG,CC,TT,AA,CC,GT,GC,TT,TT,GG,CC,CC,CC,CT,GG,GA,CC,TC,GG,TC,AA,CC,GG,CC,TT,TT,TA,GG,AA,GG,AA,CT,AA,AA,GT,AA,TT,AA,CC,TT,GG,GC,TT,GA,AA,CC,CC,CT,GG,GG,GG,CC,GG,GG,CC,GG,TT,GG,GA,CC,GG,AA,CC,TT,GG,GG,CC
scat_marten,NA,SDunes_M07.sc,Nextseq511,MACA_P5,Coos45,a,lane1-s268-index--GTAGAGTCAG-ACGGCCGTCA-MACAP5_Coos45_a_S268.assembled,478935,458686,95.77,55%,50,NA,GG,0,CC,GG,TT,0,0,AA,AA,CC,CC,TT,AA,0,CC,CC,0,CC,0,0,0,0,CC,0,0,0,0,GG,CC,AT,AA,GG,GG,CC,0,0,CC,TT,GG,AA,0,GG,AA,0,0,0,TT,0,CC,0,0,TT,0,0,CC,0,0,0,GG,0,CC,CC,GG,CC,AA,CC,GG,CC,TT,0,0,GG,0,GG,0,0,AA,AA,TT,0,0,AA,0,TT,GG,GC,0,0,AA,0,CC,0,0,GG,0,CC,GG,0,CC,GG,0,GG,0,0,GG,AA,CC,TT,0,0,CC
scat_marten,NA,SDunes_M07.sc,Nextseq511,MACA_P5,Coos45,b,lane1-s276-index--GTCCACTTGT-GCGCGATGTT-MACAP5_Coos45_b_S276.assembled,307929,297773,96.7,63%,57,NA,AA,CC,0,GG,TT,AA,0,AA,0,CC,CC,TT,0,CC,CC,0,0,CC,AA,AA,CC,0,CC,0,GG,TT,0,0,CC,TT,AA,0,GG,0,0,0,CC,0,GG,0,CC,GG,AA,0,GG,CC,TT,AA,0,GG,0,TT,TT,0,CC,CC,CC,CC,0,GG,0,TC,0,CC,AA,CC,0,CC,TT,TT,0,GG,AA,GG,AA,0,AA,AA,GG,0,0,0,CC,TT,0,GG,0,0,0,CC,0,TT,0,0,0,0,GG,GG,CC,0,0,0,0,CC,0,AA,CC,TT,GG,GG,CC
scat_marten,NA,SDunes_M07.sc,Nextseq511,MACA_P5,Coos45,c,lane1-s284-index--ATACCAACGC-ACATACTTCC-MACAP5_Coos45_c_S284.assembled,381939,363192,95.09,60%,55,NA,AA,0,CC,GG,0,AG,GG,AA,GG,CC,CC,TT,GG,CC,CC,TT,0,CC,AA,0,0,0,CC,0,GG,0,0,GG,TT,0,AA,GG,GG,CC,GG,AA,CC,TT,0,GA,CC,GG,AA,AA,GG,CC,TT,0,0,0,CC,TT,0,0,0,0,CC,CC,0,0,CC,0,0,TC,AA,CC,GG,CC,0,TT,AA,0,AA,0,AA,0,AA,0,0,0,TT,0,0,TT,GG,0,TT,GG,AA,0,0,0,GG,GG,0,CC,GG,0,0,0,TT,0,GG,0,0,AA,CC,TT,0,0,CC
scat_marten,NA,SDunes_M07.sc,Nextseq533,MACA_P11,Coos45,a,lane1-s075-index--TGTCTGGCCT-TTCATCCAAC-MACAP11,72926,69354,95.1,66%,60,0,AA,CC,TT,GG,TT,0,GG,AA,GG,CC,CC,TT,0,0,0,0,CC,0,0,AA,TT,0,CA,AA,0,0,TT,GG,0,0,0,GG,GG,CC,0,AG,CC,TT,GG,GG,CC,0,0,AA,GG,0,TT,AA,CC,GT,GC,TT,TT,0,CC,0,CC,0,0,AA,CC,TC,GG,TC,AA,CC,0,CC,0,0,0,GG,AA,GG,0,TT,AA,0,TT,AA,0,AA,CC,TT,0,0,TT,GG,AA,CC,0,CT,0,0,0,CC,GG,GG,CC,0,TT,GG,GG,CC,0,0,CC,TT,GG,0,CC
scat_marten,NA,SDunes_M07.sc,Nextseq533,MACA_P11,Coos45,b,lane1-s083-index--CTGAGCCGGT-GGCCAATAAG-MACAP11,233680,226588,96.97,57%,52,0,GG,CC,0,GG,TT,AA,0,0,0,CC,0,TT,GG,0,CC,TC,CC,CC,0,0,TT,0,0,0,GG,0,0,GG,0,AT,AA,0,GG,0,GG,GG,CC,TT,GG,AA,CC,GG,AA,AA,GG,0,0,0,CC,0,0,TT,0,0,CC,0,0,TT,GG,AA,CC,0,0,0,AA,CC,GG,CC,0,TT,TT,0,AA,GG,0,0,AA,AA,0,0,TT,AA,CC,TT,GG,GC,0,0,AA,0,CC,0,0,GG,0,0,GG,0,CC,GG,TT,GG,0,0,GG,AA,CC,TT,0,0,CC
scat_marten,NA,SDunes_M07.sc,Nextseq533,MACA_P11,Coos45,c,lane1-s091-index--ATTGATACTG-CTAATGTCTT-MACAP11,282316,273161,96.76,59%,54,0,GA,CC,0,GG,TT,AA,GG,AA,GG,0,CC,TT,AA,CC,CC,TT,TT,CC,0,AA,0,CC,CC,0,0,0,0,0,CT,AT,AA,GG,0,0,0,AA,0,0,GG,0,CC,GG,AA,0,GG,CC,TT,AA,CC,GG,0,0,TT,GG,CC,CC,0,CC,GG,0,CC,TT,GG,0,AA,CC,GG,CC,0,0,0,GG,AA,0,AA,CT,AA,0,GG,0,TT,0,0,0,GG,0,0,0,0,0,0,CC,GG,GG,GG,0,0,GG,CC,GG,0,GG,0,CC,0,AA,0,0,GG,GG,CC
scat_marten,0.5,SDunes_M07.sc,Nextseq511 / Nextseq533,MACA_P5 / MACA_P11,Coos45,,CONSENSUS,292954,281459,96.07,79%,72,0,GA,CC,NA,GG,TT,NA,GG,AA,NA,CC,CC,TT,AG,CC,CC,TC,NA,CC,AA,AA,NA,0,NA,0,GG,0,0,GG,CT,AT,AA,GG,GG,CC,GG,AG,CC,TT,GG,GA,CC,GG,AA,AA,GG,CC,TT,NA,CC,NA,NA,TT,TT,0,CC,CC,CC,NA,GG,NA,CC,TC,GG,TC,AA,CC,GG,CC,TT,TT,NA,GG,AA,GG,AA,NA,AA,AA,GT,0,TT,AA,CC,TT,GG,GC,TT,GG,AA,CC,CC,CT,GG,GG,0,CC,GG,GG,CC,GG,TT,GG,GG,CC,GG,AA,CC,TT,GG,GG,CC
scat_marten,NA,SDunes_F14.sc,Nextseq511,MACA_P5,Coos46,a,lane1-s269-index--GGATACCAGA-CGTTGCTTAC-MACAP5_Coos46_a_S269.assembled,471655,453422,96.13,96%,87,NA,GA,CC,0,GG,TT,AG,GG,AA,GA,TT,CC,TT,AA,CC,CC,TC,CC,CG,AA,GA,CT,CC,CC,AA,GG,TT,TT,0,CC,AA,AA,GG,GG,CT,AA,GG,CC,CT,GG,GG,CC,AA,AA,AA,GG,CC,TT,AA,CC,GG,0,TT,CT,GG,CC,CC,CC,CT,CG,GA,CC,TC,GG,TT,AA,CC,GG,CC,TT,TT,TT,TT,AA,GG,GG,CC,AA,AA,GT,AA,TT,AA,CC,CT,GG,CC,TT,GA,AA,CC,CC,TT,0,0,GG,CC,GG,GG,CC,GG,TT,GG,GA,CC,GG,AA,CC,TT,GG,GG,CC
scat_marten,NA,SDunes_F14.sc,Nextseq511,MACA_P5,Coos46,b,lane1-s277-index--TTAGGTACCA-CATGAGTACT-MACAP5_Coos46_b_S277.assembled,351150,333871,95.08,96%,87,NA,GA,CC,0,GG,TT,AG,GG,AA,GA,TT,CC,TT,AA,CC,CC,TC,CC,CG,AA,0,CT,CC,CC,AA,GG,TT,TT,GA,CC,AA,AA,GG,GG,0,AA,GG,CC,CC,GG,GG,CC,AA,AA,AA,GG,CC,TT,AA,CC,GG,GG,TT,CT,GG,CC,CC,CC,CT,0,GA,CC,TC,GG,TT,AA,CC,GG,CC,TT,TT,TT,GT,AA,GG,GG,CC,AA,AA,GT,AA,TT,AA,CC,CT,GG,CC,TT,GA,AA,CC,CC,TT,0,0,GG,CC,GG,GG,CC,GG,TT,GG,GA,CC,GG,AA,CC,TT,GG,GG,CC
scat_marten,NA,SDunes_F14.sc,Nextseq511,MACA_P5,Coos46,c,lane1-s285-index--CTGGATATGT-TATGTGCAAT-MACAP5_Coos46_c_S285.assembled,452686,433981,95.87,96%,87,NA,GG,CC,CT,GG,TT,AG,GG,AA,GA,TT,CC,TT,AA,0,CC,0,CC,CG,AA,GA,CT,CC,CC,AA,GG,TT,TT,GA,CC,AA,AA,GG,GG,CT,AA,GG,CC,CT,GG,GG,CC,AA,AA,AA,GG,CC,TT,AA,CC,GG,GC,TT,0,GG,CC,CC,CC,CT,CG,GA,CC,0,GG,TT,AA,CC,GG,CC,TT,TT,TT,TT,AA,GG,GG,CC,AA,AA,GT,AA,TT,AA,CC,CT,GG,CC,TT,GA,AA,CC,CC,TT,0,0,GG,CC,GG,GG,CC,GG,TT,GG,GA,CC,GG,AA,CC,TT,GG,GG,CC
scat_marten,0,SDunes_F14.sc,,,Coos46,,CONSENSUS,425164,407091,95.69,97%,88,0,GA,CC,0,GG,TT,AG,GG,AA,GA,TT,CC,TT,AA,CC,CC,TC,CC,CG,AA,GA,CT,CC,CC,AA,GG,TT,TT,GA,CC,AA,AA,GG,GG,CT,AA,GG,CC,CT,GG,GG,CC,AA,AA,AA,GG,CC,TT,AA,CC,GG,NA,TT,CT,GG,CC,CC,CC,CT,CG,GA,CC,TC,GG,TT,AA,CC,GG,CC,TT,TT,TT,NA,AA,GG,GG,CC,AA,AA,GT,AA,TT,AA,CC,CT,GG,CC,TT,GA,AA,CC,CC,TT,0,0,GG,CC,GG,GG,CC,GG,TT,GG,GA,CC,GG,AA,CC,TT,GG,GG,CC
scat_marten,NA,SDunes_M07.sc,Nextseq511,MACA_P5,Coos47,a,lane1-s270-index--CGCACTAATG-TGACTACATA-MACAP5_Coos47_a_S270.assembled,497901,459122,92.21,75%,68,NA,GA,CC,TT,GG,TT,0,GG,0,GG,0,CC,TT,AA,CC,CC,TT,0,0,AA,AA,CC,CC,0,AA,GG,TT,0,0,0,TT,AA,GG,0,CC,GG,AG,CC,TT,GG,AA,CC,GG,0,0,GG,0,TT,0,CC,GG,0,TT,TT,GG,CC,CC,0,TT,GG,0,CC,TC,GG,TC,AA,CC,GG,CC,TT,TT,AA,GG,AA,GG,AA,CC,0,0,GT,0,0,AA,CC,TT,GG,CC,TT,0,AA,CC,0,CT,0,GG,GG,CC,GG,0,CC,GG,0,GG,0,CC,0,0,0,TT,GG,GG,CC
scat_marten,NA,SDunes_M07.sc,Nextseq511,MACA_P5,Coos47,b,lane1-s278-index--GGAATTCCAA-ACGTCAATAC-MACAP5_Coos47_b_S278.assembled,378625,339146,89.57,86%,78,NA,AA,CC,CT,GG,TT,AG,GG,0,GA,CC,CC,TT,AA,CC,CC,TC,TT,0,AA,AA,TT,0,CC,AA,0,TT,TT,GG,CT,AT,0,GG,GG,CC,0,0,CC,TT,GG,GA,CC,GG,AA,AA,GG,CC,TT,AA,CC,TT,CC,TT,TT,GG,0,CC,CC,0,GG,AA,CC,CC,GG,0,AA,CC,GG,CC,TT,TT,0,GG,AA,GG,AA,TT,AA,AA,0,AA,TT,AA,CC,TT,GG,0,TT,AA,AA,CC,CC,CT,GG,GG,0,CC,GG,GG,0,GG,TT,GG,AA,CC,GG,0,CC,TT,GG,GG,CC
scat_marten,NA,SDunes_M07.sc,Nextseq511,MACA_P5,Coos47,c,lane1-s286-index--CAATCTATGA-GATTAAGGTG-MACAP5_Coos47_c_S286.assembled,348414,329804,94.66,86%,78,NA,GA,CC,TT,GG,TT,0,GG,AA,GA,0,CC,TT,AG,CC,0,TT,TT,CC,AA,AA,TT,CC,CC,AA,GG,TT,TC,GG,CT,AT,AA,GG,GG,CC,GG,AA,CC,0,GG,0,CC,GG,AA,AA,GG,0,TT,AA,CC,0,GG,TT,TT,0,CC,CC,CC,TT,GG,0,CC,TC,GG,TC,AA,CC,GG,0,TT,TT,AA,GG,0,GG,AA,CT,AA,AA,0,0,TT,AA,CC,TT,GG,GG,TT,AA,AA,CC,CC,CT,GG,GG,GG,CC,GG,GG,CC,GG,TT,GG,AA,CC,GG,AA,CC,TT,GG,GG,CC
scat_marten,NA,SDunes_M07.sc,Nextseq552,MACA_P13,Coos47,a,lane1-s029-index--AGGCCGTGGA-CACTTAATCT-M13_Coos47_a_S29.assembled,595311,566660,95.19,79%,72,0,0,CC,CT,GG,TT,0,GG,AA,AA,CC,CC,TT,GG,CC,CC,0,CC,CC,0,AA,0,CC,CC,AA,GG,0,TC,GG,CT,TT,0,GG,0,CC,GG,0,,TT,GG,GG,CC,GG,AA,AA,GG,CC,TT,AA,CC,TT,CC,TT,0,GG,CC,CC,CC,0,GG,GA,CC,TC,GG,0,AA,CC,GG,CC,0,TT,TA,GG,AA,GG,AA,TT,AA,AA,GG,0,TT,0,CC,TT,GG,0,TT,0,AA,0,CC,CC,GG,GG,GG,CC,GG,0,CC,GG,TT,GG,0,CC,GG,AA,0,TT,GG,GG,CC
scat_marten,NA,SDunes_M07.sc,Nextseq552,MACA_P13,Coos47,b,lane1-s037-index--AACGAGGCCG-TAGACAATCT-M13_Coos47_b_S37.assembled,479677,451457,94.12,80%,73,0,GG,0,CT,0,TT,0,GG,AA,GA,0,CC,TT,AG,CC,CC,0,TT,CC,0,0,0,CC,CA,AA,GG,0,CC,GG,CC,AT,AA,GG,GG,CC,GG,AA,,TT,GG,GA,CC,GG,AA,0,GG,CC,TT,AA,CC,0,CC,TT,TT,0,CC,CC,CC,CT,GG,GA,CC,TC,GG,TC,AA,CC,0,CC,0,TT,0,GG,AA,GG,AA,CC,AA,AA,0,AA,TT,AA,CC,TT,GG,GC,TT,GA,AA,CC,0,CT,GG,GG,GG,CC,GG,0,CC,GG,0,GG,GA,0,0,AA,CC,TT,0,GG,CC
scat_marten,NA,SDunes_M07.sc,Nextseq552,MACA_P13,Coos47,c,lane1-s045-index--CTTATTGGCC-CAGCCGATTG-M13_Coos47_c_S45.assembled,542552,497440,91.69,81%,74,0,GA,CC,CT,GG,TT,GG,0,AA,GG,0,CC,TT,0,CC,CC,TT,CC,CC,0,AA,CT,CC,CC,AA,0,0,CC,GG,0,AT,AA,0,0,CC,GG,AG,,TT,GG,GA,CC,GG,AA,AA,GG,CC,TT,AA,0,GT,GG,TT,TT,GG,0,CC,CC,TT,0,GA,CC,TC,GG,TC,AA,CC,GG,0,0,TT,TA,GG,AA,GG,AA,CC,AA,AA,GT,AA,TT,AA,CC,TT,GG,0,TT,0,AA,CC,CC,CT,GG,GG,GG,CC,GG,0,0,0,TT,0,0,CC,GG,AA,0,TT,GG,GG,CC
scat_marten,0,SDunes_M07.sc,,,Coos47,6,CONSENSUS,473747,440605,92.91,93%,85,0,GA,CC,CT,GG,TT,NA,GG,AA,GA,CC,CC,TT,AG,CC,CC,NA,CT,CC,AA,AA,CT,CC,NA,AA,GG,TT,TC,GG,CT,AT,AA,GG,GG,CC,GG,AG,CC,TT,GG,GA,CC,GG,AA,AA,GG,CC,TT,NA,CC,GT,GC,TT,TT,GG,CC,CC,CC,NA,GG,GA,CC,TC,GG,TC,AA,CC,GG,CC,TT,TT,TA,GG,AA,GG,AA,CT,AA,AA,GT,AA,TT,AA,CC,TT,GG,GC,TT,NA,AA,CC,CC,CT,GG,GG,GG,CC,GG,GG,CC,GG,TT,GG,NA,CC,GG,AA,CC,TT,GG,GG,CC
scat_marten,NA,SDunes_M07.sc,Nextseq511,MACA_P5,Coos48,a,lane1-s271-index--TCCTGACCGT-CGGCCTCGTT-MACAP5_Coos48_a_S271.assembled,243845,223044,91.47,95%,86,NA,0,CC,0,GG,TT,AG,GG,AA,GA,CC,CC,TT,AA,CC,CC,0,CT,CC,AA,AA,CT,CC,CC,AA,GG,TT,TC,GG,CT,AT,AA,GG,GG,CC,GG,AG,CC,TT,GG,GA,CC,GG,AA,AA,GG,CC,TT,AA,CC,0,GC,TT,TT,GG,CC,CC,CC,CT,GG,GA,CC,TC,GG,TC,AA,CC,GG,CC,TT,TT,TA,GG,AA,GG,AA,CT,AA,AA,GT,AA,TT,AA,CC,TT,GG,GC,TT,0,AA,CC,CC,CT,GG,GG,GG,CC,GG,GG,CC,GG,TT,GG,0,CC,GG,AA,CC,TT,GG,GG,CC
scat_marten,NA,SDunes_M07.sc,Nextseq511,MACA_P5,Coos48,b,lane1-s279-index--CATGTAGAGG-GATACCTCCT-MACAP5_Coos48_b_S279.assembled,281936,263071,93.31,97%,88,NA,GG,CC,CT,GG,TT,AG,GG,AA,GA,CC,CC,TT,AG,CC,CC,TT,CC,CC,AA,AA,CC,CC,CC,AA,GG,TT,TC,GG,CC,AT,AA,GG,GG,CC,GG,GG,CC,TT,GG,GA,CC,GG,AA,AA,GG,CC,TT,AA,CC,GT,GC,TT,TT,GG,CC,CC,CC,CT,0,GA,CC,TC,GG,TC,AA,CC,GG,CC,TT,TT,0,GG,AA,GG,AA,CT,AA,AA,GT,AA,0,AA,CC,TT,GG,GC,TT,GG,AA,CC,CC,CT,GG,GG,GG,CC,GG,GG,CC,GG,TT,GG,0,CC,GG,AA,CC,TT,GG,GG,CC
scat_marten,NA,SDunes_M07.sc,Nextseq511,MACA_P5,Coos48,c,lane1-s287-index--GGTGGAATAC-ATGTAGACAA-MACAP5_Coos48_c_S287.assembled,219173,200727,91.58,98%,89,NA,GA,CC,CT,GG,TT,AG,GG,AA,GA,CC,CC,TT,AA,CC,CC,TC,CT,CC,AA,AA,CC,CC,CC,AA,GG,TT,CC,GG,0,TT,AA,GG,GG,CC,GG,AG,CC,TT,GG,GA,CC,GG,AA,AA,GG,CC,TT,AA,0,GT,GC,TT,TT,GG,CC,CC,CC,CC,GG,GA,CC,TC,GG,TC,AA,CC,GG,CC,TT,TT,TA,GG,AA,GG,AA,CT,AA,AA,TT,AA,TT,AA,CC,TT,AG,GG,TT,AA,AA,CC,CC,CT,GG,GG,GG,CC,GG,GG,CC,GG,TT,0,AA,CC,GG,AA,CC,TT,GG,GG,CC
scat_marten,0,SDunes_M07.sc,,,Coos48,3,CONSENSUS,248318,228947,92.12,92%,84,0,NA,CC,CT,GG,TT,AG,GG,AA,GA,CC,CC,TT,NA,CC,CC,NA,CT,CC,AA,AA,NA,CC,CC,AA,GG,TT,TC,GG,NA,AT,AA,GG,GG,CC,GG,AG,CC,TT,GG,GA,CC,GG,AA,AA,GG,CC,TT,AA,CC,GT,GC,TT,TT,GG,CC,CC,CC,CT,GG,GA,CC,TC,GG,TC,AA,CC,GG,CC,TT,TT,TA,GG,AA,GG,AA,CT,AA,AA,GT,AA,TT,AA,CC,TT,NA,GC,TT,NA,AA,CC,CC,CT,GG,GG,GG,CC,GG,GG,CC,GG,TT,GG,0,CC,GG,AA,CC,TT,GG,GG,CC
blank,NA,NA,Nextseq511,MACA_P5,NTC5,a,lane1-s272-index--CTGGCTTGCC-CAAGCATCCG-MACAP5_NTC5_a_S272.assembled,7925,14,0.18,-2%,-2,NA,0,0,0,0,0,0,0,0,0,0,0,0,NA,0,0,0,0,0,0,0,0,0,0,0,0,0,0,0,0,0,0,0,0,0,0,0,0,0,0,0,0,0,0,0,0,0,0,0,0,0,0,0,0,0,0,0,0,0,0,0,0,0,0,0,0,0,0,0,0,0,0,0,0,0,0,0,0,NA,0,0,0,0,0,0,0,0,0,0,0,0,0,0,0,0,0,0,0,0,0,0,0,0,0,0,0,0,0,0,0,0,0
blank,NA,NA,Nextseq511,MACA_P5,NTC5,b,lane1-s280-index--TACACGCTCC-ATCCGTAAGT-MACAP5_NTC5_b_S280.assembled,8434,15,0.18,-2%,-2,NA,0,0,0,0,0,0,0,0,0,0,0,0,NA,0,0,0,0,0,0,0,0,0,0,0,0,0,0,0,0,0,0,0,0,0,0,0,0,0,0,0,0,0,0,0,0,0,0,0,0,0,0,0,0,0,0,0,0,0,0,0,0,0,0,0,0,0,0,0,0,0,0,0,0,0,0,0,0,NA,0,0,0,0,0,0,0,0,0,0,0,0,0,0,0,0,0,0,0,0,0,0,0,0,0,0,0,0,0,0,0,0,0
blank,NA,NA,Nextseq511,MACA_P5,NTC5,c,lane1-s288-index--TGGACGGAGG-CACATCGGTG-MACAP5_NTC5_c_S288.assembled,5601,18,0.32,-2%,-2,NA,0,0,0,0,0,0,0,0,0,0,0,0,NA,0,0,0,0,0,0,0,0,0,0,0,0,0,0,0,0,0,0,0,0,0,0,0,0,0,0,0,0,0,0,0,0,0,0,NA,0,0,0,0,0,0,0,0,0,0,0,0,0,0,0,0,0,0,0,0,0,0,0,0,0,0,0,0,0,NA,0,0,0,0,0,0,0,0,0,0,0,0,0,0,0,0,NA,0,0,0,0,0,0,NA,NA,0,0,0,0,0,NA,0,0
blank,1,NA,,,NTC5,3,CONSENSUS,7320,16,0.23,-2%,-2,0,0,0,0,0,0,0,0,0,0,0,0,0,0,0,0,0,0,0,0,0,0,0,0,0,0,0,0,0,0,0,0,0,0,0,0,0,0,0,0,0,0,0,0,0,0,0,0,0,0,0,0,0,0,0,0,0,0,0,0,0,0,0,0,0,0,0,0,0,0,0,0,0,0,0,0,0,0,0,0,0,0,0,0,0,0,0,0,0,0,0,0,0,0,0,0,0,0,0,0,0,0,0,0,0,0,0,0,0,0,0,0
tissue_marten,NA,ORcasc_F8943.rk,Nextseq519,MACA_P10B,AMMA8943,a,lane1-s225-index--TCGACGCTAG-CCTCTTCGAA-MACAP9_MACA31_a_S225.assembled,74730,69773,93.37,98%,89,NA,GG,AA,CT,GG,TC,AA,GA,TT,GA,TT,TT,TC,0,TC,CC,TT,TT,GG,AG,GG,CT,CC,CC,AA,GG,TT,CC,AA,CC,AT,AA,GA,GA,CC,AA,AG,TT,CC,GG,GG,TT,GG,GG,AG,TT,CC,TT,AA,CC,GT,CC,TT,CC,GG,CC,CC,CC,CC,CC,GA,CA,TT,GG,TT,AG,CC,GG,CT,TT,TT,TT,GG,AA,GG,GA,CC,AA,AA,GT,AG,TT,GG,CC,CC,AA,GG,TT,GG,CC,TC,CC,CC,0,0,GG,CT,GG,GG,CT,GG,TC,GG,GG,CC,GG,AA,CC,TT,GG,GG,CC
tissue_marten,NA,ORcasc_F8943.rk,Nextseq519,MACA_P10B,AMMA8943,b,lane1-s233-index--GAGCTTGCCG-AGGTTGCAGG-MACAP9_MACA31_b_S233.assembled,94970,88871,93.58,99%,90,NA,GG,AA,CT,GG,TC,AA,GA,TT,GA,TT,TT,TC,AA,TC,CC,TT,TT,GG,AG,GG,CT,CC,CC,AA,GG,TT,CC,AA,CC,AT,AA,GA,GA,CC,AA,AG,TT,CC,GG,GG,TT,GG,GG,AG,TT,CC,TT,AA,CC,GT,CC,TT,CC,GG,CC,CC,CC,CC,CC,GA,CA,TT,GG,TT,AG,CC,GG,CT,TT,TT,TT,GG,AA,GG,GA,CC,AA,AA,GT,AG,TT,GG,CC,CC,AA,GG,TT,GG,CC,TC,CC,CC,0,0,GG,CT,GG,GG,CT,GG,TC,GG,GG,CC,GG,AA,CC,TT,GG,GG,CC
tissue_marten,0,ORcasc_F8943.rk,Nextseq519,MACA_P10B,AMMA8943,2,CONSENSUS,84850,79322,93.475,99%,90,0,GG,AA,CT,GG,TC,AA,GA,TT,GA,TT,TT,TC,AA,TC,CC,TT,TT,GG,AG,GG,CT,CC,CC,AA,GG,TT,CC,AA,CC,AT,AA,GA,GA,CC,AA,AG,TT,CC,GG,GG,TT,GG,GG,AG,TT,CC,TT,AA,CC,GT,CC,TT,CC,GG,CC,CC,CC,CC,CC,GA,CA,TT,GG,TT,AG,CC,GG,CT,TT,TT,TT,GG,AA,GG,GA,CC,AA,AA,GT,AG,TT,GG,CC,CC,AA,GG,TT,GG,CC,TC,CC,CC,0,0,GG,CT,GG,GG,CT,GG,TC,GG,GG,CC,GG,AA,CC,TT,GG,GG,CC
tissue_marten,NA,ORbmt_M01.tr,Nextseq519,MACA_P10B,BMT1,a,lane1-s229-index--ATATCTGCTT-TAGACAATCT-MACAP9_F3A_a_S229.assembled,563895,550487,97.62,98%,89,NA,GG,AC,CC,GG,CC,AA,GA,TT,GA,CC,CC,CC,GG,TT,CC,TT,CT,GG,AG,GG,CC,AA,AA,AG,GG,CC,TC,GA,CC,TT,0,AA,GG,TT,AG,GG,0,CC,GG,GG,TT,GA,GG,GG,GG,TT,TC,AG,CC,GT,GG,TT,CT,AA,CC,CC,TT,CC,CC,GG,CA,CC,GG,TT,AA,GG,GA,CC,CC,TT,TT,GG,AT,GA,GG,CC,AA,AA,GT,AA,TT,AA,CC,CC,AA,GG,TT,GG,CC,CC,CT,CT,GG,GG,AA,CC,GA,GG,CC,GG,CC,GG,GG,CC,GG,AA,CC,TT,GG,GG,GG
tissue_marten,NA,ORbmt_M01.tr,Nextseq519,MACA_P10B,BMT1,b,lane1-s237-index--CGTCACCTTG-CAGCCGATTG-MACAP9_F3A_b_S237.assembled,729989,713895,97.8,98%,89,NA,GG,AC,CC,GG,CC,AA,GA,TT,GA,CC,CC,CC,GG,TT,CC,TT,CT,GG,AG,GG,CC,AA,AA,AG,GG,CC,TC,GA,CC,TT,0,AA,GG,TT,AG,GG,0,CC,GG,GG,TT,GA,GG,GG,GG,TT,TC,AG,CC,GT,GG,TT,CT,AA,CC,CC,TT,CC,CC,GG,CA,CC,GG,TT,AA,GG,GA,CC,CC,TT,TT,GG,AT,GA,GG,CC,AA,AA,GT,AA,TT,AA,CC,CC,AA,GG,TT,GG,CC,CC,CT,CT,GG,GG,AA,CC,GA,GG,CC,GG,CC,GG,GG,CC,GG,AA,CC,TT,GG,GG,GG
tissue_marten,0,ORbmt_M01.tr,Nextseq519,MACA_P10B,BMT1,2,CONSENSUS,646942,632191,97.71,98%,89,0,GG,AC,CC,GG,CC,AA,GA,TT,GA,CC,CC,CC,GG,TT,CC,TT,CT,GG,AG,GG,CC,AA,AA,AG,GG,CC,TC,GA,CC,TT,0,AA,GG,TT,AG,GG,0,CC,GG,GG,TT,GA,GG,GG,GG,TT,TC,AG,CC,GT,GG,TT,CT,AA,CC,CC,TT,CC,CC,GG,CA,CC,GG,TT,AA,GG,GA,CC,CC,TT,TT,GG,AT,GA,GG,CC,AA,AA,GT,AA,TT,AA,CC,CC,AA,GG,TT,GG,CC,CC,CT,CT,GG,GG,AA,CC,GA,GG,CC,GG,CC,GG,GG,CC,GG,AA,CC,TT,GG,GG,GG
tissue_marten,NA,ORbmt_F10.tr,Nextseq519,MACA_P10B,BMT10,a,lane1-s246-index--CGAACGCACC-ATGACAGAAC-MACAP9_M3A_a_S246.assembled,308171,300711,97.58,98%,89,NA,GG,AA,CT,GG,CC,AA,GA,TT,GA,CC,CT,TC,0,TT,CT,TT,TT,GG,AG,GG,CC,CA,CA,GG,GA,CC,CC,GA,CC,TT,AA,AA,GG,TT,AG,GG,0,CC,GG,GG,TT,GA,AG,AG,GG,TT,CC,AG,CT,GG,GG,TT,CT,AA,CC,CC,TT,CC,CC,GG,CC,CC,GG,TT,AA,GG,GA,CC,CC,TG,TT,GG,AT,GG,GG,CC,AA,AA,GG,AA,TT,GA,CC,CC,AA,GG,TT,GG,CC,TC,CC,CC,0,0,AG,CC,GA,GG,CT,GG,TC,GA,GG,CC,GG,AA,CC,TT,GG,GG,GG
tissue_marten,NA,ORbmt_F10.tr,Nextseq519,MACA_P10B,BMT10,b,lane1-s254-index--GCCTAACGTG-AGCTCTCAAG-MACAP9_M3A_b_S254.assembled,679366,665002,97.89,99%,90,NA,GG,AA,CT,GG,CC,AA,GA,TT,GA,CC,CT,TC,AA,TT,CT,TT,TT,GG,AG,GG,CC,CA,CA,GG,GA,CC,CC,GA,CC,TT,AA,AA,GG,TT,AG,GG,0,CC,GG,GG,TT,GA,AG,AG,GG,TT,CC,AG,CT,GG,GG,TT,CT,AA,CC,CC,TT,CC,CC,GG,CC,CC,GG,TT,AA,GG,GA,CC,CC,TG,TT,GG,AT,GG,GG,CC,AA,AA,GG,AA,TT,GA,CC,CC,AA,GG,TT,GG,CC,TC,CC,CC,0,0,AG,CC,GA,GG,CT,GG,TC,GA,GG,CC,GG,AA,CC,TT,GG,GG,GG
tissue_marten,0,ORbmt_F10.tr,Nextseq519,MACA_P10B,BMT10,2,CONSENSUS,493768.5,482856.5,97.735,99%,90,0,GG,AA,CT,GG,CC,AA,GA,TT,GA,CC,CT,TC,AA,TT,CT,TT,TT,GG,AG,GG,CC,CA,CA,GG,GA,CC,CC,GA,CC,TT,AA,AA,GG,TT,AG,GG,0,CC,GG,GG,TT,GA,AG,AG,GG,TT,CC,AG,CT,GG,GG,TT,CT,AA,CC,CC,TT,CC,CC,GG,CC,CC,GG,TT,AA,GG,GA,CC,CC,TG,TT,GG,AT,GG,GG,CC,AA,AA,GG,AA,TT,GA,CC,CC,AA,GG,TT,GG,CC,TC,CC,CC,0,0,AG,CC,GA,GG,CT,GG,TC,GA,GG,CC,GG,AA,CC,TT,GG,GG,GG
tissue_marten,NA,ORbmt_M11.tr,Nextseq519,MACA_P10B,BMT11,a,lane1-s247-index--TCTTACGCCG-ATTCATTGCA-MACAP9_M5A_a_S247.assembled,1546914,1420277,91.81,98%,89,NA,GG,AC,CT,GG,CC,AA,GG,TT,GG,TT,CC,TT,GG,CC,CT,TT,CT,GG,GG,GG,CC,CA,AA,AA,AA,CC,CC,GA,CC,TT,0,GG,GG,TT,AG,GG,CC,CC,GG,GG,TT,GG,AG,AG,GG,TT,TC,AA,TT,GG,GG,TT,CT,GG,CC,CC,CC,CC,CC,GG,CC,CC,GG,TT,AA,GG,GA,CC,CC,TT,TT,GG,TT,GG,GG,CC,AA,AA,GT,AG,TT,GG,CC,CC,AA,GG,TT,GG,CC,TC,CC,CT,GG,GG,AG,CC,GA,GG,CC,GG,TC,AA,GG,CC,GG,AA,CC,TT,GG,GG,GG
tissue_marten,NA,ORbmt_M11.tr,Nextseq519,MACA_P10B,BMT11,b,lane1-s255-index--ACTTACTTCA-TCTGGAATTA-MACAP9_M5A_b_S255.assembled,1270771,1167675,91.89,98%,89,NA,GG,AC,CT,GG,CC,AA,GG,TT,GG,TT,CC,TT,GG,CC,CT,TT,CT,GG,GG,GG,CC,CA,AA,AA,AA,CC,CC,GA,CC,TT,0,GG,GG,TT,AG,GG,CC,CC,GG,GG,TT,GG,AG,AG,GG,TT,TC,AA,TT,GG,GG,TT,CT,GG,CC,CC,CC,CC,CC,GG,CC,CC,GG,TT,AA,GG,GA,CC,CC,TT,TT,GG,TT,GG,GG,CC,AA,AA,GT,AG,TT,GG,CC,CC,AA,GG,TT,GG,CC,TC,CC,CT,GG,GG,AG,CC,GA,GG,CC,GG,TC,AA,GG,CC,GG,AA,CC,TT,GG,GG,GG
tissue_marten,0,ORbmt_M11.tr,Nextseq519,MACA_P10B,BMT11,2,CONSENSUS,1408842.5,1293976,91.85,98%,89,0,GG,AC,CT,GG,CC,AA,GG,TT,GG,TT,CC,TT,GG,CC,CT,TT,CT,GG,GG,GG,CC,CA,AA,AA,AA,CC,CC,GA,CC,TT,0,GG,GG,TT,AG,GG,CC,CC,GG,GG,TT,GG,AG,AG,GG,TT,TC,AA,TT,GG,GG,TT,CT,GG,CC,CC,CC,CC,CC,GG,CC,CC,GG,TT,AA,GG,GA,CC,CC,TT,TT,GG,TT,GG,GG,CC,AA,AA,GT,AG,TT,GG,CC,CC,AA,GG,TT,GG,CC,TC,CC,CT,GG,GG,AG,CC,GA,GG,CC,GG,TC,AA,GG,CC,GG,AA,CC,TT,GG,GG,GG
tissue_marten,NA,ORbmt_F02.tr,Nextseq519,MACA_P10B,BMT2,a,lane1-s230-index--TGGATCTGGC-CAATGCTGAA-MACAP9_F4B_a_S230.assembled,1094371,1060713,96.92,98%,89,NA,GG,AA,CT,GG,CC,AA,GA,TT,GG,CC,CC,TT,AA,TT,TT,TT,CT,CG,AA,GA,CC,CA,AA,AA,GG,CC,CC,GG,CC,TT,0,GA,GG,CC,AA,AG,CC,CC,GG,GG,TT,GA,AA,AG,GT,CT,TT,GG,CT,GT,GC,TT,CC,GA,CC,CC,CT,CC,CC,GA,CC,CC,GG,TT,AA,GG,GA,CC,CC,TT,TT,GG,TT,GA,GG,CC,AA,AA,TT,0,TT,GA,CC,CC,AA,GG,TT,GG,CC,CC,CC,TT,0,0,AG,TT,AA,GG,TT,GG,TC,GA,GG,CC,GG,AA,CC,TT,GG,GG,GG
tissue_marten,NA,ORbmt_F02.tr,Nextseq519,MACA_P10B,BMT2,b,lane1-s238-index--AATGACTGGT-TCTCACGCGT-MACAP9_F4B_b_S238.assembled,676051,652932,96.58,98%,89,NA,GG,AA,CT,GG,CC,AA,GA,TT,GG,CC,CC,TT,AA,TT,TT,TT,CT,CG,AA,GA,CC,CA,AA,AA,GG,CC,CC,GG,CC,TT,0,GA,GG,CC,AA,AG,CC,CC,GG,GG,TT,GA,AA,AG,GT,CT,TT,GG,CT,GT,GC,TT,CC,GA,CC,CC,CT,CC,CC,GA,CC,CC,GG,TT,AA,GG,GA,CC,CC,TT,TT,GG,TT,GA,GG,CC,AA,AA,TT,0,TT,GA,CC,CC,AA,GG,TT,GG,CC,CC,CC,TT,0,0,AG,TT,AA,GG,TT,GG,TC,GA,GG,CC,GG,AA,CC,TT,GG,GG,GG
tissue_marten,0,ORbmt_F02.tr,Nextseq519,MACA_P10B,BMT2,2,CONSENSUS,885211,856822.5,96.75,98%,89,0,GG,AA,CT,GG,CC,AA,GA,TT,GG,CC,CC,TT,AA,TT,TT,TT,CT,CG,AA,GA,CC,CA,AA,AA,GG,CC,CC,GG,CC,TT,0,GA,GG,CC,AA,AG,CC,CC,GG,GG,TT,GA,AA,AG,GT,CT,TT,GG,CT,GT,GC,TT,CC,GA,CC,CC,CT,CC,CC,GA,CC,CC,GG,TT,AA,GG,GA,CC,CC,TT,TT,GG,TT,GA,GG,CC,AA,AA,TT,0,TT,GA,CC,CC,AA,GG,TT,GG,CC,CC,CC,TT,0,0,AG,TT,AA,GG,TT,GG,TC,GA,GG,CC,GG,AA,CC,TT,GG,GG,GG
tissue_marten,NA,NA,Nextseq519,MACA_P10B,BMT3,a,lane1-s231-index--TTGAATCCAA-GTCACGGTGT-MACAP9_F5B_a_S231.assembled,2885,8,0.28,-2%,-2,NA,0,0,0,0,0,0,0,0,0,0,0,0,NA,0,0,0,0,0,0,0,0,0,0,0,0,0,0,0,0,0,0,0,0,0,0,0,0,0,0,0,0,0,0,0,0,0,0,0,0,0,0,0,0,0,0,0,0,0,0,0,0,0,0,0,0,0,0,0,0,0,0,0,0,0,0,0,0,NA,0,0,0,0,0,0,0,0,0,0,0,0,0,0,0,0,0,0,0,0,0,0,0,0,0,0,0,0,0,0,0,0,0
tissue_marten,NA,NA,Nextseq519,MACA_P10B,BMT3,b,lane1-s239-index--ATGATTCCGG-CTCTGACGTG-MACAP9_F5B_b_S239.assembled,18102,3,0.02,-2%,-2,NA,0,0,0,0,0,0,0,0,0,0,0,0,NA,0,0,0,0,0,0,0,0,0,0,0,0,0,0,0,0,0,0,0,0,0,0,0,0,0,0,0,0,0,0,0,0,0,0,NA,0,0,0,0,0,0,0,0,0,0,0,0,0,0,0,0,0,0,0,0,0,0,0,0,0,0,0,0,0,NA,0,0,0,0,0,0,0,0,0,0,0,0,0,0,0,0,NA,0,0,0,0,0,0,NA,NA,0,0,0,0,0,NA,0,0
tissue_marten,1,NA,Nextseq519,MACA_P10B,BMT3,2,CONSENSUS,10493.5,5.5,0.15,-2%,-2,0,0,0,0,0,0,0,0,0,0,0,0,0,0,0,0,0,0,0,0,0,0,0,0,0,0,0,0,0,0,0,0,0,0,0,0,0,0,0,0,0,0,0,0,0,0,0,0,0,0,0,0,0,0,0,0,0,0,0,0,0,0,0,0,0,0,0,0,0,0,0,0,0,0,0,0,0,0,0,0,0,0,0,0,0,0,0,0,0,0,0,0,0,0,0,0,0,0,0,0,0,0,0,0,0,0,0,0,0,0,0,0
tissue_marten,NA,ORbmt_M04.tr,Nextseq519,MACA_P10B,BMT4,a,lane1-s232-index--CACGGCTAGT-GGTGTACAAG-MACAP9_F7B_a_S232.assembled,36495,33524,91.86,95%,86,NA,GG,AA,CT,GG,CC,AA,GG,TT,AA,CC,CC,CC,GG,TC,CT,TT,TT,GG,AG,GG,CC,CC,AA,AA,GG,CC,CC,GA,CC,TT,AA,GA,GG,CC,AG,AG,0,CC,GG,GG,TT,AA,GG,AG,GG,TT,CC,GG,TT,GT,GG,TT,CC,AA,CC,CC,CT,CC,CC,GG,CA,CC,GG,TT,AA,GG,GG,CC,CC,TT,0,GG,TT,GA,GA,CC,AA,AA,GT,0,TT,GG,CC,CC,AA,GG,TT,GG,0,TC,CC,TT,GG,GG,AG,CT,AA,GG,TT,GG,TC,AA,GG,CC,GG,AA,CC,TT,GG,GG,GG
tissue_marten,NA,ORbmt_M04.tr,Nextseq519,MACA_P10B,BMT4,b,lane1-s240-index--TTAGGCTCAA-TCGAATGGAA-MACAP9_F7B_b_S240.assembled,74267,70060,94.34,91%,83,NA,GG,AA,CT,GG,CC,AA,GG,TT,AA,CC,0,CC,GG,TC,CT,TT,TT,GG,AG,GG,CC,CC,AA,AA,GG,CC,CC,GA,CC,TT,0,GA,GG,CC,AG,AG,0,CC,GG,GG,TT,AA,GG,AG,GG,TT,CC,GG,TT,GT,GG,TT,CC,AA,CC,CC,CT,CC,CC,GG,CA,CC,GG,TT,AA,GG,GG,CC,CC,TT,0,GG,TT,GA,GA,CC,AA,AA,GT,0,0,GG,CC,CC,AA,GG,TT,GG,0,TC,CC,TT,GG,GG,AG,CT,AA,GG,TT,GG,TC,AA,GG,CC,GG,AA,CC,TT,GG,GG,GG
tissue_marten,0,ORbmt_M04.tr,Nextseq519,MACA_P10B,BMT4,2,CONSENSUS,55381,51792,93.1,91%,83,0,GG,AA,CT,GG,CC,AA,GG,TT,AA,CC,0,CC,GG,TC,CT,TT,TT,GG,AG,GG,CC,CC,AA,AA,GG,CC,CC,GA,CC,TT,0,GA,GG,CC,AG,AG,0,CC,GG,GG,TT,AA,GG,AG,GG,TT,CC,GG,TT,GT,GG,TT,CC,AA,CC,CC,CT,CC,CC,GG,CA,CC,GG,TT,AA,GG,GG,CC,CC,TT,0,GG,TT,GA,GA,CC,AA,AA,GT,0,0,GG,CC,CC,AA,GG,TT,GG,0,TC,CC,TT,GG,GG,AG,CT,AA,GG,TT,GG,TC,AA,GG,CC,GG,AA,CC,TT,GG,GG,GG
tissue_marten,NA,ORbmt_M05.tr,Nextseq519,MACA_P10B,BMT5,a,lane1-s241-index--TGTAAGGTGG-AAGGCCTTGG-MACAP9_F8B_a_S241.assembled,80697,76252,94.49,96%,87,NA,GG,AA,CC,GG,CC,AA,GG,TT,GG,TT,CC,TT,GG,TT,CC,TT,TT,CG,AG,GG,CC,CC,CC,AA,GG,TC,TC,GG,CC,TT,0,GA,GG,CT,GG,GG,CC,CC,GG,GG,TT,GG,AG,AG,TT,TT,CC,AG,CC,GG,GC,TT,CC,AA,CC,CC,CT,CC,CC,GG,CC,CC,GG,TT,AG,0,GA,CC,CC,TT,TT,GG,TT,GG,GA,CC,AA,AA,TT,0,TT,GG,CC,CC,AA,GG,TT,GG,CC,TC,CC,TT,GG,GG,GG,CC,GA,GG,CT,GG,TC,GG,GG,CC,GG,AA,CC,TT,GG,GG,0
tissue_marten,NA,ORbmt_M05.tr,Nextseq519,MACA_P10B,BMT5,b,lane1-s249-index--CTGAATTAGT-AATTCGATCG-MACAP9_F8B_b_S249.assembled,64431,60813,94.38,96%,87,NA,GG,AA,CC,GG,CC,AA,GG,TT,GG,TT,CC,TT,GG,TT,CC,TT,TT,CG,AG,GG,CC,CC,CC,AA,GG,TC,TC,GG,CC,TT,0,GA,GG,CT,GG,GG,CC,CC,GG,GG,TT,GG,0,AG,TT,TT,CC,AG,CC,GG,GC,TT,CC,AA,CC,CC,CT,CC,CC,GG,CC,CC,GG,TT,AG,0,GA,CC,CC,TT,TT,GG,TT,GG,GA,CC,AA,AA,TT,GG,TT,GG,CC,CC,AA,GG,TT,GG,CC,TC,CC,TT,GG,GG,GG,CC,GA,GG,CT,GG,TC,GG,GG,CC,GG,AA,CC,TT,GG,GG,0
tissue_marten,0,ORbmt_M05.tr,Nextseq519,MACA_P10B,BMT5,2,CONSENSUS,72564,68532.5,94.435,95%,86,0,GG,AA,CC,GG,CC,AA,GG,TT,GG,TT,CC,TT,GG,TT,CC,TT,TT,CG,AG,GG,CC,CC,CC,AA,GG,TC,TC,GG,CC,TT,0,GA,GG,CT,GG,GG,CC,CC,GG,GG,TT,GG,0,AG,TT,TT,CC,AG,CC,GG,GC,TT,CC,AA,CC,CC,CT,CC,CC,GG,CC,CC,GG,TT,AG,0,GA,CC,CC,TT,TT,GG,TT,GG,GA,CC,AA,AA,TT,0,TT,GG,CC,CC,AA,GG,TT,GG,CC,TC,CC,TT,GG,GG,GG,CC,GA,GG,CT,GG,TC,GG,GG,CC,GG,AA,CC,TT,GG,GG,0
tissue_marten,NA,ORbmt_M06.tr,Nextseq519,MACA_P10B,BMT6,a,lane1-s242-index--CAACTGCAAC-TGAACGCAAC-MACAP9_F10_a_S242.assembled,100501,97531,97.04,96%,87,NA,GG,AC,CC,GG,CC,AA,GG,TT,AA,CT,CC,CC,AA,TC,CT,TT,CC,GG,AG,GA,CC,AA,CA,AA,GG,TC,TT,GG,CC,TT,0,AA,GG,CT,AA,GG,0,CC,GG,GG,TT,GG,GG,AG,GT,CT,TC,AA,CT,GT,GG,TT,CC,GA,CC,CC,TT,CC,CC,GG,AA,CC,GG,TT,AA,0,GA,CC,CC,TT,TT,GG,TT,GA,GG,CC,AA,AA,TT,AG,TT,GA,CC,CC,AA,GG,TT,GG,CC,TC,CT,TT,GG,GG,AA,CT,GA,GG,CC,GG,TC,GA,GG,CC,GG,AA,CC,TT,GG,GG,0
tissue_marten,NA,ORbmt_M06.tr,Nextseq519,MACA_P10B,BMT6,b,lane1-s250-index--TAAGGAGGAA-TTCCGACATT-MACAP9_F10_b_S250.assembled,80934,78577,97.09,96%,87,NA,GG,AC,CC,GG,CC,AA,GG,TT,AA,CT,CC,CC,AA,TC,CT,TT,CC,GG,AG,GA,CC,AA,CA,AA,GG,TC,TT,GG,CC,TT,0,AA,GG,CT,AA,GG,0,CC,GG,GG,TT,GG,GG,AG,GT,CT,TC,AA,CT,GT,GG,TT,CC,GA,CC,CC,TT,CC,CC,GG,AA,CC,GG,TT,AA,0,GA,CC,CC,TT,TT,GG,TT,GA,GG,CC,AA,AA,TT,AG,TT,GA,CC,CC,AA,GG,TT,GG,CC,TC,CT,TT,GG,GG,AA,CT,GA,GG,CC,GG,TC,GA,GG,CC,GG,AA,CC,TT,GG,GG,0
tissue_marten,0,ORbmt_M06.tr,Nextseq519,MACA_P10B,BMT6,2,CONSENSUS,90717.5,88054,97.065,96%,87,0,GG,AC,CC,GG,CC,AA,GG,TT,AA,CT,CC,CC,AA,TC,CT,TT,CC,GG,AG,GA,CC,AA,CA,AA,GG,TC,TT,GG,CC,TT,0,AA,GG,CT,AA,GG,0,CC,GG,GG,TT,GG,GG,AG,GT,CT,TC,AA,CT,GT,GG,TT,CC,GA,CC,CC,TT,CC,CC,GG,AA,CC,GG,TT,AA,0,GA,CC,CC,TT,TT,GG,TT,GA,GG,CC,AA,AA,TT,AG,TT,GA,CC,CC,AA,GG,TT,GG,CC,TC,CT,TT,GG,GG,AA,CT,GA,GG,CC,GG,TC,GA,GG,CC,GG,AA,CC,TT,GG,GG,0
tissue_marten,NA,ORbmt_M07.tr,Nextseq519,MACA_P10B,BMT7,a,lane1-s243-index--ACATGAGTGA-CCGCTTAGCT-MACAP9_F11_a_S243.assembled,121231,115366,95.16,99%,90,NA,GG,AA,CC,GG,CC,AA,GG,TT,GG,CT,CC,TC,AA,TT,CC,TT,TT,GG,AG,GG,CC,CA,AA,GG,AA,CC,TC,GG,CC,AT,AA,GG,GA,CC,GG,AG,CC,CC,GG,GG,TT,GA,AG,AA,TT,CT,TT,AG,TT,GT,GG,TT,CT,AA,CC,CC,CC,CC,CC,GG,CA,CC,GG,TT,AG,GG,GA,CC,CC,TT,TT,GG,TT,GG,GA,CC,AA,AA,GT,GG,TT,GG,CC,CC,AA,GG,TT,GG,CC,TC,CC,CT,GG,GG,AA,CT,GA,GG,TT,GG,TT,AA,GG,CC,GG,AA,CC,TT,GG,GG,GG
tissue_marten,NA,ORbmt_M07.tr,Nextseq519,MACA_P10B,BMT7,b,lane1-s251-index--AGCTTACACA-TGGCACGACC-MACAP9_F11_b_S251.assembled,373901,358617,95.91,99%,90,NA,GG,AA,CC,GG,CC,AA,GG,TT,GG,CT,CC,TC,0,TT,CC,TT,TT,GG,AG,GG,CC,CA,AA,GG,AA,CC,TC,GG,CC,AT,AA,GG,GA,CC,GG,AG,CC,CC,GG,GG,TT,GA,AG,AA,TT,CT,TT,AG,TT,GT,GG,TT,CT,AA,CC,CC,CC,CC,CC,GG,CA,CC,GG,TT,AG,GG,GA,CC,CC,TT,TT,GG,TT,GG,GA,CC,AA,AA,GT,GG,TT,GG,CC,CC,AA,GG,TT,GG,CC,TC,CC,CT,GG,GG,AA,CT,GA,GG,TT,GG,TT,AA,GG,CC,GG,AA,CC,TT,GG,GG,GG
tissue_marten,0,ORbmt_M07.tr,Nextseq519,MACA_P10B,BMT7,2,CONSENSUS,247566,236991.5,95.535,99%,90,0,GG,AA,CC,GG,CC,AA,GG,TT,GG,CT,CC,TC,AA,TT,CC,TT,TT,GG,AG,GG,CC,CA,AA,GG,AA,CC,TC,GG,CC,AT,AA,GG,GA,CC,GG,AG,CC,CC,GG,GG,TT,GA,AG,AA,TT,CT,TT,AG,TT,GT,GG,TT,CT,AA,CC,CC,CC,CC,CC,GG,CA,CC,GG,TT,AG,GG,GA,CC,CC,TT,TT,GG,TT,GG,GA,CC,AA,AA,GT,GG,TT,GG,CC,CC,AA,GG,TT,GG,CC,TC,CC,CT,GG,GG,AA,CT,GA,GG,TT,GG,TT,AA,GG,CC,GG,AA,CC,TT,GG,GG,GG
tissue_marten,NA,ORbmt_F08.tr,Nextseq519,MACA_P10B,BMT8,a,lane1-s244-index--GCAACCAGTC-CACCGAGGAA-MACAP9_M1A_a_S244.assembled,38319,35948,93.81,98%,89,NA,GG,AA,CT,GG,CC,AA,GA,TT,GA,CC,CC,TC,AA,CC,CC,TT,TT,CG,AA,GA,CC,CA,CA,AA,GG,CC,TC,GA,CC,TT,AA,GA,GG,CC,AA,AG,CC,CC,GG,GG,TT,AA,AA,GG,GT,TT,TC,GG,TT,GG,GC,TT,CT,GA,CC,CC,CC,CC,CC,GG,CC,CC,GG,TT,AA,GG,GA,CC,CC,TT,0,GG,TT,GG,GG,CC,AA,AA,TT,AG,TT,GA,CC,CC,AA,GC,TT,GG,CC,TT,CT,TT,0,0,AG,CT,GA,GG,TT,GG,CC,AA,GG,CC,GG,AA,CC,TT,GG,GG,GG
tissue_marten,NA,ORbmt_F08.tr,Nextseq519,MACA_P10B,BMT8,b,lane1-s252-index--AACCAGCCAC-GCCACAGCAC-MACAP9_M1A_b_S252.assembled,405673,384411,94.76,100%,91,NA,GG,AA,CT,GG,CC,AA,GA,TT,GA,CC,CC,TC,AA,CC,CC,TT,TT,CG,AA,GA,CC,CA,CA,AA,GG,CC,TC,GA,CC,TT,AA,GA,GG,CC,AA,AG,CC,CC,GG,GG,TT,AA,AA,GG,GT,TT,TC,GG,TT,GG,GC,TT,CT,GA,CC,CC,CC,CC,CC,GG,CC,CC,GG,TT,AA,GG,GA,CC,CC,TT,TT,GG,TT,GG,GG,CC,AA,AA,TT,AG,TT,GA,CC,CC,AA,GC,TT,GG,CC,TT,CT,TT,0,0,AG,CT,GA,GG,TT,GG,CC,AA,GG,CC,GG,AA,CC,TT,GG,GG,GG
tissue_marten,0,ORbmt_F08.tr,Nextseq519,MACA_P10B,BMT8,2,CONSENSUS,221996,210179.5,94.285,98%,89,0,GG,AA,CT,GG,CC,AA,GA,TT,GA,CC,CC,TC,AA,CC,CC,TT,TT,CG,AA,GA,CC,CA,CA,AA,GG,CC,TC,GA,CC,TT,AA,GA,GG,CC,AA,AG,CC,CC,GG,GG,TT,AA,AA,GG,GT,TT,TC,GG,TT,GG,GC,TT,CT,GA,CC,CC,CC,CC,CC,GG,CC,CC,GG,TT,AA,GG,GA,CC,CC,TT,0,GG,TT,GG,GG,CC,AA,AA,TT,AG,TT,GA,CC,CC,AA,GC,TT,GG,CC,TT,CT,TT,0,0,AG,CT,GA,GG,TT,GG,CC,AA,GG,CC,GG,AA,CC,TT,GG,GG,GG
tissue_marten,NA,ORbmt_M09.tr,Nextseq519,MACA_P10B,BMT9,a,lane1-s245-index--GAGCGACGAT-CGTATAATCA-MACAP9_M2A_a_S245.assembled,2147738,2075188,96.62,99%,90,NA,GG,AC,CT,GG,CC,AA,GG,TT,GG,TT,CC,TC,AA,TC,CT,TT,CC,GG,AG,GG,CC,AA,AA,AA,AA,CC,TC,AA,CC,TT,AG,GG,GG,CT,AG,AG,CC,CC,GG,GG,TT,GG,AG,GG,GT,TT,TT,AG,TT,GG,GG,TT,CT,GG,CC,CC,CC,CC,CC,GG,CA,CC,GG,TT,AA,GG,GA,CC,TC,TG,TT,GG,TT,GG,GA,CC,AA,AA,GG,0,TT,GG,CC,CC,AA,GG,GT,GG,CC,CC,CT,CT,GG,GG,AA,CT,GG,GG,CT,GG,CC,AA,GG,CC,GG,AA,CC,TT,GG,GG,GG
tissue_marten,NA,ORbmt_M09.tr,Nextseq519,MACA_P10B,BMT9,b,lane1-s253-index--CTTAAGTCGA-CAGTAGTTGT-MACAP9_M2A_b_S253.assembled,3881504,3754825,96.74,99%,90,NA,GG,AC,CT,GG,CC,AA,GG,TT,GG,TT,CC,TC,AA,TC,CT,TT,CC,GG,AG,GG,CC,AA,AA,AA,AA,CC,TC,AA,CC,TT,AG,GG,GG,CT,AG,AG,CC,CC,GG,GG,TT,GG,AG,GG,GT,TT,TT,AG,TT,GG,GG,TT,CT,GG,CC,CC,CC,CC,CC,GG,CA,CC,GG,TT,AA,GG,GA,CC,TC,TG,TT,GG,TT,GG,GA,CC,AA,AA,GG,0,TT,GG,CC,CC,AA,GG,GT,GG,CC,CC,CT,CT,GG,GG,AA,CT,GG,GG,CT,GG,CC,AA,GG,CC,GG,AA,CC,TT,GG,GG,GG
tissue_marten,0,ORbmt_M09.tr,Nextseq519,MACA_P10B,BMT9,2,CONSENSUS,3014621,2915006.5,96.68,99%,90,0,GG,AC,CT,GG,CC,AA,GG,TT,GG,TT,CC,TC,AA,TC,CT,TT,CC,GG,AG,GG,CC,AA,AA,AA,AA,CC,TC,AA,CC,TT,AG,GG,GG,CT,AG,AG,CC,CC,GG,GG,TT,GG,AG,GG,GT,TT,TT,AG,TT,GG,GG,TT,CT,GG,CC,CC,CC,CC,CC,GG,CA,CC,GG,TT,AA,GG,GA,CC,TC,TG,TT,GG,TT,GG,GA,CC,AA,AA,GG,0,TT,GG,CC,CC,AA,GG,GT,GG,CC,CC,CT,CT,GG,GG,AA,CT,GG,GG,CT,GG,CC,AA,GG,CC,GG,AA,CC,TT,GG,GG,GG
tissue_marten,NA,WAcasc_M215.tr,Nextseq519,MACA_P10B,C21_215,a,lane1-s227-index--AAGTTCTAGT-GGTAAGATAA-MACAP9_MACA18_a_S227.assembled,13504,12946,95.87,85%,77,NA,GG,AA,CT,GG,CC,AA,GG,0,AA,0,0,CC,0,CC,0,TT,CT,GG,AG,GA,CT,CA,CA,0,GG,CC,TT,GA,CC,TT,0,GG,GG,CC,AG,AG,TT,CC,GG,GG,TT,GG,GG,AG,GG,TT,CC,AG,CC,GG,CC,TT,CC,GA,CC,CC,0,CC,CC,GG,CC,CC,GC,TT,AG,GG,GG,CC,CC,TG,0,GT,AT,GG,AA,CC,AA,AA,TT,0,0,GG,CC,CT,AA,GG,GT,GG,0,CC,CC,0,0,GG,AG,CC,GG,GG,CT,GG,TC,GG,GG,CC,GG,AA,CC,TT,GG,GG,GG
tissue_marten,NA,WAcasc_M215.tr,Nextseq519,MACA_P10B,C21_215,b,lane1-s235-index--CAATCCTTGT-CGAAGACGCA-MACAP9_MACA18_b_S235.assembled,51126,49195,96.22,96%,87,NA,GG,AA,CT,GG,CC,AA,GG,AA,AA,TT,CT,CC,GG,CC,CT,TT,CT,GG,AG,GA,CT,CA,CA,AG,GG,CC,TT,GA,CC,TT,0,GG,GG,CC,AG,AG,TT,CC,GG,GG,TT,GG,GG,AG,GG,TT,CC,AG,CC,GG,CC,TT,CC,GA,CC,CC,CC,CC,CC,GG,CC,CC,GC,TT,AG,GG,GG,CC,CC,TG,0,GT,AT,GG,AA,CC,AA,AA,TT,0,GG,GG,CC,CT,AA,GG,GT,GG,CC,CC,CC,TT,GG,GG,AG,CC,GG,GG,CT,GG,TC,GG,GG,CC,GG,AA,CC,TT,GG,GG,GG
tissue_marten,0,WAcasc_M215.tr,Nextseq519,MACA_P10B,C21_215,2,CONSENSUS,32315,31070.5,96.045,86%,78,0,GG,AA,CT,GG,CC,AA,GG,0,AA,0,0,CC,GG,CC,0,TT,CT,GG,AG,GA,CT,CA,CA,0,GG,CC,TT,GA,CC,TT,0,GG,GG,CC,AG,AG,TT,CC,GG,GG,TT,GG,GG,AG,GG,TT,CC,AG,CC,GG,CC,TT,CC,GA,CC,CC,0,CC,CC,GG,CC,CC,GC,TT,AG,GG,GG,CC,CC,TG,0,GT,AT,GG,AA,CC,AA,AA,TT,0,0,GG,CC,CT,AA,GG,GT,GG,0,CC,CC,0,0,GG,AG,CC,GG,GG,CT,GG,TC,GG,GG,CC,GG,AA,CC,TT,GG,GG,GG
tissue_marten,NA,ORcasc_F252.tr,Nextseq519,MACA_P10B,D11_252,a,lane1-s211-index--CACCTAGCAC-TGCTGGACAT-MACAP9_SiusRdk1_a_S211.assembled,202127,182968,90.52,100%,91,NA,GG,AA,CC,GG,TC,AA,AA,AA,GG,CC,CT,TT,AA,TC,CT,TC,CT,CG,AG,GG,CC,CC,CA,AA,GG,CC,CC,AA,CC,AA,AA,GA,GA,CT,AG,AG,CC,CC,GG,AA,TT,GA,AG,AA,GT,CT,TT,AG,CC,GT,GC,TT,CT,GA,CC,CC,CC,CT,CC,GA,CC,TC,GC,TT,AA,CC,GA,CC,CC,TG,TA,GG,AT,AA,GG,TT,AA,AA,TT,GG,TT,GA,CC,CC,AA,GC,GT,GG,AA,TC,CC,CT,0,0,GG,CT,GG,GA,CT,GG,TT,GG,GG,CC,GG,AA,CC,TT,GG,GG,CC
tissue_marten,NA,ORcasc_F252.tr,Nextseq519,MACA_P10B,D11_252,b,lane1-s219-index--GGCACTAAGG-TCAGGTCAAC-MACAP9_SiusRdk1_b_S219.assembled,118155,104654,88.57,98%,89,NA,GG,AA,CC,GG,TC,AA,AA,AA,GG,CC,CT,TT,AA,TC,CT,TC,CT,CG,AG,GG,CC,CC,CA,AA,GG,CC,CC,AA,CC,AA,AA,GA,GA,CT,AG,AG,CC,CC,GG,AA,TT,GA,AG,AA,GT,CT,TT,AG,CC,GT,GC,TT,CT,GA,CC,CC,CC,CT,CC,GA,CC,TC,GC,TT,AA,CC,GA,CC,CC,TG,TA,GG,AT,AA,GG,TT,AA,AA,TT,0,TT,GA,CC,CC,AA,GC,GT,GG,AA,TC,CC,CT,0,0,GG,CT,GG,GA,CT,GG,TT,GG,GG,CC,GG,AA,CC,TT,GG,GG,CC
tissue_marten,0,ORcasc_F252.tr,Nextseq519,MACA_P10B,D11_252,2,CONSENSUS,160141,143811,89.545,98%,89,0,GG,AA,CC,GG,TC,AA,AA,AA,GG,CC,CT,TT,AA,TC,CT,TC,CT,CG,AG,GG,CC,CC,CA,AA,GG,CC,CC,AA,CC,AA,AA,GA,GA,CT,AG,AG,CC,CC,GG,AA,TT,GA,AG,AA,GT,CT,TT,AG,CC,GT,GC,TT,CT,GA,CC,CC,CC,CT,CC,GA,CC,TC,GC,TT,AA,CC,GA,CC,CC,TG,TA,GG,AT,AA,GG,TT,AA,AA,TT,0,TT,GA,CC,CC,AA,GC,GT,GG,AA,TC,CC,CT,0,0,GG,CT,GG,GA,CT,GG,TT,GG,GG,CC,GG,AA,CC,TT,GG,GG,CC
tissue_marten,NA,ORcasc_F258.tr,Nextseq519,MACA_P10B,D11_258,a,lane1-s212-index--TTCAAGTATG-GATGGTATCG-MACAP9_SiusRdk2_a_S212.assembled,30518,26718,87.55,96%,87,NA,GA,AA,CC,GG,TT,AG,GA,AT,GA,CT,CC,TC,AA,TC,CT,TT,TT,CG,AG,GG,CT,CC,CC,AA,GG,TC,CC,AA,CC,AT,AA,GA,GA,CT,AA,GG,CT,CC,GA,GG,TT,GG,AG,AA,GT,TT,CC,AA,CT,GT,GC,TT,CC,GA,CC,CC,CT,CC,CC,GG,CC,CC,GC,CC,AA,CC,GA,CC,TC,TG,0,GT,AT,GG,GG,CC,AA,AA,GG,AG,0,GG,CC,CC,AA,GC,GG,GG,0,TC,CC,CC,0,0,GG,CT,GG,GG,CC,GG,TT,GA,GG,CC,GG,AA,CC,TT,GG,GG,CC
tissue_marten,NA,ORcasc_F258.tr,Nextseq519,MACA_P10B,D11_258,b,lane1-s220-index--ATTCGGTACA-AGTCCGAGGA-MACAP9_SiusRdk2_b_S220.assembled,74811,66015,88.24,98%,89,NA,GA,AA,CC,GG,TT,AG,GA,AT,GA,CT,CC,TC,AA,TC,CT,TT,TT,CG,AG,GG,CT,CC,CC,AA,GG,TC,CC,AA,CC,AT,AA,GA,GA,CT,AA,GG,CT,CC,GA,GG,TT,GG,AG,AA,GT,TT,CC,AA,CT,GT,GC,TT,CC,GA,CC,CC,CT,CC,CC,GG,CC,CC,GC,CC,AA,CC,GA,CC,TC,TG,TT,GT,AT,GG,GG,CC,AA,AA,GG,0,TG,GG,CC,CC,AA,GC,GG,GG,CC,TC,CC,CC,0,0,GG,CT,GG,GG,CC,GG,TT,GA,GG,CC,GG,AA,CC,TT,GG,GG,CC
tissue_marten,0,ORcasc_F258.tr,Nextseq519,MACA_P10B,D11_258,2,CONSENSUS,52664.5,46366.5,87.895,95%,86,0,GA,AA,CC,GG,TT,AG,GA,AT,GA,CT,CC,TC,AA,TC,CT,TT,TT,CG,AG,GG,CT,CC,CC,AA,GG,TC,CC,AA,CC,AT,AA,GA,GA,CT,AA,GG,CT,CC,GA,GG,TT,GG,AG,AA,GT,TT,CC,AA,CT,GT,GC,TT,CC,GA,CC,CC,CT,CC,CC,GG,CC,CC,GC,CC,AA,CC,GA,CC,TC,TG,0,GT,AT,GG,GG,CC,AA,AA,GG,0,0,GG,CC,CC,AA,GC,GG,GG,0,TC,CC,CC,0,0,GG,CT,GG,GG,CC,GG,TT,GA,GG,CC,GG,AA,CC,TT,GG,GG,CC
tissue_marten,NA,ORcasc_M259.tr,Nextseq519,MACA_P10B,D11_259,a,lane1-s213-index--TTAAGACAAG-GGCTTAATTG-MACAP9_SWOR16-2_a_S213.assembled,1883824,1820443,96.64,100%,91,NA,GG,AA,CC,GG,TC,AG,GA,AA,GA,CC,CT,TC,GG,CC,CT,TT,CT,CG,GG,GG,CC,CC,CC,AA,GG,TT,CC,GA,CC,TT,AA,GA,AA,CT,AG,AG,CT,CC,AA,GG,TT,GG,AG,AG,GT,TT,CC,AA,CT,TT,CC,TT,CC,AA,CT,CC,TT,CC,CC,GA,AA,TT,GG,TC,AA,CC,GA,CT,TT,TT,TT,GG,AT,GG,GG,CC,AA,AA,GG,GG,TT,GA,CC,CC,AA,GC,GT,GG,CC,TC,CC,CT,GG,GG,GG,CT,GG,GG,CC,GG,TC,GA,GG,CC,GG,AA,CC,TT,GG,GG,CC
tissue_marten,NA,ORcasc_M259.tr,Nextseq519,MACA_P10B,D11_259,b,lane1-s221-index--ACTAATCTCC-CACTTAATCT-MACAP9_SWOR16-2_b_S221.assembled,1406626,1359004,96.61,100%,91,NA,GG,AA,CC,GG,TC,AG,GA,AA,GA,CC,CT,TC,GG,CC,CT,TT,CT,CG,GG,GG,CC,CC,CC,AA,GG,TT,CC,GA,CC,TT,AA,GA,AA,CT,AG,AG,CT,CC,AA,GG,TT,GG,AG,AG,GT,TT,CC,AA,CT,TT,CC,TT,CC,AA,CT,CC,TT,CC,CC,GA,AA,TT,GG,TC,AA,CC,GA,CT,TT,TT,TT,GG,AT,GG,GG,CC,AA,AA,GG,GG,TT,GA,CC,CC,AA,GC,GT,GG,CC,TC,CC,CT,GG,GG,GG,CT,GG,GG,CC,GG,TC,GA,GG,CC,GG,AA,CC,TT,GG,GG,CC
tissue_marten,0,ORcasc_M259.tr,Nextseq519,MACA_P10B,D11_259,2,CONSENSUS,1645225,1589723.5,96.625,100%,91,0,GG,AA,CC,GG,TC,AG,GA,AA,GA,CC,CT,TC,GG,CC,CT,TT,CT,CG,GG,GG,CC,CC,CC,AA,GG,TT,CC,GA,CC,TT,AA,GA,AA,CT,AG,AG,CT,CC,AA,GG,TT,GG,AG,AG,GT,TT,CC,AA,CT,TT,CC,TT,CC,AA,CT,CC,TT,CC,CC,GA,AA,TT,GG,TC,AA,CC,GA,CT,TT,TT,TT,GG,AT,GG,GG,CC,AA,AA,GG,GG,TT,GA,CC,CC,AA,GC,GT,GG,CC,TC,CC,CT,GG,GG,GG,CT,GG,GG,CC,GG,TC,GA,GG,CC,GG,AA,CC,TT,GG,GG,CC
tissue_marten,NA,ORcasc_M260.tr,Nextseq519,MACA_P10B,D11_260,a,lane1-s215-index--TTCTCGTGCA-ATACACAGAG-MACAP9_COMA6860_a_S215.assembled,1118802,1037895,92.77,95%,86,NA,GG,CC,CT,GG,TC,AA,GA,AT,GG,CT,CT,TT,0,CC,CT,TT,CC,CG,AA,GG,TT,CC,AA,AA,GG,TC,CC,AA,CC,AT,AA,AA,GA,CC,AA,AG,CC,CC,GG,GG,TC,AA,AG,AG,TT,TT,TC,AA,CC,GT,CC,TT,CT,GA,CC,CC,TT,CC,CC,GA,CC,CC,GG,TC,AA,CC,GG,CT,TC,TG,0,GG,AA,GG,GG,CC,AA,AA,GG,AG,TT,GA,CC,CC,AA,CC,GG,GG,0,TC,0,CC,GG,GG,GG,CT,GG,GG,CC,GG,TC,GG,GG,CC,0,AA,CC,TT,GG,GG,CC
tissue_marten,NA,ORcasc_M260.tr,Nextseq519,MACA_P10B,D11_260,b,lane1-s223-index--CAACGACCTA-GCGACTCGAT-MACAP9_COMA6860_b_S223.assembled,1817125,1687104,92.84,92%,84,NA,GG,CC,CT,GG,TC,AA,GA,AT,GG,CT,0,TT,0,CC,CT,TT,CC,CG,AA,GG,TT,CC,AA,AA,GG,TC,CC,AA,CC,AT,AA,AA,GA,CC,AA,AG,CC,CC,GG,GG,TC,AA,AG,AG,TT,TT,TC,AA,CC,GT,CC,TT,CT,GA,CC,CC,TT,CC,CC,GA,CC,CC,GG,TC,AA,CC,GG,CT,TC,TG,0,GG,AA,GG,GG,CC,AA,AA,0,AG,0,GA,CC,CC,AA,CC,GG,GG,0,TC,CC,CC,GG,GG,GG,CT,GG,GG,CC,GG,TC,GG,GG,CC,GG,AA,CC,TT,GG,GG,CC
tissue_marten,0,ORcasc_M260.tr,Nextseq519,MACA_P10B,D11_260,2,CONSENSUS,1467963.5,1362499.5,92.805,91%,83,0,GG,CC,CT,GG,TC,AA,GA,AT,GG,CT,0,TT,0,CC,CT,TT,CC,CG,AA,GG,TT,CC,AA,AA,GG,TC,CC,AA,CC,AT,AA,AA,GA,CC,AA,AG,CC,CC,GG,GG,TC,AA,AG,AG,TT,TT,TC,AA,CC,GT,CC,TT,CT,GA,CC,CC,TT,CC,CC,GA,CC,CC,GG,TC,AA,CC,GG,CT,TC,TG,0,GG,AA,GG,GG,CC,AA,AA,0,AG,0,GA,CC,CC,AA,CC,GG,GG,0,TC,0,CC,GG,GG,GG,CT,GG,GG,CC,GG,TC,GG,GG,CC,0,AA,CC,TT,GG,GG,CC
tissue_marten,NA,ORcasc_M261.tr,Nextseq519,MACA_P10B,D11_261,a,lane1-s214-index--CACCTCTCTT-CTCGACTCCT-MACAP9_COMA6856_a_S214.assembled,969561,932730,96.2,84%,76,NA,AA,CC,TT,GG,TT,GG,GA,AA,GG,CC,CC,TT,GG,CC,CC,TT,CC,0,AA,AA,CC,CC,CA,AA,0,TT,CC,GA,CC,TT,AA,GA,0,0,AG,AA,CC,CC,GA,GG,CC,GG,0,AA,GG,CC,TT,0,CC,0,GC,TT,0,GG,0,0,CC,CC,0,GG,CC,TC,GG,TC,AA,GG,GA,CT,TC,TT,TA,GT,AA,AA,GG,CC,AA,AA,GT,0,TT,GG,CG,0,GG,0,TT,AA,AA,CC,CC,CT,GG,GG,GG,TT,GG,AA,CC,GG,TT,GG,AA,CC,,AA,CC,TT,0,GG,GG
tissue_marten,NA,ORcasc_M261.tr,Nextseq519,MACA_P10B,D11_261,b,lane1-s222-index--TGTGTTAGTA-TACTCTGTTA-MACAP9_COMA6856_b_S222.assembled,914272,875564,95.77,84%,76,NA,AA,CC,TT,GG,TT,GG,GA,AA,GG,CC,CC,TT,GG,CC,CC,TT,CC,0,AA,AA,CC,CC,CA,AA,0,TT,CC,GA,CC,TT,AA,GA,0,0,AG,AA,CC,CC,GA,GG,CC,GG,0,AA,GG,CC,TT,0,CC,0,GC,TT,0,GG,0,0,CC,CC,0,GG,CC,TC,GG,TC,AA,GG,GA,CT,TC,TT,TA,GT,AA,AA,GG,CC,AA,AA,GT,0,TT,GG,CG,0,GG,0,TT,AA,AA,CC,CC,CT,GG,GG,GG,TT,GG,AA,CC,GG,TT,GG,AA,CC,,AA,CC,TT,0,GG,GG
tissue_marten,0,ORcasc_M261.tr,Nextseq519,MACA_P10B,D11_261,2,CONSENSUS,941916.5,904147,95.985,84%,76,0,AA,CC,TT,GG,TT,GG,GA,AA,GG,CC,CC,TT,GG,CC,CC,TT,CC,0,AA,AA,CC,CC,CA,AA,0,TT,CC,GA,CC,TT,AA,GA,0,0,AG,AA,CC,CC,GA,GG,CC,GG,0,AA,GG,CC,TT,0,CC,0,GC,TT,0,GG,0,0,CC,CC,0,GG,CC,TC,GG,TC,AA,GG,GA,CT,TC,TT,TA,GT,AA,AA,GG,CC,AA,AA,GT,0,TT,GG,CG,0,GG,0,TT,AA,AA,CC,CC,CT,GG,GG,GG,CT,GG,AA,CC,GG,TT,GG,AA,CC,0,AA,CC,TT,0,GG,GG
tissue_marten,NA,WAcasc_M40858.tr,Nextseq519,MACA_P10B,E40858,a,lane1-s226-index--CTCGTAGGCA-TCATCCTCTT-MACAP9_MACA01_a_S226.assembled,108679,103072,94.84,63%,57,NA,AA,CC,TT,GG,TT,GG,0,AA,0,CC,0,0,GG,0,CC,0,CC,0,AA,AA,CC,CC,CA,AA,0,TT,CC,0,CC,0,AA,0,0,0,AG,AA,CC,0,GA,GG,CC,GG,0,AA,GG,CC,TT,0,CC,0,GC,TT,0,GG,0,0,CC,CC,0,GG,CC,TC,GG,TC,AA,0,GA,CT,TC,TT,0,GT,AA,AA,GG,CC,AA,AA,0,0,0,GG,0,0,GG,0,0,AA,0,CC,0,0,0,GG,GG,0,GG,AA,CC,GG,TT,GG,AA,CC,,AA,0,TT,0,GG,0
tissue_marten,NA,WAcasc_M40858.tr,Nextseq519,MACA_P10B,E40858,b,lane1-s234-index--AGCTAGCTTC-TAATACGGAG-MACAP9_MACA01_b_S234.assembled,56298,53115,94.35,80%,73,NA,AA,CC,TT,GG,TT,GG,GA,AA,GG,CC,CC,TT,GG,CC,CC,TT,CC,0,AA,AA,CC,CC,CA,AA,0,TT,CC,GA,CC,0,AA,GA,0,0,AG,AA,CC,CC,GA,GG,CC,GG,0,AA,GG,CC,TT,0,CC,0,GC,TT,0,GG,0,0,CC,CC,0,GG,CC,TC,GG,TC,AA,0,GA,CT,TC,TT,TA,GT,AA,AA,GG,CC,AA,AA,GT,0,TT,GG,CG,0,GG,0,TT,AA,0,CC,CC,CT,0,GG,GG,TT,GG,AA,CC,GG,TT,GG,AA,CC,,AA,CC,TT,0,GG,0
tissue_marten,0.5,WAcasc_M40858.tr,Nextseq519,MACA_P10B,E40858,2,CONSENSUS,82488.5,78093.5,94.595,63%,57,0,AA,CC,TT,GG,TT,GG,0,AA,0,CC,0,0,GG,0,CC,0,CC,0,AA,AA,CC,CC,CA,AA,0,TT,CC,0,CC,0,AA,0,0,0,AG,AA,CC,0,GA,GG,CC,GG,0,AA,GG,CC,TT,0,CC,0,GC,TT,0,GG,0,0,CC,CC,0,GG,CC,TC,GG,TC,AA,0,GA,CT,TC,TT,0,GT,AA,AA,GG,CC,AA,AA,0,0,0,GG,0,0,GG,0,0,AA,0,CC,0,0,0,GG,GG,CC,GG,AA,CC,GG,TC,GG,AA,CC,0,AA,0,TT,0,GG,0
tissue_marten,NA,ORcasc_M40404.tr,Nextseq519,MACA_P10B,G40404,a,lane1-s216-index--GCTAGGAAGT-TCTCGGACGA-MACAP9_MACAHUF05_a_S216.assembled,53732,43826,81.56,98%,89,NA,GG,AA,CC,GG,TC,AA,GA,AT,GA,CT,CT,TT,GG,TC,CC,TT,CC,GG,AG,GA,CC,CC,CC,AA,GG,CC,TC,AA,CC,AT,AA,GG,GA,TT,AG,AG,CT,CC,GA,GG,TT,GA,AG,AG,GT,CC,TC,GG,CT,TT,CC,TC,CT,AA,CT,CC,CT,CC,CC,GG,CC,TT,GG,CC,AA,CC,GG,CC,CC,TT,0,GG,TT,GA,GA,CC,AA,AA,GT,AA,TT,GG,CC,CC,AA,GG,GT,GG,CC,TT,CT,CC,GG,GG,GG,CC,GG,GA,CC,GG,TC,GA,GG,CC,GG,AA,CC,TT,GG,GG,CC
tissue_marten,NA,ORcasc_M40404.tr,Nextseq519,MACA_P10B,G40404,b,lane1-s224-index--CGGTCGGCAT-CTAGGCAAGG-MACAP9_MACAHUF05_b_S224.assembled,41422,33741,81.46,99%,90,NA,GG,AA,CC,GG,TC,AA,GA,AT,GA,CT,CT,TT,GG,TC,CC,TT,CC,GG,AG,GA,CC,CC,CC,AA,GG,CC,TC,AA,CC,AT,AA,GG,GA,TT,AG,AG,CT,CC,GA,GG,TT,GA,AG,AG,GT,CC,TC,GG,CT,TT,CC,TC,CT,AA,CT,CC,CT,CC,CC,GG,CC,TT,GG,CC,AA,CC,GG,CC,CC,TT,TT,GG,TT,GA,GA,CC,AA,AA,GT,AA,TT,GG,CC,CC,AA,GG,GT,GG,CC,TT,CT,CC,GG,GG,GG,CC,GG,GA,CC,GG,TC,GA,GG,CC,GG,AA,CC,TT,GG,GG,CC
tissue_marten,0,ORcasc_M40404.tr,Nextseq519,MACA_P10B,G40404,2,CONSENSUS,47577,38783.5,81.51,98%,89,0,GG,AA,CC,GG,TC,AA,GA,AT,GA,CT,CT,TT,GG,TC,CC,TT,CC,GG,AG,GA,CC,CC,CC,AA,GG,CC,TC,AA,CC,AT,AA,GG,GA,TT,AG,AG,CT,CC,GA,GG,TT,GA,AG,AG,GT,CC,TC,GG,CT,TT,CC,TC,CT,AA,CT,CC,CT,CC,CC,GG,CC,TT,GG,CC,AA,CC,GG,CC,CC,TT,0,GG,TT,GA,GA,CC,AA,AA,GT,AA,TT,GG,CC,CC,AA,GG,GT,GG,CC,TT,CT,CC,GG,GG,GG,CC,GG,GA,CC,GG,TC,GA,GG,CC,GG,AA,CC,TT,GG,GG,CC
nontarget,NA,MAAM_WA.tr,Nextseq519,MACA_P10B,G40405,a,lane1-s228-index--CCAAGAGGTG-AACGAGCCAG-MACAP9_F1A_a_S228.assembled,206231,197875,95.95,89%,81,NA,GG,AA,CC,GG,TT,GG,GG,AA,0,CC,CC,0,GG,TT,CC,TT,CC,GG,GG,AA,CC,CC,CC,GG,AA,TT,TT,GG,CC,TT,0,GG,GG,CC,GG,GG,0,CC,AA,0,0,AA,GG,GG,GG,TT,CC,AG,TT,GG,GG,CC,CC,GG,CC,CC,CC,CC,CC,GG,CC,TT,CC,CC,0,0,GG,CC,CC,GG,AA,GG,TT,GG,0,TT,AA,AA,GG,GG,TT,GG,CC,CC,AA,GG,GG,GG,AA,CC,CC,CC,GG,GG,GG,TT,0,GG,TT,GG,CC,AA,GG,CC,GG,AA,CC,CC,GG,GG,0
nontarget,NA,MAAM_WA.tr,Nextseq519,MACA_P10B,G40405,b,lane1-s236-index--CACCTGTTGC-ATTGACACAT-MACAP9_F1A_b_S236.assembled,175311,167562,95.58,89%,81,NA,GG,AA,CC,GG,TT,GG,GG,AA,0,CC,CC,0,GG,TT,CC,TT,CC,GG,GG,AA,CC,CC,CC,GG,AA,TT,TT,GG,CC,TT,0,GG,GG,CC,GG,GG,0,CC,AA,0,0,AA,GG,GG,GG,TT,CC,AG,TT,GG,GG,CC,CC,GG,CC,CC,CC,CC,CC,GG,CC,TT,CC,CC,0,0,GG,CC,CC,GG,AA,GG,TT,GG,0,TT,AA,AA,GG,GG,TT,GG,CC,CC,AA,GG,GG,GG,AA,CC,CC,CC,GG,GG,GG,TT,0,GG,TT,GG,CC,AA,GG,CC,GG,AA,CC,CC,GG,GG,0
nontarget,0,MAAM_WA.tr,Nextseq519,MACA_P10B,G40405,2,CONSENSUS,190771,182718.5,95.765,89%,81,0,GG,AA,CC,GG,TT,GG,GG,AA,0,CC,CC,0,GG,TT,CC,TT,CC,GG,GG,AA,CC,CC,CC,GG,AA,TT,TT,GG,CC,TT,0,GG,GG,CC,GG,GG,0,CC,AA,0,0,AA,GG,GG,GG,TT,CC,AG,TT,GG,GG,CC,CC,GG,CC,CC,CC,CC,CC,GG,CC,TT,CC,CC,0,0,GG,CC,CC,GG,AA,GG,TT,GG,0,TT,AA,AA,GG,GG,TT,GG,CC,CC,AA,GG,GG,GG,AA,CC,CC,CC,GG,GG,GG,TT,0,GG,TT,GG,CC,AA,GG,CC,GG,AA,CC,CC,GG,GG,0
tissue_marten,NA,Lssn_F02.tr,Nextseq519,MACA_P10B,LssnF02,a,lane1-s200-index--CTATGAAGGA-CTTATACCTG-MACAP9_SiusM02_a_S200.assembled,13116,11736,89.48,89%,81,NA,GG,CC,TT,GG,TT,AA,GA,0,GG,CC,0,CC,0,TT,CT,TC,CT,CC,GG,AA,CC,CC,CA,AA,GA,TT,CC,GG,CT,TT,AA,GG,GA,CC,AG,AG,CT,CC,GG,GA,TT,AA,AG,AA,GG,TT,TT,AG,TT,TT,CC,TT,CT,GA,TT,CC,CC,CC,CC,GG,CC,TC,GC,TC,GG,CG,GG,CC,CC,GG,0,GG,AA,GA,GA,CC,AA,AA,GT,0,0,0,0,CC,AA,GG,GT,GA,0,TC,CT,CC,0,0,AG,CC,GG,GG,CC,GG,TT,AA,GA,CC,GG,AA,CC,TT,GG,GG,CG
tissue_marten,NA,Lssn_F02.tr,Nextseq519,MACA_P10B,LssnF02,b,lane1-s208-index--CCGCTCCGTT-TACGGCGAAG-MACAP9_SiusM02_b_S208.assembled,66225,60374,91.16,98%,89,NA,GG,CC,TT,GG,TT,AA,GA,AT,GG,CC,CC,CC,GG,TT,CT,TC,CT,CC,GG,AA,CC,CC,CA,AA,GG,TT,CC,GG,CT,TT,AA,GG,GA,CC,AG,AG,CT,CC,GG,GA,TT,AA,AG,AA,GG,TT,TT,AG,TT,TT,CC,TT,CT,GA,TT,CC,CC,CC,CC,GG,CC,TC,GC,TC,GG,CG,GG,CC,CC,GG,TA,GG,AA,GA,GA,CC,AA,AA,GT,0,TT,GA,CC,CC,AA,GG,GT,GA,CC,TC,CT,CC,0,0,AG,CC,GG,GG,CC,GG,TT,AA,GA,CC,GG,AA,CC,TT,GG,GG,CG
tissue_marten,0,Lssn_F02.tr,Nextseq519,MACA_P10B,LssnF02,2,CONSENSUS,39670.5,36055,90.32,89%,81,0,GG,CC,TT,GG,TT,AA,GA,0,GG,CC,0,CC,GG,TT,CT,TC,CT,CC,GG,AA,CC,CC,CA,AA,0,TT,CC,GG,CT,TT,AA,GG,GA,CC,AG,AG,CT,CC,GG,GA,TT,AA,AG,AA,GG,TT,TT,AG,TT,TT,CC,TT,CT,GA,TT,CC,CC,CC,CC,GG,CC,TC,GC,TC,GG,CG,GG,CC,CC,GG,0,GG,AA,GA,GA,CC,AA,AA,GT,0,0,0,0,CC,AA,GG,GT,GA,0,TC,CT,CC,0,0,AG,CC,GG,GG,CC,GG,TT,AA,GA,CC,GG,AA,CC,TT,GG,GG,CG
tissue_marten,NA,Lssn_M01.tr,Nextseq519,MACA_P10B,LssnM01,a,lane1-s198-index--AAGATACACG-TGTGCTAACA-MACAP9_SiusF07_a_S198.assembled,369280,351218,95.11,98%,89,NA,AA,AA,CT,GC,TT,AA,GG,AT,GG,CT,CT,TC,AA,TC,CT,TT,TT,CG,AA,GA,CC,CC,CA,AA,AA,TT,TT,GG,CT,TT,AA,GG,GG,CC,AA,AG,CC,CC,GG,GA,TT,GG,AG,AA,GG,TT,TT,AG,CC,GG,CC,TT,CT,GA,CT,CC,CC,CC,CC,GA,CC,TC,CC,TC,AA,CC,GA,CC,TT,TG,AA,GG,AA,GG,GG,CC,AA,AA,GT,0,TT,GG,CC,CC,AA,GC,GT,GG,CC,TC,CC,CC,GG,GG,GG,TT,GG,GG,CT,GG,TT,GG,GG,CC,GG,AA,CC,TT,GG,GG,CC
tissue_marten,NA,Lssn_M01.tr,Nextseq519,MACA_P10B,LssnM01,b,lane1-s206-index--ATTGAGGTCC-CGGATTATAT-MACAP9_SiusF07_b_S206.assembled,760549,725300,95.37,99%,90,NA,AA,AA,CT,GC,TT,AA,GG,AT,GG,CT,CT,TC,AA,TC,CT,TT,TT,CG,AA,GA,CC,CC,CA,AA,AA,TT,TT,GG,CT,TT,AA,GG,GG,CC,AA,AG,CC,CC,GG,GA,TT,GG,AG,AA,GG,TT,TT,AG,CC,GG,CC,TT,CT,GA,CT,CC,CC,CC,CC,GA,CC,TC,CC,TC,AA,CC,GA,CC,TT,TG,AA,GG,AA,GG,GG,CC,AA,AA,GT,0,TT,GG,CC,CC,AA,GC,GT,GG,CC,TC,CC,CC,GG,GG,GG,TT,GG,GG,CT,GG,TT,GG,GG,CC,GG,AA,CC,TT,GG,GG,CC
tissue_marten,0,Lssn_M01.tr,Nextseq519,MACA_P10B,LssnM01,2,CONSENSUS,564914.5,538259,95.24,98%,89,0,AA,AA,CT,GC,TT,AA,GG,AT,GG,CT,CT,TC,AA,TC,CT,TT,TT,CG,AA,GA,CC,CC,CA,AA,AA,TT,TT,GG,CT,TT,AA,GG,GG,CC,AA,AG,CC,CC,GG,GA,TT,GG,AG,AA,GG,TT,TT,AG,CC,GG,CC,TT,CT,GA,CT,CC,CC,CC,CC,GA,CC,TC,CC,TC,AA,CC,GA,CC,TT,TG,AA,GG,AA,GG,GG,CC,AA,AA,GT,0,TT,GG,CC,CC,AA,GC,GT,GG,CC,TC,CC,CC,GG,GG,GG,TT,GG,GG,CT,GG,TT,GG,GG,CC,GG,AA,CC,TT,GG,GG,CC
tissue_marten,NA,Lssn_M07.tr,Nextseq519,MACA_P10B,LssnM07,a,lane1-s209-index--ATACATCACA-TCTCCATTGA-MACAP9_SiusM03_a_S209.assembled,113272,100075,88.35,99%,90,NA,GA,CC,CT,GG,TT,AA,AA,TT,GA,CC,CC,TC,AA,TT,CT,TT,CC,CC,GG,AA,CC,CC,AA,AA,GG,TT,TC,GA,CT,TT,AA,GG,GG,CC,GG,AG,CC,CC,GG,GG,TT,GA,AG,AA,GG,CT,TT,AA,TT,GT,CC,TT,TT,GG,TT,CC,CC,CC,CC,GG,CC,CC,GC,TC,GG,CC,GG,CC,TC,TG,TA,GG,AA,GA,GG,CC,AA,AA,TT,GG,TT,GA,CC,CC,AA,GC,GT,GA,CC,TT,CT,CC,GG,GG,AG,CC,GG,GG,CC,GG,TT,AA,GA,CC,GG,AA,CC,TT,GG,GG,CC
tissue_marten,NA,Lssn_M07.tr,Nextseq519,MACA_P10B,LssnM07,b,lane1-s217-index--TTAATAGCAC-ACCACGTCTG-MACAP9_SiusM03_b_S217.assembled,91640,80664,88.02,99%,90,NA,GA,CC,CT,GG,TT,AA,AA,TT,GA,CC,CC,TC,AA,TT,CT,TT,CC,CC,GG,AA,CC,CC,AA,AA,GG,TT,TC,GA,CT,TT,AA,GG,GG,CC,GG,AG,CC,CC,GG,GG,TT,GA,AG,AA,GG,CT,TT,AA,TT,GT,CC,TT,TT,GG,TT,CC,CC,CC,CC,GG,CC,CC,GC,TC,GG,CC,GG,CC,TC,TG,TA,GG,AA,GA,GG,CC,AA,AA,TT,GG,TT,GA,CC,CC,AA,GC,GT,GA,CC,TT,CT,CC,GG,GG,AG,CC,GG,GG,CC,GG,TT,AA,GA,CC,GG,AA,CC,TT,GG,GG,CC
tissue_marten,0,Lssn_M07.tr,Nextseq519,MACA_P10B,LssnM07,2,CONSENSUS,102456,90369.5,88.185,99%,90,0,GA,CC,CT,GG,TT,AA,AA,TT,GA,CC,CC,TC,AA,TT,CT,TT,CC,CC,GG,AA,CC,CC,AA,AA,GG,TT,TC,GA,CT,TT,AA,GG,GG,CC,GG,AG,CC,CC,GG,GG,TT,GA,AG,AA,GG,CT,TT,AA,TT,GT,CC,TT,TT,GG,TT,CC,CC,CC,CC,GG,CC,CC,GC,TC,GG,CC,GG,CC,TC,TG,TA,GG,AA,GA,GG,CC,AA,AA,TT,GG,TT,GA,CC,CC,AA,GC,GT,GA,CC,TT,CT,CC,GG,GG,AG,CC,GG,GG,CC,GG,TT,AA,GA,CC,GG,AA,CC,TT,GG,GG,CC
tissue_marten,NA,Lssn_M08.tr,Nextseq519,MACA_P10B,LssnM08,a,lane1-s210-index--TAGGTATGTT-CGAGACCAAG-MACAP9_SiusM04_a_S210.assembled,33010,29199,88.46,98%,89,NA,AA,AA,CC,GG,TC,AA,GG,TT,GG,CT,CC,TT,GG,TC,TT,TC,CT,CG,AA,GG,CC,CA,AA,AA,GG,CC,CC,GA,CC,TT,AA,GA,GG,CC,AG,AA,CC,CC,GG,GG,TT,AA,GG,AA,GG,TT,TC,AA,CT,TT,CC,TT,TT,GA,CT,CC,CC,CC,CC,GG,CA,CC,GC,TC,AG,CG,GG,CC,TC,GG,AA,GG,AA,GA,GG,CC,AA,AA,GT,0,TT,GG,CC,CC,AA,GC,TT,GG,CC,CC,TT,CT,GG,GG,AA,CC,GG,GG,CC,GG,TT,GA,GG,CC,GG,AA,CC,TT,GG,GG,CG
tissue_marten,NA,Lssn_M08.tr,Nextseq519,MACA_P10B,LssnM08,b,lane1-s218-index--CATTCACGCT-GTTGTACTCA-MACAP9_SiusM04_b_S218.assembled,149892,132425,88.35,99%,90,NA,AA,AA,CC,GG,TC,AA,GG,TT,GG,CT,CC,TT,GG,TC,TT,TC,CT,CG,AA,GG,CC,CA,AA,AA,GG,CC,CC,GA,CC,TT,AA,GA,GG,CC,AG,AA,CC,CC,GG,GG,TT,AA,GG,AA,GG,TT,TC,AA,CT,TT,CC,TT,TT,GA,CT,CC,CC,CC,CC,GG,CA,CC,GC,TC,AG,CG,GG,CC,TC,GG,AA,GG,AA,GA,GG,CC,AA,AA,GT,GG,TT,GG,CC,CC,AA,GC,TT,GG,CC,CC,TT,CT,GG,GG,AA,CC,GG,GG,CC,GG,TT,GA,GG,CC,GG,AA,CC,TT,GG,GG,CG
tissue_marten,0,Lssn_M08.tr,Nextseq519,MACA_P10B,LssnM08,2,CONSENSUS,91451,80812,88.405,98%,89,0,AA,AA,CC,GG,TC,AA,GG,TT,GG,CT,CC,TT,GG,TC,TT,TC,CT,CG,AA,GG,CC,CA,AA,AA,GG,CC,CC,GA,CC,TT,AA,GA,GG,CC,AG,AA,CC,CC,GG,GG,TT,AA,GG,AA,GG,TT,TC,AA,CT,TT,CC,TT,TT,GA,CT,CC,CC,CC,CC,GG,CA,CC,GC,TC,AG,CG,GG,CC,TC,GG,AA,GG,AA,GA,GG,CC,AA,AA,GT,0,TT,GG,CC,CC,AA,GC,TT,GG,CC,CC,TT,CT,GG,GG,AA,CC,GG,GG,CC,GG,TT,GA,GG,CC,GG,AA,CC,TT,GG,GG,CG
tissue_marten,NA,NA,Nextseq519,MACA_P10B,LssnM11,a,lane1-s199-index--TGCAATGAAT-CCAGAAGTAA-MACAP9_SiusM01_a_S199.assembled,568092,539481,94.96,27%,25,NA,0,0,CT,0,TC,0,0,0,0,0,0,0,0,0,0,0,CT,CG,GG,0,0,CC,CA,AA,GG,TT,CC,0,0,0,0,0,0,0,AA,AG,0,0,0,0,0,AA,AG,AA,0,0,0,0,0,0,0,TT,0,0,TT,0,0,CC,CC,GG,0,0,0,0,GG,0,0,0,0,0,0,0,0,AA,0,CC,AA,AA,0,0,0,0,0,0,0,0,0,GG,0,0,0,0,0,GG,GG,0,0,0,CC,GG,TT,0,GG,0,0,AA,0,0,0,0,0
tissue_marten,NA,NA,Nextseq519,MACA_P10B,LssnM11,b,lane1-s207-index--GGAGAGACTC-TTGAAGCAGA-MACAP9_SiusM01_b_S207.assembled,1568760,1437220,91.62,69%,63,NA,0,0,CT,GG,TC,0,GG,0,0,0,0,0,GG,TT,TT,TT,CT,CG,GG,0,CC,CC,CA,AA,GG,TT,CC,0,CC,TT,AA,GG,GG,0,AA,AG,CC,CC,GG,0,TC,AA,AG,AA,GG,CT,0,AA,CC,GT,CC,TT,0,GA,TT,CC,TT,CC,CC,GG,CC,0,0,TC,AG,CG,GG,CC,TC,GG,0,GG,AA,AA,0,CC,AA,AA,0,0,0,0,0,0,AA,GG,GG,GG,0,TC,0,0,0,GG,GG,0,0,GG,CC,GG,TT,GG,GG,CC,0,AA,CC,0,GG,GG,CG
tissue_marten,1,NA,Nextseq519,MACA_P10B,LssnM11,2,CONSENSUS,1068426,988350.5,93.29,27%,25,0,0,0,CT,0,TC,0,0,0,0,0,0,0,GG,0,0,0,CT,CG,GG,0,0,CC,CA,AA,GG,TT,CC,0,0,0,0,0,0,0,AA,AG,0,0,0,0,0,AA,AG,AA,0,0,0,0,0,0,0,TT,0,0,TT,0,0,CC,CC,GG,0,0,0,0,0,0,0,0,0,0,0,0,0,AA,0,CC,AA,AA,0,0,0,0,0,0,0,0,0,GG,0,0,0,0,0,GG,GG,0,0,0,CC,GG,TT,0,GG,0,0,AA,0,0,0,0,0
tissue_marten,NA,Lssn_M61.tr,Nextseq519,MACA_P10B,LssnM61,a,lane1-s193-index--GAACAATTCC-TAGAGTTGGA-MACAP9_SiusF01_a_S193.assembled,63328,57965,91.53,97%,88,NA,GG,0,TT,GC,TC,AA,GG,AT,GG,CT,CC,TT,AA,TC,TT,TT,CC,CG,GG,AA,CC,CC,AA,AA,GG,TC,CC,GG,CC,TT,AA,GG,GA,CC,AA,AA,CC,CC,GG,GG,TC,GG,AA,AA,TT,TT,TC,AA,CT,GT,CC,TT,TT,GA,CT,CC,CC,CC,CC,GG,CA,TT,CC,TT,AG,CG,GG,CC,TC,TT,AA,GG,AA,GG,GG,CC,AA,AA,GG,0,TG,GA,CC,CC,AA,GC,TT,GG,CC,TC,CT,CC,GG,GG,AA,CT,GG,GG,CC,GG,TT,GA,GG,CC,GG,AA,CC,TT,GG,GG,CG
tissue_marten,NA,Lssn_M61.tr,Nextseq519,MACA_P10B,LssnM61,b,lane1-s201-index--GAAGACTAGA-ACTAGAACTT-MACAP9_NTC9_b_S201.assembled,77582,71068,91.6,98%,89,NA,GG,0,TT,GC,TC,AA,GG,AT,GG,CT,CC,TT,AA,TC,TT,TT,CC,CG,GG,AA,CC,CC,AA,AA,GG,TC,CC,GG,CC,TT,AA,GG,GA,CC,AA,AA,CC,CC,GG,GG,TC,GG,AA,AA,TT,TT,TC,AA,CT,GT,CC,TT,TT,GA,CT,CC,CC,CC,CC,GG,CA,TT,CC,TT,AG,CG,GG,CC,TC,TT,AA,GG,AA,GG,GG,CC,AA,AA,GG,GG,TG,GA,CC,CC,AA,GC,TT,GG,CC,TC,CT,CC,GG,GG,AA,CT,GG,GG,CC,GG,TT,GA,GG,CC,GG,AA,CC,TT,GG,GG,CG
tissue_marten,0,Lssn_M61.tr,Nextseq519,MACA_P10B,LssnM61,2,CONSENSUS,70455,64516.5,91.565,97%,88,0,GG,0,TT,GC,TC,AA,GG,AT,GG,CT,CC,TT,AA,TC,TT,TT,CC,CG,GG,AA,CC,CC,AA,AA,GG,TC,CC,GG,CC,TT,AA,GG,GA,CC,AA,AA,CC,CC,GG,GG,TC,GG,AA,AA,TT,TT,TC,AA,CT,GT,CC,TT,TT,GA,CT,CC,CC,CC,CC,GG,CA,TT,CC,TT,AG,CG,GG,CC,TC,TT,AA,GG,AA,GG,GG,CC,AA,AA,GG,0,TG,GA,CC,CC,AA,GC,TT,GG,CC,TC,CT,CC,GG,GG,AA,CT,GG,GG,CC,GG,TT,GA,GG,CC,GG,AA,CC,TT,GG,GG,CG
tissue_marten,NA,Lssn_M64.tr,Nextseq519,MACA_P10B,LssnM64,a,lane1-s194-index--TGTGGTCCGG-AGAGCACTAG-MACAP9_SiusF02_a_S194.assembled,70186,62895,89.61,98%,89,NA,GG,CC,CT,GG,TT,AA,GG,AA,GG,CT,CC,TT,GG,TT,TT,TT,CT,CG,AG,AA,CC,CC,AA,AA,GG,TC,TC,GG,CC,TT,AA,GG,GA,CC,AG,AG,CC,CC,GG,GG,TT,GG,AG,AA,TT,TT,TC,AA,CC,GT,CC,TT,CT,GA,CT,CC,CC,CC,CC,GG,CA,TT,CC,TC,AG,GG,0,CC,TT,TG,AA,GG,AT,GG,GG,CC,AA,AA,GT,GG,TT,GG,CC,CC,AA,GC,GT,GG,AC,CC,CC,CC,GG,GG,AA,CC,GG,GG,CC,GG,TT,GG,GG,CC,GG,AA,CC,TT,GG,GG,GG
tissue_marten,NA,Lssn_M64.tr,Nextseq519,MACA_P10B,LssnM64,b,lane1-s202-index--AGGAGTCGAG-TTAGGCTTAC-MACAP9_NTC9_b_S202.assembled,97536,87276,89.48,98%,89,NA,GG,CC,CT,GG,TT,AA,GG,AA,GG,CT,CC,TT,GG,TT,TT,TT,CT,CG,AG,AA,CC,CC,AA,AA,GG,TC,TC,GG,CC,TT,AA,GG,GA,CC,AG,AG,CC,CC,GG,GG,TT,GG,AG,AA,TT,TT,TC,AA,CC,GT,CC,TT,CT,GA,CT,CC,CC,CC,CC,GG,CA,TT,CC,TC,AG,GG,0,CC,TT,TG,AA,GG,AT,GG,GG,CC,AA,AA,GT,GG,TT,GG,CC,CC,AA,GC,GT,GG,AC,CC,CC,CC,GG,GG,AA,CC,GG,GG,CC,GG,TT,GG,GG,CC,GG,AA,CC,TT,GG,GG,GG
tissue_marten,0,Lssn_M64.tr,Nextseq519,MACA_P10B,LssnM64,2,CONSENSUS,83861,75085.5,89.545,98%,89,0,GG,CC,CT,GG,TT,AA,GG,AA,GG,CT,CC,TT,GG,TT,TT,TT,CT,CG,AG,AA,CC,CC,AA,AA,GG,TC,TC,GG,CC,TT,AA,GG,GA,CC,AG,AG,CC,CC,GG,GG,TT,GG,AG,AA,TT,TT,TC,AA,CC,GT,CC,TT,CT,GA,CT,CC,CC,CC,CC,GG,CA,TT,CC,TC,AG,GG,0,CC,TT,TG,AA,GG,AT,GG,GG,CC,AA,AA,GT,GG,TT,GG,CC,CC,AA,GC,GT,GG,AC,CC,CC,CC,GG,GG,AA,CC,GG,GG,CC,GG,TT,GG,GG,CC,GG,AA,CC,TT,GG,GG,GG
tissue_marten,NA,Lssn_M65.tr,Nextseq519,MACA_P10B,LssnM65,a,lane1-s195-index--CTTCTAAGTC-ACTCTACAGG-MACAP9_SiusF03_a_S195.assembled,12293,10832,88.12,87%,79,NA,GG,CC,CC,GC,TC,AA,GG,0,GG,0,CT,CC,AA,TT,0,TT,CT,GG,AG,AA,CC,CC,AA,AA,GG,CC,CC,GG,CC,TT,AA,GG,GG,TT,AG,GG,CC,CC,GG,GG,TT,GA,AG,AA,TT,TT,TC,0,CT,GT,CC,TT,CT,GA,TT,CT,0,CC,CC,GG,CC,TT,GG,TT,AG,CG,GG,CC,TC,TG,0,GG,AT,GG,GG,CC,AA,AA,0,0,0,0,CC,CC,AA,CC,TT,GG,0,TC,CT,CC,0,GG,AA,CC,GG,0,CC,GG,TT,GA,GG,CC,GG,AA,CC,TT,GG,GG,CG
tissue_marten,NA,Lssn_M65.tr,Nextseq519,MACA_P10B,LssnM65,b,lane1-s203-index--TTCACTCACT-TATCATGAGA-MACAP9_SiusF03_b_S203.assembled,42743,38146,89.25,99%,90,NA,GG,CC,CC,GC,TC,AA,GG,AT,GG,CT,CT,CC,AA,TT,TT,TT,CT,GG,AG,AA,CC,CC,AA,AA,GG,CC,CC,GG,CC,TT,AA,GG,GG,TT,AG,GG,CC,CC,GG,GG,TT,GA,AG,AA,TT,TT,TC,AA,CT,GT,CC,TT,CT,GA,TT,CT,CC,CC,CC,GG,CC,TT,GG,TT,AG,CG,GG,CC,TC,TG,AA,GG,AT,GG,GG,CC,AA,AA,GT,AG,GG,GA,CC,CC,AA,CC,TT,GG,CC,TC,CT,CC,GG,GG,AA,CC,GG,GG,CC,GG,TT,GA,GG,CC,GG,AA,CC,TT,GG,GG,CG
tissue_marten,0,Lssn_M65.tr,Nextseq519,MACA_P10B,LssnM65,2,CONSENSUS,27518,24489,88.685,87%,79,0,GG,CC,CC,GC,TC,AA,GG,0,GG,0,CT,CC,AA,TT,0,TT,CT,GG,AG,AA,CC,CC,AA,AA,GG,CC,CC,GG,CC,TT,AA,GG,GG,TT,AG,GG,CC,CC,GG,GG,TT,GA,AG,AA,TT,TT,TC,0,CT,GT,CC,TT,CT,GA,TT,CT,0,CC,CC,GG,CC,TT,GG,TT,AG,CG,GG,CC,TC,TG,0,GG,AT,GG,GG,CC,AA,AA,0,0,0,0,CC,CC,AA,CC,TT,GG,0,TC,CT,CC,0,GG,AA,CC,GG,0,CC,GG,TT,GA,GG,CC,GG,AA,CC,TT,GG,GG,CG
tissue_marten,NA,Lssn_M66.tr,Nextseq519,MACA_P10B,LssnM66,a,lane1-s196-index--AATATTGCCA-CGGTGACACC-MACAP9_SiusF05_a_S196.assembled,26445,23507,88.89,95%,86,NA,GG,CC,TT,GC,TC,AA,GG,AT,GG,CC,CT,CC,AA,TT,TT,TT,CC,GG,AG,AA,CC,CC,AA,AA,GG,CC,CC,GA,CC,TT,AA,GG,GG,CC,AG,AG,CC,CC,GG,GG,TT,AA,GG,AA,TT,TT,TT,AA,CT,GT,CC,TC,CT,GA,CT,CC,CC,CC,CC,GG,CC,TT,GC,TT,AA,CG,GG,CC,CC,TG,0,GG,AA,GG,GG,CC,AA,AA,GT,0,0,0,CC,CC,AA,GC,TT,GG,CC,TC,CT,CC,GG,GG,AG,TT,GG,GG,CT,GG,TT,GA,GG,CC,GG,AA,CC,TT,GG,GG,CG
tissue_marten,NA,Lssn_M66.tr,Nextseq519,MACA_P10B,LssnM66,b,lane1-s204-index--GGTCCGCTTC-CTCACACAAG-MACAP9_SiusF05_b_S204.assembled,113640,101954,89.72,99%,90,NA,GG,CC,TT,GC,TC,AA,GG,AT,GG,CC,CT,CC,AA,TT,TT,TT,CC,GG,AG,AA,CC,CC,AA,AA,GG,CC,CC,GA,CC,TT,AA,GG,GG,CC,AG,AG,CC,CC,GG,GG,TT,AA,GG,AA,TT,TT,TT,AA,CT,GT,CC,TC,CT,GA,CT,CC,CC,CC,CC,GG,CC,TT,GC,TT,AA,CG,GG,CC,CC,TG,AA,GG,AA,GG,GG,CC,AA,AA,GT,GG,TG,GA,CC,CC,AA,GC,TT,GG,CC,TC,CT,CC,GG,GG,AG,TT,GG,GG,CT,GG,TT,GA,GG,CC,GG,AA,CC,TT,GG,GG,CG
tissue_marten,0,Lssn_M66.tr,Nextseq519,MACA_P10B,LssnM66,2,CONSENSUS,70042.5,62730.5,89.305,95%,86,0,GG,CC,TT,GC,TC,AA,GG,AT,GG,CC,CT,CC,AA,TT,TT,TT,CC,GG,AG,AA,CC,CC,AA,AA,GG,CC,CC,GA,CC,TT,AA,GG,GG,CC,AG,AG,CC,CC,GG,GG,TT,AA,GG,AA,TT,TT,TT,AA,CT,GT,CC,TC,CT,GA,CT,CC,CC,CC,CC,GG,CC,TT,GC,TT,AA,CG,GG,CC,CC,TG,0,GG,AA,GG,GG,CC,AA,AA,GT,0,0,0,CC,CC,AA,GC,TT,GG,CC,TC,CT,CC,GG,GG,AG,TT,GG,GG,CT,GG,TT,GA,GG,CC,GG,AA,CC,TT,GG,GG,CG
tissue_marten,NA,Lssn_M67.tr,Nextseq519,MACA_P10B,LssnM67,a,lane1-s197-index--TCGTGCATTC-GCGTTGGTAT-MACAP9_SiusF06_a_S197.assembled,1080034,1041748,96.46,99%,90,NA,GA,AA,CT,GC,TT,AA,GG,AT,GG,CT,CC,TT,GG,TT,TT,TT,CT,CC,GG,AA,CC,CC,AA,AA,GG,TC,CC,GG,CC,TT,AA,GG,GA,CC,AG,AA,CC,CC,GG,GG,CC,GG,AG,AA,TT,CT,TC,AA,CT,GT,CC,TT,TT,GA,CT,CC,CC,CC,CC,GG,AA,TT,CC,TC,GG,CG,0,CC,CC,TG,TA,GT,AA,GG,GG,CC,AA,AA,GT,GG,GG,GA,CC,CC,AA,CC,TT,GG,CC,TC,CT,CC,GG,GG,AG,CC,GG,GG,CC,GG,TT,GA,GG,CC,GG,AA,CC,TT,GG,GG,CG
tissue_marten,NA,Lssn_M67.tr,Nextseq519,MACA_P10B,LssnM67,b,lane1-s205-index--CAACGAGAGC-GAATTGAGTG-MACAP9_SiusF06_b_S205.assembled,2012619,1944760,96.63,99%,90,NA,GA,AA,CT,GC,TT,AA,GG,AT,GG,CT,CC,TT,GG,TT,TT,TT,CT,CC,GG,AA,CC,CC,AA,AA,GG,TC,CC,GG,CC,TT,AA,GG,GA,CC,AG,AA,CC,CC,GG,GG,CC,GG,AG,AA,TT,CT,TC,AA,CT,GT,CC,TT,TT,GA,CT,CC,CC,CC,CC,GG,AA,TT,CC,TC,GG,CG,0,CC,CC,TG,TA,GT,AA,GG,GG,CC,AA,AA,GT,GG,GG,GA,CC,CC,AA,CC,TT,GG,CC,TC,CT,CC,GG,GG,AG,CC,GG,GG,CC,GG,TT,GA,GG,CC,GG,AA,CC,TT,GG,GG,CG
tissue_marten,0,Lssn_M67.tr,Nextseq519,MACA_P10B,LssnM67,2,CONSENSUS,1546326.5,1493254,96.545,99%,90,0,GA,AA,CT,GC,TT,AA,GG,AT,GG,CT,CC,TT,GG,TT,TT,TT,CT,CC,GG,AA,CC,CC,AA,AA,GG,TC,CC,GG,CC,TT,AA,GG,GA,CC,AG,AA,CC,CC,GG,GG,CC,GG,AG,AA,TT,CT,TC,AA,CT,GT,CC,TT,TT,GA,CT,CC,CC,CC,CC,GG,AA,TT,CC,TC,GG,CG,0,CC,CC,TG,TA,GT,AA,GG,GG,CC,AA,AA,GT,GG,GG,GA,CC,CC,AA,CC,TT,GG,CC,TC,CT,CC,GG,GG,AG,CC,GG,GG,CC,GG,TT,GA,GG,CC,GG,AA,CC,TT,GG,GG,CG
nontarget,NA,NA,Nextseq519,MACA_P10B,MH21_17,a,lane1-s275-index--CTGAGCCGGT-CCTTCACGTA-MACAP9_CraigBchRdk23_a_S275.assembled,523996,259688,49.56,1%,1,NA,0,0,0,0,0,0,0,0,0,0,0,0,0,0,0,0,0,0,0,0,0,0,0,0,0,0,0,0,0,0,0,0,0,0,0,0,0,0,0,0,0,0,0,0,0,CC,0,0,0,0,0,0,0,0,0,0,0,0,CC,0,0,0,0,0,0,0,0,0,TT,0,0,0,0,0,0,0,0,0,0,0,0,0,0,0,0,0,0,0,0,0,0,0,0,0,0,0,0,0,0,GG,0,0,0,0,0,0,0,0,0,0,0
nontarget,NA,NA,Nextseq519,MACA_P10B,MH21_17,b,lane1-s283-index--ATTGATACTG-TACACGCTCC-MACAP9_CraigBchRdk23_b_S283.assembled,1976,8,0.4,-2%,-2,NA,0,0,0,0,0,0,0,0,0,0,0,0,NA,0,0,0,0,0,0,0,0,0,0,0,0,0,0,0,0,0,0,0,0,0,0,0,0,0,0,0,0,0,0,0,0,0,0,0,0,0,0,0,0,0,0,0,0,0,0,0,0,0,0,0,0,0,0,0,0,0,0,0,0,0,0,0,0,NA,0,0,0,0,0,0,0,0,0,0,0,0,0,0,0,0,0,0,0,0,0,0,0,0,0,0,0,0,0,0,0,0,0
nontarget,1,NA,Nextseq519,MACA_P10B,MH21_17,2,CONSENSUS,262986,129848,24.98,-2%,-2,0,0,0,0,0,0,0,0,0,0,0,0,0,0,0,0,0,0,0,0,0,0,0,0,0,0,0,0,0,0,0,0,0,0,0,0,0,0,0,0,0,0,0,0,0,0,0,0,0,0,0,0,0,0,0,0,0,0,0,0,0,0,0,0,0,0,0,0,0,0,0,0,0,0,0,0,0,0,0,0,0,0,0,0,0,0,0,0,0,0,0,0,0,0,0,0,0,0,0,0,0,0,0,0,0,0,0,0,0,0,0,0
nontarget,NA,NA,Nextseq519,MACA_P10B,MH21_19,a,,,,,-2%,-2,NA,,,,,,,,,,,,,,,,,,,,,,,,NA,,,,,,,,,,,,,,0,,,,,,,,,,NA,,,,,,,,,,,,,,,,,,,,,,,,,,,,,,,,,,,,,,,,,,,0,,,,NA,NA,,,,,NA,NA,NA,0,,,,,0,,
nontarget,NA,NA,Nextseq519,MACA_P10B,MH21_19,b,lane1-s284-index--GGATTATGGA-TCCGATAGAG-MACAP9_NewtonPkwy23_b_S284.assembled,1922305,621344,32.32,0%,0,NA,0,0,0,0,0,0,0,0,0,0,0,0,0,0,0,0,0,0,0,0,0,0,0,0,0,0,0,0,0,0,0,0,0,0,0,0,0,0,0,0,0,0,0,0,0,0,0,0,0,0,0,0,0,0,0,0,0,0,CC,0,0,0,0,0,0,0,0,0,0,0,0,0,0,0,0,0,AA,0,0,0,0,0,0,0,0,0,0,0,0,0,0,0,0,0,0,0,0,0,0,GG,0,0,0,0,GG,0,0,0,0,0,0
nontarget,1,NA,Nextseq519,MACA_P10B,MH21_19,,CONSENSUS,1922305,621344,32.32,-2%,-2,0,0,0,0,0,0,0,0,0,0,0,0,0,0,0,0,0,0,0,0,0,0,0,0,0,0,0,0,0,0,0,0,0,0,0,0,0,0,0,0,0,0,0,0,0,0,0,0,0,0,0,0,0,0,0,0,0,0,0,0,0,0,0,0,0,0,0,0,0,0,0,0,0,0,0,0,0,0,0,0,0,0,0,0,0,0,0,0,0,0,0,0,0,0,0,0,0,0,0,0,0,0,0,0,0,0,0,0,0,0,0,0
nontarget,NA,NA,Nextseq519,MACA_P10B,MYCA,a,lane1-s278-index--CTTCAACCAC-TTATGCGCCT-MACAP9_NewtonPkwy24_a_S278.assembled,2326064,1136843,48.87,0%,0,NA,0,0,0,0,0,0,0,0,0,0,0,0,0,0,0,0,0,0,0,0,0,0,0,0,0,0,0,0,0,0,0,0,0,0,0,0,0,0,0,0,0,0,0,0,0,0,0,0,0,GT,0,0,0,0,0,0,0,0,0,0,0,0,0,0,0,0,0,0,0,0,0,0,0,0,0,0,AA,0,0,0,0,0,0,0,0,0,0,0,0,0,0,0,0,0,0,0,0,0,0,0,0,0,0,CC,0,0,0,0,GG,0,0
nontarget,NA,NA,Nextseq519,MACA_P10B,MYCA,b,lane1-s286-index--TCAACCACGA-CAAGTTCATA-MACAP9_NewtonPkwy24_b_S286.assembled,2935175,1557659,53.07,2%,2,NA,0,0,CC,0,0,0,0,0,0,0,0,0,0,0,0,0,0,0,0,0,0,0,0,0,0,0,0,0,0,0,0,0,0,0,0,0,0,0,0,0,0,0,0,0,0,0,0,0,0,GT,0,0,0,0,0,0,0,0,0,0,0,0,0,0,0,0,0,0,0,0,0,0,0,0,0,0,AA,AA,0,0,0,0,0,0,0,0,0,0,0,0,0,0,0,0,0,0,0,0,0,0,0,0,0,0,0,0,0,0,GG,0,0
nontarget,1,NA,Nextseq519,MACA_P10B,MYCA,,CONSENSUS,2630619.5,1347251,50.97,1%,1,0,0,0,0,0,0,0,0,0,0,0,0,0,0,0,0,0,0,0,0,0,0,0,0,0,0,0,0,0,0,0,0,0,0,0,0,0,0,0,0,0,0,0,0,0,0,0,0,0,0,GT,0,0,0,0,0,0,0,0,0,0,0,0,0,0,0,0,0,0,0,0,0,0,0,0,0,0,AA,AA,0,0,0,0,0,0,0,0,0,0,0,0,0,0,0,0,0,0,0,0,0,0,0,0,0,0,0,0,0,0,GG,0,0
blank,NA,NA,Nextseq519,MACA_P10B,NTC_10_b,a,lane1-s264-index--CGACAAGGAT-AAGGCCACCT-MACAP9_M20_a_S264.assembled,1693,19,1.12,-2%,-2,NA,0,0,0,0,0,0,0,0,0,0,0,0,NA,0,0,0,0,0,0,0,0,0,0,0,0,0,0,0,0,0,0,0,0,0,0,0,0,0,0,0,0,0,0,0,0,0,0,NA,0,0,0,0,0,0,0,0,0,0,0,0,0,0,0,0,0,0,0,0,0,0,0,0,0,0,0,0,0,NA,0,0,0,0,0,0,0,0,0,0,0,0,0,0,0,0,NA,0,0,0,0,0,0,NA,NA,0,0,0,0,0,NA,0,0
blank,NA,NA,Nextseq519,MACA_P10B,NTC_10_b,b,lane1-s272-index--TCCAGCCTGC-GCCAGATCCA-MACAP9_M20_b_S272.assembled,43403,8,0.02,-2%,-2,NA,0,0,0,0,0,0,0,0,0,0,0,0,NA,0,0,0,0,0,0,0,0,0,0,0,0,0,0,0,0,0,0,0,0,0,0,0,0,0,0,0,0,0,0,0,0,0,0,NA,0,0,0,0,0,0,0,0,0,0,0,0,0,0,0,0,0,0,0,0,0,0,0,0,0,0,0,0,0,NA,0,0,0,0,0,0,0,0,0,0,0,0,0,0,0,0,NA,0,0,0,0,0,0,NA,NA,0,0,0,0,0,NA,0,0
blank,1,NA,Nextseq519,MACA_P10B,NTC_10_b,,CONSENSUS,22548,13.5,0.57,-2%,-2,0,0,0,0,0,0,0,0,0,0,0,0,0,0,0,0,0,0,0,0,0,0,0,0,0,0,0,0,0,0,0,0,0,0,0,0,0,0,0,0,0,0,0,0,0,0,0,0,NA,0,0,0,0,0,0,0,0,0,0,0,0,0,0,0,0,0,0,0,0,0,0,0,0,0,0,0,0,0,0,0,0,0,0,0,0,0,0,0,0,0,0,0,0,0,0,0,0,0,0,0,0,0,0,0,0,0,0,0,0,0,0,0
blank,NA,NA,Nextseq519,MACA_P10B,NTC_10_c,a,lane1-s277-index--GTTGCGTTCA-GTTGCAGTTG-MACAP9_MACAtail_a_S277.assembled,10987,94,0.86,-2%,-2,NA,0,0,0,0,0,0,0,0,0,0,0,0,0,0,0,0,0,0,0,0,0,0,0,0,0,0,0,0,0,0,0,0,0,0,0,0,0,0,0,0,0,0,0,0,0,0,0,0,0,0,0,0,0,0,0,0,0,0,0,0,0,0,0,0,0,0,0,0,0,0,0,0,0,0,0,0,0,0,0,0,0,0,0,0,0,0,0,0,0,0,0,0,0,0,0,0,0,0,0,0,0,0,0,0,0,0,0,0,0,0,0
blank,NA,NA,Nextseq519,MACA_P10B,NTC_10_c,b,lane1-s285-index--TGGTTCTCAT-CTCAAGGCCG-MACAP9_MACAtail_b_S285.assembled,11306,870,7.7,-1%,-1,NA,0,0,0,0,0,0,0,0,0,0,0,0,0,0,0,0,0,0,0,0,0,0,0,0,0,0,0,0,0,AA,0,0,0,0,0,0,0,0,0,0,0,0,0,0,0,0,0,0,0,0,0,0,0,0,0,0,0,0,0,0,0,0,0,0,0,0,0,0,0,0,0,0,0,0,0,0,0,0,0,0,0,0,0,0,0,0,0,0,0,0,0,0,0,0,0,0,0,0,0,0,0,0,0,0,0,0,0,0,0,0,0
blank,1,NA,Nextseq519,MACA_P10B,NTC_10_c,,CONSENSUS,11146.5,482,4.28,-2%,-2,0,0,0,0,0,0,0,0,0,0,0,0,0,0,0,0,0,0,0,0,0,0,0,0,0,0,0,0,0,0,0,0,0,0,0,0,0,0,0,0,0,0,0,0,0,0,0,0,0,0,0,0,0,0,0,0,0,0,0,0,0,0,0,0,0,0,0,0,0,0,0,0,0,0,0,0,0,0,0,0,0,0,0,0,0,0,0,0,0,0,0,0,0,0,0,0,0,0,0,0,0,0,0,0,0,0,0,0,0,0,0,0
blank,NA,NA,Nextseq519,MACA_P10B,NTC_10_d,a,lane1-s280-index--CAAGACGTCC-AGTATACGGA-MACAP9_NTC9_c_S280.assembled,504,13,2.58,-2%,-2,NA,0,0,0,0,0,0,0,0,0,0,0,0,0,0,0,0,0,0,0,0,0,0,0,0,0,0,0,0,0,0,0,0,0,0,0,0,0,0,0,0,0,0,0,0,0,0,0,0,0,0,0,0,0,0,0,0,0,0,0,0,0,0,0,0,0,0,0,0,0,0,0,0,0,0,0,0,0,0,0,0,0,0,0,0,0,0,0,0,0,0,0,0,0,0,0,0,0,0,0,0,0,0,0,0,0,0,0,0,0,0,0
blank,NA,NA,Nextseq519,MACA_P10B,NTC_10_d,b,lane1-s288-index--AGTGGTTAAG-GGTGGAATAC-MACAP9_NTC9_d_S288.assembled,2068,42,2.03,-2%,-2,NA,0,0,0,0,0,0,0,0,0,0,0,0,NA,0,0,0,0,0,0,0,0,0,0,0,0,0,0,0,0,0,0,0,0,0,0,0,0,0,0,0,0,0,0,0,0,0,0,0,0,0,0,0,0,0,0,0,0,0,0,0,0,0,0,0,0,0,0,0,0,0,0,0,0,0,0,0,0,NA,0,0,0,0,0,0,0,0,0,0,0,0,0,0,0,0,0,0,0,0,0,0,0,0,0,0,0,0,0,0,0,0,0
blank,1,NA,Nextseq519,MACA_P10B,NTC_10_d,,CONSENSUS,1286,27.5,2.305,-2%,-2,0,0,0,0,0,0,0,0,0,0,0,0,0,0,0,0,0,0,0,0,0,0,0,0,0,0,0,0,0,0,0,0,0,0,0,0,0,0,0,0,0,0,0,0,0,0,0,0,0,0,0,0,0,0,0,0,0,0,0,0,0,0,0,0,0,0,0,0,0,0,0,0,0,0,0,0,0,0,0,0,0,0,0,0,0,0,0,0,0,0,0,0,0,0,0,0,0,0,0,0,0,0,0,0,0,0,0,0,0,0,0,0
nontarget,NA,NA,Nextseq519,MACA_P10B,PEMA,a,lane1-s279-index--TCTATTCAGT-TCTCAGTACA-MACAP9_CharlestonRdk20_a_S279.assembled,34291,25,0.07,-2%,-2,NA,0,0,0,0,0,0,0,0,0,0,0,0,0,0,0,0,0,0,0,0,0,0,0,0,0,0,0,0,0,0,0,0,0,0,0,0,0,0,0,0,0,0,0,0,0,0,0,0,0,0,0,0,0,0,0,0,0,0,0,0,0,0,0,0,0,0,0,0,0,0,0,0,0,0,0,0,0,0,0,0,0,0,0,0,0,0,0,0,0,0,0,0,0,0,0,0,0,0,0,0,0,0,0,0,0,0,0,0,0,0,0
nontarget,NA,NA,Nextseq519,MACA_P10B,PEMA,b,lane1-s287-index--TATGAACTTG-AATCCTTAGG-MACAP9_CharlestonRdk20_b_S287.assembled,33678,3,0.01,-2%,-2,NA,0,0,0,0,0,0,0,0,0,0,0,0,NA,0,0,0,0,0,0,0,0,0,0,0,0,0,0,,0,0,0,0,0,0,0,0,,0,0,0,0,0,0,0,0,0,0,0,0,0,0,0,0,0,0,0,0,0,0,0,0,0,0,0,0,0,0,0,0,0,0,0,0,0,0,0,0,NA,0,0,0,0,0,0,0,0,0,0,0,0,0,0,0,0,NA,0,,0,,,0,NA,NA,,0,,,,NA,,
nontarget,1,NA,Nextseq519,MACA_P10B,PEMA,,CONSENSUS,33984.5,14,0.04,-2%,-2,0,0,0,0,0,0,0,0,0,0,0,0,0,0,0,0,0,0,0,0,0,0,0,0,0,0,0,0,0,0,0,0,0,0,0,0,0,0,0,0,0,0,0,0,0,0,0,0,0,0,0,0,0,0,0,0,0,0,0,0,0,0,0,0,0,0,0,0,0,0,0,0,0,0,0,0,0,0,0,0,0,0,0,0,0,0,0,0,0,0,0,0,0,0,0,0,0,0,0,0,0,0,0,0,0,0,0,0,0,0,0,0
nontarget,NA,NA,Nextseq519,MACA_P10B,PEPE_F118A,a,lane1-s273-index--GCCATATAAC-ACACAATATC-MACAP9_M21_a_S273.assembled,338421,274264,81.04,48%,44,NA,0,AA,CC,0,TT,0,GG,0,0,CC,0,0,0,TT,CC,TT,CC,GG,GG,AA,0,CC,0,0,AA,TT,TT,GG,CC,AA,0,GG,0,CC,0,AA,0,0,0,0,0,AA,0,GG,0,TT,CC,GG,0,GG,0,0,0,0,0,0,0,0,CC,GG,CC,TT,0,CC,0,0,0,CC,0,0,0,GG,0,0,0,CC,AA,AA,0,0,0,0,0,0,AA,GG,GG,GG,CC,CC,CC,TT,0,0,0,TT,0,0,0,CC,CC,0,GG,TT,AA,GG,0,0,GG,0,0
nontarget,NA,NA,Nextseq519,MACA_P10B,PEPE_F118A,b,lane1-s281-index--TGAGTACAAC-ACGCTTGGAC-MACAP9_M21_b_S281.assembled,170463,138499,81.25,47%,43,NA,0,AA,CC,0,TT,0,GG,0,0,CC,0,0,0,TT,CC,TT,CC,GG,GG,AA,0,CC,0,0,AA,TT,TT,GG,CC,AA,0,GG,0,CC,0,AA,0,0,0,0,0,AA,0,GG,0,TT,CC,GG,0,GG,0,0,0,0,0,0,0,0,CC,0,CC,TT,0,CC,0,0,0,CC,0,0,0,GG,0,0,0,CC,AA,AA,0,0,0,0,0,0,AA,GG,GG,GG,CC,CC,CC,TT,0,0,0,TT,0,0,0,CC,CC,0,GG,TT,AA,GG,0,0,GG,0,0
nontarget,1,NA,Nextseq519,MACA_P10B,PEPE_F118A,,CONSENSUS,254442,206381.5,81.145,47%,43,0,0,AA,CC,0,TT,0,GG,0,0,CC,0,0,0,TT,CC,TT,CC,GG,GG,AA,0,CC,0,0,AA,TT,TT,GG,CC,AA,0,GG,0,CC,0,AA,0,0,0,0,0,AA,0,GG,0,TT,CC,GG,0,GG,0,0,0,0,0,0,0,0,CC,0,CC,TT,0,CC,0,0,0,CC,0,0,0,GG,0,0,0,CC,AA,AA,0,0,0,0,0,0,AA,GG,GG,GG,CC,CC,CC,TT,0,0,0,TT,0,0,0,CC,CC,0,GG,TT,AA,GG,0,0,GG,0,0
nontarget,NA,NA,Nextseq519,MACA_P10B,PEPE_M121B,a,lane1-s274-index--AGTGCGAGTG-TGGAGGTAAT-MACAP9_M22_a_S274.assembled,273739,229142,83.71,49%,45,NA,0,AA,CC,0,TT,0,GG,0,0,CC,0,0,0,TT,CC,TT,CC,GG,GG,AA,0,CC,0,0,AA,TT,TT,GG,CC,AA,0,GG,0,CC,0,AA,0,0,0,0,0,AA,0,GG,0,TT,CC,GG,0,GG,0,0,0,0,0,CC,0,0,CC,0,CC,TT,0,CC,0,0,0,CC,0,0,0,GG,0,0,AA,CC,AA,AA,0,0,0,0,0,0,AA,GG,GG,GG,CC,CC,CC,TT,AA,GG,0,TT,0,0,0,CC,CC,0,GG,TT,AA,GG,0,0,GG,AA,0
nontarget,NA,NA,Nextseq519,MACA_P10B,PEPE_M121B,b,lane1-s282-index--CCGCGGTTCT-GGAGTAGATT-MACAP9_M22_b_S282.assembled,255748,213339,83.42,48%,44,NA,0,AA,CC,0,TT,0,GG,0,0,CC,0,0,0,TT,CC,TT,CC,GG,GG,AA,0,CC,0,0,AA,TT,TT,GG,CC,AA,0,GG,0,CC,0,AA,0,0,0,0,0,AA,0,GG,0,TT,CC,GG,0,GG,0,0,0,0,0,0,0,0,CC,0,CC,TT,0,CC,0,0,0,CC,0,0,0,GG,0,0,AA,CC,AA,AA,0,0,0,0,0,0,AA,GG,GG,GG,CC,CC,CC,TT,AA,GG,0,TT,0,0,0,CC,CC,0,GG,TT,AA,GG,0,0,GG,0,0
nontarget,1,NA,Nextseq519,MACA_P10B,PEPE_M121B,,CONSENSUS,264743.5,221240.5,83.565,48%,44,0,0,AA,CC,0,TT,0,GG,0,0,CC,0,0,0,TT,CC,TT,CC,GG,GG,AA,0,CC,0,0,AA,TT,TT,GG,CC,AA,0,GG,0,CC,0,AA,0,0,0,0,0,AA,0,GG,0,TT,CC,GG,0,GG,0,0,0,0,0,0,0,0,CC,0,CC,TT,0,CC,0,0,0,CC,0,0,0,GG,0,0,AA,CC,AA,AA,0,0,0,0,0,0,AA,GG,GG,GG,CC,CC,CC,TT,AA,GG,0,TT,0,0,0,CC,CC,0,GG,TT,AA,GG,0,0,GG,0,0
tissue_marten,NA,WY_F30.tr,Nextseq519,MACA_P10B,WY30,a,lane1-s248-index--AGCTGATGTC-TCATGTCCTG-MACAP9_M6A_a_S248.assembled,186652,162095,86.84,95%,86,NA,GG,0,TT,GC,TC,AA,GG,AT,AA,CT,0,TT,GG,TC,CC,TT,CT,GG,AA,AA,TT,CA,CC,AG,AA,CC,TC,GA,CC,TT,0,GG,GG,CT,AA,AG,CC,CC,GG,GG,TT,GG,GG,GG,GG,CC,CC,GG,TT,GT,GC,TC,CT,GA,CC,CC,CC,CC,CC,GG,CC,CC,GG,TC,AG,CC,AA,CC,CC,GG,TA,GT,AA,GG,AA,CC,AA,AA,GG,AG,TG,GG,CC,CC,AA,GG,GT,GG,0,TC,CC,CT,0,0,AA,CT,GG,GG,CT,GG,CC,AA,GG,CC,GG,AA,CC,TT,GG,GG,CC
tissue_marten,NA,WY_F30.tr,Nextseq519,MACA_P10B,WY30,b,lane1-s256-index--CGCATTCCGT-ATTAGTGGAG-MACAP9_M6A_b_S256.assembled,335322,295254,88.05,97%,88,NA,GG,0,TT,GC,TC,AA,GG,AT,AA,CT,CC,TT,GG,TC,CC,TT,CT,GG,AA,AA,TT,CA,CC,AG,AA,CC,TC,GA,CC,TT,0,GG,GG,CT,AA,AG,CC,CC,GG,GG,TT,GG,GG,GG,GG,CC,CC,GG,TT,GT,GC,TC,CT,GA,CC,CC,CC,CC,CC,GG,CC,CC,GG,TC,AG,CC,AA,CC,CC,GG,TA,GT,AA,GG,AA,CC,AA,AA,GG,AG,TG,GG,CC,CC,AA,GG,GT,GG,CC,TC,CC,CT,0,0,AA,CT,GG,GG,CT,GG,CC,AA,GG,CC,GG,AA,CC,TT,GG,GG,CC
tissue_marten,0,WY_F30.tr,Nextseq519,MACA_P10B,WY30,,CONSENSUS,260987,228674.5,87.445,95%,86,0,GG,0,TT,GC,TC,AA,GG,AT,AA,CT,0,TT,GG,TC,CC,TT,CT,GG,AA,AA,TT,CA,CC,AG,AA,CC,TC,GA,CC,TT,0,GG,GG,CT,AA,AG,CC,CC,GG,GG,TT,GG,GG,GG,GG,CC,CC,GG,TT,GT,GC,TC,CT,GA,CC,CC,CC,CC,CC,GG,CC,CC,GG,TC,AG,CC,AA,CC,CC,GG,TA,GT,AA,GG,AA,CC,AA,AA,GG,AG,TG,GG,CC,CC,AA,GG,GT,GG,0,TC,CC,CT,0,0,AA,CT,GG,GG,CT,GG,CC,AA,GG,CC,GG,AA,CC,TT,GG,GG,CC
tissue_marten,NA,WY_M31.tr,Nextseq519,MACA_P10B,WY31,a,lane1-s257-index--GATATCACAC-GACTATATGT-MACAP9_M7B_a_S257.assembled,173594,159558,91.91,97%,88,NA,GG,0,TT,GG,TC,AA,GG,AT,AA,CC,CC,TT,AA,TT,TT,TT,CT,CG,AA,GA,CT,CA,CA,AA,GA,CC,CC,AA,CC,AA,0,GG,AA,TT,GG,GG,CC,CC,GG,GG,CC,GG,GG,GG,GT,CT,CC,AG,CT,GG,GC,TT,CC,AA,CC,CC,CC,CC,CC,GG,CA,CC,GC,TT,AG,0,AA,CC,CC,GG,TA,GT,AA,GG,GA,CC,AA,AA,GT,AG,TT,GG,CC,CC,AA,GG,GG,GG,AA,TC,CT,TT,GG,GG,AA,CC,GG,GG,TT,GG,CC,GA,GG,CC,GG,AA,CC,TT,GG,GG,0
tissue_marten,NA,WY_M31.tr,Nextseq519,MACA_P10B,WY31,b,lane1-s265-index--GTGTACCTTC-CTGTGAGCTA-MACAP9_M7B_b_S265.assembled,112580,103745,92.15,96%,87,NA,GG,0,TT,GG,TC,AA,GG,AT,AA,CC,CC,TT,AA,TT,TT,TT,CT,CG,AA,GA,CT,CA,CA,AA,GA,CC,CC,AA,CC,AA,0,GG,AA,TT,GG,GG,CC,CC,GG,GG,CC,GG,GG,GG,GT,CT,CC,AG,CT,GG,GC,TT,CC,AA,CC,CC,CC,CC,CC,GG,CA,CC,GC,TT,AG,0,AA,CC,CC,GG,TA,GT,AA,GG,GA,CC,AA,AA,GT,AG,TT,GG,CC,CC,AA,GG,GG,GG,AA,TC,CT,TT,GG,GG,AA,CC,GG,GG,TT,GG,CC,GA,GG,CC,GG,AA,CC,TT,GG,GG,0
tissue_marten,0,WY_M31.tr,Nextseq519,MACA_P10B,WY31,,CONSENSUS,143087,131651.5,92.03,96%,87,0,GG,0,TT,GG,TC,AA,GG,AT,AA,CC,CC,TT,AA,TT,TT,TT,CT,CG,AA,GA,CT,CA,CA,AA,GA,CC,CC,AA,CC,AA,0,GG,AA,TT,GG,GG,CC,CC,GG,GG,CC,GG,GG,GG,GT,CT,CC,AG,CT,GG,GC,TT,CC,AA,CC,CC,CC,CC,CC,GG,CA,CC,GC,TT,AG,0,AA,CC,CC,GG,TA,GT,AA,GG,GA,CC,AA,AA,GT,AG,TT,GG,CC,CC,AA,GG,GG,GG,AA,TC,CT,TT,GG,GG,AA,CC,GG,GG,TT,GG,CC,GA,GG,CC,GG,AA,CC,TT,GG,GG,0
tissue_marten,NA,NA,Nextseq519,MACA_P10B,ZM12561,a,lane1-s258-index--AGCGCTGTGT-CGTTCGGAAC-MACAP9_M9B_a_S258.assembled,1743237,414232,23.76,46%,42,NA,GG,AA,CC,GG,TC,AA,0,AA,AA,0,CC,0,0,TT,0,TT,0,CG,0,0,TT,0,AA,0,0,0,0,0,CC,TT,AA,GG,AA,0,AG,GG,0,CC,0,0,0,0,GG,GG,0,0,0,0,0,GG,0,0,0,0,0,CC,0,0,0,GG,0,0,GG,CC,AA,CC,GG,CC,0,0,0,GG,AA,GG,0,0,0,0,0,0,0,GG,0,CC,AA,0,TT,0,CC,CC,CC,TT,0,GG,0,0,0,0,0,0,CC,0,0,0,GG,AA,CC,TT,0,GG,CC
tissue_marten,NA,NA,Nextseq519,MACA_P10B,ZM12561,b,lane1-s266-index--ACCTGGCCAA-TCACAGATCG-MACAP9_M9B_b_S266.assembled,1121522,147472,13.15,41%,37,NA,GG,0,0,0,0,0,0,0,AA,CC,CC,TT,GG,TT,CC,TT,CC,0,0,0,0,0,0,AA,0,CC,0,0,CC,TT,0,0,0,0,AA,GG,CC,0,0,0,CC,GG,GG,GG,0,0,TT,0,0,TT,0,TT,0,AA,CC,0,CC,0,0,0,0,CC,0,0,AA,0,GG,0,0,GG,0,0,AA,0,0,CC,0,0,0,GG,0,0,CC,0,AA,GG,0,0,0,0,CC,TT,0,0,0,0,0,0,TT,0,CC,0,0,CC,GG,0,0,0,GG,0,0
tissue_marten,1,NA,Nextseq519,MACA_P10B,ZM12561,,CONSENSUS,1432379.5,280852,18.455,16%,15,0,GG,0,0,0,0,0,0,0,AA,0,CC,0,GG,TT,0,TT,0,0,0,0,0,0,0,0,0,0,0,0,CC,TT,0,0,0,0,0,GG,0,0,0,0,0,0,GG,GG,0,0,0,0,0,0,0,0,0,0,0,0,0,0,0,0,0,0,0,0,AA,0,GG,0,0,0,0,0,AA,0,0,0,0,0,0,0,0,0,0,0,AA,0,0,0,0,0,CC,TT,0,0,0,0,0,0,0,0,CC,0,0,0,GG,0,0,0,0,0,0
tissue_marten,NA,CO_M21256.tr,Nextseq519,MACA_P10B,ZM21256,a,lane1-s259-index--TCACCGCGCT-TCGATACTAG-MACAP9_M10B_a_S259.assembled,129936,124515,95.83,100%,91,NA,GG,AA,CT,GG,CC,AA,GG,AA,GA,CC,CC,TT,GG,TC,CT,TT,CC,CG,AG,AA,TT,CA,CA,AA,GG,CC,TC,GG,CC,TT,AA,GG,GA,CT,AA,GG,CC,CC,GG,GG,CC,GA,GG,GG,GG,TT,TT,GG,TT,GT,GG,TT,TT,AA,CC,CT,CC,CC,CC,GG,CA,CC,GG,CC,AA,CG,GG,CC,CC,GG,TT,GG,AA,GG,AA,CC,AA,AA,GG,GG,TT,GG,CC,CC,AA,GG,GT,GG,CC,CC,CC,CT,GG,GG,AA,CT,GG,GG,TT,GG,CC,AA,GG,CC,GG,AA,CC,TT,GG,GG,CG
tissue_marten,NA,CO_M21256.tr,Nextseq519,MACA_P10B,ZM21256,b,lane1-s267-index--TGTCTGGCCT-AGAAGCCAAT-MACAP9_M10B_b_S267.assembled,220792,211156,95.64,100%,91,NA,GG,AA,CT,GG,CC,AA,GG,AA,GA,CC,CC,TT,GG,TC,CT,TT,CC,CG,AG,AA,TT,CA,CA,AA,GG,CC,TC,GG,CC,TT,AA,GG,GA,CT,AA,GG,CC,CC,GG,GG,CC,GA,GG,GG,GG,TT,TT,GG,TT,GT,GG,TT,TT,AA,CC,CT,CC,CC,CC,GG,CA,CC,GG,CC,AA,CG,GG,CC,CC,GG,TT,GG,AA,GG,AA,CC,AA,AA,GG,GG,TT,GG,CC,CC,AA,GG,GT,GG,CC,CC,CC,CT,GG,GG,AA,CT,GG,GG,TT,GG,CC,AA,GG,CC,GG,AA,CC,TT,GG,GG,CG
tissue_marten,0,CO_M21256.tr,Nextseq519,MACA_P10B,ZM21256,,CONSENSUS,175364,167835.5,95.735,100%,91,0,GG,AA,CT,GG,CC,AA,GG,AA,GA,CC,CC,TT,GG,TC,CT,TT,CC,CG,AG,AA,TT,CA,CA,AA,GG,CC,TC,GG,CC,TT,AA,GG,GA,CT,AA,GG,CC,CC,GG,GG,CC,GA,GG,GG,GG,TT,TT,GG,TT,GT,GG,TT,TT,AA,CC,CT,CC,CC,CC,GG,CA,CC,GG,CC,AA,CG,GG,CC,CC,GG,TT,GG,AA,GG,AA,CC,AA,AA,GG,GG,TT,GG,CC,CC,AA,GG,GT,GG,CC,CC,CC,CT,GG,GG,AA,CT,GG,GG,TT,GG,CC,AA,GG,CC,GG,AA,CC,TT,GG,GG,CG
tissue_marten,NA,CO_M21257.tr,Nextseq519,MACA_P10B,ZM21257,a,lane1-s260-index--GATAGCCTTG-TACCACAATG-MACAP9_M12B_a_S260.assembled,266772,254835,95.53,98%,89,NA,GG,AC,CT,GG,CC,AA,GG,AT,GG,CT,CC,TT,GG,TC,CC,TT,CC,GG,AG,GA,CC,CA,CA,AA,GG,CC,TC,GG,CC,TT,AA,GG,GG,CT,AG,GG,CC,CC,GG,GG,CC,GA,GG,GG,0,CC,TC,GG,CT,GG,GG,TT,TT,AA,CC,CC,CC,CC,CC,GA,CC,CC,GG,CC,AG,CC,GG,CC,CC,TG,TA,GG,AA,GG,GA,CC,AA,AA,TT,GG,TT,0,CC,CC,AA,GG,GG,GG,CC,TC,CC,CC,GG,GG,AG,CT,GG,GG,CT,GG,CC,GA,GG,CC,GG,AA,CC,TT,GG,GG,CC
tissue_marten,NA,CO_M21257.tr,Nextseq519,MACA_P10B,ZM21257,b,lane1-s268-index--AGTTAATGCT-ACTGCAGCCG-MACAP9_M12B_b_S268.assembled,183798,175583,95.53,97%,88,NA,GG,AC,CT,GG,CC,AA,GG,AT,GG,CT,CC,TT,GG,TC,CC,TT,CC,GG,AG,GA,CC,CA,CA,AA,GG,CC,TC,GG,CC,TT,AA,GG,GG,CT,AG,GG,CC,CC,GG,GG,CC,GA,GG,GG,0,CC,TC,GG,CT,GG,GG,TT,TT,AA,CC,CC,CC,CC,CC,GA,CC,CC,GG,CC,AG,CC,GG,CC,CC,TG,TA,GG,AA,GG,GA,CC,AA,AA,TT,GG,TT,0,CC,CC,AA,GG,GG,GG,CC,TC,CC,CC,GG,GG,AG,CT,GG,GG,CT,GG,CC,GA,GG,CC,GG,AA,CC,TT,GG,GG,CC
tissue_marten,0,CO_M21257.tr,Nextseq519,MACA_P10B,ZM21257,,CONSENSUS,225285,215209,95.53,97%,88,0,GG,AC,CT,GG,CC,AA,GG,AT,GG,CT,CC,TT,GG,TC,CC,TT,CC,GG,AG,GA,CC,CA,CA,AA,GG,CC,TC,GG,CC,TT,AA,GG,GG,CT,AG,GG,CC,CC,GG,GG,CC,GA,GG,GG,0,CC,TC,GG,CT,GG,GG,TT,TT,AA,CC,CC,CC,CC,CC,GA,CC,CC,GG,CC,AG,CC,GG,CC,CC,TG,TA,GG,AA,GG,GA,CC,AA,AA,TT,GG,TT,0,CC,CC,AA,GG,GG,GG,CC,TC,CC,CC,GG,GG,AG,CT,GG,GG,CT,GG,CC,GA,GG,CC,GG,AA,CC,TT,GG,GG,CC
tissue_marten,NA,CO_F21258.tr,Nextseq519,MACA_P10B,ZM21258,a,lane1-s261-index--CCTGGACGCA-TGGTATACCA-MACAP9_M17_a_S261.assembled,2112373,2047858,96.95,99%,90,NA,GG,AA,CC,GG,CC,AA,GG,AA,GA,CT,CT,TT,GG,TT,CC,TT,CC,GG,AA,AA,CC,AA,CC,AA,GG,CC,TC,GG,CC,TT,GG,GG,GA,TT,AA,GG,CC,CC,GG,GG,TC,GG,GG,GG,GG,CT,TT,GG,CT,GG,GG,TT,CC,AA,CC,CT,CC,CC,CC,GG,CC,CC,GG,CC,AA,CG,GG,CC,TC,GG,TA,GG,AA,GG,AA,CC,AA,AA,GT,0,TT,GG,CC,CC,AA,GC,GT,GG,CC,TC,CC,CT,0,0,AA,CC,GG,GG,TT,GG,CC,GA,GG,CC,GG,AA,CC,TT,GG,GG,CG
tissue_marten,NA,CO_F21258.tr,Nextseq519,MACA_P10B,ZM21258,b,lane1-s269-index--GGTGAGTAAT-AACATCTAGT-MACAP9_M17_b_S269.assembled,2007317,1946190,96.95,99%,90,NA,GG,AA,CC,GG,CC,AA,GG,AA,GA,CT,CT,TT,GG,TT,CC,TT,CC,GG,AA,AA,CC,AA,CC,AA,GG,CC,TC,GG,CC,TT,GG,GG,GA,TT,AA,GG,CC,CC,GG,GG,TC,GG,GG,GG,GG,CT,TT,GG,CT,GG,GG,TT,CC,AA,CC,CT,CC,CC,CC,GG,CC,CC,GG,CC,AA,CG,GG,CC,TC,GG,TA,GG,AA,GG,AA,CC,AA,AA,GT,0,TT,GG,CC,CC,AA,GC,GT,GG,CC,TC,CC,CT,0,0,AA,CC,GG,GG,TT,GG,CC,GA,GG,CC,GG,AA,CC,TT,GG,GG,CG
tissue_marten,0,CO_F21258.tr,Nextseq519,MACA_P10B,ZM21258,,CONSENSUS,2059845,1997024,96.95,99%,90,0,GG,AA,CC,GG,CC,AA,GG,AA,GA,CT,CT,TT,GG,TT,CC,TT,CC,GG,AA,AA,CC,AA,CC,AA,GG,CC,TC,GG,CC,TT,GG,GG,GA,TT,AA,GG,CC,CC,GG,GG,TC,GG,GG,GG,GG,CT,TT,GG,CT,GG,GG,TT,CC,AA,CC,CT,CC,CC,CC,GG,CC,CC,GG,CC,AA,CG,GG,CC,TC,GG,TA,GG,AA,GG,AA,CC,AA,AA,GT,0,TT,GG,CC,CC,AA,GC,GT,GG,CC,TC,CC,CT,0,0,AA,TT,GG,GG,TT,GG,CC,GA,GG,CC,GG,AA,CC,TT,GG,GG,CG
tissue_marten,NA,CO_M21921.tr,Nextseq519,MACA_P10B,ZM21921,a,lane1-s262-index--TTACGCACCT-GCTCTCGTTG-MACAP9_M18_a_S262.assembled,1481933,1429668,96.47,100%,91,NA,GG,AA,CT,GG,TC,GG,GG,AA,GA,CC,CC,TT,GG,TT,CT,TT,CC,GG,AG,GA,CT,AA,CA,AA,GA,CC,TC,GG,CC,TT,GG,GG,GA,CT,GG,GG,CC,CC,GG,GG,CC,GA,GG,GG,GG,CC,TT,GG,CT,GG,GG,TT,CT,AA,CC,CT,CC,CC,CC,GG,CC,CC,GG,CC,AA,GG,GG,CT,CC,TG,TA,GG,AA,GG,AA,CC,AA,AA,GT,AA,TT,GG,CC,CT,AA,GG,GT,GG,CC,CC,CC,TT,GG,GG,AA,CT,GG,GG,TT,GG,CC,GA,GG,CC,GG,AA,CC,TT,GG,GG,GG
tissue_marten,NA,CO_M21921.tr,Nextseq519,MACA_P10B,ZM21921,b,lane1-s270-index--TACTCTGCGC-CCTTACTATG-MACAP9_M18_b_S270.assembled,806009,777577,96.47,99%,90,NA,GG,AA,CT,GG,TC,GG,GG,AA,GA,CC,CC,TT,GG,TT,CT,TT,CC,GG,AG,GA,CT,AA,CA,AA,GA,CC,TC,GG,CC,TT,0,GG,GA,CT,GG,GG,CC,CC,GG,GG,CC,GA,GG,GG,GG,CC,TT,GG,CT,GG,GG,TT,CT,AA,CC,CT,CC,CC,CC,GG,CC,CC,GG,CC,AA,GG,GG,CT,CC,TG,TA,GG,AA,GG,AA,CC,AA,AA,GT,AA,TT,GG,CC,CT,AA,GG,GT,GG,CC,CC,CC,TT,GG,GG,AA,CT,GG,GG,TT,GG,CC,GA,GG,CC,GG,AA,CC,TT,GG,GG,GG
tissue_marten,0,CO_M21921.tr,Nextseq519,MACA_P10B,ZM21921,,CONSENSUS,1143971,1103622.5,96.47,99%,90,0,GG,AA,CT,GG,TC,GG,GG,AA,GA,CC,CC,TT,GG,TT,CT,TT,CC,GG,AG,GA,CT,AA,CA,AA,GA,CC,TC,GG,CC,TT,0,GG,GA,CT,GG,GG,CC,CC,GG,GG,CC,GA,GG,GG,GG,CC,TT,GG,CT,GG,GG,TT,CT,AA,CC,CT,CC,CC,CC,GG,CC,CC,GG,CC,AA,GG,GG,CT,CC,TG,TA,GG,AA,GG,AA,CC,AA,AA,GT,AA,TT,GG,CC,CT,AA,GG,GT,GG,CC,CC,CC,TT,GG,GG,AA,CT,GG,GG,TT,GG,CC,GA,GG,CC,GG,AA,CC,TT,GG,GG,GG
tissue_marten,NA,CO_M21922.tr,Nextseq519,MACA_P10B,ZM21922,a,lane1-s263-index--TCGTTGCTGC-GTCTCGTGAA-MACAP9_M19_a_S263.assembled,2050967,1862905,90.83,98%,89,NA,GG,AA,CC,GG,TC,AG,GG,AT,GA,CC,CT,TT,GG,TC,CT,TT,CC,GG,AG,GA,CC,AA,CC,AA,GG,CC,TT,GG,CC,TT,0,GG,GA,CT,AA,GG,CC,CC,GG,GG,CC,GG,GG,GG,GG,CC,TT,GG,TT,GG,GG,TT,CC,AA,CC,CT,CC,CC,CC,AA,CA,CC,GG,CC,AA,CG,GG,CT,TC,TG,AA,GG,AA,GG,AA,CC,AA,AA,GG,AG,TT,GG,CC,CC,AA,GG,GT,GG,CC,TC,CC,TT,GG,GG,AA,CT,GG,GG,TT,GG,CC,AA,GG,CC,GG,AA,CC,TT,GG,GG,CG
tissue_marten,NA,CO_M21922.tr,Nextseq519,MACA_P10B,ZM21922,b,lane1-s271-index--AGGTATGGCG-GTGGCGAGAC-MACAP9_M19_b_S271.assembled,1734026,1572588,90.69,98%,89,NA,GG,AA,CC,GG,TC,AG,GG,AT,GA,CC,CT,TT,GG,TC,CT,TT,CC,GG,AG,GA,CC,AA,CC,AA,GG,CC,TT,GG,CC,TT,0,GG,GA,CT,AA,GG,CC,CC,GG,GG,CC,GG,GG,GG,GG,CC,TT,GG,TT,GG,GG,TT,CC,AA,CC,CT,CC,CC,CC,AA,CA,CC,GG,CC,AA,CG,GG,CT,TC,TG,AA,GG,AA,GG,AA,CC,AA,AA,GG,AG,TT,GG,CC,CC,AA,GG,GT,GG,CC,TC,CC,TT,GG,GG,AA,CT,GG,GG,TT,GG,CC,AA,GG,CC,GG,AA,CC,TT,GG,GG,CG
tissue_marten,0,CO_M21922.tr,Nextseq519,MACA_P10B,ZM21922,,CONSENSUS,1892496.5,1717746.5,90.76,98%,89,0,GG,AA,CC,GG,TC,AG,GG,AT,GA,CC,CT,TT,GG,TC,CT,TT,CC,GG,AG,GA,CC,AA,CC,AA,GG,CC,TT,GG,CC,TT,0,GG,GA,CT,AA,GG,CC,CC,GG,GG,CC,GG,GG,GG,GG,CC,TT,GG,TT,GG,GG,TT,CC,AA,CC,CT,CC,CC,CC,AA,CA,CC,GG,CC,AA,CG,GG,CT,TC,TG,AA,GG,AA,GG,AA,CC,AA,AA,GG,AG,TT,GG,CC,CC,AA,GG,GT,GG,CC,TC,CC,TT,GG,GG,AA,CT,GG,GG,TT,GG,CC,AA,GG,CC,GG,AA,CC,TT,GG,GG,CG
scat_marten,NA,NA,Nextseq520,MACA_P10B,COOS49,a,lane1-s101-index--TCCTGGTTGT-CTGACCGGCA-MACAP7_COOS49_a_S101.assembled,1448065,1153225,79.64,23%,21,NA,GG,CC,0,GG,0,AA,0,0,0,0,0,0,AA,0,0,0,0,0,0,0,0,CC,0,AA,0,0,0,0,0,AA,AA,0,GG,0,0,GG,0,0,0,GG,0,AA,0,AA,0,0,0,0,0,0,0,0,CC,0,CC,0,CC,0,0,0,0,0,0,0,0,CC,0,0,0,0,0,0,AA,GG,0,0,AA,0,0,0,TT,0,CC,0,0,0,0,0,0,0,0,0,0,0,GG,0,GG,0,CC,0,TT,0,0,0,0,0,CC,0,0,0,CC
scat_marten,NA,NA,Nextseq520,MACA_P10B,COOS49,b,lane1-s109-index--TCCTCGGACT-AACGCCAGAG-MACAP7_COOS49_b_S109.assembled,1604066,892636,55.65,27%,25,NA,0,0,CC,0,0,GG,0,0,0,0,CC,TT,0,0,0,0,0,0,0,0,CC,0,CC,AA,0,0,0,AA,CC,0,0,0,GG,TT,0,0,CC,0,0,0,CC,AA,0,0,0,CC,0,0,0,0,CC,0,0,GG,0,0,0,TT,0,0,0,CC,0,TT,0,CC,0,0,TT,0,0,GG,0,0,0,0,AA,0,0,0,0,0,CC,0,0,0,TT,0,AA,0,0,0,0,0,0,CC,0,0,0,0,0,0,0,0,0,0,CC,0,0,0,CC
scat_marten,NA,NA,Nextseq520,MACA_P10B,COOS49,c,lane1-s117-index--TTAGGATATC-TATACCATGG-MACAP7_COOS49_c_S117.assembled,1078090,873917,81.06,20%,18,NA,0,0,0,0,0,0,0,0,0,0,CC,0,AA,0,0,0,0,0,0,AA,0,0,0,0,0,TT,0,0,CC,0,AA,0,0,CT,AA,0,0,0,0,0,0,0,0,0,0,0,0,0,CC,0,0,0,0,0,CC,0,0,0,0,0,0,0,GG,0,AA,0,0,CC,0,0,0,TT,0,0,0,0,AA,AA,0,0,0,0,0,TT,GG,0,0,GA,0,0,CC,0,0,0,0,CC,0,0,CC,0,0,GG,GA,0,GG,0,0,TT,0,0,0
scat_marten,1,NA,Nextseq520,MACA_P10B,COOS49,3,CONSENSUS,1376740.333,973259.3333,72.11666667,10%,9,0,0,0,0,0,0,NA,0,0,0,0,CC,0,AA,0,0,0,0,0,0,0,0,0,0,AA,0,0,0,0,CC,0,AA,0,GG,NA,0,0,0,0,0,0,0,AA,0,0,0,0,0,0,0,0,0,0,0,0,CC,0,0,0,0,0,0,0,0,0,0,CC,0,0,0,0,0,NA,0,0,0,0,AA,0,0,0,0,0,CC,0,0,0,0,0,0,0,0,0,0,0,0,CC,0,0,CC,0,0,0,0,0,0,0,CC,0,0,0,CC
scat_marten,NA,SDunes_M07.sc,Nextseq520,MACA_P7,COOS50,a,lane1-s102-index--TAATTCTGCT-TCTCATCAAT-MACAP7_COOS50_a_S102.assembled,612661,550024,89.78,100%,91,NA,GA,CC,CT,GG,TT,AG,GG,AA,GA,CC,CC,TT,AA,CC,CC,TC,CT,CC,AA,AA,CT,CC,CC,AA,GG,TT,TC,GG,CT,AT,AA,GG,GG,CC,GG,AG,CC,TT,GG,GA,CC,GG,AA,AA,GG,CC,TT,AA,CC,GT,GC,TT,TT,GG,CC,CC,CC,CT,GG,GA,CC,TC,GG,TC,AA,CC,GG,CC,TT,TT,TA,GG,AA,GG,AA,CT,AA,AA,GT,AA,TT,AA,CC,TT,GG,GC,TT,GA,AA,CC,CC,CT,0,GG,GG,CC,GG,GG,CC,GG,TT,GG,GA,CC,GG,AA,CC,TT,GG,GG,CC
scat_marten,NA,SDunes_M07.sc,Nextseq520,MACA_P7,COOS50,b,lane1-s110-index--CTGGAACTGT-CGTAATTAAC-MACAP7_COOS50_b_S110.assembled,241701,212792,88.04,99%,90,NA,GA,CC,CT,GG,TT,AG,GG,AA,GA,CC,CC,TT,AA,CC,CC,TC,CT,CC,AA,AA,CT,CC,CC,AA,GG,TT,TC,GG,CT,AT,AA,GG,GG,CC,GG,AG,CC,TT,GG,GA,CC,GG,AA,AA,GG,CC,TT,AA,CC,GT,GC,TT,TT,GG,CC,CC,CC,CT,GG,GA,CC,TC,GG,TC,AA,CC,GG,CC,TT,TT,TA,GG,AA,GG,AA,CT,AA,AA,GT,AA,TT,AA,CC,TT,GG,GC,TT,GA,AA,CC,CC,CT,GG,GG,GG,CC,GG,GG,CC,GG,TT,GG,GA,CC,GG,AA,CC,TT,GG,GG,CC
scat_marten,NA,SDunes_M07.sc,Nextseq520,MACA_P7,COOS50,c,lane1-s118-index--TTATACGCGA-GCCGTCTGTT-MACAP7_COOS50_c_S118.assembled,87396,79793,91.3,99%,90,NA,GA,CC,CT,GG,TT,AG,GG,AA,GA,CC,CC,TT,AA,CC,CC,TC,CT,CC,AA,AA,CT,CC,CC,AA,GG,TT,TC,GG,CT,AT,AA,GG,GG,CC,GG,AG,CC,TT,GG,GA,CC,GG,AA,AA,GG,CC,TT,AA,CC,GT,GC,TT,TT,GG,CC,CC,CC,CT,GG,GA,CC,TC,GG,TC,AA,CC,GG,CC,TT,TT,TA,GG,AA,GG,AA,CT,AA,AA,GT,AA,TT,AA,CC,TT,GG,GC,TT,GA,AA,CC,CC,CT,0,GG,GG,CC,GG,GG,CC,GG,TT,GG,GA,CC,GG,AA,CC,TT,GG,GG,CC
scat_marten,0,SDunes_M07.sc,Nextseq520,MACA_P7,COOS50,3,CONSENSUS,313919.3333,280869.6667,89.70666667,99%,90,0,GA,CC,CT,GG,TT,AG,GG,AA,GA,CC,CC,TT,AA,CC,CC,TC,CT,CC,AA,AA,CT,CC,CC,AA,GG,TT,TC,GG,CT,AT,AA,GG,GG,CC,GG,AG,CC,TT,GG,GA,CC,GG,AA,AA,GG,CC,TT,AA,CC,GT,GC,TT,TT,GG,CC,CC,CC,CT,GG,GA,CC,TC,GG,TC,AA,CC,GG,CC,TT,TT,TA,GG,AA,GG,AA,CT,AA,AA,GT,AA,TT,AA,CC,TT,GG,GC,TT,GA,AA,CC,CC,CT,GG* (1 rep),GG,GG,CC,GG,GG,CC,GG,TT,GG,GA,CC,GG,AA,CC,TT,GG,GG,CC
scat_marten,NA,SDunes_M07.sc,Nextseq520,MACA_P7,COOS51,a,lane1-s103-index--CGCACGACTG-GGACCAACAG-MACAP7_COOS51_a_S103.assembled,1891112,1161248,61.41,86%,78,NA,GA,0,CC,GG,TT,0,GG,AA,AA,CC,CC,TT,GG,CC,CC,0,TT,CC,AA,AA,CC,CC,CC,0,0,TT,TC,GG,0,AT,AA,GG,GG,CC,GG,AG,CC,TT,GG,GG,CC,GG,AA,0,GG,CC,TT,0,CC,GG,GC,TT,TT,0,CC,CC,CC,CC,GG,AA,CC,CC,GG,TT,AA,0,GG,CC,TT,TT,TT,GG,AA,GG,AA,TT,AA,AA,GT,AA,0,AA,CC,TT,GG,0,TT,GA,AA,0,CC,TT,GG,GG,GG,CC,GG,0,CC,GG,0,GG,GA,CC,GG,AA,CC,TT,GG,GG,0
scat_marten,NA,SDunes_M07.sc,Nextseq520,MACA_P7,COOS51,b,lane1-s111-index--GAATATGCGG-ACGAGACTGA-MACAP7_COOS51_b_S111.assembled,1594065,991494,62.2,85%,77,NA,AA,CC,0,GG,TT,0,0,AA,0,CC,CC,TT,0,CC,CC,0,CT,CC,AA,0,CC,CC,CC,AA,GG,TT,CC,GG,CC,AT,AA,GG,GG,CC,GG,AA,CC,TT,GG,AA,CC,GG,0,0,GG,CC,TT,AA,CC,TT,CC,TT,TT,0,0,CC,CC,TT,GG,GG,CC,TC,GG,TT,AA,0,0,CC,TT,TT,TT,GG,AA,GG,AA,CT,AA,AA,GT,AA,0,AA,CC,TT,GG,GC,TT,GA,AA,CC,CC,CC,0,GG,GG,CC,GG,GG,0,GG,0,GG,GA,CC,GG,AA,CC,TT,GG,GG,0
scat_marten,NA,SDunes_M07.sc,Nextseq520,MACA_P7,COOS51,c,lane1-s119-index--CGCTTAGAAT-CAGAGTGATA-MACAP7_COOS51_c_S119.assembled,1231207,701801,57,90%,82,NA,AA,CC,CT,GG,TT,AA,GG,AA,AA,CC,CC,TT,AA,CC,CC,0,TT,CC,AA,AA,CT,CC,CC,AA,GG,TT,TC,GG,CC,AT,AA,GG,GG,0,GG,AG,CC,TT,GG,0,CC,0,AA,AA,GG,CC,0,AA,CC,GT,CC,TT,TT,GG,0,CC,CC,TT,GG,AA,CC,TT,GG,TC,AA,CC,GG,0,TT,TT,TA,GG,AA,GG,AA,TT,AA,AA,GG,AA,0,AA,CC,TT,GG,CC,TT,GG,AA,CC,0,TT,GG,GG,GG,0,0,GG,0,GG,TT,GG,GG,CC,0,AA,CC,TT,GG,GG,CC
scat_marten,0.5,SDunes_M07.sc,Nextseq520,MACA_P7,COOS51,3,CONSENSUS,1572128,951514.3333,60.20333333,78%,71,0,NA,CC,NA,GG,TT,0,GG,AA,AA,CC,CC,TT,NA,CC,CC,0,NA,CC,AA,AA,NA,CC,CC,AA,GG,TT,TC,GG,CC,AT,AA,GG,GG,CC,GG,AG,CC,TT,GG,NA,CC,GG,AA,0,GG,CC,TT,AA,CC,GT,NA,TT,TT,0,0,CC,CC,NA,GG,NA,CC,TC,GG,NA,AA,CC,GG,CC,TT,TT,NA,GG,AA,GG,AA,NA,AA,AA,GT,AA,0,AA,CC,TT,GG,NA,TT,GA,AA,CC,CC,NA,GG ,GG,GG,CC,GG,GG,0,GG,0,GG,GA,CC,GG,AA,CC,TT,GG,GG,CC
scat_marten,NA,SDunes_M13.sc,Nextseq520,MACA_P7,COOS52,a,lane1-s104-index--GAGGTTAGAC-AATGTATTGC-MACAP7_COOS52_a_S104.assembled,737856,674121,91.36,100%,91,NA,GG,CC,CT,GG,TT,AG,GG,AA,GA,CT,CC,TT,AA,CC,CC,TC,CT,CG,AA,GA,CC,CC,CC,AA,GG,TT,TC,GG,CC,AT,AA,GG,GG,CT,AG,AG,CC,TT,GG,GG,CC,GA,AA,AA,GG,CC,TT,AA,CC,GG,CC,TT,TT,GG,CC,CC,CC,CC,CG,GA,CC,TT,GG,TC,AA,CC,GG,CC,TT,TT,TA,GT,AA,GG,GA,CC,AA,AA,GT,AA,TT,AA,CC,CT,GG,CC,TT,GG,AA,CC,CC,TT,GG,GG,GG,CC,GG,GG,CC,GG,TT,GG,GG,CC,GG,AA,CC,TT,GG,GG,CC
scat_marten,NA,SDunes_M13.sc,Nextseq520,MACA_P7,COOS52,b,lane1-s112-index--GATCGGATAA-GTATCGGCCG-MACAP7_COOS52_b_S112.assembled,574154,515197,89.73,100%,91,NA,GG,CC,CT,GG,TT,AG,GG,AA,GA,CT,CC,TT,AA,CC,CC,TC,CT,CG,AA,GA,CC,CC,CC,AA,GG,TT,TC,GG,CC,AT,AA,GG,GG,CT,AG,AG,CC,TT,GG,GG,CC,GA,AA,AA,GG,CC,TT,AA,CC,GG,CC,TT,TT,GG,CC,CC,CC,CC,CG,GA,CC,TT,GG,TC,AA,CC,GG,CC,TT,TT,TA,GT,AA,GG,GA,CC,AA,AA,GT,AA,TT,AA,CC,CT,GG,CC,TT,GG,AA,CC,CC,TT,GG,GG,GG,CC,GG,GG,CC,GG,TT,GG,GG,CC,GG,AA,CC,TT,GG,GG,CC
scat_marten,NA,SDunes_M13.sc,Nextseq520,MACA_P7,COOS52,c,lane1-s120-index--CCGAAGCGCT-TGCTAACTAT-MACAP7_COOS52_c_S120.assembled,289484,261594,90.37,100%,91,NA,GG,CC,CT,GG,TT,AG,GG,AA,GA,CT,CC,TT,AA,CC,CC,TC,CT,CG,AA,GA,CC,CC,CC,AA,GG,TT,TC,GG,CC,AT,AA,GG,GG,CT,AG,AG,CC,TT,GG,GG,CC,GA,AA,AA,GG,CC,TT,AA,CC,GG,CC,TT,TT,GG,CC,CC,CC,CC,CG,GA,CC,TT,GG,TC,AA,CC,GG,CC,TT,TT,TA,GT,AA,GG,GA,CC,AA,AA,GT,AA,TT,AA,CC,CT,GG,CC,TT,GG,AA,CC,CC,TT,GG,GG,GG,CC,GG,GG,CC,GG,TT,GG,GG,CC,GG,AA,CC,TT,GG,GG,CC
scat_marten,0,SDunes_M13.sc,Nextseq520,MACA_P7,COOS52,3,CONSENSUS,533831.3333,483637.3333,90.48666667,100%,91,0,GG,CC,CT,GG,TT,AG,GG,AA,GA,CT,CC,TT,AA,CC,CC,TC,CT,CG,AA,GA,CC,CC,CC,AA,GG,TT,TC,GG,CC,AT,AA,GG,GG,CT,AG,AG,CC,TT,GG,GG,CC,GA,AA,AA,GG,CC,TT,AA,CC,GG,CC,TT,TT,GG,CC,CC,CC,CC,CG,GA,CC,TT,GG,TC,AA,CC,GG,CC,TT,TT,TA,GT,AA,GG,GA,CC,AA,AA,GT,AA,TT,AA,CC,CT,GG,CC,TT,GG,AA,CC,CC,TT,GG,GG,GG,CC,GG,GG,CC,GG,TT,GG,GG,CC,GG,AA,CC,TT,GG,GG,CC
scat_marten,NA,SDunes_F19.sc,Nextseq520,MACA_P7,COOS53,a,lane1-s121-index--CACTATCAAC-TCAGTTAATG-MACAP7_COOS53_a_S121.assembled,837619,802472,95.8,88%,80,NA,AA,0,TT,GC,TT,GG,GA,AA,GG,0,CC,TT,AA,CC,CC,CC,CC,CC,AA,AA,CC,0,CA,AA,GG,TT,TT,GG,CC,0,0,AA,GG,CT,GG,AA,0,CT,GG,GG,CC,GG,AG,AA,GG,CC,TT,AA,CC,GG,GG,TT,TT,GG,0,CC,CC,CC,CG,0,AA,TC,GG,TT,AA,CG,GA,CC,TT,TT,TT,GG,AA,GG,GA,CC,0,0,GG,AA,TG,AA,CG,CT,GG,GG,GT,0,AA,CC,CC,TT,0,0,0,CC,GG,GG,CC,GG,TT,GG,0,CC,GG,AA,CC,TT,GG,GG,CG
scat_marten,NA,SDunes_F19.sc,Nextseq520,MACA_P7,COOS53,b,lane1-s129-index--TAGTGGAAGC-AGTACCTATA-MACAP7_COOS53_b_S129.assembled,216700,200158,92.37,87%,79,NA,GA,CC,0,CC,TT,AA,GG,TT,GG,CT,CC,TT,AA,CC,CC,TT,0,CC,AA,AA,CC,AA,CC,AA,GG,TT,TT,AA,0,TT,AA,0,0,TT,GG,AA,TT,TT,GG,GG,CC,GG,AA,0,GG,CC,TT,AA,CC,GG,GG,TT,TT,GG,CT,CC,CC,CC,CG,AA,AA,CC,GG,TT,AA,CG,0,CC,TT,TT,TT,GG,AA,GG,AA,0,0,0,GT,AA,TG,AA,CG,CC,GG,GG,0,GG,AA,CC,CC,TT,0,0,AA,CC,GG,GG,CC,GG,0,GG,GG,CC,GG,AA,0,TT,GG,GG,CG
scat_marten,NA,SDunes_F19.sc,Nextseq520,MACA_P7,COOS53,c,lane1-s137-index--TACAAGACTT-CAGGTGTTCA-MACAP7_COOS53_c_S137.assembled,447928,425453,94.98,89%,81,NA,AA,CC,TT,GG,TT,GG,GA,TT,GG,CT,CC,TT,AA,CC,CC,0,CT,CC,AA,AA,CC,AA,CC,AA,GG,TT,TT,GA,CC,AT,AA,GA,GG,CT,GG,AA,CC,0,GG,GG,CC,GG,AG,AA,GG,CC,TT,AA,CC,GG,GG,TT,TT,GG,TT,CC,CC,CC,0,AA,0,TC,GG,TT,AA,CC,0,CC,TT,TT,0,GG,AA,GG,GG,CC,0,0,GT,AA,TG,AA,0,TT,GG,GG,GT,GG,AA,0,CC,TT,0,0,AA,CC,GG,GG,CC,0,TT,GG,GG,CC,GG,AA,CC,TT,GG,GG,CC
scat_marten,0,SDunes_F19.sc,Nextseq520,MACA_P7,COOS53,3,CONSENSUS,500749,476027.6667,94.38333333,85%,77,0,NA,CC,TT,GC,TT,NA,GA,NA,GG,CT,CC,TT,AA,CC,CC,NA,NA,CC,AA,AA,CC,AA,NA,AA,GG,TT,TT,GA,CC,NA,AA,NA,GG,CT,GG,AA,NA,NA,GG,GG,CC,GG,AG,AA,GG,CC,TT,AA,CC,GG,GG,TT,TT,GG,NA,CC,CC,CC,CG,AA,AA,TC,GG,TT,AA,CG,0,CC,TT,TT,TT,GG,AA,GG,GA,CC,0,0,GT,AA,TG,AA,CG,CT,GG,GG,GT,GG,AA,CC,CC,TT,0,0,AA,CC,GG,GG,CC,GG,TT,GG,GG,CC,GG,AA,CC,TT,GG,GG,CG
scat_marten,NA,SCoast_M02.sc,Nextseq520,MACA_P7,COOS76,a,lane1-s122-index--TTGCTCTATT-GTGACCTTGA-MACAP7_COOS76_a_S122.assembled,145533,128723,88.45,99%,90,NA,GG,AC,CT,GC,TT,AA,GG,AT,GG,CC,CC,TT,GG,TC,CC,CC,CC,CC,AG,GG,CC,CC,CA,AA,GG,TC,CC,AA,CC,AT,AA,GG,AA,TT,AG,AA,TT,TT,GA,GA,CC,GG,AG,AA,GT,CC,TC,AA,CT,GT,GG,TT,TT,GG,CT,CC,TT,CT,GG,GG,CA,TC,GG,TT,AA,CC,AA,CC,TC,TT,TT,TT,AA,GG,GG,CC,GA,GA,GT,GG,TG,GG,CC,CC,GG,CC,GG,GA,CC,CC,CC,TT,0,GG,GG,CC,GG,GG,CC,GG,TT,GA,GA,CC,GG,AA,CC,TT,GG,GG,CC
scat_marten,NA,SCoast_M02.sc,Nextseq520,MACA_P7,COOS76,b,lane1-s130-index--CGCCATATCT-GACCGGAGAT-MACAP7_COOS76_b_S130.assembled,357507,323679,90.54,100%,91,NA,GG,AC,CT,GC,TT,AA,GG,AT,GG,CC,CC,TT,GG,TC,CC,CC,CC,CC,AG,GG,CC,CC,CA,AA,GG,TC,CC,AA,CC,AT,AA,GG,AA,TT,AG,AA,TT,TT,GA,GA,CC,GG,AG,AA,GT,CC,TC,AA,CT,GT,GG,TT,TT,GG,CT,CC,TT,CT,GG,GG,CA,TC,GG,TT,AA,CC,AA,CC,TC,TT,TT,TT,AA,GG,GG,CC,GA,GA,GT,GG,TG,GG,CC,CC,GG,CC,GG,GA,CC,CC,CC,TT,GG,GG,GG,CC,GG,GG,CC,GG,TT,GA,GA,CC,GG,AA,CC,TT,GG,GG,CC
scat_marten,NA,SCoast_M02.sc,Nextseq520,MACA_P7,COOS76,c,lane1-s138-index--CTGTGGTGAC-GACAGACAGG-MACAP7_COOS76_c_S138.assembled,277366,249371,89.91,99%,90,NA,GG,AC,CT,GC,TT,AA,GG,AT,GG,CC,CC,TT,GG,TC,CC,CC,CC,CC,AG,GG,CC,CC,CA,AA,GG,TC,CC,AA,CC,AT,AA,GG,AA,TT,AG,AA,TT,TT,GA,GA,CC,GG,AG,AA,GT,CC,TC,AA,CT,GT,GG,TT,TT,GG,CT,CC,TT,CT,GG,GG,CA,TC,GG,TT,AA,CC,AA,CC,TC,TT,TT,TT,AA,GG,GG,CC,GA,GA,GT,GG,TG,GG,CC,CC,GG,CC,GG,GA,CC,CC,CC,TT,0,GG,GG,CC,GG,GG,CC,GG,TT,GA,GA,CC,GG,AA,CC,TT,GG,GG,CC
scat_marten,0,SCoast_M02.sc,Nextseq520,MACA_P7,COOS76,3,CONSENSUS,260135.3333,233924.3333,89.63333333,99%,90,0,GG,AC,CT,GC,TT,AA,GG,AT,GG,CC,CC,TT,GG,TC,CC,CC,CC,CC,AG,GG,CC,CC,CA,AA,GG,TC,CC,AA,CC,AT,AA,GG,AA,TT,AG,AA,TT,TT,GA,GA,CC,GG,AG,AA,GT,CC,TC,AA,CT,GT,GG,TT,TT,GG,CT,CC,TT,CT,GG,GG,CA,TC,GG,TT,AA,CC,AA,CC,TC,TT,TT,TT,AA,GG,GG,CC,GA,GA,GT,GG,TG,GG,CC,CC,GG,CC,GG,GA,CC,CC,CC,TT,GG* (1 rep),GG,GG,CC,GG,GG,CC,GG,TT,GA,GA,CC,GG,AA,CC,TT,GG,GG,CC
scat_marten,NA,SCoast_M02.sc,Nextseq520,MACA_P7,COOS77,a,lane1-s123-index--TTACAGTTAG-ACATGCATAT-MACAP7_COOS77_a_S123.assembled,66691,60016,89.99,98%,89,NA,GG,AC,CT,GC,TT,AA,GG,AT,GG,CC,CC,TT,GG,TC,CC,CC,CC,CC,AG,GG,CC,CC,CA,AA,GG,TC,CC,AA,CC,AT,AA,GG,AA,TT,AG,AA,TT,TT,GA,GA,CC,GG,AG,AA,GT,CC,TC,AA,CT,GT,GG,TT,TT,GG,CT,CC,TT,CT,GG,GG,CA,TC,GG,TT,AA,CC,AA,CC,TC,TT,TT,TT,AA,GG,GG,CC,GA,GA,GT,0,TG,GG,CC,CC,GG,CC,GG,GA,CC,CC,CC,TT,0,GG,GG,CC,GG,GG,CC,GG,TT,GA,GA,CC,GG,AA,CC,TT,GG,GG,CC
scat_marten,NA,SCoast_M02.sc,Nextseq520,MACA_P7,COOS77,b,lane1-s131-index--GCTTCATATT-CGTTCAGCCT-MACAP7_COOS77_b_S131.assembled,149486,133504,89.31,100%,91,NA,GG,AC,CT,GC,TT,AA,GG,AT,GG,CC,CC,TT,GG,TC,CC,CC,CC,CC,AG,GG,CC,CC,CA,AA,GG,TC,CC,AA,CC,AT,AA,GG,AA,TT,AG,AA,TT,TT,GA,GA,CC,GG,AG,AA,GT,CC,TC,AA,CT,GT,GG,TT,TT,GG,CT,CC,TT,CT,GG,GG,CA,TC,GG,TT,AA,CC,AA,CC,TC,TT,TT,TT,AA,GG,GG,CC,GA,GA,GT,GG,TG,GG,CC,CC,GG,CC,GG,GA,CC,CC,CC,TT,GG,GG,GG,CC,GG,GG,CC,GG,TT,GA,GA,CC,GG,AA,CC,TT,GG,GG,CC
scat_marten,NA,SCoast_M02.sc,Nextseq520,MACA_P7,COOS77,c,lane1-s139-index--CTCCACTAAT-TGTACTTGTT-MACAP7_COOS77_c_S139.assembled,74026,67462,91.13,99%,90,NA,GG,AC,CT,GC,TT,AA,GG,AT,GG,CC,CC,TT,GG,TC,CC,CC,CC,CC,AG,GG,CC,CC,CA,AA,GG,TC,CC,AA,CC,AT,AA,GG,AA,TT,AG,AA,TT,TT,GA,GA,CC,GG,AG,AA,GT,CC,TC,AA,CT,GT,GG,TT,TT,GG,CT,CC,TT,CT,GG,GG,CA,TC,GG,TT,AA,CC,AA,CC,TC,TT,TT,TT,AA,GG,GG,CC,GA,GA,GT,GG,TG,GG,CC,CC,GG,CC,GG,GA,CC,CC,CC,TT,0,GG,GG,CC,GG,GG,CC,GG,TT,GA,GA,CC,GG,AA,CC,TT,GG,GG,CC
scat_marten,0,SCoast_M02.sc,Nextseq520,MACA_P7,COOS77,3,CONSENSUS,96734.33333,86994,90.14333333,99%,90,0,GG,AC,CT,GC,TT,AA,GG,AT,GG,CC,CC,TT,GG,TC,CC,CC,CC,CC,AG,GG,CC,CC,CA,AA,GG,TC,CC,AA,CC,AT,AA,GG,AA,TT,AG,AA,TT,TT,GA,GA,CC,GG,AG,AA,GT,CC,TC,AA,CT,GT,GG,TT,TT,GG,CT,CC,TT,CT,GG,GG,CA,TC,GG,TT,AA,CC,AA,CC,TC,TT,TT,TT,AA,GG,GG,CC,GA,GA,GT,GG,TG,GG,CC,CC,GG,CC,GG,GA,CC,CC,CC,TT,GG* (1 rep),GG,GG,CC,GG,GG,CC,GG,TT,GA,GA,CC,GG,AA,CC,TT,GG,GG,CC
scat_marten,NA,NA,Nextseq520,MACA_P7,COOS79,a,lane1-s124-index--CTAAGTACGC-AACATACCTA-MACAP7_COOS79_a_S124.assembled,764322,562161,73.55,16%,15,NA,0,0,0,0,0,0,0,0,0,0,CC,0,NA,CC,0,0,0,0,0,GG,0,0,0,0,0,CC,0,0,0,AA,0,0,AA,0,0,0,0,0,0,0,0,0,0,0,0,0,0,0,0,0,GG,0,TT,0,0,0,0,CC,0,0,0,0,GG,0,AA,0,0,CC,TT,0,0,TT,0,0,GG,0,0,NA,0,0,0,GG,0,0,0,CC,0,0,0,0,0,0,GG,GG,0,0,0,0,0,0,0,0,0,0,0,0,CC,0,0,0,0
scat_marten,NA,NA,Nextseq520,MACA_P7,COOS79,b,lane1-s132-index--ACTAGCGCTA-TTACTTCCTC-MACAP7_COOS79_b_S132.assembled,1227548,795007,64.76,19%,17,NA,0,0,0,0,0,0,0,AT,0,0,0,0,NA,0,CC,0,0,CC,GG,0,0,0,0,0,0,0,0,0,CC,0,0,GG,AA,0,0,0,0,0,0,0,0,0,AA,0,0,0,0,0,0,GG,0,0,TT,0,0,0,TT,CC,0,0,0,0,0,0,AA,0,0,0,0,0,TT,0,AA,0,0,0,0,NA,0,0,0,GG,0,CC,0,0,GG,0,0,0,CC,0,0,0,0,0,0,0,0,0,0,0,0,CC,GG,AA,CC,TT,GG,0,0
scat_marten,NA,NA,Nextseq520,MACA_P7,COOS79,c,lane1-s140-index--ATAGTTAGCA-CTCTAAGTAG-MACAP7_COOS79_c_S140.assembled,961139,847949,88.22,25%,23,NA,0,0,0,0,TT,0,GG,0,0,0,CC,TT,0,0,0,CC,0,CC,0,0,0,0,0,AA,0,0,0,0,CC,0,0,0,0,TT,0,AA,0,0,0,0,0,0,0,0,GG,CC,TT,AA,0,TT,0,TT,0,0,0,0,0,0,GG,0,0,TT,0,0,0,0,0,0,0,0,0,0,0,GG,0,0,0,0,0,GG,0,GG,0,CC,0,CC,GG,0,CC,0,0,0,0,0,0,CC,0,GG,0,GG,0,0,0,CC,0,AA,0,TT,GG,0,0
scat_marten,1,NA,Nextseq520,MACA_P7,COOS79,3,CONSENSUS,984336.3333,735039,75.51,10%,9,0,0,0,0,0,0,0,0,0,0,0,CC,0,0,0,0,0,0,CC,0,0,0,0,0,0,0,0,0,0,CC,0,0,0,AA,0,0,0,0,0,0,0,0,0,0,0,0,0,0,0,0,NA,0,0,TT,0,0,0,0,CC,0,0,0,0,0,0,AA,0,0,0,0,0,0,0,0,0,0,0,0,0,0,0,0,GG,0,CC,0,CC,GG,0,0,0,0,0,0,0,0,0,0,0,0,0,0,0,0,CC,0,AA,CC,TT,GG,0,0
hair_marten,NA,NCali_M11.hr,Nextseq520,MACA_P7,KMSM108,a,lane1-s100-index--GCGTGGATGG-TTGACCAATG-MACAP7_KMSM108_a_S100.assembled,415288,368745,88.79,93%,85,NA,AA,AA,CT,GC,TT,AG,GA,AA,GG,CC,CC,TT,AG,CC,CT,TC,CC,CC,AG,AA,CT,CC,AA,AA,GG,CC,CC,AA,CC,AA,AA,GG,GA,CT,GG,AG,0,CC,GA,GG,TC,GG,AG,AG,GT,CT,0,AA,CT,GG,GG,TC,0,GA,CT,CT,TT,TT,CG,GA,CC,TT,GC,TT,AA,CG,0,CT,TT,TG,TA,GT,AA,GA,GG,CC,GA,GA,TT,AA,TT,GA,CG,0,0,GG,GG,GG,AA,TC,CC,CT,GG,GG,GG,CC,GG,GG,CC,GG,TC,GA,GG,CC,GG,AA,CC,TT,GG,GG,CG
hair_marten,NA,NCali_M11.hr,Nextseq520,MACA_P7,KMSM108,b,lane1-s108-index--GTAACTGAAG-GGAGTCGCGA-MACAP7_KMSM108_b_S108.assembled,184166,160100,86.93,90%,82,NA,AA,AC,CT,GC,TT,AG,GA,AA,GG,CC,CC,TT,AG,CC,CT,TC,CC,CC,AG,AA,CT,CC,AA,AA,GG,CC,CC,AA,CC,AA,AA,GG,GA,CT,GG,AG,CC,CC,GA,GG,TC,GG,AG,AG,GT,CT,TT,AA,CT,GG,GG,TC,0,GA,0,0,TT,TT,CG,GA,CC,0,GC,TT,AA,CG,0,CT,TT,TG,TA,GT,AA,GA,GG,CC,GA,GA,0,AA,TT,GA,CG,0,0,GG,GG,GG,AA,TC,CC,CT,GG,GG,GG,CC,GG,GG,CC,GG,TC,GA,GG,CC,GG,AA,CC,TT,GG,GG,CG
hair_marten,NA,NCali_M11.hr,Nextseq520,MACA_P7,KMSM108,c,lane1-s116-index--CTTACCGCAC-TAAGACCTAT-MACAP7_KMSM108_c_S116.assembled,109229,96391,88.25,88%,80,NA,AA,0,CT,GC,TT,AG,GA,AA,GG,CC,CC,TT,AG,CC,CT,TC,CC,CC,AG,AA,CT,CC,AA,AA,GG,CC,CC,AA,CC,0,AA,GG,0,CT,GG,AG,CC,CC,GA,GG,TC,GG,AG,AG,GT,CT,0,AA,CT,GG,GG,TC,0,GA,0,0,TT,TT,CG,AA,CC,TT,GC,TT,AA,CG,0,CT,TT,TG,TA,GT,AA,GA,GG,CC,GA,GA,GT,AA,TT,GA,CG,CC,0,GG,0,GG,AA,TC,CC,CT,GG,GG,GG,CC,GG,GG,CC,GG,TC,GA,GG,CC,GG,AA,CC,TT,GG,GG,CG
hair_marten,0,NCali_M11.hr,Nextseq520,MACA_P7,KMSM108,3,CONSENSUS,236227.6667,208412,87.99,89%,81,0,AA,NA,CT,GC,TT,AG,GA,AA,GG,CC,CC,TT,AG,CC,CT,TC,CC,CC,AG,AA,CT,CC,AA,AA,GG,CC,CC,AA,CC,AA,AA,GG,GA,CT,GG,AG,CC,CC,GA,GG,TC,GG,AG,AG,GT,CT,0,AA,CT,GG,GG,TC,0,GA,0,0,TT,TT,CG,GA,CC,TT,GC,TT,AA,CG,0,CT,TT,TG,TA,GT,AA,GA,GG,CC,GA,GA,NA,AA,TT,GA,CG,0,0,GG,GG,GG,AA,TC,CC,CT,GG,GG,GG,CC,GG,GG,CC,GG,TC,GA,GG,CC,GG,AA,CC,TT,GG,GG,CG
hair_marten,NA,NCali_M12.hr,Nextseq520,MACA_P7,KMSM72,a,lane1-s097-index--TCTCATGATA-AACACGTGGA-MACAP7_KMSM72_a_S97.assembled,459040,434853,94.73,98%,89,NA,GA,AC,CT,GC,TT,AG,GG,AT,GG,CC,CC,TT,GG,TT,CC,TT,CC,CC,AG,AA,CT,CA,CA,AG,GG,TT,TC,GA,CC,AA,AA,GG,GA,CC,AG,AA,CC,CC,GA,GG,TT,GA,AG,AA,GT,CC,TT,AA,TT,GT,GG,TT,CC,GA,CC,CT,0,TT,GG,GA,CC,TT,CC,TT,AA,CC,AA,CT,TT,TT,0,GT,AA,AA,GA,CC,AA,AA,GG,AA,TT,GG,CC,CT,AG,GC,GG,GG,AA,CC,CC,CC,GG,GG,AG,CC,GG,GG,CC,GG,TT,AA,GG,CC,GG,AA,CC,TT,GG,GG,CC
hair_marten,NA,NCali_M12.hr,Nextseq520,MACA_P7,KMSM72,b,lane1-s105-index--AACCGAGTTC-GATCTCTGGA-MACAP7_KMSM72_b_S105.assembled,641889,601312,93.68,97%,88,NA,0,AC,CT,GC,TT,AG,GG,0,GG,CC,CC,TT,GG,TT,CC,TT,CC,CC,AG,AA,CT,CA,CA,AG,GG,TT,TC,GA,CC,AA,AA,GG,GA,CC,AG,AA,CC,CC,GA,GG,TT,GA,AG,AA,GT,CC,TT,AA,TT,GT,GG,TT,CC,GA,CC,CT,CT,TT,GG,GA,CC,TT,CC,TT,AA,CC,AA,CT,TT,TT,TA,GT,AA,AA,GA,CC,AA,AA,GG,0,TT,GG,CC,CT,AG,GC,GG,GG,AA,CC,CC,CC,GG,GG,AG,CC,GG,GG,CC,GG,TT,AA,GG,CC,GG,AA,CC,TT,GG,GG,CC
hair_marten,NA,NCali_M12.hr,Nextseq520,MACA_P7,KMSM72,c,lane1-s113-index--GCTAGACTAT-AATACGACAT-MACAP7_KMSM72_c_S113.assembled,664289,635213,95.62,92%,84,NA,GA,AC,CT,GC,TT,AG,GG,0,GG,CC,CC,TT,GG,TT,CC,TT,CC,CC,AG,AA,CT,CA,CA,0,GG,TT,0,GA,CC,AA,AA,GG,GA,CC,AG,AA,CC,CC,GA,GG,TT,GA,0,AA,GT,CC,TT,AA,TT,GT,GG,TT,CC,GA,CC,0,CT,TT,GG,GA,CC,TT,CC,TT,AA,CC,AA,CT,TT,TT,TA,GT,AA,AA,GA,CC,AA,AA,GG,AG,TT,GG,CC,0,0,GG,GG,GG,AA,CC,CC,CC,GG,GG,AG,CC,GG,GG,CC,GG,TT,AA,GG,CC,GG,AA,CC,TT,GG,GG,CC
hair_marten,0,NCali_M12.hr,Nextseq520,MACA_P7,KMSM72,3,CONSENSUS,588406,557126,94.67666667,98%,89,0,GA,AC,CT,GC,TT,AG,GG,0,GG,CC,CC,TT,GG,TT,CC,TT,CC,CC,AG,AA,CT,CA,CA,AG,GG,TT,TC,GA,CC,AA,AA,GG,GA,CC,AG,AA,CC,CC,GA,GG,TT,GA,AG,AA,GT,CC,TT,AA,TT,GT,GG,TT,CC,GA,CC,CT,CT,TT,GG,GA,CC,TT,CC,TT,AA,CC,AA,CT,TT,TT,TA,GT,AA,AA,GA,CC,AA,AA,GG,NA,TT,GG,CC,CT,AG,GC,GG,GG,AA,CC,CC,CC,GG,GG,AG,CC,GG,GG,CC,GG,TT,AA,GG,CC,GG,AA,CC,TT,GG,GG,CC
hair_marten,NA,NCali_M12.hr,Nextseq520,MACA_P7,KMSM82,a,lane1-s098-index--CGAGGCCAAG-GTGTTACCGG-MACAP7_KMSM82_a_S98.assembled,642792,608585,94.68,98%,89,NA,GA,AC,0,GC,TT,AG,GG,AA,GG,CC,CC,TT,GG,TT,CC,TT,CC,CC,AA,AA,CT,CA,CA,0,GG,TT,TC,GA,CC,AA,AA,GG,GA,CC,AG,AA,CC,CC,GA,GG,TT,GA,AG,AA,GT,CC,TT,AA,TT,GT,GG,TT,CC,GA,CC,CT,CT,TT,GG,GA,CC,TT,CC,TT,AA,CC,AA,CC,TT,TT,AA,GT,AA,AA,GA,CC,AA,AA,GG,AG,TT,GG,CC,CT,AG,GC,GG,GG,AA,CC,CC,CC,GG,GG,AG,CC,GG,GG,CC,GG,TT,AA,GG,CC,GG,AA,CC,TT,GG,GG,CC
hair_marten,NA,NCali_M12.hr,Nextseq520,MACA_P7,KMSM82,b,lane1-s106-index--TGTGATAACT-CAGGCGCCAT-MACAP7_KMSM82_b_S106.assembled,335837,317359,94.5,95%,86,NA,GA,0,0,GC,TT,GG,GG,AA,GG,CC,CC,TT,GG,TT,CC,TT,CC,CC,AA,AA,CT,CA,0,GG,GG,TT,TC,GA,CC,AA,AA,GG,GA,CC,AG,AA,CC,CC,GA,GG,TT,GA,AG,AA,GT,CC,TT,AA,TT,GT,GG,TT,CC,GA,CC,CT,CT,TT,GG,GA,CC,TT,CC,TT,AA,CC,AA,CC,TT,TT,TA,GT,AA,AA,GA,CC,AA,AA,GG,AG,TT,GG,CC,CT,AG,0,GG,GG,AA,CC,CC,CC,GG,GG,AG,CC,GG,GG,CC,GG,TT,AA,GG,CC,GG,AA,CC,TT,GG,GG,CC
hair_marten,NA,NCali_M12.hr,Nextseq520,MACA_P7,KMSM82,c,lane1-s114-index--AGCTACTATA-GTTATATGGC-MACAP7_KMSM82_c_S114.assembled,1008558,963409,95.52,91%,83,NA,GA,AC,CT,GC,TT,AG,GG,TT,GG,CC,CC,TT,GG,TT,CC,TT,CC,CC,AA,AA,CT,0,CA,0,GG,TT,TC,GA,CC,AA,AA,GG,0,CC,0,AA,CC,CC,AA,GG,TT,GA,GG,AA,GT,CC,TT,AA,TT,GT,GG,TT,CC,GA,CC,CT,0,TT,GG,GA,CC,TT,CC,0,AA,CC,AA,CT,TT,TT,0,GT,AA,AA,GA,CC,AA,AA,GG,0,TT,GG,CC,CC,AG,GC,GG,GG,AA,CC,CC,CC,GG,GG,0,CC,GG,GG,CC,GG,TT,AA,GG,CC,GG,AA,CC,TT,GG,GG,CC
hair_marten,0,NCali_M12.hr,Nextseq520,MACA_P7,KMSM82,3,CONSENSUS,662395.6667,629784.3333,94.9,95%,86,0,GA,AC,0,GC,TT,AG,GG,NA,GG,CC,CC,TT,GG,TT,CC,TT,CC,CC,AA,AA,CT,CA,CA,0,GG,TT,TC,GA,CC,AA,AA,GG,GA,CC,AG,AA,CC,CC,GA,GG,TT,GA,AG,AA,GT,CC,TT,AA,TT,GT,GG,TT,CC,GA,CC,CT,CT,TT,GG,GA,CC,TT,CC,TT,AA,CC,AA,NA,TT,TT,NA,GT,AA,AA,GA,CC,AA,AA,GG,AG,TT,GG,CC,CT,AG,GC,GG,GG,AA,CC,CC,CC,GG,GG,AG,CC,GG,GG,CC,GG,TT,AA,GG,CC,GG,AA,CC,TT,GG,GG,CC
hair_marten,NA,NA,Nextseq520,MACA_P7,KMSM83,a,lane1-s099-index--TTCACGAGAC-AGATTGTTAC-MACAP7_KMSM83_a_S99.assembled,358918,162763,45.35,-1%,-1,NA,0,0,0,0,0,0,0,0,0,0,0,0,0,0,0,0,0,0,0,0,0,0,0,0,0,0,0,0,0,0,0,0,0,0,0,0,0,0,0,0,0,0,0,0,0,0,0,0,0,0,0,0,0,0,0,0,0,0,CC,0,0,0,0,0,0,0,0,0,0,0,0,0,0,0,0,0,0,0,0,0,0,0,0,0,0,0,0,0,0,0,0,0,0,GG,0,0,0,0,0,GG,0,0,0,0,GG,0,0,0,0,0,0
hair_marten,NA,NA,Nextseq520,MACA_P7,KMSM83,b,lane1-s107-index--AGTATGCTAC-TTAATAGACC-MACAP7_KMSM83_b_S107.assembled,107069,68517,63.99,0%,0,NA,0,0,0,0,0,0,0,0,0,0,0,0,0,0,0,0,0,0,0,0,0,0,0,0,GG,0,0,0,0,0,0,0,0,0,0,0,0,0,0,0,0,0,0,0,0,0,0,0,0,0,0,0,0,0,0,0,0,0,CC,0,0,0,0,0,0,0,0,0,0,0,0,0,0,0,0,0,0,0,0,0,0,0,0,0,0,0,0,0,0,0,0,0,0,0,0,0,0,0,0,GG,0,0,0,0,0,0,0,0,0,0,0
hair_marten,NA,NA,Nextseq520,MACA_P7,KMSM83,c,lane1-s115-index--CCACCGGAGT-GCCTGCCATG-MACAP7_KMSM83_c_S115.assembled,465946,112173,24.07,-1%,-1,NA,0,0,0,0,0,0,0,0,0,0,0,0,0,0,0,0,0,0,0,0,0,0,0,0,0,0,0,0,0,0,0,0,0,0,0,0,0,0,0,0,0,0,0,0,0,0,0,0,0,0,0,0,0,0,0,0,0,0,0,0,0,0,0,0,0,0,0,0,0,0,0,0,0,0,0,0,0,0,0,0,0,0,0,0,0,0,0,0,AA,0,0,0,0,GG,0,0,0,0,0,0,0,0,0,0,0,0,0,0,0,0,0
hair_marten,NA,NA,Nextseq499,MACA_P3,KMSM83,a,lane1-s074-index--ACCTTATGAA-TGTTAGAAGG-KMSM83_a_S74.assembled,141085,48707,34.52,2%,2,NA,GG,0,0,GG,0,0,0,0,0,0,0,TT,NA,0,0,0,0,0,0,0,0,0,0,0,0,0,0,0,0,0,0,0,0,0,0,0,0,0,0,0,0,0,0,0,0,0,0,0,0,0,0,0,0,0,0,0,0,0,CC,0,0,0,0,0,0,0,0,0,0,0,0,0,0,0,0,0,0,NA,0,0,0,0,0,0,0,0,0,0,0,0,0,0,0,0,0,0,0,0,0,GG,0,0,0,0,0,0,0,0,0,0,0
hair_marten,NA,NA,Nextseq499,MACA_P3,KMSM83,b,lane1-s082-index--TTGTAACGGT-CTCATAGCGA-KMSM83_b_S82.assembled,394666,167303,42.39,1%,1,NA,0,0,0,0,0,0,0,0,0,0,0,0,NA,0,0,0,0,0,0,0,0,0,0,0,0,0,0,0,0,0,0,0,0,0,0,0,0,0,0,GG,0,0,0,0,0,0,0,0,0,0,0,0,0,0,0,0,0,0,CC,0,0,0,CC,0,0,0,0,0,0,0,0,0,0,0,0,0,0,NA,0,0,0,0,0,0,0,0,0,0,0,0,0,0,0,GG,0,0,GG,0,0,GG,0,0,0,0,GG,0,0,0,0,0,0
hair_marten,NA,NA,Nextseq499,MACA_P3,KMSM83,c,lane1-s090-index--CGCTTGAAGT-GAACCATGAA-KMSM83_c_S90.assembled,271935,129431,47.6,0%,0,NA,0,0,0,0,0,0,0,0,0,0,0,0,NA,0,0,0,0,0,0,0,0,0,0,0,0,0,0,0,0,0,0,0,0,0,0,0,0,0,0,0,0,0,0,0,0,0,0,NA,0,0,0,0,0,0,0,0,0,0,CC,0,0,0,0,0,0,0,0,0,0,TT,0,0,0,0,0,0,0,NA,0,0,0,0,0,0,0,0,0,0,0,0,0,0,0,GG,NA,0,0,0,0,GG,0,NA,NA,0,GG,0,0,0,NA,0,0
hair_marten,1,NA,Nextseq520,MACA_P7,KMSM83,3,CONSENSUS,310644.3333,114484.3333,44.47,-1%,-1,0,0,0,0,0,0,0,0,0,0,0,0,0,0,0,0,0,0,0,0,0,0,0,0,0,0,0,0,0,0,0,0,0,0,0,0,0,0,0,0,0,0,0,0,0,0,0,0,0,0,0,0,0,0,0,0,0,0,0,CC,0,0,0,0,0,0,0,0,0,0,0,0,0,0,0,0,0,0,0,0,0,0,0,0,0,0,0,0,0,0,0,0,0,0,GG,0,0,0,0,0,GG,0,0,0,0,GG,0,0,0,0,0,0
scat_marten,NA,SOreg_M15.tr,Nextseq520,MACA_P7,MACA07,a,lane1-s175-index--ATTATGTCTC-AGTTAAGAGC-MACAP7_MACA07_a_S175.assembled,300739,277305,92.21,95%,86,NA,GA,CC,TT,0,TT,AG,GG,AA,GG,CC,CC,TC,AA,TT,CC,TT,CT,CC,AG,AA,CC,CC,CA,GG,GG,TT,CC,GG,CC,AA,AA,GG,AA,CC,AA,GG,CT,0,AA,0,TT,GG,AG,AA,GG,CC,TT,AA,CC,TT,CC,TT,0,GG,CT,CT,CC,CT,CG,GA,CC,TC,GC,TC,AA,CC,AA,CC,TT,TG,TT,GT,AA,GA,GG,CC,AA,AA,GG,0,TT,GG,CC,CC,GG,GG,GG,GA,AA,CC,CT,CC,GG,GG,GG,CC,GG,GG,CC,GG,TT,GG,GA,CC,GG,AA,CC,TT,GG,GG,CC
scat_marten,NA,SOreg_M15.tr,Nextseq520,MACA_P7,MACA07,b,lane1-s183-index--AACAAGTACA-GGATATATCC-MACAP7_MACA07_b_S183.assembled,561834,522000,92.91,90%,82,NA,GA,CC,TT,0,TT,AG,GG,AA,GG,CC,CC,TC,AA,TT,CC,TT,CT,CC,0,AA,CC,CC,CC,AG,GG,TT,CC,GG,CC,AA,AA,GG,AA,CC,AA,GG,CT,0,AA,GA,TT,GG,0,AA,GG,CC,TT,AA,CC,TT,CC,TT,CC,GG,0,CC,CC,CT,CG,0,CC,TC,GC,TC,AA,CC,AA,CC,TT,TG,TT,0,AA,GA,GG,CC,AA,AA,GG,0,TT,GG,CC,CC,GG,GG,GG,0,AA,CC,CC,CC,GG,GG,GG,CC,GG,GG,CC,GG,TT,GG,0,CC,GG,AA,CC,TT,GG,GG,CC
scat_marten,NA,SOreg_M15.tr,Nextseq520,MACA_P7,MACA07,c,lane1-s191-index--ATTGGCTTCT-TGGCTCGCAG-MACAP7_MACA07_c_S191.assembled,893296,821360,91.95,91%,83,NA,GA,CC,TT,GC,TT,0,GG,AA,GG,CC,CC,TC,0,TT,CC,TT,0,CC,AG,AA,CC,CC,CA,GG,GG,TT,CC,GG,CC,AA,AA,GG,AA,CC,AA,GG,CT,CC,AA,GA,TT,GG,AG,AA,GG,CC,TT,AA,CC,TT,GC,TT,CT,GG,TT,0,CC,CT,0,0,CC,TC,GC,TC,AA,CC,AA,CC,TT,TG,TT,GT,AA,GA,GG,CC,AA,AA,GG,AG,TT,GG,CC,CC,GG,GG,GG,0,AA,CC,CC,CC,GG,GG,GG,CC,GG,GG,CC,GG,TT,GG,0,CC,GG,AA,CC,TT,GG,GG,CC
scat_marten,0,SOreg_M15.tr,Nextseq520,MACA_P7,MACA07,3,CONSENSUS,585289.6667,540221.6667,92.35666667,88%,80,0,GA,CC,TT,0,TT,AG,GG,AA,GG,CC,CC,TC,AA,TT,CC,TT,CT,CC,AG,AA,CC,CC,CA,NA,GG,TT,CC,GG,CC,AA,AA,GG,AA,CC,AA,GG,CT,0,AA,GA,TT,GG,AG,AA,GG,CC,TT,AA,CC,TT,NA,TT,NA,GG,NA,NA,CC,CT,CG,0,CC,TC,GC,TC,AA,CC,AA,CC,TT,TG,TT,GT,AA,GA,GG,CC,AA,AA,GG,0,TT,GG,CC,CC,GG,GG,GG,0,AA,CC,NA,CC,GG,GG,GG,CC,GG,GG,CC,GG,TT,GG,0,CC,GG,AA,CC,TT,GG,GG,CC
blank,NA,NA,Nextseq520,MACA_P7,NTC7,a,lane1-s176-index--TATAACAGCT-TCGCGTATAA-MACAP7_NTC7_a_S176.assembled,26858,100,0.37,-2%,-2,NA,0,0,0,0,0,0,0,0,0,0,0,0,NA,0,0,0,0,0,0,0,0,0,0,0,0,0,0,0,0,0,0,0,0,0,0,0,0,0,0,0,0,0,0,0,0,0,0,0,0,0,0,0,0,0,0,0,0,0,0,0,0,0,0,0,0,0,0,0,0,0,0,0,0,0,0,0,0,NA,0,0,0,0,0,0,0,0,0,0,0,0,0,0,0,0,0,0,0,0,0,0,0,0,0,0,0,0,0,0,0,0,0
blank,NA,NA,Nextseq520,MACA_P7,NTC7,b,lane1-s184-index--AGATTAAGTG-CACCTCTTGG-MACAP7_NTC7_b_S184.assembled,10212,99,0.97,-2%,-2,NA,0,0,0,0,0,0,0,0,0,0,0,0,0,0,0,0,0,0,0,0,0,0,0,0,0,0,0,0,0,0,0,0,0,0,0,0,0,0,0,0,0,0,0,0,0,0,0,0,0,0,0,0,0,0,0,0,0,0,0,0,0,0,0,0,0,0,0,0,0,0,0,0,0,0,0,0,0,0,0,0,0,0,0,0,0,0,0,0,0,0,0,0,0,0,0,0,0,0,0,0,0,0,0,0,0,0,0,0,0,0,0
blank,NA,NA,Nextseq520,MACA_P7,NTC7,c,lane1-s192-index--GTACCGATTA-AACTAACGTT-MACAP7_NTC7_c_S192.assembled,82234,60,0.07,-2%,-2,NA,0,0,0,0,0,0,0,0,0,0,0,0,NA,0,0,0,0,0,0,0,0,0,0,0,0,0,0,0,0,0,0,0,0,0,0,0,0,0,0,0,0,0,0,0,0,0,0,0,0,0,0,0,0,0,0,0,0,0,0,0,0,0,0,0,0,0,0,0,0,0,0,0,0,0,0,0,0,NA,0,0,0,0,0,0,0,0,0,0,0,0,0,0,0,0,0,0,0,0,0,0,0,0,0,0,0,0,0,0,0,0,0
blank,1,NA,Nextseq520,MACA_P7,NTC7,3,CONSENSUS,39768,86.33333333,0.47,-2%,-2,0,0,0,0,0,0,0,0,0,0,0,0,0,0,0,0,0,0,0,0,0,0,0,0,0,0,0,0,0,0,0,0,0,0,0,0,0,0,0,0,0,0,0,0,0,0,0,0,0,0,0,0,0,0,0,0,0,0,0,0,0,0,0,0,0,0,0,0,0,0,0,0,0,0,0,0,0,0,0,0,0,0,0,0,0,0,0,0,0,0,0,0,0,0,0,0,0,0,0,0,0,0,0,0,0,0,0,0,0,0,0,0
scat_marten,NA,NCali_F04.sc,Nextseq520,MACA_P7,PSW091,a,lane1-s125-index--TAGTTCGGTA-CCATGTGTAG-MACAP7_PSW091_a_S125.assembled,55965,42433,75.82,97%,88,NA,AA,CC,CT,GC,TT,GG,GA,AA,GG,CC,CC,TT,AA,TT,CC,CC,CC,CC,AG,AA,CC,CA,AA,AA,GG,TT,CC,AA,CC,AT,AA,GG,AA,CC,GG,AG,TT,CT,AA,AA,TC,GG,GG,AA,GG,CT,TT,AA,CT,TT,GG,TT,CC,GG,CT,TT,CT,TT,GG,GG,AA,TC,CC,TT,AA,CC,GA,CC,TT,TG,TA,GT,AA,GG,GG,CC,AA,AA,GT,AA,0,GG,CC,CC,AG,GG,GG,GA,0,CC,CC,CC,0,0,AG,CC,GG,GG,CT,GG,TT,GA,GA,CC,GG,AA,CC,TT,GG,GG,CC
scat_marten,NA,NCali_F04.sc,Nextseq520,MACA_P7,PSW091,b,lane1-s133-index--GCTCTTAACT-CACGTCCACC-MACAP7_PSW091_b_S133.assembled,172030,138261,80.37,99%,90,NA,AA,CC,CT,GC,TT,GG,GA,AA,GG,CC,CC,TT,AA,TT,CC,CC,CC,CC,AG,AA,CC,CA,AA,AA,GG,TT,CC,AA,CC,AT,AA,GG,AA,CC,GG,AG,TT,CT,AA,AA,TC,GG,GG,AA,GG,CT,TT,AA,CT,TT,GG,TT,CC,GG,CT,TT,CT,TT,GG,GG,AA,TC,CC,TT,AA,CC,GA,CC,TT,TG,TA,GT,AA,GG,GG,CC,AA,AA,GT,AA,TT,GG,CC,CC,AG,GG,GG,GA,AA,CC,CC,CC,0,0,AG,CC,GG,GG,CT,GG,TT,GA,GA,CC,GG,AA,CC,TT,GG,GG,CC
scat_marten,NA,NCali_F04.sc,Nextseq520,MACA_P7,PSW091,c,lane1-s141-index--ATAGGTCTTA-GTCACCACAG-MACAP7_PSW091_c_S141.assembled,313099,256969,82.07,99%,90,NA,AA,CC,CT,GC,TT,GG,GA,AA,GG,CC,CC,TT,AA,TT,CC,CC,CC,CC,AG,AA,CC,CA,AA,AA,GG,TT,CC,AA,CC,AT,AA,GG,AA,CC,GG,AG,TT,CT,AA,AA,TC,GG,GG,AA,GG,CT,TT,AA,CT,TT,GG,TT,CC,GG,CT,TT,CT,TT,GG,GG,AA,TC,CC,TT,AA,CC,GA,CC,TT,TG,TA,GT,AA,GG,GG,CC,AA,AA,GT,AA,TT,GG,CC,CC,AG,GG,GG,GA,AA,CC,CC,CC,0,0,AG,CC,GG,GG,CT,GG,TT,GA,GA,CC,GG,AA,CC,TT,GG,GG,CC
scat_marten,0,NCali_F04.sc,Nextseq520,MACA_P7,PSW091,3,CONSENSUS,180364.6667,145887.6667,79.42,99%,90,0,AA,CC,CT,GC,TT,GG,GA,AA,GG,CC,CC,TT,AA,TT,CC,CC,CC,CC,AG,AA,CC,CA,AA,AA,GG,TT,CC,AA,CC,AT,AA,GG,AA,CC,GG,AG,TT,CT,AA,AA,TC,GG,GG,AA,GG,CT,TT,AA,CT,TT,GG,TT,CC,GG,CT,TT,CT,TT,GG,GG,AA,TC,CC,TT,AA,CC,GA,CC,TT,TG,TA,GT,AA,GG,GG,CC,AA,AA,GT,AA,TT,GG,CC,CC,AG,GG,GG,GA,AA,CC,CC,CC,0,0,AG,CC,GG,GG,CT,GG,TT,GA,GA,CC,GG,AA,CC,TT,GG,GG,CC
scat_marten,NA,NCali_F05.sc,Nextseq520,MACA_P7,PSW094,a,lane1-s126-index--CTATTACTAC-GAGTCTCTCC-MACAP7_PSW094_a_S126.assembled,178179,151053,84.78,96%,87,NA,AA,0,CT,GC,TT,AA,AA,AA,GG,CC,CC,TT,0,TC,CC,CC,CC,CC,AG,AA,CC,CC,AA,AA,GG,TC,CC,AA,CC,AT,AA,GG,AA,CC,GG,AA,TT,CT,AA,GG,TT,GG,GG,AA,GG,CT,TT,AA,CT,GT,GG,TT,CC,GG,CC,TT,CC,CT,GG,GG,CA,TC,CC,TT,AA,CG,GA,CT,TT,TG,TA,GT,AA,GA,GA,CC,GA,GA,0,AG,TT,GG,CC,CT,GG,GG,GG,GA,AA,CC,CC,CC,0,0,GG,CC,GG,GG,TT,GG,TT,GA,GA,CC,GG,AA,CC,TT,GG,GG,CG
scat_marten,NA,NCali_F05.sc,Nextseq520,MACA_P7,PSW094,b,lane1-s134-index--GTGGTATCTG-GCTACTATCT-MACAP7_PSW094_b_S134.assembled,163458,143139,87.57,98%,89,NA,AA,CC,0,GC,TT,AA,AA,AA,GG,CC,CC,TT,AA,TC,CC,CC,CC,CC,AG,AA,CC,CC,AA,AA,GG,TC,CC,AA,CC,AT,AA,GG,AA,CC,GG,AA,TT,CT,AA,GG,TT,GG,GG,AA,GG,CT,TT,AA,CT,GT,GG,TT,CC,GG,CC,TT,CC,CT,GG,GG,CA,TC,CC,TT,AA,CG,GA,CT,TT,TG,0,GG,AA,GA,GA,CC,GG,GG,GT,AG,TT,GG,CC,CT,GG,GG,GG,GA,AA,CC,CC,CC,0,0,GG,CC,GG,GG,TT,GG,TT,GA,GA,CC,GG,AA,CC,TT,GG,GG,CG
scat_marten,NA,NCali_F05.sc,Nextseq520,MACA_P7,PSW094,c,lane1-s142-index--TTCTTAACCA-TCTACATACC-MACAP7_PSW094_c_S142.assembled,183971,157096,85.39,98%,89,NA,AA,AC,CT,GC,TT,AA,AA,AA,GG,CC,CC,TT,AA,TC,CC,CC,CC,CC,AG,AA,CC,CC,AA,AA,GG,TC,CC,AA,CC,AT,AA,GG,AA,CC,GG,AA,TT,0,AA,GG,TT,GG,GG,AA,GG,CT,TT,AA,CT,GT,GG,TT,CC,GG,CC,TT,CC,CT,GG,GG,CA,TC,CC,TT,AA,CG,GA,CT,TT,TG,TA,GT,AA,GA,GA,CC,GA,GA,GT,AA,TT,GG,CC,CT,GG,GG,GG,GA,AA,CC,CC,CC,0,0,GG,CC,GG,GG,TT,GG,TT,GA,GA,CC,GG,AA,CC,TT,GG,GG,CG
scat_marten,0,NCali_F05.sc,Nextseq520,MACA_P7,PSW094,3,CONSENSUS,175202.6667,150429.3333,85.91333333,98%,89,0,AA,NA,CT,GC,TT,AA,AA,AA,GG,CC,CC,TT,AA,TC,CC,CC,CC,CC,AG,AA,CC,CC,AA,AA,GG,TC,CC,AA,CC,AT,AA,GG,AA,CC,GG,AA,TT,CT,AA,GG,TT,GG,GG,AA,GG,CT,TT,AA,CT,GT,GG,TT,CC,GG,CC,TT,CC,CT,GG,GG,CA,TC,CC,TT,AA,CG,GA,CT,TT,TG,TA,GT,AA,GA,GA,CC,GA,GA,GT,AG,TT,GG,CC,CT,GG,GG,GG,GA,AA,CC,CC,CC,0,0,GG,CC,GG,GG,TT,GG,TT,GA,GA,CC,GG,AA,CC,TT,GG,GG,CG
scat_marten,NA,NCali_F05.sc,Nextseq520,MACA_P7,PSW095,a,lane1-s127-index--TAGCATAACC-GCTATGCGCA-MACAP7_PSW095_a_S127.assembled,141605,114043,80.54,98%,89,NA,AA,AC,CT,GC,TT,AA,AA,AA,GG,CC,CC,TT,AA,TC,CC,CC,CC,CC,AG,AA,CC,CC,AA,AA,GG,TC,CC,AA,CC,AT,AA,GG,AA,CC,GG,AA,TT,CT,AA,GG,TT,GG,GG,AA,GG,CT,TT,AA,CT,GT,GG,TT,CC,GG,CC,TT,CC,CT,GG,GG,CA,TC,CC,TT,AA,CG,GA,CT,TT,TG,TA,GT,AA,GA,GA,CC,GA,GA,GT,0,TT,GG,CC,CT,GG,GG,GG,GA,AA,CC,CC,CC,0,0,GG,CC,GG,GG,TT,GG,TT,GA,GA,CC,GG,AA,CC,TT,GG,GG,CG
scat_marten,NA,NCali_F05.sc,Nextseq520,MACA_P7,PSW095,b,lane1-s135-index--TGACGGCCGT-AGTCAACCAT-MACAP7_PSW095_b_S135.assembled,123611,100290,81.13,99%,90,NA,AA,AC,CT,GC,TT,AA,AA,AA,GG,CC,CC,TT,AA,TC,CC,CC,CC,CC,AG,AA,CC,CC,AA,AA,GG,TC,CC,AA,CC,AT,AA,GG,AA,CC,GG,AA,TT,CT,AA,GG,TT,GG,GG,AA,GG,CT,TT,AA,CT,GT,GG,TT,CC,GG,CC,TT,CC,CT,GG,GG,CA,TC,CC,TT,AA,CG,GA,CT,TT,TG,TA,GT,AA,GA,GA,CC,GA,GA,GT,AG,TT,GG,CC,CT,GG,GG,GG,GA,AA,CC,CC,CC,0,0,GG,CC,GG,GG,TT,GG,TT,GA,GA,CC,GG,AA,CC,TT,GG,GG,CG
scat_marten,NA,NCali_F05.sc,Nextseq520,MACA_P7,PSW095,c,lane1-s143-index--AAGGAAGAGT-CACGTTAGGC-MACAP7_PSW095_c_S143.assembled,101940,81410,79.86,99%,90,NA,AA,AC,CT,GC,TT,AA,AA,AA,GG,CC,CC,TT,AA,TC,CC,CC,CC,CC,AG,AA,CC,CC,AA,AA,GG,TC,CC,AA,CC,AT,AA,GG,AA,CC,GG,AA,TT,CT,AA,GG,TT,GG,GG,AA,GG,CT,TT,AA,CT,GT,GG,TT,CC,GG,CC,TT,CC,CT,GG,GG,CA,TC,CC,TT,AA,CG,GA,CT,TT,TG,TA,GT,AA,GA,GA,CC,GA,GA,GT,AG,TT,GG,CC,CT,GG,GG,GG,GA,AA,CC,CC,CC,0,0,GG,CC,GG,GG,TT,GG,TT,GA,GA,CC,GG,AA,CC,TT,GG,GG,CG
scat_marten,0,NCali_F05.sc,Nextseq520,MACA_P7,PSW095,3,CONSENSUS,122385.3333,98581,80.51,99%,90,0,AA,AC,CT,GC,TT,AA,AA,AA,GG,CC,CC,TT,AA,TC,CC,CC,CC,CC,AG,AA,CC,CC,AA,AA,GG,TC,CC,AA,CC,AT,AA,GG,AA,CC,GG,AA,TT,CT,AA,GG,TT,GG,GG,AA,GG,CT,TT,AA,CT,GT,GG,TT,CC,GG,CC,TT,CC,CT,GG,GG,CA,TC,CC,TT,AA,CG,GA,CT,TT,TG,TA,GT,AA,GA,GA,CC,GA,GA,GT,AG,TT,GG,CC,CT,GG,GG,GG,GA,AA,CC,CC,CC,0,0,GG,CC,GG,GG,TT,GG,TT,GA,GA,CC,GG,AA,CC,TT,GG,GG,CG
scat_marten,NA,NCali_F05.sc,Nextseq520,MACA_P7,PSW096,a,lane1-s128-index--ACTCTATTGT-ATCGCATATG-MACAP7_PSW096_a_S128.assembled,329213,283409,86.09,99%,90,NA,AA,AC,CT,GC,TT,AA,AA,AA,GG,CC,CC,TT,AA,TC,CC,CC,CC,CC,AG,AA,CC,CC,AA,AA,GG,TC,CC,AA,CC,AT,AA,GG,AA,CC,GG,AA,TT,CT,AA,GG,TT,GG,GG,AA,GG,CT,TT,AA,CT,GT,GG,TT,CC,GG,CC,TT,CC,CT,GG,GG,CA,TC,CC,TT,AA,CG,GA,CT,TT,TG,TA,GT,AA,GA,GA,CC,GA,GA,GT,AG,TT,GG,CC,CT,GG,GG,GG,0,AA,CC,CC,CC,0,0,GG,CC,GG,GG,TT,GG,TT,GA,0,CC,GG,AA,CC,TT,GG,GG,CG
scat_marten,NA,NCali_F05.sc,Nextseq520,MACA_P7,PSW096,b,lane1-s136-index--CAGTAATTAC-CGAGGCGGTA-MACAP7_PSW096_b_S136.assembled,365409,306885,83.98,98%,89,NA,AA,AC,CT,GC,TT,AA,AA,AA,GG,CC,CC,TT,AA,TC,CC,CC,CC,CC,AG,AA,CC,CC,AA,AA,GG,TC,CC,AA,CC,AT,AA,GG,AA,CC,GG,AA,TT,CT,AA,GG,TT,GG,GG,AA,GG,CT,TT,AA,CT,GT,GG,TT,CC,GG,CC,TT,CC,CT,GG,GG,CA,TC,CC,TT,AA,CG,GA,CT,TT,TG,TA,GT,AA,GA,GA,CC,0,GA,GT,AA,TT,GG,CC,CT,GG,GG,GG,GA,AA,CC,CC,CC,0,0,GG,CC,GG,GG,TT,GG,TT,GA,GA,CC,GG,AA,CC,TT,GG,GG,CG
scat_marten,NA,NCali_F05.sc,Nextseq520,MACA_P7,PSW096,c,lane1-s144-index--GGAAGGAGAC-TGGTGAGTCT-MACAP7_PSW096_c_S144.assembled,282518,248388,87.92,95%,86,NA,AA,AC,CT,GC,TT,AA,AA,AA,GG,CC,CC,TT,AA,TC,CC,CC,CC,CC,AG,AA,CC,CC,AA,AA,GG,0,CC,AA,CC,AT,AA,GG,AA,CC,GG,AA,TT,CT,AA,GG,TT,GG,GG,AA,GG,CT,TT,AA,CT,0,GG,TT,CC,GG,CC,TT,CC,CT,GG,GG,CA,TC,CC,TT,AA,CG,GA,CT,TT,TG,TA,GT,AA,GA,GA,CC,0,0,GT,AA,TT,GG,CC,CT,GG,GG,GG,GA,AA,CC,CC,CC,0,0,GG,CC,GG,GG,TT,GG,TT,GA,GA,CC,GG,AA,CC,TT,GG,GG,CG
scat_marten,0,NCali_F05.sc,Nextseq520,MACA_P7,PSW096,3,CONSENSUS,325713.3333,279560.6667,85.99666667,97%,88,0,AA,AC,CT,GC,TT,AA,AA,AA,GG,CC,CC,TT,AA,TC,CC,CC,CC,CC,AG,AA,CC,CC,AA,AA,GG,TC,CC,AA,CC,AT,AA,GG,AA,CC,GG,AA,TT,CT,AA,GG,TT,GG,GG,AA,GG,CT,TT,AA,CT,GT,GG,TT,CC,GG,CC,TT,CC,CT,GG,GG,CA,TC,CC,TT,AA,CG,GA,CT,TT,TG,TA,GT,AA,GA,GA,CC,0,GA,GT,NA,TT,GG,CC,CT,GG,GG,GG,GA,AA,CC,CC,CC,0,0,GG,CC,GG,GG,TT,GG,TT,GA,GA,CC,GG,AA,CC,TT,GG,GG,CG
scat_marten,NA,NCali_F05.sc,Nextseq520,MACA_P7,PSW097,a,lane1-s145-index--TGAACGCGGA-CTTCGAAGGA-MACAP7_PSW097_a_S145.assembled,812659,690802,85.01,99%,90,NA,AA,AC,CT,GC,TT,AA,AA,AA,GG,CC,CC,TT,AG,TC,CC,CC,CC,CC,AG,AA,CC,CC,AA,AA,GG,TC,CC,AA,CC,AT,AA,GG,AA,CC,GG,AA,TT,TT,AA,GG,TT,GG,GG,AA,GG,CT,TT,AA,CT,GT,GG,TT,CC,GG,CC,TT,CC,CT,GG,GG,CA,TC,CC,TT,AA,CG,GA,CT,TT,TG,TA,GT,AA,GA,GA,CC,GA,GA,GT,AG,TT,GG,CC,CT,GG,GG,GG,0,AA,CC,CC,CC,0,0,GG,CC,GG,GG,TT,GG,TT,GA,0,CC,GG,AA,CC,TT,GG,GG,CG
scat_marten,NA,NCali_F05.sc,Nextseq520,MACA_P7,PSW097,b,lane1-s153-index--ATGTCCAGCA-CAGCGGACAA-MACAP7_PSW097_b_S153.assembled,772085,661626,85.69,99%,90,NA,AA,AC,CT,GC,TT,AA,AA,AA,GG,CC,CC,TT,AA,TC,CC,CC,CC,CC,AG,AA,CC,CC,AA,AA,GG,TC,CC,AA,CC,AT,AA,GA,AA,CC,GG,AA,TT,CT,AA,GG,TT,GG,GG,AA,GG,CT,TT,AA,TT,GT,GG,TT,CC,GG,CC,TT,CC,CT,0,GG,CA,TC,CC,TT,AA,CG,GA,CT,TT,TG,TA,GT,AA,GA,GA,CC,GA,GA,GT,AG,TT,GG,CC,CT,GG,GG,GG,GA,AA,CC,CC,CC,0,0,GG,CC,GG,GG,TT,GG,TT,AA,GA,CC,GG,AA,CC,TT,GG,GG,CG
scat_marten,NA,NCali_F05.sc,Nextseq520,MACA_P7,PSW097,c,lane1-s161-index--GTAACAATCT-CTCTGTATAC-MACAP7_PSW097_c_S161.assembled,582479,485386,83.33,97%,88,NA,AA,AC,0,GC,TT,AA,AA,AA,GG,CC,CC,TT,AA,TC,CC,CC,CC,CC,AG,AA,CC,CC,AA,AA,GG,TC,CC,AA,CC,AT,AA,GG,AA,CC,GG,AA,TT,CT,AA,GG,TT,GG,GG,AA,GG,CT,TT,AA,CT,0,GG,TT,CC,GG,CC,TT,CC,CT,GG,GG,CA,TC,CC,TT,AA,CG,GA,CT,TT,TG,TA,GT,AA,GA,GA,CC,AA,AA,GT,AG,TT,GG,CC,0,GG,GG,GG,GA,AA,CC,CC,CC,0,0,GG,CC,GG,GG,TT,GG,TT,GA,GA,CC,GG,AA,CC,TT,GG,GG,CG
scat_marten,0,NCali_F05.sc,Nextseq520,MACA_P7,PSW097,3,CONSENSUS,722407.6667,612604.6667,84.67666667,98%,89,0,AA,AC,CT,GC,TT,AA,AA,AA,GG,CC,CC,TT,NA,TC,CC,CC,CC,CC,AG,AA,CC,CC,AA,AA,GG,TC,CC,AA,CC,AT,AA,NA,AA,CC,GG,AA,TT,CT,AA,GG,TT,GG,GG,AA,GG,CT,TT,AA,CT,GT,GG,TT,CC,GG,CC,TT,CC,CT,GG,GG,CA,TC,CC,TT,AA,CG,GA,CT,TT,TG,TA,GT,AA,GA,GA,CC,GA,GA,GT,AG,TT,GG,CC,CT,GG,GG,GG,GA,AA,CC,CC,CC,0,0,GG,CC,GG,GG,TT,GG,TT,GA,GA,CC,GG,AA,CC,TT,GG,GG,CG
scat_marten,NA,NCali_F05.sc,Nextseq520,MACA_P7,PSW098,a,lane1-s146-index--CCTGCAACCT-GTAGAGTCAG-MACAP7_PSW098_a_S146.assembled,344289,289890,84.2,98%,89,NA,AA,0,CT,GC,TT,AA,AA,AA,GG,CC,CC,TT,AA,TC,CC,CC,CC,CC,AG,AA,CC,CC,AA,AA,GG,TC,CC,AA,CC,AT,AA,GG,AA,CC,GG,AA,TT,CT,AA,GG,TT,GG,GG,AA,GG,CT,TT,AA,CT,GT,GG,TT,CC,GG,CC,TT,CC,CT,GG,GG,CA,TC,CC,TT,AA,CG,GA,CT,TT,TG,TA,GT,AA,GA,GA,CC,GA,GA,GT,AG,TT,GG,CC,CT,GG,GG,GG,GA,AA,CC,CC,CC,0,0,GG,CC,GG,GG,TT,GG,TT,GA,GA,CC,GG,AA,CC,TT,GG,GG,CG
scat_marten,NA,NCali_F05.sc,Nextseq520,MACA_P7,PSW098,b,lane1-s154-index--CAACGTTCGG-GGATCCGCAT-MACAP7_PSW098_b_S154.assembled,419848,356139,84.83,100%,91,NA,AA,AC,CT,GC,TT,AA,AA,AA,GG,CC,CC,TT,AA,TC,CC,CC,CC,CC,AG,AA,CC,CC,AA,AA,GG,TC,CC,AA,CC,AT,AA,GG,AA,CC,GG,AA,TT,CT,AA,GG,TT,GG,GG,AA,GG,CT,TT,AA,CT,GT,GG,TT,CC,GG,CC,TT,CC,CT,GG,GG,CA,TC,CC,TT,AA,CG,GA,CT,TT,TG,TA,GT,AA,GA,GA,CC,AA,AA,GT,AG,TT,GG,CC,CT,GG,GG,GG,GA,AA,CC,CC,CC,0,0,GG,CC,GG,GG,TT,GG,TT,GA,GA,CC,GG,AA,CC,TT,GG,GG,CG
scat_marten,NA,NCali_F05.sc,Nextseq520,MACA_P7,PSW098,c,lane1-s162-index--CAGCGGTAGA-GCAACAGGTG-MACAP7_PSW098_c_S162.assembled,347972,292021,83.92,99%,90,NA,AA,AC,CT,GC,TT,AA,AA,AA,GG,CC,CC,TT,AA,TC,CC,CC,CC,CC,AG,AA,CC,CC,AA,AA,GG,TC,CC,AA,CC,AT,AA,GG,AA,CC,GG,AA,TT,CT,AA,GG,TT,GG,GG,AA,GG,CT,TT,AA,CT,GT,GG,TT,CC,GG,CC,TT,CC,CT,GG,GG,CA,TC,CC,TT,AA,CG,GA,CT,TT,TG,TA,GT,AA,GA,GA,CC,GA,GA,GT,AG,TT,GG,CC,CT,GG,GG,GG,GA,AA,CC,CC,CC,0,0,GG,CC,GG,GG,TT,GG,TT,GA,GA,CC,GG,AA,CC,TT,GG,GG,CG
scat_marten,0,NCali_F05.sc,Nextseq520,MACA_P7,PSW098,3,CONSENSUS,370703,312683.3333,84.31666667,99%,90,0,AA,AC,CT,GC,TT,AA,AA,AA,GG,CC,CC,TT,AA,TC,CC,CC,CC,CC,AG,AA,CC,CC,AA,AA,GG,TC,CC,AA,CC,AT,AA,GG,AA,CC,GG,AA,TT,CT,AA,GG,TT,GG,GG,AA,GG,CT,TT,AA,CT,GT,GG,TT,CC,GG,CC,TT,CC,CT,GG,GG,CA,TC,CC,TT,AA,CG,GA,CT,TT,TG,TA,GT,AA,GA,GA,CC,GA,GA,GT,AG,TT,GG,CC,CT,GG,GG,GG,GA,AA,CC,CC,CC,0,0,GG,CC,GG,GG,TT,GG,TT,GA,GA,CC,GG,AA,CC,TT,GG,GG,CG
scat_marten,NA,NCali_M13.sc,Nextseq520,MACA_P7,PSW099,a,lane1-s147-index--TTCATGGTTC-GACATTGTCA-MACAP7_PSW099_a_S147.assembled,304325,263886,86.71,100%,91,NA,AA,AC,CT,CC,TT,GG,GG,AT,GG,CC,CC,TT,GG,TC,CC,CC,CC,GG,AA,AA,CC,CC,CA,AA,GG,CC,CC,GA,CC,AA,AA,GA,GA,CT,AA,AG,CC,CT,GG,GG,TC,AA,AA,AA,GG,TT,TT,AA,CT,GG,GG,TC,CT,GA,CT,CC,CT,TT,GG,GA,CA,TT,GG,TC,AA,CC,GA,CT,TC,TT,TT,GT,AA,GA,GG,CC,AA,AA,GT,AG,TG,GA,CC,CC,AG,GG,GG,GA,AA,CC,CC,CT,GG,GG,GG,CC,GG,GG,CC,GG,TT,GA,GA,CC,GG,AA,CC,TT,GG,GG,CC
scat_marten,NA,NCali_M13.sc,Nextseq520,MACA_P7,PSW099,b,lane1-s155-index--GCGTATTAAT-TGCGGTGTTG-MACAP7_PSW099_b_S155.assembled,203121,171863,84.61,100%,91,NA,AA,AC,CT,CC,TT,GG,GG,AT,GG,CC,CC,TT,GG,TC,CC,CC,CC,GG,AA,AA,CC,CC,CA,AA,GG,CC,CC,GA,CC,AA,AA,GA,GA,CT,AA,AG,CC,CT,GG,GG,TC,AA,AA,AA,GG,TT,TT,AA,CT,GG,GG,TC,CT,GA,CT,CC,CT,TT,GG,GA,CA,TT,GG,TC,AA,CC,GA,CT,TC,TT,TT,GT,AA,GA,GG,CC,AA,AA,GT,AG,TG,GA,CC,CC,AG,GG,GG,GA,AA,CC,CC,CT,GG,GG,GG,CC,GG,GG,CC,GG,TT,GA,GA,CC,GG,AA,CC,TT,GG,GG,CC
scat_marten,NA,NCali_M13.sc,Nextseq520,MACA_P7,PSW099,c,lane1-s163-index--TCATACCGTT-GGTAACGCAG-MACAP7_PSW099_c_S163.assembled,340586,290592,85.32,100%,91,NA,AA,AC,CT,CC,TT,GG,GG,AT,GG,CC,CC,TT,GG,TC,CC,CC,CC,GG,AA,AA,CC,CC,CA,AA,GG,CC,CC,GA,CC,AA,AA,GA,GA,CT,AA,AG,CC,CT,GG,GG,TC,AA,AA,AA,GG,TT,TT,AA,CT,GG,GG,TC,CT,GA,CT,CC,CT,TT,GG,GA,CA,TT,GG,TC,AA,CC,GA,CT,TC,TT,TT,GT,AA,GA,GG,CC,AA,AA,GT,AG,TG,GA,CC,CC,AG,GG,GG,GA,AA,CC,CC,CT,GG,GG,GG,CC,GG,GG,CC,GG,TT,GA,GA,CC,GG,AA,CC,TT,GG,GG,CC
scat_marten,0,NCali_M13.sc,Nextseq520,MACA_P7,PSW099,3,CONSENSUS,282677.3333,242113.6667,85.54666667,100%,91,0,AA,AC,CT,CC,TT,GG,GG,AT,GG,CC,CC,TT,GG,TC,CC,CC,CC,GG,AA,AA,CC,CC,CA,AA,GG,CC,CC,GA,CC,AA,AA,GA,GA,CT,AA,AG,CC,CT,GG,GG,TC,AA,AA,AA,GG,TT,TT,AA,CT,GG,GG,TC,CT,GA,CT,CC,CT,TT,GG,GA,CA,TT,GG,TC,AA,CC,GA,CT,TC,TT,TT,GT,AA,GA,GG,CC,AA,AA,GT,AG,TG,GA,CC,CC,AG,GG,GG,GA,AA,CC,CC,CT,GG,GG,GG,CC,GG,GG,CC,GG,TT,GA,GA,CC,GG,AA,CC,TT,GG,GG,CC
scat_marten,NA,NCali_F05.sc,Nextseq520,MACA_P7,PSW100,a,lane1-s148-index--ATCCTCTCAA-TCCGCAAGGC-MACAP7_PSW100_a_S148.assembled,175472,141394,80.58,99%,90,NA,AA,AC,CT,GC,TT,AA,AA,AA,GG,CC,CC,TT,AA,TC,CC,CC,CC,CC,AG,AA,CC,CC,AA,AA,GG,TC,CC,AA,CC,AT,AA,GG,AA,CC,GG,AA,TT,CT,AA,GG,TT,GG,GG,AA,GG,CT,TT,AA,CT,GT,GG,TT,CC,GG,CC,TT,CC,CT,GG,GG,CA,TC,CC,TT,AA,CG,GA,CT,TT,TG,TA,GT,AA,GA,GA,CC,GA,GA,GT,AG,TT,GG,CC,CT,GG,GG,GG,GA,AA,CC,CC,CC,0,0,GG,CC,GG,GG,TT,GG,TT,GA,GA,CC,GG,AA,CC,TT,GG,GG,CG
scat_marten,NA,NCali_F05.sc,Nextseq520,MACA_P7,PSW100,b,lane1-s156-index--GTTGTGACTA-ACATAACGGA-MACAP7_PSW100_b_S156.assembled,459504,384563,83.69,100%,91,NA,AA,AC,CT,GC,TT,AA,AA,AA,GG,CC,CC,TT,AA,TC,CC,CC,CC,CC,AG,AA,CC,CC,AA,AA,GG,TC,CC,AA,CC,AT,AA,GG,AA,CC,GG,AA,TT,CT,AA,GG,TT,GG,GG,AA,GG,CT,TT,AA,CT,GT,GG,TT,CC,GG,CC,TT,CC,CT,GG,GG,CA,TC,CC,TT,AA,CG,GA,CT,TT,TG,TA,GT,AA,GA,GA,CC,GA,GA,GT,AG,TT,GG,CC,CT,GG,GG,GG,GA,AA,CC,CC,CC,0,0,GG,CC,GG,GG,TT,GG,TT,GA,GA,CC,GG,AA,CC,TT,GG,GG,CG
scat_marten,NA,NCali_F05.sc,Nextseq520,MACA_P7,PSW100,c,lane1-s164-index--GGCGCCATTG-ACCGCGCAAT-MACAP7_PSW100_c_S164.assembled,612037,520722,85.08,100%,91,NA,AA,AC,CT,GC,TT,AA,AA,AA,GG,CC,CC,TT,AA,TC,CC,CC,CC,CC,AG,AA,CC,CC,AA,AA,GG,TC,CC,AA,CC,AT,AA,GG,AA,CC,GG,AA,TT,CT,AA,GG,TT,GG,GG,AA,GG,CT,TT,AA,CT,GT,GG,TT,CC,GG,CC,TT,CC,CT,GG,GG,CA,TC,CC,TT,AA,CG,GA,CT,TT,TG,TA,GT,AA,GA,GA,CC,GA,GA,GT,AG,TT,GG,CC,CT,GG,GG,GG,GA,AA,CC,CC,CC,0,0,GG,CC,GG,GG,TT,GG,TT,GA,GA,CC,GG,AA,CC,TT,GG,GG,CG
scat_marten,0,NCali_F05.sc,Nextseq520,MACA_P7,PSW100,3,CONSENSUS,415671,348893,83.11666667,100%,91,0,AA,AC,CT,GC,TT,AA,AA,AA,GG,CC,CC,TT,AA,TC,CC,CC,CC,CC,AG,AA,CC,CC,AA,AA,GG,TC,CC,AA,CC,AT,AA,GG,AA,CC,GG,AA,TT,CT,AA,GG,TT,GG,GG,AA,GG,CT,TT,AA,CT,GT,GG,TT,CC,GG,CC,TT,CC,CT,GG,GG,CA,TC,CC,TT,AA,CG,GA,CT,TT,TG,TA,GT,AA,GA,GA,CC,GA,GA,GT,AG,TT,GG,CC,CT,GG,GG,GG,GA,AA,CC,CC,CC,0,0,GG,CC,GG,GG,TT,GG,TT,GA,GA,CC,GG,AA,CC,TT,GG,GG,CG
scat_marten,NA,NCali_M13.sc,Nextseq520,MACA_P7,PSW101,a,lane1-s149-index--CACTAGACCA-ACTGCCTTAT-MACAP7_PSW101_a_S149.assembled,623468,556490,89.26,96%,87,NA,AA,AC,CT,CC,TT,GG,GG,TT,GG,CC,CC,TT,GG,TC,CC,CC,CC,GG,AA,AA,CC,CC,CA,AA,0,CC,CC,GA,CC,AA,AA,GA,GA,CT,AA,AA,CC,CT,GG,GG,TC,AA,AA,AA,GG,TT,TT,AA,CT,GG,GG,TC,CT,GA,CT,CC,TT,TT,GG,GG,CA,TT,GG,TC,AA,CC,GA,CT,0,TT,TT,GT,AA,GA,GG,CC,AA,AA,GG,0,TG,GA,CC,CC,AG,GG,GG,GG,AA,CC,CC,CT,GG,GG,GG,CC,GG,GG,CC,GG,TT,GA,GG,CC,GG,AA,CC,TT,GG,GG,CC
scat_marten,NA,NCali_M13.sc,Nextseq520,MACA_P7,PSW101,b,lane1-s157-index--TCTCAATACC-GACGTTCGCG-MACAP7_PSW101_b_S157.assembled,1468995,1326634,90.31,97%,88,NA,AA,AC,CT,CC,TT,GG,0,AA,GG,CC,CC,TT,GG,TC,CC,CC,CC,GG,AA,AA,CC,CC,CA,AA,GA,CC,CC,GA,CC,AA,AA,GA,GA,CT,AA,AG,CC,TT,GG,GG,TC,AA,AA,AA,GG,TT,TT,AA,CC,GG,GG,CC,CT,GA,TT,CC,CT,TT,GG,0,CA,TT,GG,0,AA,CC,GA,CT,TC,TT,TT,TT,AA,GG,GG,CC,AA,AA,GG,AG,GG,GA,CC,CC,AA,GG,GG,GA,AA,CC,CC,CT,GG,GG,GG,CC,GG,GG,CC,GG,TT,GG,GA,CC,GG,AA,CC,TT,GG,GG,CC
scat_marten,NA,NCali_M13.sc,Nextseq520,MACA_P7,PSW101,c,lane1-s165-index--AGCGAATTAG-AGCCGGAACA-MACAP7_PSW101_c_S165.assembled,478983,447130,93.35,90%,82,NA,AA,AC,CC,CC,TT,GG,GG,AA,GG,CC,CC,TT,GG,TC,CC,CC,CC,GG,AA,AA,0,CC,0,AA,GG,CC,CC,GA,CC,AA,AA,GA,AA,CT,AA,0,CC,TT,GG,GG,TT,AA,AA,AA,GG,TT,TT,AA,CT,GG,0,CC,CT,0,0,CC,CT,TT,GG,GA,CA,TT,GG,0,AA,CC,GG,TT,TC,TT,TT,GT,AA,GA,GG,CC,AA,AA,GT,AA,GG,AA,CC,CC,0,GG,GG,GG,AA,CC,CC,CT,GG,GG,GG,CC,GG,GG,CC,GG,TT,GA,GG,CC,GG,AA,CC,TT,GG,GG,CC
scat_marten,0,NCali_M13.sc,Nextseq520,MACA_P7,PSW101,3,CONSENSUS,857148.6667,776751.3333,90.97333333,85%,77,0,AA,AC,CT,CC,TT,GG,GG,NA,GG,CC,CC,TT,GG,TC,CC,CC,CC,GG,AA,AA,CC,CC,CA,AA,NA,CC,CC,GA,CC,AA,AA,GA,GA,CT,AA,NA,CC,NA,GG,GG,TC,AA,AA,AA,GG,TT,TT,AA,CT,GG,GG,NA,CT,GA,NA,CC,CT,TT,GG,NA,CA,TT,GG,0,AA,CC,GA,CT,TC,TT,TT,GT,AA,GA,GG,CC,AA,AA,NA,NA,NA,GA,CC,CC,NA,GG,GG,NA,AA,CC,CC,CT,GG,GG,GG,CC,GG,GG,CC,GG,TT,GA,NA,CC,GG,AA,CC,TT,GG,GG,CC
scat_marten,NA,NCali_F04.sc,Nextseq520,MACA_P7,PSW102,a,lane1-s150-index--ATTATCCACT-TACGCACGTA-MACAP7_PSW102_a_S150.assembled,751446,364495,48.51,96%,87,NA,AA,CC,CC,GC,TT,GG,GA,AA,GG,CC,CC,TT,AA,TT,CC,CC,CC,CC,AG,AA,0,CC,AA,AA,GG,TT,CC,AA,CC,AT,0,GG,AA,CC,GG,GG,TT,TT,AA,AA,TC,GG,GG,0,GG,CT,TT,AA,CT,TT,GG,TT,CC,GG,TT,TT,CT,TT,GG,GG,AA,TC,CC,TT,AA,CC,GA,CC,TT,TG,TA,GT,AA,GG,GG,CT,AA,AA,GT,AA,TT,GG,CC,CC,AG,GG,GG,0,AA,CC,CC,CC,0,0,GG,CC,GG,GG,CC,GG,0,GA,0,CC,GG,AA,CC,TT,GG,GG,CC
scat_marten,NA,NCali_F04.sc,Nextseq520,MACA_P7,PSW102,b,lane1-s158-index--AAGCATCTTG-CATTCAACAA-MACAP7_PSW102_b_S158.assembled,318734,107400,33.7,96%,87,NA,AA,CC,CC,GC,TT,GG,GA,AA,GG,0,CC,TT,AA,TT,CC,CC,CC,CC,AG,AA,CC,0,AA,AA,GG,TT,CC,AA,CC,AT,AA,GG,AA,CC,GG,AA,TT,CT,AA,AA,TC,GG,GG,AA,GG,CT,TT,AA,TT,TT,GG,TT,CC,GG,CC,TT,CT,TT,GG,GG,AA,TC,CC,TT,AA,CC,GA,CC,TT,TG,TA,GT,AA,GG,GG,CC,AA,0,GT,AA,TT,GG,CC,CC,GG,GG,GG,GA,AA,CC,CC,CC,0,0,0,CC,GG,GG,TT,GG,TT,AA,GA,CC,GG,AA,CC,TT,GG,GG,CC
scat_marten,NA,NCali_F04.sc,Nextseq520,MACA_P7,PSW102,c,lane1-s166-index--TTAGACCATG-TCCTAGGAAG-MACAP7_PSW102_c_S166.assembled,601532,294241,48.92,96%,87,NA,AA,0,CT,GG,TT,0,GG,AA,GG,0,CC,TT,AG,TT,CC,CC,CC,CC,AG,AA,CC,AA,AA,AA,GG,TT,CC,AA,CC,AT,AA,GG,AA,CC,GG,AG,TT,CT,AA,AA,TC,GG,GG,AA,GG,CT,TT,AA,CC,TT,GG,TT,CC,GG,TT,TT,CT,TT,GG,GG,AA,TC,CC,TT,AA,CC,GA,CC,TT,TG,TA,GT,AA,GG,GG,CC,AA,AA,GG,AA,TT,GG,CC,CC,AG,GG,GG,0,AA,CC,CC,CC,0,0,AA,CC,GG,GG,CC,GG,TT,GG,0,CC,GG,AA,CC,TT,GG,GG,CC
scat_marten,0,NCali_F04.sc,Nextseq520,MACA_P7,PSW102,3,CONSENSUS,557237.3333,255378.6667,43.71,92%,84,0,AA,CC,NA,GC,TT,GG,GA,AA,GG,0,CC,TT,NA,TT,CC,CC,CC,CC,AG,AA,CC,NA,AA,AA,GG,TT,CC,AA,CC,AT,AA,GG,AA,CC,GG,AG,TT,CT,AA,AA,TC,GG,GG,AA,GG,CT,TT,AA,CT,TT,GG,TT,CC,GG,NA,TT,CT,TT,GG,GG,AA,TC,CC,TT,AA,CC,GA,CC,TT,TG,TA,GT,AA,GG,GG,NA,AA,AA,GT,AA,TT,GG,CC,CC,AG,GG,GG,0,AA,CC,CC,CC,0,0,NA,CC,GG,GG,NA,GG,TT,GA,0,CC,GG,AA,CC,TT,GG,GG,CC
scat_marten,NA,NCali_F05.sc,Nextseq520,MACA_P7,PSW103,a,lane1-s151-index--ATGGCGTGCC-CGCTTGAAGT-MACAP7_PSW103_a_S151.assembled,501097,428659,85.54,100%,91,NA,AA,AC,CT,GC,TT,AA,AA,AA,GG,CC,CC,TT,AA,TC,CC,CC,CC,CC,AG,AA,CC,CC,AA,AA,GG,TC,CC,AA,CC,AT,AA,GG,AA,CC,GG,AA,TT,CT,AA,GG,TT,GG,GG,AA,GG,CT,TT,AA,CT,GT,GG,TT,CC,GG,CC,TT,CC,CT,GG,GG,CA,TC,CC,TT,AA,CG,GA,CT,TT,TG,TA,GT,AA,GA,GA,CC,GA,GA,GT,AG,TT,GG,CC,CT,GG,GG,GG,GA,AA,CC,CC,CC,0,0,GG,CC,GG,GG,TT,GG,TT,GA,GA,CC,GG,AA,CC,TT,GG,GG,CG
scat_marten,NA,NCali_F05.sc,Nextseq520,MACA_P7,PSW103,b,lane1-s159-index--TCAGTCTCGT-CACGGATTAT-MACAP7_PSW103_b_S159.assembled,109930,93229,84.81,98%,89,NA,AA,AC,CT,GC,TT,AA,AA,AA,GG,0,CC,TT,AA,TC,CC,CC,CC,CC,AG,AA,CC,CC,AA,AA,GG,TC,CC,AA,CC,AT,AA,GG,AA,CC,GG,AA,TT,CT,AA,GG,TT,GG,GG,AA,GG,CT,TT,AA,CT,GT,GG,TT,CC,GG,CC,TT,CC,CT,GG,GG,CA,TC,CC,TT,AA,CG,GA,CT,TT,TG,TA,GT,AA,GA,GA,CC,GA,GA,GT,AG,TT,GG,CC,CT,GG,GG,GG,GA,AA,CC,CC,CC,0,0,GG,CC,GG,GG,TT,GG,TT,GA,GA,CC,GG,AA,CC,TT,GG,GG,CG
scat_marten,NA,NCali_F05.sc,Nextseq520,MACA_P7,PSW103,c,lane1-s167-index--CACACAGTAT-TTGAGCCTAA-MACAP7_PSW103_c_S167.assembled,323669,270939,83.71,99%,90,NA,AA,AC,CT,GC,TT,AA,AA,AA,GG,CC,CC,TT,0,TC,CC,CC,CC,CC,AG,AA,CC,CC,AA,AA,GG,TC,CC,AA,CC,AT,AA,GG,AA,CC,GG,AA,TT,CT,AA,GG,TT,GG,GG,AA,GG,CT,TT,AA,CT,GT,GG,TT,CC,GG,CC,TT,CC,CT,GG,GG,CA,TC,CC,TT,AA,CG,GA,CT,TT,TG,TA,GT,AA,GA,GA,CC,GA,GA,GT,AG,TT,GG,CC,CT,GG,GG,GG,GA,AA,CC,CC,CC,0,0,GG,CC,GG,GG,TT,GG,TT,GA,GA,CC,GG,AA,CC,TT,GG,GG,CG
scat_marten,0,NCali_F05.sc,Nextseq520,MACA_P7,PSW103,3,CONSENSUS,311565.3333,264275.6667,84.68666667,100%,91,0,AA,AC,CT,GC,TT,AA,AA,AA,GG,CC,CC,TT,AA,TC,CC,CC,CC,CC,AG,AA,CC,CC,AA,AA,GG,TC,CC,AA,CC,AT,AA,GG,AA,CC,GG,AA,TT,CT,AA,GG,TT,GG,GG,AA,GG,CT,TT,AA,CT,GT,GG,TT,CC,GG,CC,TT,CC,CT,GG,GG,CA,TC,CC,TT,AA,CG,GA,CT,TT,TG,TA,GT,AA,GA,GA,CC,GA,GA,GT,AG,TT,GG,CC,CT,GG,GG,GG,GA,AA,CC,CC,CC,0,0,GG,CC,GG,GG,TT,GG,TT,GA,GA,CC,GG,AA,CC,TT,GG,GG,CG
scat_marten,NA,NCali_M13.sc,Nextseq520,MACA_P7,PSW104,a,lane1-s152-index--TCCAGAGATC-CTGCACTTCA-MACAP7_PSW104_a_S152.assembled,181536,159426,87.82,98%,89,NA,AA,AC,CT,CC,TT,GG,GG,AT,GG,CC,CC,TT,GG,TC,CC,CC,CC,GG,AA,AA,CC,CC,CA,AA,GG,CC,CC,GA,CC,AA,AA,GA,GA,CT,AA,AG,CC,CT,GG,GG,TC,AA,AA,AA,GG,TT,TT,AA,CT,GG,GG,TC,CT,GA,CT,CC,CT,TT,GG,GA,CA,TT,GG,TC,AA,CC,GA,CT,TC,TT,TT,GT,AA,GA,GG,CC,AA,AA,GT,AG,TG,GA,CC,CC,AG,GG,GG,0,AA,CC,CC,CT,GG,GG,GG,CC,GG,GG,CC,GG,TT,GA,0,CC,GG,AA,CC,TT,GG,GG,CC
scat_marten,NA,NCali_M13.sc,Nextseq520,MACA_P7,PSW104,b,lane1-s160-index--TGCAAGATAA-TTGAGGACGG-MACAP7_PSW104_b_S160.assembled,368487,319144,86.61,45%,41,NA,0,0,TT,CC,0,0,0,0,GG,0,CC,TT,GG,TT,0,0,CC,0,0,AA,0,0,0,AA,0,CC,0,0,CC,0,AA,GG,0,0,0,0,0,CC,GG,0,0,AA,AA,0,GG,TT,TT,AA,0,0,GG,0,0,AA,0,0,CC,TT,GG,0,0,0,GG,0,AA,CC,GA,CC,CC,TT,TT,0,AA,GG,GG,CC,0,0,0,0,0,0,0,0,0,GG,0,0,AA,CC,0,TT,0,0,0,0,0,GG,0,GG,0,0,0,0,0,0,0,0,0,0,CC
scat_marten,NA,NCali_M13.sc,Nextseq520,MACA_P7,PSW104,c,lane1-s168-index--TCTTGTCGGC-CCACCTGTGT-MACAP7_PSW104_c_S168.assembled,247345,210228,84.99,99%,90,NA,AA,AC,CT,CC,TT,GG,GG,AT,GG,CC,CC,TT,GG,TC,CC,CC,CC,GG,AA,AA,CC,CC,CA,AA,GG,CC,CC,GA,CC,AA,AA,GA,GA,CT,AA,AG,CC,CT,GG,GG,TC,AA,AA,AA,GG,TT,TT,AA,CT,GG,GG,TC,CT,GA,CT,CC,CT,TT,GG,GA,CA,TT,GG,TC,AA,CC,GA,CT,TC,TT,TT,GT,AA,GA,GG,CC,AA,AA,GT,AG,0,GA,CC,CC,AG,GG,GG,GA,AA,CC,CC,CT,GG,GG,GG,CC,GG,GG,CC,GG,TT,GA,GA,CC,GG,AA,CC,TT,GG,GG,CC
scat_marten,0,NCali_M13.sc,Nextseq520,MACA_P7,PSW104,3,CONSENSUS,265789.3333,229599.3333,86.47333333,97%,88,0,AA,AC,CT,CC,TT,GG,GG,AT,GG,CC,CC,TT,GG,TC,CC,CC,CC,GG,AA,AA,CC,CC,CA,AA,GG,CC,CC,GA,CC,AA,AA,GA,GA,CT,AA,AG,CC,CT,GG,GG,TC,AA,AA,AA,GG,TT,TT,AA,CT,GG,GG,TC,CT,GA,CT,CC,CT,TT,GG,GA,CA,TT,GG,TC,AA,CC,GA,CT,TC,TT,TT,GT,AA,GA,GG,CC,AA,AA,GT,AG,0,GA,CC,CC,AG,GG,GG,0,AA,CC,CC,CT,GG,GG,GG,CC,GG,GG,CC,GG,TT,GA,0,CC,GG,AA,CC,TT,GG,GG,CC
scat_marten,NA,NCali_F05.sc,Nextseq520,MACA_P7,PSW105,a,lane1-s169-index--TACCGCCTCG-CCTCGCAACC-MACAP7_PSW105_a_S169.assembled,85930,70948,82.56,97%,88,NA,AA,AC,CT,GC,TT,AA,AA,AA,GG,CC,CC,TT,AA,TC,CC,CC,CC,CC,AG,AA,CC,CC,AA,AA,GG,TC,CC,AA,CC,AT,AA,GG,AA,CC,GG,AA,TT,CT,AA,GG,TT,GG,GG,AA,GG,CT,TT,AA,CT,GT,GG,TT,CC,GG,CC,TT,CC,CT,GG,GG,CA,TC,CC,TT,AA,CG,GA,CT,TT,TG,TA,GT,AA,GA,GA,CC,GA,GA,GT,0,0,GG,CC,CT,GG,GG,GG,GA,AA,CC,CC,CC,0,0,GG,CC,GG,GG,TT,GG,TT,GA,GA,CC,GG,AA,CC,TT,GG,GG,CG
scat_marten,NA,NCali_F05.sc,Nextseq520,MACA_P7,PSW105,b,lane1-s177-index--CCAATGATAC-GAGTGTGCCG-MACAP7_PSW105_b_S177.assembled,289485,240973,83.24,99%,90,NA,AA,AC,CT,GC,TT,AA,AA,AA,GG,CC,CC,TT,AA,TC,CC,CC,CC,CC,AG,AA,CC,CC,AA,AA,GG,TC,CC,AA,CC,AT,AA,GG,AA,CC,GG,AA,TT,CT,AA,GG,TT,GG,GG,AA,GG,CT,TT,AA,CT,GT,GG,TT,CC,GG,CC,TT,CC,CT,GG,GG,CA,TC,CC,TT,AA,CG,GA,CT,TT,TG,TA,GT,AA,GA,GA,CC,GA,GA,GT,AG,TT,GG,CC,CT,GG,GG,GG,GA,AA,CC,CC,CC,0,0,GG,CC,GG,GG,TT,GG,TT,GA,GA,CC,GG,AA,CC,TT,GG,GG,CG
scat_marten,NA,NCali_F05.sc,Nextseq520,MACA_P7,PSW105,c,lane1-s185-index--TATCACTCTG-AACGTTACAT-MACAP7_PSW105_c_S185.assembled,337666,282374,83.63,100%,91,NA,AA,AC,CT,GC,TT,AA,AA,AA,GG,CC,CC,TT,AA,TC,CC,CC,CC,CC,AG,AA,CC,CC,AA,AA,GG,TC,CC,AA,CC,AT,AA,GG,AA,CC,GG,AA,TT,CT,AA,GG,TT,GG,GG,AA,GG,CT,TT,AA,CT,GT,GG,TT,CC,GG,CC,TT,CC,CT,GG,GG,CA,TC,CC,TT,AA,CG,GA,CT,TT,TG,TA,GT,AA,GA,GA,CC,GA,GA,GT,AG,TT,GG,CC,CT,GG,GG,GG,GA,AA,CC,CC,CC,0,0,GG,CC,GG,GG,TT,GG,TT,GA,GA,CC,GG,AA,CC,TT,GG,GG,CG
scat_marten,0,NCali_F05.sc,Nextseq520,MACA_P7,PSW105,3,CONSENSUS,237693.6667,198098.3333,83.14333333,99%,90,0,AA,AC,CT,GC,TT,AA,AA,AA,GG,CC,CC,TT,AA,TC,CC,CC,CC,CC,AG,AA,CC,CC,AA,AA,GG,TC,CC,AA,CC,AT,AA,GG,AA,CC,GG,AA,TT,CT,AA,GG,TT,GG,GG,AA,GG,CT,TT,AA,CT,GT,GG,TT,CC,GG,CC,TT,CC,CT,GG,GG,CA,TC,CC,TT,AA,CG,GA,CT,TT,TG,TA,GT,AA,GA,GA,CC,GA,GA,GT,AG,TT,GG,CC,CT,GG,GG,GG,GA,AA,CC,CC,CC,0,0,GG,CC,GG,GG,TT,GG,TT,GA,GA,CC,GG,AA,CC,TT,GG,GG,CG
scat_marten,NA,NCali_F05.sc,Nextseq520,MACA_P7,PSW107,a,lane1-s170-index--CTGTTATATC-GTATAGCTGT-MACAP7_PSW107_a_S170.assembled,1339935,1101899,82.24,98%,89,NA,AA,AC,CT,GC,TT,AA,AA,AA,GG,CC,CC,TT,AA,TC,CC,CC,CC,CC,AG,AA,CC,CC,AA,AA,GG,CC,CC,AA,CC,AT,AA,GG,AA,CC,GG,AA,TT,CT,AA,GG,TT,GG,GG,AA,GG,CT,TT,AA,CT,GT,GG,TT,CC,GG,CC,TT,CC,CT,GG,GG,CA,TC,CC,TT,AA,CG,GA,CT,TT,TG,TA,GT,AA,GA,GA,CC,GA,GA,GT,0,TT,GG,CC,CT,GG,GG,GG,0,AA,CC,CC,CC,0,0,GG,CC,GG,GG,TT,GG,TT,GA,0,CC,GG,AA,CC,TT,GG,GG,CG
scat_marten,NA,NCali_F05.sc,Nextseq520,MACA_P7,PSW107,b,lane1-s178-index--GAGGCCTATT-CTAGTCCGGA-MACAP7_PSW107_b_S178.assembled,1746400,1407650,80.6,98%,89,NA,AA,AC,CT,GC,TT,AA,AA,AA,GG,CC,CC,TT,AA,TC,CC,CC,CC,CC,AG,AA,CC,CC,AA,AA,GG,TC,CC,AA,CC,AT,AA,GG,AA,CC,GG,AA,TT,CT,AA,GG,TT,GG,GG,AA,GG,CT,TT,AA,CT,GT,GG,TT,CC,GG,CC,TT,CC,CT,GG,GG,CA,0,CC,TT,AA,CG,GA,CT,TT,TG,TA,GT,AA,GA,GA,CC,GA,GA,GT,0,TT,GG,CC,CT,GG,GG,GG,GA,AA,CC,CC,CC,0,0,GG,CC,GG,GG,TT,GG,TT,GA,GA,CC,GG,AA,CC,TT,GG,GG,CG
scat_marten,NA,NCali_F05.sc,Nextseq520,MACA_P7,PSW107,c,lane1-s186-index--AGAATTCGCC-CGGCAAGCTC-MACAP7_PSW107_c_S186.assembled,2395556,1983497,82.8,99%,90,NA,AA,AC,CT,GC,TT,AA,AA,AA,GG,CC,CC,TT,AA,TC,CC,CC,CC,CC,AG,AA,CC,CC,AA,AA,GG,TC,CC,AA,CC,AT,AA,GG,AA,CC,GG,AA,TT,CT,AA,GG,TT,GG,GG,AA,GG,CT,TT,AA,CT,GT,GG,TT,CC,GG,CC,TT,CC,CT,GG,GG,CA,TC,CC,TT,AA,CG,GA,CT,TT,TG,TA,GT,AA,GA,GA,CC,GA,GA,GT,0,TT,GG,CC,CT,GG,GG,GG,GA,AA,CC,CC,CC,0,0,GG,CC,GG,GG,TT,GG,TT,GA,GA,CC,GG,AA,CC,TT,GG,GG,CG
scat_marten,0,NCali_F05.sc,Nextseq520,MACA_P7,PSW107,3,CONSENSUS,1827297,1497682,81.88,99%,90,0,AA,AC,CT,GC,TT,AA,AA,AA,GG,CC,CC,TT,AA,TC,CC,CC,CC,CC,AG,AA,CC,CC,AA,AA,GG,TC,CC,AA,CC,AT,AA,GG,AA,CC,GG,AA,TT,CT,AA,GG,TT,GG,GG,AA,GG,CT,TT,AA,CT,GT,GG,TT,CC,GG,CC,TT,CC,CT,GG,GG,CA,TC,CC,TT,AA,CG,GA,CT,TT,TG,TA,GT,AA,GA,GA,CC,GA,GA,GT,0,TT,GG,CC,CT,GG,GG,GG,GA,AA,CC,CC,CC,0,0,GG,CC,GG,GG,TT,GG,TT,GA,GA,CC,GG,AA,CC,TT,GG,GG,CG
scat_marten,NA,NCali_M13.sc,Nextseq520,MACA_P7,PSW108,a,lane1-s171-index--TAACCGGCGA-GCTACATTAG-MACAP7_PSW108_a_S171.assembled,105372,89034,84.49,99%,90,NA,AA,AC,CT,CC,TT,GG,GG,AT,GG,CC,CC,TT,GG,TC,CC,CC,CC,GG,AA,AA,CC,CC,CA,AA,GG,CC,CC,GA,CC,AA,AA,GA,GA,CT,AA,AG,CC,CT,GG,GG,TC,AA,AA,AA,GG,TT,TT,AA,CT,GG,GG,TC,CT,GA,CT,CC,CT,TT,GG,GA,CA,TT,GG,TC,AA,CC,GA,CT,TC,TT,TT,GT,AA,GA,GG,CC,AA,AA,GT,AG,TG,GA,CC,CC,AG,GG,GG,GA,AA,CC,CC,CT,0,GG,GG,CC,GG,GG,CC,GG,TT,GA,GA,CC,GG,AA,CC,TT,GG,GG,CC
scat_marten,NA,NCali_M13.sc,Nextseq520,MACA_P7,PSW108,b,lane1-s179-index--AGCTAAGCGG-ATTAATACGC-MACAP7_PSW108_b_S179.assembled,112984,95485,84.51,98%,89,NA,AA,AC,CT,CC,TT,GG,GG,AT,GG,CC,CC,TT,GG,TC,CC,CC,CC,GG,AA,AA,CC,CC,CA,AA,GG,CC,CC,GA,CC,AA,AA,GA,GA,CT,AA,AG,CC,CT,GG,GG,TC,AA,AA,AA,GG,TT,TT,AA,CT,GG,GG,TC,CT,GA,CT,CC,CT,TT,GG,GA,CA,TT,GG,TC,AA,CC,GA,CT,TC,TT,TT,GT,AA,GA,GG,CC,AA,AA,GT,0,TG,GA,CC,CC,AG,GG,GG,GA,AA,CC,CC,CT,GG,GG,GG,CC,GG,GG,CC,GG,TT,GA,GA,CC,GG,AA,CC,TT,GG,GG,CC
scat_marten,NA,NCali_M13.sc,Nextseq520,MACA_P7,PSW108,c,lane1-s187-index--CCTGACCACT-TCTTGGCTAT-MACAP7_PSW108_c_S187.assembled,736111,644377,87.54,100%,91,NA,AA,AC,CT,CC,TT,GG,GG,AT,GG,CC,CC,TT,GG,TC,CC,CC,CC,GG,AA,AA,CC,CC,CA,AA,GG,CC,CC,GA,CC,AA,AA,GA,GA,CT,AA,AG,CC,CT,GG,GG,TC,AA,AA,AA,GG,TT,TT,AA,CT,GG,GG,TC,CT,GA,CT,CC,CT,TT,GG,GA,CA,TT,GG,TC,AA,CC,GA,CT,TC,TT,TT,GT,AA,GA,GG,CC,AA,AA,GT,AG,TG,GA,CC,CC,AG,GG,GG,GA,AA,CC,CC,CT,GG,GG,GG,CC,GG,GG,CC,GG,TT,GA,GA,CC,GG,AA,CC,TT,GG,GG,CC
scat_marten,0,NCali_M13.sc,Nextseq520,MACA_P7,PSW108,3,CONSENSUS,318155.6667,276298.6667,85.51333333,99%,90,0,AA,AC,CT,CC,TT,GG,GG,AT,GG,CC,CC,TT,GG,TC,CC,CC,CC,GG,AA,AA,CC,CC,CA,AA,GG,CC,CC,GA,CC,AA,AA,GA,GA,CT,AA,AG,CC,CT,GG,GG,TC,AA,AA,AA,GG,TT,TT,AA,CT,GG,GG,TC,CT,GA,CT,CC,CT,TT,GG,GA,CA,TT,GG,TC,AA,CC,GA,CT,TC,TT,TT,GT,AA,GA,GG,CC,AA,AA,GT,AG,TG,GA,CC,CC,AG,GG,GG,GA,AA,CC,CC,CT,GG,GG,GG,CC,GG,GG,CC,GG,TT,GA,GA,CC,GG,AA,CC,TT,GG,GG,CC
scat_marten,NA,NCali_F06.sc,Nextseq520,MACA_P7,PSW111,a,lane1-s172-index--AAGAGAGTCT-TACGAATCTT-MACAP7_PSW111_a_S172.assembled,414263,343644,82.95,88%,80,NA,AA,AA,CT,CC,TT,0,GG,TT,GG,CC,CC,TC,0,CC,CC,TT,CC,CC,GG,AA,0,CC,AA,AA,GG,CC,CC,GG,CC,AA,0,GG,AA,CC,AA,AG,CT,CC,GA,AA,TC,GG,AG,AG,GG,CT,TT,0,0,GG,CC,0,CC,GG,CC,CC,TT,TT,GG,GG,CA,TC,GC,TT,AA,GG,GG,TT,TT,TT,TT,GG,AA,GA,GG,CC,AA,AA,GG,0,TT,GG,CC,CC,GG,GG,GG,GG,0,CC,CC,0,0,0,GG,CC,GG,0,CC,GG,TC,0,GG,CC,GG,AA,CC,TT,GG,GG,GG
scat_marten,NA,NCali_F06.sc,Nextseq520,MACA_P7,PSW111,b,lane1-s180-index--CTTCCTAGGA-CCTAGAGTAT-MACAP7_PSW111_b_S180.assembled,867291,760466,87.68,87%,79,NA,AA,0,CC,CC,0,0,GG,AT,GG,CC,CC,TC,GG,CC,CC,TT,0,0,AG,AA,CC,CC,AA,AA,GG,CC,CC,GA,CC,AA,0,GG,0,CC,AG,0,CT,CC,AA,AA,0,0,GG,AG,GG,CT,TT,AA,CC,GG,GG,TT,CC,GG,TT,CC,TT,TT,GG,GG,CA,CC,GC,0,AA,GG,GG,TT,TT,TT,TT,GG,AA,GA,GG,CC,AA,AA,0,AG,TT,GG,CC,CC,GG,GG,GG,GG,AA,CC,CC,TT,0,0,GG,CC,GG,GG,CC,GG,TC,GG,GG,CC,GG,AA,0,TT,GG,GG,GG
scat_marten,NA,NCali_F06.sc,Nextseq520,MACA_P7,PSW111,c,lane1-s188-index--AGCTGGAATG-ACGGAATGCG-MACAP7_PSW111_c_S188.assembled,1318056,1241242,94.17,92%,84,NA,AA,AA,CT,CC,TT,AG,0,AA,GG,CC,CC,CC,GG,CC,CC,TT,CC,CG,AG,AA,CC,CC,AA,AA,GG,CC,CC,GA,CC,AA,0,GG,AA,CC,AG,GG,0,CC,GA,AA,TC,GG,GG,GG,GG,CT,TT,AA,TT,GG,GC,0,CC,GG,TT,CC,TT,CT,GG,GG,CA,TC,GC,TT,AA,GG,GG,TT,TT,TT,TT,GG,AA,AA,GG,0,AA,AA,GG,AA,TT,GG,0,CC,GG,GG,GG,GG,AA,CC,CC,CT,0,0,GG,CC,GG,GG,CC,GG,CC,AA,GG,CC,GG,AA,CC,TT,GG,GG,GG
scat_marten,0,NCali_F06.sc,Nextseq520,MACA_P7,PSW111,3,CONSENSUS,866536.6667,781784,88.26666667,87%,79,0,AA,AA,CT,CC,TT,0,GG,AT,GG,CC,CC,TC,GG,CC,CC,TT,CC,NA,AG,AA,CC,CC,AA,AA,GG,CC,CC,GA,CC,AA,0,GG,AA,CC,AG,NA,CT,CC,GA,AA,TC,GG,NA,AG,GG,CT,TT,AA,NA,GG,GC,0,CC,GG,NA,CC,TT,NA,GG,GG,CA,TC,GC,TT,AA,GG,GG,TT,TT,TT,TT,GG,AA,GA,GG,CC,AA,AA,GG,NA,TT,GG,CC,CC,GG,GG,GG,GG,AA,CC,CC,NA,0,0,GG,CC,GG,GG,CC,GG,TC,NA,GG,CC,GG,AA,CC,TT,GG,GG,GG
scat_marten,NA,Border_F03.sc,Nextseq520,MACA_P7,PSW154,a,lane1-s173-index--GTAGGCGAGC-TAGGAGCGCA-MACAP7_PSW154_a_S173.assembled,149505,140653,94.08,99%,90,NA,AA,AA,TT,CC,TC,AG,GG,AA,GG,CC,CC,TT,AA,TC,CC,TC,CC,CC,AG,AA,CT,CC,AA,AG,GG,TC,TC,GA,CC,AT,AA,GA,GA,CT,AG,AG,CT,CT,GA,GA,CC,GG,AA,AG,GT,CT,TT,AG,TT,GT,GC,TC,TT,GA,CC,CC,CT,TT,CC,GG,CA,TC,GC,TT,AA,CC,GG,CT,TT,TT,TA,GG,AT,GG,GG,CC,AA,AA,GG,GG,TT,GA,CC,CC,GG,GC,GG,GG,AA,TC,CC,CT,0,0,GG,CC,GG,GA,CC,GG,TC,AA,GG,CC,GG,AA,CC,TT,GG,GG,CC
scat_marten,NA,Border_F03.sc,Nextseq520,MACA_P7,PSW154,b,lane1-s181-index--CGATCTGTGA-TAGGAAGACT-MACAP7_PSW154_b_S181.assembled,110467,104293,94.41,99%,90,NA,AA,AA,TT,CC,TC,AG,GG,AA,GG,CC,CC,TT,AA,TC,CC,TC,CC,CC,AG,AA,CT,CC,AA,AG,GG,TC,TC,GA,CC,AT,AA,GA,GA,CT,AG,AG,CT,CT,GA,GA,CC,GG,AA,AG,GT,CT,TT,AG,TT,GT,GC,TC,TT,GA,CC,CC,CT,TT,CC,GG,CA,TC,GC,TT,AA,CC,GG,CT,TT,TT,TA,GG,AT,GG,GG,CC,AA,AA,GG,GG,TT,GA,CC,CC,GG,GC,GG,GG,AA,TC,CC,CT,0,0,GG,CC,GG,GA,CC,GG,TC,AA,GG,CC,GG,AA,CC,TT,GG,GG,CC
scat_marten,NA,Border_F03.sc,Nextseq520,MACA_P7,PSW154,c,lane1-s189-index--TGATAACGAG-GTTCCGCAGG-MACAP7_PSW154_c_S189.assembled,156073,147516,94.52,99%,90,NA,AA,AA,TT,CC,TC,AG,GG,AA,GG,CC,CC,TT,AA,TC,CC,TC,CC,CC,AG,AA,CT,CC,AA,AG,GG,TC,TC,GA,CC,AT,AA,GA,GA,CT,AG,AG,CT,CT,GA,GA,CC,GG,AA,AG,GT,CT,TT,AG,TT,GT,GC,TC,TT,GA,CC,CC,CT,TT,CC,GG,CA,TC,GC,TT,AA,CC,GG,CT,TT,TT,TA,GG,AT,GG,GG,CC,AA,AA,GG,GG,TT,GA,CC,CC,GG,GC,GG,GG,AA,TC,CC,CT,0,0,GG,CC,GG,GA,CC,GG,TC,AA,GG,CC,GG,AA,CC,TT,GG,GG,CC
scat_marten,0,Border_F03.sc,Nextseq520,MACA_P7,PSW154,3,CONSENSUS,138681.6667,130820.6667,94.33666667,99%,90,0,AA,AA,TT,CC,TC,AG,GG,AA,GG,CC,CC,TT,AA,TC,CC,TC,CC,CC,AG,AA,CT,CC,AA,AG,GG,TC,TC,GA,CC,AT,AA,GA,GA,CT,AG,AG,CT,CT,GA,GA,CC,GG,AA,AG,GT,CT,TT,AG,TT,GT,GC,TC,TT,GA,CC,CC,CT,TT,CC,GG,CA,TC,GC,TT,AA,CC,GG,CT,TT,TT,TA,GG,AT,GG,GG,CC,AA,AA,GG,GG,TT,GA,CC,CC,GG,GC,GG,GG,AA,TC,CC,CT,0,0,GG,CC,GG,GA,CC,GG,TC,AA,GG,CC,GG,AA,CC,TT,GG,GG,CC
scat_marten,NA,NCali_M08.sc,Nextseq520,MACA_P7,PSW182,a,lane1-s174-index--AACTTATCCT-GTACTGGCGT-MACAP7_PSW182_a_S174.assembled,109739,98485,89.74,99%,90,NA,GA,CC,CT,GC,TT,AG,GG,AA,GG,CC,CC,TC,AA,TC,CC,TC,CC,CG,AA,AA,CT,CA,AA,AA,GG,TC,TC,GA,CC,AT,AA,GG,GA,CT,AG,AG,CT,TT,GA,GG,TC,GA,AA,AG,GT,CC,TT,AA,CT,GT,GG,TT,CC,GG,CT,CC,TT,TT,CG,AA,CC,TC,GC,TC,AA,CC,GA,CC,TT,TG,TA,GG,AA,GG,GA,CC,AA,AA,GT,GG,TG,GG,CC,CC,AA,GC,GT,GG,AA,CC,CC,TT,0,GG,AG,CC,GG,GG,CC,GG,TC,GA,GG,CC,GG,AA,CC,TT,GG,GG,CC
scat_marten,NA,NCali_M08.sc,Nextseq520,MACA_P7,PSW182,b,lane1-s182-index--GTGGACAAGT-CCGTGGCCTT-MACAP7_PSW182_b_S182.assembled,231016,206966,89.59,99%,90,NA,GA,CC,CT,GC,TT,AG,GG,AA,GG,CC,CC,TC,AA,TC,CC,TC,CC,CG,AA,AA,CT,CA,AA,AA,GG,TC,TC,GA,CC,AT,AA,GG,GA,CT,AG,AG,CT,TT,GA,GG,TC,GA,AA,AG,GT,CC,TT,AA,CT,GT,GG,TT,CC,GG,CT,CC,TT,TT,CG,AA,CC,TC,GC,TC,AA,CC,GA,CC,TT,TG,TA,GG,AA,GG,GA,CC,AA,AA,GT,GG,TG,GG,CC,CC,AA,GC,GT,GG,AA,CC,CC,TT,GG,GG,AG,CC,GG,GG,CC,GG,TC,GA,GG,CC,GG,AA,CC,TT,GG,GG,CC
scat_marten,NA,NCali_M08.sc,Nextseq520,MACA_P7,PSW182,c,lane1-s190-index--CATAGTAAGG-ACCAAGTTAC-MACAP7_PSW182_c_S190.assembled,405358,364012,89.8,99%,90,NA,GA,CC,CT,GC,TT,AG,GG,AA,GG,CC,CC,TC,0,TC,CC,TC,CC,CG,AA,AA,CT,CA,AA,AA,GG,TC,TC,GA,CC,AT,AA,GG,GA,CT,AG,AG,CT,TT,GA,GG,TC,GA,AA,AG,GT,CC,TT,AA,CT,GT,GG,TT,CC,GG,CT,CC,TT,TT,CG,AA,CC,TC,GC,TC,AA,CC,GA,CC,TT,TG,TA,GG,AA,GG,GA,CC,AA,AA,GT,GG,TG,GG,CC,CC,AA,GC,GT,GG,AA,CC,CC,TT,GG,GG,AG,CC,GG,GG,CC,GG,TC,GA,GG,CC,GG,AA,CC,TT,GG,GG,CC
scat_marten,0,NCali_M08.sc,Nextseq520,MACA_P7,PSW182,3,CONSENSUS,248704.3333,223154.3333,89.71,99%,90,0,GA,CC,CT,GC,TT,AG,GG,AA,GG,CC,CC,TC,AA,TC,CC,TC,CC,CG,AA,AA,CT,CA,AA,AA,GG,TC,TC,GA,CC,AT,AA,GG,GA,CT,AG,AG,CT,TT,GA,GG,TC,GA,AA,AG,GT,CC,TT,AA,CT,GT,GG,TT,CC,GG,CT,CC,TT,TT,CG,AA,CC,TC,GC,TC,AA,CC,GA,CC,TT,TG,TA,GG,AA,GG,GA,CC,AA,AA,GT,GG,TG,GG,CC,CC,AA,GC,GT,GG,AA,CC,CC,TT,GG,GG,AG,CC,GG,GG,CC,GG,TC,GA,GG,CC,GG,AA,CC,TT,GG,GG,CC
tissue_marten,NA,SDunes_Mrk2020,Nextseq519,MACA_P9,CharlestonRdk20,a,lane1-s375-index--AACAAGTACA-GGATATATCC-MACAP10_PEMA_a_S375.assembled,1745301,1590431,91.13,76%,69,NA,0,CC,CT,GC,TT,GG,GA,0,0,0,0,TT,AG,CC,CC,TC,CT,CG,AA,0,CT,CA,CA,AA,GG,TT,TC,0,0,0,AA,GA,GA,0,AG,AA,CT,CC,GA,0,TC,GA,AA,AA,GG,CC,0,AA,CC,GT,GC,TT,TT,GG,CT,CC,CT,CC,GG,GA,CA,0,0,TT,AA,GG,AA,CC,TC,TT,0,GG,AA,GG,GG,CT,AA,AA,0,0,0,AA,0,CC,GG,GG,GT,GA,0,CC,CC,0,0,GG,AG,0,0,GG,CC,GG,TT,GG,GA,CC,GG,AA,CC,TT,GG,GG,GG
tissue_marten,NA,SDunes_Mrk2020,Nextseq519,MACA_P9,CharlestonRdk20,b,lane1-s383-index--ATTGGCTTCT-TGGCTCGCAG-MACAP10_PEMA_b_S383.assembled,1511636,1392254,92.1,78%,71,NA,0,CC,CT,GC,TT,0,GA,0,GG,CT,0,TT,AG,CC,CC,TC,CT,CG,AA,0,CT,CA,CA,AA,GG,TT,TC,0,CC,AA,0,GA,GA,0,AG,AA,CT,CC,GA,0,TC,GA,AA,AA,GG,CC,TT,AA,CC,GT,GC,TT,TT,GG,CT,CC,0,CC,GG,GA,CA,TT,GC,TT,AA,0,AA,CC,TC,TT,0,GG,AA,GG,GG,CT,AA,AA,0,0,0,0,0,CC,GG,GG,GT,GA,0,CC,CC,0,0,GG,AG,0,0,GG,CC,GG,TT,GG,GA,CC,GG,AA,CC,TT,GG,GG,0
tissue_marten,0.5,SDunes_Mrk2020,Nextseq519,MACA_P9,CharlestonRdk20,2,CONSENSUS,1628468.5,1491342.5,91.615,70%,64,0,0,CC,CT,GC,TT,0,GA,0,0,0,0,TT,AG,CC,CC,TC,CT,CG,AA,0,CT,CA,CA,AA,GG,TT,TC,0,0,0,0,GA,GA,0,AG,AA,CT,CC,GA,0,TC,GA,AA,AA,GG,CC,0,AA,CC,GT,GC,TT,TT,GG,CT,CC,0,CC,GG,GA,CA,0,0,TT,AA,0,AA,CC,TC,TT,0,GG,AA,GG,GG,CT,AA,AA,0,0,0,0,0,CC,GG,GG,GT,GA,0,CC,CC,0,0,GG,AG,0,0,GG,CC,GG,TT,GG,GA,CC,GG,AA,CC,TT,GG,GG,0
tissue_marten,NA,SDunes_M6856rk_1,Nextseq519,MACA_P9,COMA6856,a,lane1-s310-index--TTATACGCGA-GCCGTCTGTT-MACAP10_D11_261_a_S310.assembled,411985,392727,95.33,97%,88,NA,AA,CC,TT,GG,TT,GG,GA,AA,GG,CC,CC,TT,GG,CC,CC,TT,CC,CC,AA,AA,CC,CC,CA,AA,GG,TT,CC,GA,CC,TT,AA,GA,AA,TT,AG,AA,CC,CC,GA,GG,CC,GG,AA,AA,GG,CC,TT,GG,CC,TT,GC,TT,TT,GG,CT,CC,CC,CC,CG,GG,CC,TC,GG,TC,AA,GG,GA,CT,TC,TT,TA,GT,AA,AA,GG,CC,AA,,GT,,TT,GG,CG,CC,GG,GC,TT,AA,AA,CC,CC,CT,GG,GG,,TT,GG,,CC,GG,,,,CC,GG,AA,CC,TT,,GG,GG
tissue_marten,NA,SDunes_M6856rk_1,Nextseq519,MACA_P9,COMA6856,b,lane1-s318-index--CTATTACTAC-GAGTCTCTCC-MACAP10_D11_261_b_S318.assembled,867458,826719,95.3,98%,89,NA,AA,CC,TT,GG,TT,GG,GA,AA,GG,CC,CC,TT,GG,CC,CC,TT,CC,CC,AA,AA,CC,CC,CA,AA,GG,TT,CC,GA,CC,TT,AA,GA,AA,TT,AG,AA,CC,CC,GA,GG,CC,GG,AA,AA,GG,CC,TT,GG,CC,TT,GC,TT,TT,GG,CT,CC,CC,CC,CG,GG,CC,TC,GG,TC,AA,GG,GA,CT,TC,TT,TA,GT,AA,AA,GG,CC,AA,,GT,,TT,GG,CG,CC,GG,GC,TT,AA,AA,CC,CC,CT,GG,GG,,TT,GG,,CC,GG,,,,CC,GG,AA,CC,TT,,GG,GG
tissue_marten,0,SDunes_M6856rk_1,Nextseq519,MACA_P9,COMA6856,2,CONSENSUS,639721.5,609723,95.315,98%,89,0,AA,CC,TT,GG,TT,GG,GA,AA,GG,CC,CC,TT,GG,CC,CC,TT,CC,CC,AA,AA,CC,CC,CA,AA,GG,TT,CC,GA,CC,TT,AA,GA,AA,TT,AG,AA,CC,CC,GA,GG,CC,GG,AA,AA,GG,CC,TT,GG,CC,TT,GC,TT,TT,GG,CT,CC,CC,CC,CG,GG,CC,TC,GG,TC,AA,GG,GA,CT,TC,TT,TA,GT,AA,AA,GG,CC,AA,AA,GT,0,TT,GG,CG,CC,GG,GC,TT,AA,AA,CC,CC,CT,GG,GG,0,CC,GG,0,CC,GG,TT,0,0,CC,GG,AA,CC,TT,0,GG,GG
tissue_marten,NA,SDunes_F6860.rk,Nextseq519,MACA_P9,COMA6860,a,lane1-s311-index--CGCTTAGAAT-CAGAGTGATA-MACAP10_D11_260_a_S311.assembled,478184,396609,82.94,74%,67,NA,AA,CC,TT,GG,TT,GG,0,AA,0,CC,0,0,GG,0,CC,0,CC,CC,AA,AA,CC,CC,CA,AA,GG,TT,CC,0,CC,0,AA,0,0,0,AG,AA,CC,0,GA,GG,CC,GG,AA,AA,GG,CC,TT,AA,CC,TT,GC,TT,0,GG,CT,CC,CC,CC,CG,GG,CC,TC,GG,TC,AA,0,GA,CT,TC,TT,0,GT,AA,AA,GG,CC,AA,AA,0,0,0,GG,0,CC,GG,GC,0,AA,0,CC,0,0,0,GG,GG,0,GG,GG,CC,GG,TT,GG,AA,CC,0,AA,0,TT,GG,GG,0
tissue_marten,NA,SDunes_F6860.rk,Nextseq519,MACA_P9,COMA6860,b,lane1-s319-index--TAGCATAACC-GCTATGCGCA-MACAP10_D11_260_b_S319.assembled,1288497,1069966,83.04,96%,87,NA,AA,CC,TT,GG,TT,GG,GA,AA,GG,CC,CC,TT,GG,CC,CC,TT,CC,CC,AA,AA,CC,CC,CA,AA,GG,TT,CC,GA,CC,0,AA,GA,AA,TT,AG,AA,CC,CC,GA,GG,CC,GG,AA,AA,GG,CC,TT,AA,CC,TT,GC,TT,TT,GG,CT,CC,CC,CC,CG,GG,CC,TC,GG,TC,AA,0,GA,CT,TC,TT,TA,GT,AA,AA,GG,CC,AA,AA,GT,AA,TT,GG,CG,CC,GG,GC,TT,AA,0,CC,CC,CT,0,GG,GG,CC,GG,GG,CC,GG,TT,GG,AA,CC,GG,AA,CC,TT,GG,GG,0
tissue_marten,0,SDunes_F6860.rk,Nextseq519,MACA_P9,COMA6860,2,CONSENSUS,883340.5,733287.5,82.99,96%,87,0,AA,CC,TT,GG,TT,GG,GA,AA,GG,CC,CC,TT,GG,CC,CC,TT,CC,CC,AA,AA,CC,CC,CA,AA,GG,TT,CC,GA,CC,0,AA,GA,AA,TT,AG,AA,CC,CC,GA,GG,CC,GG,AA,AA,GG,CC,TT,AA,CC,TT,GC,TT,TT,GG,CT,CC,CC,CC,CG,GG,CC,TC,GG,TC,AA,0,GA,CT,TC,TT,TA,GT,AA,AA,GG,CC,AA,AA,GT,AA,TT,GG,CG,CC,GG,GC,TT,AA,0,CC,CC,CT,0,GG,GG,CC,GG,GG,CC,GG,TT,GG,AA,CC,0,AA,CC,TT,GG,GG,0
tissue_marten,NA,Border_F01.rk,Nextseq519,MACA_P9,CraigBchRdk23,a,lane1-s371-index--AGCTAAGCGG-ATTAATACGC-MACAP10_MH21_17_a_S371.assembled,249786,236342,94.62,99%,90,NA,AA,CC,CT,GC,TT,AA,GG,AT,GG,CC,CC,TT,GG,TT,CC,CC,CC,CG,GG,AA,CC,CA,CA,AA,GG,TC,TC,GA,CC,AT,AA,GG,GA,CT,AG,AG,CT,CT,GA,GA,CC,GG,AA,AA,GG,CT,TC,GG,CT,GT,GG,TC,TT,GA,CT,CC,CT,TT,GG,GA,CA,TT,GG,TT,AA,GG,GG,CT,TT,TT,TA,GG,AA,GA,GA,CC,AA,AA,GG,AA,TT,AA,CC,CT,AG,CC,GG,GG,AA,TC,CC,TT,GG,GG,AG,CC,GG,AA,CC,GG,TT,GA,GG,CC,GG,AA,CC,TT,GG,GG,GG
tissue_marten,NA,Border_F01.rk,Nextseq519,MACA_P9,CraigBchRdk23,b,lane1-s379-index--CCTGACCACT-TCTTGGCTAT-MACAP10_MH21_17_b_S379.assembled,68539,64371,93.92,99%,90,NA,AA,CC,CT,GC,TT,AA,GG,AT,GG,CC,CC,TT,GG,TT,CC,CC,CC,CG,GG,AA,CC,CA,CA,AA,GG,TC,TC,GA,CC,AT,AA,GG,GA,CT,AG,AG,CT,CT,GA,GA,CC,GG,AA,AA,GG,CT,TC,GG,CT,GT,GG,TC,TT,GA,CT,CC,CT,TT,GG,GA,CA,TT,GG,TT,AA,GG,GG,CT,TT,TT,TA,GG,AA,GA,GA,CC,AA,AA,GG,AA,TT,AA,CC,CT,AG,CC,GG,GG,AA,TC,CC,TT,GG,GG,AG,CC,GG,AA,CC,GG,TT,GA,GG,CC,GG,AA,CC,TT,GG,GG,GG
tissue_marten,0,Border_F01.rk,Nextseq519,MACA_P9,CraigBchRdk23,2,CONSENSUS,159162.5,150356.5,94.27,99%,90,0,AA,CC,CT,GC,TT,AA,GG,AT,GG,CC,CC,TT,GG,TT,CC,CC,CC,CG,GG,AA,CC,CA,CA,AA,GG,TC,TC,GA,CC,AT,AA,GG,GA,CT,AG,AG,CT,CT,GA,GA,CC,GG,AA,AA,GG,CT,TC,GG,CT,GT,GG,TC,TT,GA,CT,CC,CT,TT,GG,GA,CA,TT,GG,TT,AA,GG,GG,CT,TT,TT,TA,GG,AA,GA,GA,CC,AA,AA,GG,AA,TT,AA,CC,CT,AG,CC,GG,GG,AA,TC,CC,TT,GG,GG,AG,CC,GG,AA,CC,GG,TT,GA,GG,CC,GG,AA,CC,TT,GG,GG,GG
tissue_marten,NA,SOreg_F10.tr,Nextseq519,MACA_P9,F10,a,lane1-s338-index--CCTGCAACCT-GTAGAGTCAG-MACAP10_BMT6_a_S338.assembled,133766,124297,92.92,99%,90,NA,GA,CC,CT,CC,TT,AA,GG,AA,GG,CT,CC,TT,AA,TT,CC,TT,CC,CC,AA,AA,CC,CA,AA,AA,GG,TT,TT,AA,CC,AA,AA,GG,GA,CC,AA,AA,CC,CC,GA,AA,CC,AA,AG,AG,GG,CC,TT,AA,CT,GT,GG,TT,CC,GG,CT,CC,CT,CC,CG,GG,CA,TC,GC,TT,AA,GG,AA,CC,TT,TT,TA,GT,TT,GG,GA,CC,AA,AA,GT,GG,TG,GA,CG,CC,AG,GC,GG,GG,AC,TC,CC,CC,0,0,AG,CT,GG,GG,CC,GG,TC,GA,GG,CC,GG,AA,CC,TT,GG,GG,GG
tissue_marten,NA,SOreg_F10.tr,Nextseq519,MACA_P9,F10,b,lane1-s346-index--CAACGTTCGG-GGATCCGCAT-MACAP10_BMT6_b_S346.assembled,225201,210394,93.42,100%,91,NA,GA,CC,CT,CC,TT,AA,GG,AA,GG,CT,CC,TT,AA,TT,CC,TT,CC,CC,AA,AA,CC,CA,AA,AA,GG,TT,TT,AA,CC,AA,AA,GG,GA,CC,AA,AA,CC,CC,GA,AA,CC,AA,AG,AG,GG,CC,TT,AA,CT,GT,GG,TT,CC,GG,CT,CC,CT,CC,CG,GG,CA,TC,GC,TT,AA,GG,AA,CC,TT,TT,TA,GT,TT,GG,GA,CC,AA,AA,GT,GG,TG,GA,CG,CC,AG,GC,GG,GG,AC,TC,CC,CC,0,0,AG,CT,GG,GG,CC,GG,TC,GA,GG,CC,GG,AA,CC,TT,GG,GG,GG
tissue_marten,0,SOreg_F10.tr,Nextseq519,MACA_P9,F10,2,CONSENSUS,179483.5,167345.5,93.17,99%,90,0,GA,CC,CT,CC,TT,AA,GG,AA,GG,CT,CC,TT,AA,TT,CC,TT,CC,CC,AA,AA,CC,CA,AA,AA,GG,TT,TT,AA,CC,AA,AA,GG,GA,CC,AA,AA,CC,CC,GA,AA,CC,AA,AG,AG,GG,CC,TT,AA,CT,GT,GG,TT,CC,GG,CT,CC,CT,CC,CG,GG,CA,TC,GC,TT,AA,GG,AA,CC,TT,TT,TA,GT,TT,GG,GA,CC,AA,AA,GT,GG,TG,GA,CG,CC,AG,GC,GG,GG,AC,TC,CC,CC,0,0,AG,CT,GG,GG,CC,GG,TC,GA,GG,CC,GG,AA,CC,TT,GG,GG,GG
tissue_marten,NA,SOreg_F11.tr,Nextseq519,MACA_P9,F11,a,lane1-s339-index--TTCATGGTTC-GACATTGTCA-MACAP10_BMT7_a_S339.assembled,65909,61248,92.93,99%,90,NA,AA,AC,TT,CC,TT,AG,GA,TT,GG,CT,CC,TC,GG,TC,CC,TT,TT,CC,AG,AA,CC,CA,CA,AA,GG,TT,TC,AA,CC,AA,AA,GG,AA,CC,AG,AG,CC,CC,AA,GG,CC,GA,AA,AG,GG,CC,TT,AA,CT,GT,GG,TT,TT,GG,CT,CT,CC,CT,CC,GG,CA,TC,GC,TC,AA,CG,GA,CT,TT,TT,TA,GG,AT,GA,GG,CC,GA,GA,GG,GG,TG,AA,CG,CC,AG,GG,GG,GA,AC,TT,CC,CT,0,0,AG,CT,GG,GG,CC,GG,TC,GA,GA,CC,GG,AA,CC,TT,GG,GG,CG
tissue_marten,NA,SOreg_F11.tr,Nextseq519,MACA_P9,F11,b,lane1-s347-index--GCGTATTAAT-TGCGGTGTTG-MACAP10_BMT7_b_S347.assembled,293147,273930,93.44,100%,91,NA,AA,AC,TT,CC,TT,AG,GA,TT,GG,CT,CC,TC,GG,TC,CC,TT,TT,CC,AG,AA,CC,CA,CA,AA,GG,TT,TC,AA,CC,AA,AA,GG,AA,CC,AG,AG,CC,CC,AA,GG,CC,GA,AA,AG,GG,CC,TT,AA,CT,GT,GG,TT,TT,GG,CT,CT,CC,CT,CC,GG,CA,TC,GC,TC,AA,CG,GA,CT,TT,TT,TA,GG,AT,GA,GG,CC,GA,GA,GG,GG,TG,AA,CG,CC,AG,GG,GG,GA,AC,TT,CC,CT,0,0,AG,CT,GG,GG,CC,GG,TC,GA,GA,CC,GG,AA,CC,TT,GG,GG,CG
tissue_marten,0,SOreg_F11.tr,Nextseq519,MACA_P9,F11,2,CONSENSUS,179528,167589,93.185,99%,90,0,AA,AC,TT,CC,TT,AG,GA,TT,GG,CT,CC,TC,GG,TC,CC,TT,TT,CC,AG,AA,CC,CA,CA,AA,GG,TT,TC,AA,CC,AA,AA,GG,AA,CC,AG,AG,CC,CC,AA,GG,CC,GA,AA,AG,GG,CC,TT,AA,CT,GT,GG,TT,TT,GG,CT,CT,CC,CT,CC,GG,CA,TC,GC,TC,AA,CG,GA,CT,TT,TT,TA,GG,AT,GA,GG,CC,GA,GA,GG,GG,TG,AA,CG,CC,AG,GG,GG,GA,AC,TT,CC,CT,0,0,AG,CT,GG,GG,CC,GG,TC,GA,GA,CC,GG,AA,CC,TT,GG,GG,CG
tissue_marten,NA,MapleCrk_F01.tr,Nextseq519,MACA_P9,F1A,a,lane1-s324-index--ACTAGCGCTA-TTACTTCCTC-MACAP10_G40405_a_S324.assembled,370149,345347,93.3,100%,91,NA,GA,CC,TT,GC,TT,AG,GA,AA,GG,CC,CC,CC,AA,CC,CT,CC,CC,CC,AG,AA,CC,CC,CA,AA,GG,TC,TC,AA,CC,AA,AA,GG,GA,CT,GG,GG,CT,CT,GA,GG,TC,GG,AG,AA,GT,CT,TT,AA,CT,GG,GG,TC,CC,GG,CT,CC,TT,TT,CG,GG,CC,TT,CC,TT,GG,CG,AA,CC,TC,TG,TT,GG,AA,GA,GG,CC,AA,AA,GG,AG,TT,GG,CC,CC,AG,GG,GG,GA,AC,TC,CC,CT,0,0,GG,CC,GG,GG,CC,GG,TT,GA,GA,CC,GG,AA,CC,TT,GG,GG,CG
tissue_marten,NA,MapleCrk_F01.tr,Nextseq519,MACA_P9,F1A,b,lane1-s332-index--ATAGTTAGCA-CTCTAAGTAG-MACAP10_G40405_b_S332.assembled,195210,36402,18.65,0%,0,NA,0,0,0,0,0,0,0,0,0,0,0,0,0,0,0,0,0,0,0,0,0,CA,0,0,0,0,0,0,0,0,0,0,0,0,0,0,0,0,0,0,0,0,0,0,0,0,0,0,0,0,0,0,0,0,0,0,0,0,0,0,0,0,0,0,0,0,0,0,0,0,0,0,0,0,0,0,0,0,0,0,0,0,CC,0,0,0,0,0,0,0,0,0,0,0,AG,0,0,0,0,0,0,0,0,0,0,0,0,0,0,0,0
tissue_marten,1,MapleCrk_F01.tr,Nextseq519,MACA_P9,F1A,2,CONSENSUS,282679.5,190874.5,55.975,1%,1,0,0,0,0,0,0,0,0,0,0,0,0,0,AA,0,0,0,0,0,0,0,0,NA,0,0,0,0,0,0,0,0,0,0,0,0,0,0,0,0,0,0,0,0,0,0,0,0,0,0,0,0,0,0,0,0,0,0,0,0,0,0,0,0,0,0,0,0,0,0,0,0,0,0,0,0,0,0,0,AA,0,0,0,0,CC,0,0,0,0,0,0,0,0,0,0,0,NA,CC,0,0,0,0,0,0,0,0,0,0,0,0,0,0,0
tissue_marten,NA,NCali_F03.tr,Nextseq519,MACA_P9,F3A,a,lane1-s325-index--GCTCTTAACT-CACGTCCACC-MACAP10_BMT1_a_S325.assembled,2270399,2195067,96.68,99%,90,NA,AA,CC,TT,GC,TT,AG,GA,AA,GG,CT,CC,TT,AA,TT,CT,TC,CC,CG,AG,AA,CC,CC,CA,AA,GG,TC,TC,GA,CC,AA,AA,GG,GA,CT,AG,AA,CT,CT,AA,GA,CC,GA,AG,AA,GG,CC,TT,AA,CC,GG,CC,TC,CT,GG,CC,CC,TT,TT,CC,GA,CA,CC,GC,TT,AA,CG,GA,CT,TC,TG,AA,GG,AT,GG,GG,CC,GA,GA,GG,0,TG,GA,CC,CC,AG,GG,GT,GG,AA,TT,CC,CT,0,0,GG,CC,GG,GG,CT,GG,TT,GG,GG,CC,GG,AA,CC,TT,GG,GG,CG
tissue_marten,NA,NCali_F03.tr,Nextseq519,MACA_P9,F3A,b,lane1-s333-index--ATAGGTCTTA-GTCACCACAG-MACAP10_BMT1_b_S333.assembled,2793627,2700759,96.68,99%,90,NA,AA,CC,TT,GC,TT,AG,GA,AA,GG,CT,CC,TT,AA,TT,CT,TC,CC,CG,AG,AA,CC,CC,CA,AA,GG,TC,TC,GA,CC,AA,AA,GG,GA,CT,AG,AA,CT,CT,AA,GA,CC,GA,AG,AA,GG,CC,TT,AA,CC,GG,CC,TC,CT,GG,CC,CC,TT,TT,CC,GA,CA,CC,GC,TT,AA,CG,GA,CT,TC,TG,AA,GG,AT,GG,GG,CC,GA,GA,GG,0,TG,GA,CC,CC,AG,GG,GT,GG,AA,TT,CC,CT,0,0,GG,CC,GG,GG,CT,GG,TT,GG,GG,CC,GG,AA,CC,TT,GG,GG,CG
tissue_marten,0,NCali_F03.tr,Nextseq519,MACA_P9,F3A,2,CONSENSUS,2532013,2447913,96.68,99%,90,0,AA,CC,TT,GC,TT,AG,GA,AA,GG,CT,CC,TT,AA,TT,CT,TC,CC,CG,AG,AA,CC,CC,CA,AA,GG,TC,TC,GA,CC,AA,AA,GG,GA,CT,AG,AA,CT,CT,AA,GA,CC,GA,AG,AA,GG,CC,TT,AA,CC,GG,CC,TC,CT,GG,CC,CC,TT,TT,CC,GA,CA,CC,GC,TT,AA,CG,GA,CT,TC,TG,AA,GG,AT,GG,GG,CC,GA,GA,GG,0,TG,GA,CC,CC,AG,GG,GT,GG,AA,TT,CC,CT,0,0,GG,CC,GG,GG,CT,GG,TT,GG,GG,CC,GG,AA,CC,TT,GG,GG,CG
tissue_marten,NA,SOreg_F04.tr,Nextseq519,MACA_P9,F4B,a,lane1-s326-index--GTGGTATCTG-GCTACTATCT-MACAP10_BMT2_a_S326.assembled,1087622,1045645,96.14,99%,90,NA,AA,CC,CC,GG,TT,GG,GG,AT,GG,CT,CC,TT,AA,TT,CC,CC,CC,CC,GG,AA,CC,CA,AA,AA,GG,TT,CC,AA,CC,AA,AA,GG,AA,CT,GG,GG,TT,CT,AA,GA,TC,GG,AA,AA,GG,CC,TT,AA,TT,GT,GG,TT,CT,GG,CT,CC,CC,TT,GG,GA,CA,TT,GC,TT,AA,CC,GA,CC,TT,TT,TT,GG,AA,GA,GG,CT,AA,AA,GG,0,TG,GG,GG,CC,GG,GG,GG,GA,AA,TT,CC,TT,0,0,AG,CC,GG,GG,CC,GG,TT,AA,GA,CC,GG,AA,CC,TT,GG,GG,CC
tissue_marten,NA,SOreg_F04.tr,Nextseq519,MACA_P9,F4B,b,lane1-s334-index--TTCTTAACCA-TCTACATACC-MACAP10_BMT2_b_S334.assembled,590704,566921,95.97,100%,91,NA,AA,CC,CC,GG,TT,GG,GG,AT,GG,CT,CC,TT,AA,TT,CC,CC,CC,CC,GG,AA,CC,CA,AA,AA,GG,TT,CC,AA,CC,AA,AA,GG,AA,CT,GG,GG,TT,CT,AA,GA,TC,GG,AA,AA,GG,CC,TT,AA,TT,GT,GG,TT,CT,GG,CT,CC,CC,TT,GG,GA,CA,TT,GC,TT,AA,CC,GA,CC,TT,TT,TT,GG,AA,GA,GG,CT,AA,AA,GG,AG,TG,GG,GG,CC,GG,GG,GG,GA,AA,TT,CC,TT,0,0,AG,CC,GG,GG,CC,GG,TT,AA,GA,CC,GG,AA,CC,TT,GG,GG,CC
tissue_marten,0,SOreg_F04.tr,Nextseq519,MACA_P9,F4B,2,CONSENSUS,839163,806283,96.055,99%,90,0,AA,CC,CC,GG,TT,GG,GG,AT,GG,CT,CC,TT,AA,TT,CC,CC,CC,CC,GG,AA,CC,CA,AA,AA,GG,TT,CC,AA,CC,AA,AA,GG,AA,CT,GG,GG,TT,CT,AA,GA,TC,GG,AA,AA,GG,CC,TT,AA,TT,GT,GG,TT,CT,GG,CT,CC,CC,TT,GG,GA,CA,TT,GC,TT,AA,CC,GA,CC,TT,TT,TT,GG,AA,GA,GG,CT,AA,AA,GG,0,TG,GG,GG,CC,GG,GG,GG,GA,AA,TT,CC,TT,0,0,AG,CC,GG,GG,CC,GG,TT,AA,GA,CC,GG,AA,CC,TT,GG,GG,CC
tissue_marten,NA,SOreg_F05.tr,Nextseq519,MACA_P9,F5B,a,lane1-s327-index--TGACGGCCGT-AGTCAACCAT-MACAP10_BMT3_a_S327.assembled,1133612,692450,61.08,93%,85,NA,GA,AC,CC,CC,TT,AG,GG,AA,GG,CT,CC,TC,0,TC,TT,TT,CC,CC,AG,GA,CC,CC,AA,AA,GG,CC,CC,AA,CT,AT,0,GG,GA,CC,AA,AG,CC,CC,AA,AA,TC,GA,AA,AA,GG,CC,TT,AA,CC,GG,GG,TT,CC,GG,CC,CT,CC,TT,CC,GA,CC,TT,CC,TT,AG,GG,AA,CT,TT,TG,0,GT,AA,GG,GG,CC,GA,GA,GT,0,TT,GG,CG,CC,GG,GG,GT,GG,AA,TT,CC,0,0,0,GG,CT,GG,GG,CC,GG,TT,GG,GG,CC,GG,AA,CC,TT,GG,GG,GG
tissue_marten,NA,SOreg_F05.tr,Nextseq519,MACA_P9,F5B,b,lane1-s335-index--AAGGAAGAGT-CACGTTAGGC-MACAP10_BMT3_b_S335.assembled,1478346,832308,56.3,97%,88,NA,GA,AC,CC,CC,TT,AG,GG,AA,GG,CT,CC,TC,0,TC,TT,TT,CC,CC,AG,GA,CC,CC,AA,AA,GG,CC,CC,AA,CT,AT,0,GG,GA,CC,AA,AG,CC,CC,AA,AA,TC,GA,AA,AA,GG,CC,TT,AA,CC,GG,GG,TT,CC,GG,CC,CT,CC,TT,CC,GA,CC,TT,CC,TT,AG,GG,AA,CT,TT,TG,TT,GT,AA,GG,GG,CC,GA,GA,GT,AG,TT,GG,CG,CC,GG,GG,GT,GG,AA,TT,CC,CC,0,0,GG,CT,GG,GG,CC,GG,TT,GG,GG,CC,GG,AA,CC,TT,GG,GG,GG
tissue_marten,0,SOreg_F05.tr,Nextseq519,MACA_P9,F5B,2,CONSENSUS,1305979,762379,58.69,93%,85,0,GA,AC,CC,CC,TT,AG,GG,AA,GG,CT,CC,TC,0,TC,TT,TT,CC,CC,AG,GA,CC,CC,AA,AA,GG,CC,CC,AA,CT,AT,0,GG,GA,CC,AA,AG,CC,CC,AA,AA,TC,GA,AA,AA,GG,CC,TT,AA,CC,GG,GG,TT,CC,GG,CC,CT,CC,TT,CC,GA,CC,TT,CC,TT,AG,GG,AA,CT,TT,TG,0,GT,AA,GG,GG,CC,GA,GA,GT,0,TT,GG,CG,CC,GG,GG,GT,GG,AA,TT,CC,0,0,0,GG,CT,GG,GG,CC,GG,TT,GG,GG,CC,GG,AA,CC,TT,GG,GG,GG
tissue_marten,NA,SOreg_F07.tr,Nextseq519,MACA_P9,F7B,a,lane1-s328-index--CAGTAATTAC-CGAGGCGGTA-MACAP10_BMT4_a_S328.assembled,36941,35105,95.03,98%,89,NA,GA,CC,CT,GC,TT,AG,GA,AA,GG,CC,CC,TT,AA,TT,CC,TC,CC,CC,AG,AA,CC,CA,AA,GG,GG,TT,TC,AA,CC,AA,AA,GG,AA,CC,GG,AA,CT,CC,GA,AA,TC,AA,AG,AA,GT,CC,TT,AG,TT,TT,GC,TT,CT,GG,CC,CT,CT,TT,GG,GA,CA,TT,GG,TC,AA,CC,GA,CC,TT,TT,0,GT,AT,GG,AA,CC,AA,AA,GT,AA,TT,GA,CC,CC,GG,GG,GG,GG,AA,CC,CC,CC,0,0,AG,CC,GG,GA,CC,GG,TT,AA,GG,CC,GG,AA,CC,TT,GG,GG,CC
tissue_marten,NA,SOreg_F07.tr,Nextseq519,MACA_P9,F7B,b,lane1-s336-index--GGAAGGAGAC-TGGTGAGTCT-MACAP10_BMT4_b_S336.assembled,107718,102513,95.17,99%,90,NA,GA,CC,CT,GC,TT,AG,GA,AA,GG,CC,CC,TT,AA,TT,CC,TC,CC,CC,AG,AA,CC,CA,AA,GG,GG,TT,TC,AA,CC,AA,AA,GG,AA,CC,GG,AA,CT,CC,GA,AA,TC,AA,AG,AA,GT,CC,TT,AG,TT,TT,GC,TT,CT,GG,CC,CT,CT,TT,GG,GA,CA,TT,GG,TC,AA,CC,GA,CC,TT,TT,TA,GT,AT,GG,AA,CC,AA,AA,GT,AG,TT,GA,CC,CC,GG,GG,GG,GG,AA,CC,CC,CC,0,0,AG,CC,GG,GA,CC,GG,TT,AA,GG,CC,GG,AA,CC,TT,GG,GG,CC
tissue_marten,0,SOreg_F07.tr,Nextseq519,MACA_P9,F7B,2,CONSENSUS,72329.5,68809,95.1,97%,88,0,GA,CC,CT,GC,TT,AG,GA,AA,GG,CC,CC,TT,AA,TT,CC,TC,CC,CC,AG,AA,CC,CA,AA,GG,GG,TT,TC,AA,CC,AA,AA,GG,AA,CC,GG,AA,CT,CC,GA,AA,TC,AA,AG,AA,GT,CC,TT,AG,TT,TT,GC,TT,CT,GG,CC,CT,CT,TT,GG,GA,CA,TT,GG,TC,AA,CC,GA,CC,TT,TT,0,GT,AT,GG,AA,CC,AA,AA,GT,0,TT,GA,CC,CC,GG,GG,GG,GG,AA,CC,CC,CC,0,0,AG,CC,GG,GA,CC,GG,TT,AA,GG,CC,GG,AA,CC,TT,GG,GG,CC
tissue_marten,NA,SOreg_F08.tr,Nextseq519,MACA_P9,F8B,a,lane1-s337-index--TGAACGCGGA-CTTCGAAGGA-MACAP10_BMT5_a_S337.assembled,117173,108393,92.51,100%,91,NA,GA,AC,CT,CC,TT,AG,GA,AA,GG,CC,CC,TT,AA,TT,CC,CC,CT,CC,AG,AA,CC,CC,AA,AA,GG,TC,TC,AA,CC,AA,AA,GG,GA,CT,AG,AG,CC,CC,GA,AA,TT,GA,AG,AA,TT,CC,TT,AG,CT,TT,GC,TT,TT,GA,CT,CC,CT,TT,CG,AA,CC,TT,GC,TT,AA,CC,GA,CC,TT,TT,TA,GT,AT,GG,GA,CC,AA,AA,TT,AG,TT,GG,CG,CC,GG,GC,GG,GA,AA,TC,CC,CC,0,0,GG,CC,GG,GA,CC,GG,TT,GA,GA,CC,GG,AA,CC,TT,GG,GG,CC
tissue_marten,NA,SOreg_F08.tr,Nextseq519,MACA_P9,F8B,b,lane1-s345-index--ATGTCCAGCA-CAGCGGACAA-MACAP10_BMT5_b_S345.assembled,344296,320122,92.98,100%,91,NA,GA,AC,CT,CC,TT,AG,GA,AA,GG,CC,CC,TT,AA,TT,CC,CC,CT,CC,AG,AA,CC,CC,AA,AA,GG,TC,TC,AA,CC,AA,AA,GG,GA,CT,AG,AG,CC,CC,GA,AA,TT,GA,AG,AA,TT,CC,TT,AG,CT,TT,GC,TT,TT,GA,CT,CC,CT,TT,CG,AA,CC,TT,GC,TT,AA,CC,GA,CC,TT,TT,TA,GT,AT,GG,GA,CC,AA,AA,TT,AG,TT,GG,CG,CC,GG,GC,GG,GA,AA,TC,CC,CC,0,0,GG,CC,GG,GA,CC,GG,TT,GA,GA,CC,GG,AA,CC,TT,GG,GG,CC
tissue_marten,0,SOreg_F08.tr,Nextseq519,MACA_P9,F8B,2,CONSENSUS,230734.5,214257.5,92.745,100%,91,0,GA,AC,CT,CC,TT,AG,GA,AA,GG,CC,CC,TT,AA,TT,CC,CC,CT,CC,AG,AA,CC,CC,AA,AA,GG,TC,TC,AA,CC,AA,AA,GG,GA,CT,AG,AG,CC,CC,GA,AA,TT,GA,AG,AA,TT,CC,TT,AG,CT,TT,GC,TT,TT,GA,CT,CC,CT,TT,CG,AA,CC,TT,GC,TT,AA,CC,GA,CC,TT,TT,TA,GT,AT,GG,GA,CC,AA,AA,TT,AG,TT,GG,CG,CC,GG,GC,GG,GA,AA,TC,CC,CC,0,0,GG,CC,GG,GA,CC,GG,TT,GA,GA,CC,GG,AA,CC,TT,GG,GG,CC
tissue_marten,NA,SOreg_M10.tr,Nextseq519,MACA_P9,M10B,a,lane1-s355-index--TCATACCGTT-GGTAACGCAG-MACAP10_ZM21256_a_S355.assembled,215832,197391,91.46,99%,90,NA,AA,AC,CT,GG,TT,AG,GG,AA,GG,CC,CC,TT,AA,TC,CC,TC,CC,CC,AG,AA,CC,CC,AA,AA,GG,TT,TC,AA,CC,AA,AA,GG,GA,TT,GG,AG,CT,CT,AA,AA,TC,GG,AA,AA,GT,CC,TT,AA,CT,TT,GG,TT,CT,GG,TT,CT,CC,CT,CG,GA,CA,TT,GC,TT,AA,CC,GG,CC,TT,TG,TT,GT,AA,GA,GG,CT,AA,AA,GG,GG,TG,GG,CG,CC,AG,GC,GG,GG,AC,TC,CC,CT,GG,GG,GG,CC,GG,GG,CC,GG,TT,GA,GG,CC,GG,AA,CC,TT,GG,GG,CC
tissue_marten,NA,SOreg_M10.tr,Nextseq519,MACA_P9,M10B,b,lane1-s363-index--TAACCGGCGA-GCTACATTAG-MACAP10_ZM21256_b_S363.assembled,200114,183996,91.95,99%,90,NA,AA,AC,CT,GG,TT,AG,GG,AA,GG,CC,CC,TT,AA,TC,CC,TC,CC,CC,AG,AA,CC,CC,AA,AA,GG,TT,TC,AA,CC,AA,AA,GG,GA,TT,GG,AG,CT,CT,AA,AA,TC,GG,AA,AA,GT,CC,TT,AA,CT,TT,GG,TT,CT,GG,TT,CT,CC,CT,CG,GA,CA,TT,GC,TT,AA,CC,GG,CC,TT,TG,TT,GT,AA,GA,GG,CT,AA,AA,GG,GG,TG,GG,CG,CC,AG,GC,GG,GG,AC,TC,CC,CT,GG,GG,GG,CC,GG,GG,CC,GG,TT,GA,GG,CC,GG,AA,CC,TT,GG,GG,CC
tissue_marten,0,SOreg_M10.tr,Nextseq519,MACA_P9,M10B,2,CONSENSUS,207973,190693.5,91.705,99%,90,0,AA,AC,CT,GG,TT,AG,GG,AA,GG,CC,CC,TT,AA,TC,CC,TC,CC,CC,AG,AA,CC,CC,AA,AA,GG,TT,TC,AA,CC,AA,AA,GG,GA,TT,GG,AG,CT,CT,AA,AA,TC,GG,AA,AA,GT,CC,TT,AA,CT,TT,GG,TT,CT,GG,TT,CT,CC,CT,CG,GA,CA,TT,GC,TT,AA,CC,GG,CC,TT,TG,TT,GT,AA,GA,GG,CT,AA,AA,GG,GG,TG,GG,CG,CC,AG,GC,GG,GG,AC,TC,CC,CT,GG,GG,GG,CC,GG,GG,CC,GG,TT,GA,GG,CC,GG,AA,CC,TT,GG,GG,CC
tissue_marten,NA,MapleCrk_M12.tr,Nextseq519,MACA_P9,M12B,a,lane1-s356-index--GGCGCCATTG-ACCGCGCAAT-MACAP10_ZM21257_a_S356.assembled,251299,230704,91.8,100%,91,NA,GA,CC,TT,CC,TT,AG,GG,AA,GG,CC,CC,TC,AA,CC,CC,TC,CT,CC,AA,AA,CT,CC,CA,AA,GG,TC,TC,GA,CT,AA,AA,GG,GG,CT,GG,GG,CT,CC,GA,GA,TT,GG,AG,AG,GG,CT,TT,AA,CT,GG,GG,TC,CT,GG,CT,CC,TT,TT,CG,GA,CC,TT,CC,TT,AG,CG,AA,CT,TT,TT,TT,GG,AT,GA,GG,CC,AA,AA,GG,AG,TT,GG,CC,CC,AA,GG,GG,GA,AC,TC,CC,CT,GG,GG,GG,CC,GG,GG,CT,GG,TC,GA,GA,CC,GG,AA,CC,TT,GG,GG,CG
tissue_marten,NA,MapleCrk_M12.tr,Nextseq519,MACA_P9,M12B,b,lane1-s364-index--AAGAGAGTCT-TACGAATCTT-MACAP10_ZM21257_b_S364.assembled,39937,36364,91.05,99%,90,NA,GA,CC,TT,CC,TT,AG,GG,AA,GG,CC,CC,TC,AA,CC,CC,TC,CT,CC,AA,AA,CT,CC,CA,AA,GG,TC,TC,GA,CT,AA,AA,GG,GG,CT,GG,GG,CT,CC,GA,GA,TT,GG,AG,AG,GG,CT,TT,AA,CT,GG,GG,TC,CT,GG,CT,CC,TT,TT,CG,GA,CC,TT,CC,TT,AG,CG,AA,CT,TT,TT,TT,GG,AT,GA,GG,CC,AA,AA,GG,AA,TT,GG,CC,CC,AA,GG,GG,GA,AC,TC,CC,CT,0,GG,GG,CC,GG,GG,CT,GG,TC,GA,GA,CC,GG,AA,CC,TT,GG,GG,CG
tissue_marten,0,MapleCrk_M12.tr,Nextseq519,MACA_P9,M12B,2,CONSENSUS,145618,133534,91.425,98%,89,0,GA,CC,TT,CC,TT,AG,GG,AA,GG,CC,CC,TC,AA,CC,CC,TC,CT,CC,AA,AA,CT,CC,CA,AA,GG,TC,TC,GA,CT,AA,AA,GG,GG,CT,GG,GG,CT,CC,GA,GA,TT,GG,AG,AG,GG,CT,TT,AA,CT,GG,GG,TC,CT,GG,CT,CC,TT,TT,CG,GA,CC,TT,CC,TT,AG,CG,AA,CT,TT,TT,TT,GG,AT,GA,GG,CC,AA,AA,GG,0,TT,GG,CC,CC,AA,GG,GG,GA,AC,TC,CC,CT,0,GG,GG,CC,GG,GG,CT,GG,TC,GA,GA,CC,GG,AA,CC,TT,GG,GG,CG
tissue_marten,NA,SOreg_M17.tr,Nextseq519,MACA_P9,M17,a,lane1-s357-index--AGCGAATTAG-AGCCGGAACA-MACAP10_ZM21258_a_S357.assembled,1525259,1478993,96.97,100%,91,NA,GA,AC,CT,CC,TT,AG,GA,AA,GG,CT,CC,TT,GG,TC,CC,TC,CC,CC,AG,AA,CC,CA,AA,GG,GG,TT,TC,AA,CC,AA,AA,GG,GA,CC,AG,AA,CT,CC,AA,AA,TC,GG,GG,AG,GT,CC,TT,AG,CT,GG,GG,TT,TT,GG,CT,CC,CT,CC,CC,GA,CA,TT,GG,TT,AA,CG,GA,CT,TT,TT,TT,GG,AT,GA,GA,CC,GA,GA,GG,GG,TT,AA,CG,CC,AG,GG,GG,GA,AA,TT,CC,CT,GG,GG,AG,CT,GG,GA,CC,GG,TC,GA,GA,CC,GG,AA,CC,TT,GG,GG,CG
tissue_marten,NA,SOreg_M17.tr,Nextseq519,MACA_P9,M17,b,lane1-s365-index--GTAGGCGAGC-TAGGAGCGCA-MACAP10_ZM21258_b_S365.assembled,1151097,1118130,97.14,100%,91,NA,GA,AC,CT,CC,TT,AG,GA,AA,GG,CT,CC,TT,GG,TC,CC,TC,CC,CC,AG,AA,CC,CA,AA,GG,GG,TT,TC,AA,CC,AA,AA,GG,GA,CC,AG,AA,CT,CC,AA,AA,TC,GG,GG,AG,GT,CC,TT,AG,CT,GG,GG,TT,TT,GG,CT,CC,CT,CC,CC,GA,CA,TT,GG,TT,AA,CG,GA,CT,TT,TT,TT,GG,AT,GA,GA,CC,GA,GA,GG,GG,TT,AA,CG,CC,AG,GG,GG,GA,AA,TT,CC,CT,GG,GG,AG,CT,GG,GA,CC,GG,TC,GA,GA,CC,GG,AA,CC,TT,GG,GG,CG
tissue_marten,0,SOreg_M17.tr,Nextseq519,MACA_P9,M17,2,CONSENSUS,1338178,1298561.5,97.055,100%,91,0,GA,AC,CT,CC,TT,AG,GA,AA,GG,CT,CC,TT,GG,TC,CC,TC,CC,CC,AG,AA,CC,CA,AA,GG,GG,TT,TC,AA,CC,AA,AA,GG,GA,CC,AG,AA,CT,CC,AA,AA,TC,GG,GG,AG,GT,CC,TT,AG,CT,GG,GG,TT,TT,GG,CT,CC,CT,CC,CC,GA,CA,TT,GG,TT,AA,CG,GA,CT,TT,TT,TT,GG,AT,GA,GA,CC,GA,GA,GG,GG,TT,AA,CG,CC,AG,GG,GG,GA,AA,TT,CC,CT,GG,GG,AG,CT,GG,GA,CC,GG,TC,GA,GA,CC,GG,AA,CC,TT,GG,GG,CG
tissue_marten,NA,SOreg_M18.tr,Nextseq519,MACA_P9,M18,a,lane1-s358-index--TTAGACCATG-TCCTAGGAAG-MACAP10_ZM21921_a_S358.assembled,472950,456669,96.56,100%,91,NA,GG,CC,CT,CC,TT,GG,GA,AA,GG,CC,CC,TT,GG,TC,CC,TC,CT,CC,AG,AA,CC,CA,AA,GG,GG,TT,CC,GA,CC,AT,AA,GG,GA,CC,AG,AA,TT,CC,GG,GA,CC,GA,GG,AA,GG,CC,TT,AA,CT,GT,GG,TT,CT,GA,CC,CT,CC,TT,GG,GA,CA,TT,GC,TT,AA,CC,GA,CC,TT,TG,TT,GT,AA,GA,GA,CC,AA,AA,GT,GG,TT,AA,CC,CC,GG,GG,GG,GG,AA,TC,CC,CC,GG,GG,AG,CC,GG,GG,CC,GG,TT,GA,GG,CC,GG,AA,CC,TT,GG,GG,CC
tissue_marten,NA,SOreg_M18.tr,Nextseq519,MACA_P9,M18,b,lane1-s366-index--AACTTATCCT-GTACTGGCGT-MACAP10_ZM21921_b_S366.assembled,942852,911176,96.64,100%,91,NA,GG,CC,CT,CC,TT,GG,GA,AA,GG,CC,CC,TT,GG,TC,CC,TC,CT,CC,AG,AA,CC,CA,AA,GG,GG,TT,CC,GA,CC,AT,AA,GG,GA,CC,AG,AA,TT,CC,GG,GA,CC,GA,GG,AA,GG,CC,TT,AA,CT,GT,GG,TT,CT,GA,CC,CT,CC,TT,GG,GA,CA,TT,GC,TT,AA,CC,GA,CC,TT,TG,TT,GT,AA,GA,GA,CC,AA,AA,GT,GG,TT,AA,CC,CC,GG,GG,GG,GG,AA,TC,CC,CC,GG,GG,AG,CC,GG,GG,CC,GG,TT,GA,GG,CC,GG,AA,CC,TT,GG,GG,CC
tissue_marten,0,SOreg_M18.tr,Nextseq519,MACA_P9,M18,2,CONSENSUS,707901,683922.5,96.6,100%,91,0,GG,CC,CT,CC,TT,GG,GA,AA,GG,CC,CC,TT,GG,TC,CC,TC,CT,CC,AG,AA,CC,CA,AA,GG,GG,TT,CC,GA,CC,AT,AA,GG,GA,CC,AG,AA,TT,CC,GG,GA,CC,GA,GG,AA,GG,CC,TT,AA,CT,GT,GG,TT,CT,GA,CC,CT,CC,TT,GG,GA,CA,TT,GC,TT,AA,CC,GA,CC,TT,TG,TT,GT,AA,GA,GA,CC,AA,AA,GT,GG,TT,AA,CC,CC,GG,GG,GG,GG,AA,TC,CC,CC,GG,GG,AG,CC,GG,GG,CC,GG,TT,GA,GG,CC,GG,AA,CC,TT,GG,GG,CC
tissue_marten,NA,NA,Nextseq519,MACA_P9,M19,a,lane1-s359-index--CACACAGTAT-TTGAGCCTAA-MACAP10_ZM21922_a_S359.assembled,1763786,1598354,90.62,91%,83,NA,0,AC,TT,CC,TT,GG,GG,AA,GG,CC,0,TT,GG,TC,CC,TC,TT,CG,AA,AA,CC,AA,AA,0,GG,TT,CC,GG,CC,AT,AA,GG,GG,CC,AA,AA,CT,CT,GA,GG,TC,GG,GG,AA,GG,CC,TT,AA,CC,GT,GC,TT,TT,GA,CC,CC,CT,TT,CG,GG,AA,TC,CC,TC,AA,CC,AA,CT,TT,GG,0,GG,AT,GA,GG,CC,AA,AA,GT,0,TT,GA,CC,CC,GG,GC,GG,GG,0,TC,CC,0,0,GG,AA,CC,GG,GG,CC,GG,TT,GG,GG,CC,GG,AA,CC,TT,GG,GG,CC
tissue_marten,NA,NA,Nextseq519,MACA_P9,M19,b,lane1-s367-index--ATTATGTCTC-AGTTAAGAGC-MACAP10_ZM21922_b_S367.assembled,690080,632588,91.67,15%,14,NA,0,0,TT,0,TC,0,0,0,0,0,0,0,0,0,0,0,TT,CG,0,0,0,AA,0,0,0,0,0,0,0,0,0,0,0,0,AA,AA,0,0,0,0,0,GG,0,0,0,0,0,0,0,0,0,0,0,0,CC,0,0,0,CG,0,0,0,0,0,AA,0,0,0,0,0,0,0,0,0,0,CC,AA,AA,0,0,0,0,0,0,0,0,0,GG,0,TC,0,0,0,GG,AA,0,0,0,CC,GG,0,0,GG,0,0,AA,0,0,0,0,0
tissue_marten,1,NA,Nextseq519,MACA_P9,M19,2,CONSENSUS,1226933,1115471,91.145,15%,14,0,0,0,TT,0,0,0,0,0,0,0,0,0,GG,0,0,0,TT,CG,0,0,0,AA,0,0,0,0,0,0,0,0,0,0,0,0,AA,AA,0,0,0,0,0,GG,0,0,0,0,0,0,0,0,0,0,0,0,CC,0,0,0,CG,0,0,0,0,0,AA,0,0,0,0,0,0,0,0,0,0,CC,AA,AA,0,0,0,0,0,0,0,0,0,GG,0,TC,0,0,0,GG,AA,CC,0,0,CC,GG,0,0,GG,0,0,AA,0,0,0,0,0
tissue_marten,NA,MapleCrk_M01.tr,Nextseq519,MACA_P9,M1A,a,lane1-s340-index--ATCCTCTCAA-TCCGCAAGGC-MACAP10_BMT8_a_S340.assembled,166514,156341,93.89,99%,90,NA,GG,CC,CT,CC,TT,AG,GG,AA,GG,CC,CC,TC,AA,CC,CT,CC,CC,CC,AG,AA,CT,CC,AA,AA,GG,TC,TC,GA,CC,AA,AA,GG,GA,CT,GG,GG,CT,CC,GA,GG,TC,AA,GG,AG,GT,TT,TT,AA,CT,GT,GG,TT,CC,GG,CC,CC,TT,TT,CG,GG,CC,TT,GC,TT,GG,CG,GG,CT,TT,TG,TT,GG,AA,GA,GA,CC,GG,GG,GG,GG,TT,GG,CC,CC,AA,GG,GG,GG,AA,TC,CC,CC,GG,GG,GG,CC,GG,GG,CC,GG,TC,GA,GG,CC,GG,AA,CC,TT,GG,GG,CG
tissue_marten,NA,MapleCrk_M01.tr,Nextseq519,MACA_P9,M1A,b,lane1-s348-index--GTTGTGACTA-ACATAACGGA-MACAP10_BMT8_b_S348.assembled,672536,633609,94.21,100%,91,NA,GG,CC,CT,CC,TT,AG,GG,AA,GG,CC,CC,TC,AA,CC,CT,CC,CC,CC,AG,AA,CT,CC,AA,AA,GG,TC,TC,GA,CC,AA,AA,GG,GA,CT,GG,GG,CT,CC,GA,GG,TC,AA,GG,AG,GT,TT,TT,AA,CT,GT,GG,TT,CC,GG,CC,CC,TT,TT,CG,GG,CC,TT,GC,TT,GG,CG,GG,CT,TT,TG,TT,GG,AA,GA,GA,CC,GG,GG,GG,GG,TT,GG,CC,CC,AA,GG,GG,GG,AA,TC,CC,CC,GG,GG,GG,CC,GG,GG,CC,GG,TC,GA,GG,CC,GG,AA,CC,TT,GG,GG,CG
tissue_marten,0,MapleCrk_M01.tr,Nextseq519,MACA_P9,M1A,2,CONSENSUS,419525,394975,94.05,99%,90,0,GG,CC,CT,CC,TT,AG,GG,AA,GG,CC,CC,TC,AA,CC,CT,CC,CC,CC,AG,AA,CT,CC,AA,AA,GG,TC,TC,GA,CC,AA,AA,GG,GA,CT,GG,GG,CT,CC,GA,GG,TC,AA,GG,AG,GT,TT,TT,AA,CT,GT,GG,TT,CC,GG,CC,CC,TT,TT,CG,GG,CC,TT,GC,TT,GG,CG,GG,CT,TT,TG,TT,GG,AA,GA,GA,CC,GG,GG,GG,GG,TT,GG,CC,CC,AA,GG,GG,GG,AA,TC,CC,CC,GG,GG,GG,CC,GG,GG,CC,GG,TC,GA,GG,CC,GG,AA,CC,TT,GG,GG,CG
tissue_marten,NA,SOreg_M20.tr,Nextseq519,MACA_P9,M20,a,lane1-s360-index--TCTTGTCGGC-CCACCTGTGT-MACAP10_NTC_10_a_S360.assembled,64821,59904,92.41,99%,90,NA,GG,AC,CT,CC,TT,AA,GA,AA,GG,CT,CC,TT,GG,TT,CC,TT,CC,CC,AA,AA,CT,CC,CA,AA,GG,TT,TT,AA,CC,AA,AA,GG,GA,CT,AG,AG,CT,CT,GA,GA,TT,AA,GG,AG,GG,CC,TT,AA,TT,GT,GG,TT,TT,GG,CC,CT,CT,TT,CC,GG,CC,TT,GC,TC,AA,CG,AA,CC,TC,TG,TT,GT,AT,GG,GA,CC,GA,GA,GG,GG,TT,GA,CG,CC,AA,GG,GG,GG,AC,TC,CC,CC,GG,GG,GG,CC,GG,GG,CC,GG,TC,AA,GG,CC,GG,AA,CC,TT,GG,GG,CG
tissue_marten,NA,SOreg_M20.tr,Nextseq519,MACA_P9,M20,b,lane1-s368-index--TATAACAGCT-TCGCGTATAA-MACAP10_NTC10_b_S368.assembled,73342,66844,91.14,99%,90,NA,GG,AC,CT,CC,TT,AA,GA,AA,GG,CT,CC,TT,GG,TT,CC,TT,CC,CC,AA,AA,CT,CC,CA,AA,GG,TT,TT,AA,CC,AA,AA,GG,GA,CT,AG,AG,CT,CT,GA,GA,TT,AA,GG,AG,GG,CC,TT,AA,TT,GT,GG,TT,TT,GG,CC,CT,CT,TT,CC,GG,CC,TT,GC,TC,AA,CG,AA,CC,TC,TG,TT,GT,AT,GG,GA,CC,GA,GA,GG,GG,TT,GA,CG,CC,AA,GG,GG,GG,AC,TC,CC,CC,GG,GG,GG,CC,GG,GG,CC,GG,TC,AA,GG,CC,GG,AA,CC,TT,GG,GG,CG
tissue_marten,0,SOreg_M20.tr,Nextseq519,MACA_P9,M20,2,CONSENSUS,69081.5,63374,91.775,99%,90,0,GG,AC,CT,CC,TT,AA,GA,AA,GG,CT,CC,TT,GG,TT,CC,TT,CC,CC,AA,AA,CT,CC,CA,AA,GG,TT,TT,AA,CC,AA,AA,GG,GA,CT,AG,AG,CT,CT,GA,GA,TT,AA,GG,AG,GG,CC,TT,AA,TT,GT,GG,TT,TT,GG,CC,CT,CT,TT,CC,GG,CC,TT,GC,TC,AA,CG,AA,CC,TC,TG,TT,GT,AT,GG,GA,CC,GA,GA,GG,GG,TT,GA,CG,CC,AA,GG,GG,GG,AC,TC,CC,CC,GG,GG,GG,CC,GG,GG,CC,GG,TC,AA,GG,CC,GG,AA,CC,TT,GG,GG,CG
tissue_marten,NA,MapleCrk_M21.tr,Nextseq519,MACA_P9,M21,a,lane1-s369-index--CCAATGATAC-GAGTGTGCCG-MACAP10_PEPE_F118A_a_S369.assembled,260559,242254,92.97,99%,90,NA,GA,AC,CT,CC,TT,0,GG,AT,GG,CC,CC,CC,AA,TC,CC,TC,CC,CG,AA,AA,TT,CC,CA,AA,GG,TC,TC,AA,CC,AA,AA,GG,GG,TT,GG,AG,CT,CC,AA,GA,TC,GG,AG,AG,GT,TT,TT,AA,TT,GG,GG,TC,CT,GG,TT,CT,TT,TT,GG,GG,CA,TT,GC,TT,GG,CC,GG,TT,TT,TG,TT,GG,AA,GA,GG,CC,GG,GG,GG,AA,TT,GA,CC,CC,AG,GG,GG,GG,CC,TC,CC,CT,GG,GG,GG,CC,GG,GG,CC,GG,TC,AA,GG,CC,GG,AA,CC,TT,GG,GG,CC
tissue_marten,NA,MapleCrk_M21.tr,Nextseq519,MACA_P9,M21,b,lane1-s377-index--TATCACTCTG-AACGTTACAT-MACAP10_PEPE_F118A_b_S377.assembled,97399,89974,92.38,98%,89,NA,GA,AC,CT,CC,TT,0,GG,AT,GG,CC,CC,CC,AA,TC,CC,TC,CC,CG,AA,AA,TT,CC,CA,AA,GG,TC,TC,AA,CC,AA,AA,GG,GG,TT,GG,AG,CT,CC,AA,GA,TC,GG,AG,AG,GT,TT,TT,AA,TT,GG,GG,TC,CT,GG,TT,CT,TT,TT,GG,GG,CA,TT,GC,TT,GG,CC,GG,TT,TT,TG,TT,GG,AA,GA,GG,CC,GG,GG,GG,AA,TT,GA,CC,CC,AG,GG,GG,GG,CC,TC,CC,CT,GG,GG,GG,CC,GG,GG,CC,GG,TC,AA,GG,CC,GG,AA,CC,TT,GG,GG,CC
tissue_marten,0,MapleCrk_M21.tr,Nextseq519,MACA_P9,M21,2,CONSENSUS,178979,166114,92.675,98%,89,0,GA,AC,CT,CC,TT,0,GG,AT,GG,CC,CC,CC,AA,TC,CC,TC,CC,CG,AA,AA,TT,CC,CA,AA,GG,TC,TC,AA,CC,AA,AA,GG,GG,TT,GG,AG,CT,CC,AA,GA,TC,GG,AG,AG,GT,TT,TT,AA,TT,GG,GG,TC,CT,GG,TT,CT,TT,TT,GG,GG,CA,TT,GC,TT,GG,CC,GG,TT,TT,TG,TT,GG,AA,GA,GG,CC,GG,GG,GG,AA,TT,GA,CC,CC,AG,GG,GG,GG,CC,TC,CC,CT,GG,GG,GG,CC,GG,GG,CC,GG,TC,AA,GG,CC,GG,AA,CC,TT,GG,GG,CC
tissue_marten,NA,SOreg_M22.tr,Nextseq519,MACA_P9,M22,a,lane1-s370-index--GAGGCCTATT-CTAGTCCGGA-MACAP10_PEPE_M121B_a_S370.assembled,220905,209445,94.81,100%,91,NA,GG,CC,CT,CC,TT,GG,GA,AA,GG,CC,CC,TT,GG,TC,CC,TC,CT,CC,AG,AA,CC,CA,AA,GG,GG,TT,CC,GA,CC,AT,AA,GG,GA,CC,AG,AA,TT,CC,GG,GA,CC,GA,GG,AA,GG,CC,TT,AA,CT,GT,GG,TT,CT,GA,CC,CT,CC,TT,GG,GA,CA,TT,GC,TT,AA,CC,GA,CC,TT,TG,TT,GT,AA,GA,GA,CC,AA,AA,GT,GG,TT,AA,CC,CC,GG,GG,GG,GG,AA,TC,CC,CC,GG,GG,AG,CC,GG,GG,CC,GG,TT,GA,GG,CC,GG,AA,CC,TT,GG,GG,CC
tissue_marten,NA,SOreg_M22.tr,Nextseq519,MACA_P9,M22,b,lane1-s378-index--AGAATTCGCC-CGGCAAGCTC-MACAP10_PEPE_M121B_b_S378.assembled,126923,119759,94.36,99%,90,NA,GG,CC,CT,CC,TT,GG,GA,AA,GG,CC,CC,TT,GG,TC,CC,TC,CT,CC,AG,AA,CC,CA,AA,GG,GG,TT,CC,GA,CC,AT,AA,GG,GA,CC,AG,AA,TT,CC,GG,GA,CC,GA,GG,AA,GG,CC,TT,AA,CT,GT,GG,TT,CT,GA,CC,CT,CC,TT,GG,GA,CA,TT,GC,TT,AA,CC,GA,CC,TT,TG,TT,GT,AA,GA,GA,CC,AA,AA,GT,GG,TT,AA,CC,CC,GG,GG,GG,GG,AA,TC,CC,CC,GG,GG,AG,CC,GG,GG,CC,GG,TT,GA,GG,CC,GG,AA,CC,TT,GG,GG,CC
tissue_marten,0,SOreg_M22.tr,Nextseq519,MACA_P9,M22,2,CONSENSUS,173914,164602,94.585,99%,90,0,GG,CC,CT,CC,TT,GG,GA,AA,GG,CC,CC,TT,GG,TC,CC,TC,CT,CC,AG,AA,CC,CA,AA,GG,GG,TT,CC,GA,CC,AT,AA,GG,GA,CC,AG,AA,TT,CC,GG,GA,CC,GA,GG,AA,GG,CC,TT,AA,CT,GT,GG,TT,CT,GA,CC,CT,CC,TT,GG,GA,CA,TT,GC,TT,AA,CC,GA,CC,TT,TG,TT,GT,AA,GA,GA,CC,AA,AA,GT,GG,TT,AA,CC,CC,GG,GG,GG,GG,AA,TC,CC,CC,GG,GG,AG,CC,GG,GG,CC,GG,TT,GA,GG,CC,GG,AA,CC,TT,GG,GG,CC
tissue_marten,NA,NCali_M02.tr,Nextseq519,MACA_P9,M2A,a,lane1-s341-index--CACTAGACCA-ACTGCCTTAT-MACAP10_BMT9_a_S341.assembled,1983772,1916242,96.6,100%,91,NA,GA,CC,TT,GG,TT,GG,GA,AA,GG,CT,CC,TT,AA,TT,TT,TC,CT,CC,AG,AA,CC,CA,CC,AA,GG,CC,TC,GG,CT,AA,GG,GG,AA,CT,AA,AA,CT,CT,AA,GA,CC,GA,AG,AA,GG,CC,TC,AA,CT,GT,GC,TC,CT,GG,CC,CC,CT,TT,CC,GG,CA,TC,GC,TT,AG,CG,GA,CT,TC,TT,TA,GG,AT,GG,GA,CC,GA,GA,GG,AA,TG,GA,CC,CC,AG,GC,GG,GG,AA,TT,CC,CT,GG,GG,AG,CC,GG,GG,CT,GG,TT,GA,GG,CC,GG,AA,CC,TT,GG,GG,CG
tissue_marten,NA,NCali_M02.tr,Nextseq519,MACA_P9,M2A,b,lane1-s349-index--TCTCAATACC-GACGTTCGCG-MACAP10_BMT9_b_S349.assembled,2312906,2238031,96.76,100%,91,NA,GA,CC,TT,GG,TT,GG,GA,AA,GG,CT,CC,TT,AA,TT,TT,TC,CT,CC,AG,AA,CC,CA,CC,AA,GG,CC,TC,GG,CT,AA,GG,GG,AA,CT,AA,AA,CT,CT,AA,GA,CC,GA,AG,AA,GG,CC,TC,AA,CT,GT,GC,TC,CT,GG,CC,CC,CT,TT,CC,GG,CA,TC,GC,TT,AG,CG,GA,CT,TC,TT,TA,GG,AT,GG,GA,CC,GA,GA,GG,AA,TG,GA,CC,CC,AG,GC,GG,GG,AA,TT,CC,CT,GG,GG,AG,CC,GG,GG,CT,GG,TT,GA,GG,CC,GG,AA,CC,TT,GG,GG,CG
tissue_marten,0,NCali_M02.tr,Nextseq519,MACA_P9,M2A,2,CONSENSUS,2148339,2077136.5,96.68,100%,91,0,GA,CC,TT,GG,TT,GG,GA,AA,GG,CT,CC,TT,AA,TT,TT,TC,CT,CC,AG,AA,CC,CA,CC,AA,GG,CC,TC,GG,CT,AA,GG,GG,AA,CT,AA,AA,CT,CT,AA,GA,CC,GA,AG,AA,GG,CC,TC,AA,CT,GT,GC,TC,CT,GG,CC,CC,CT,TT,CC,GG,CA,TC,GC,TT,AG,CG,GA,CT,TC,TT,TA,GG,AT,GG,GA,CC,GA,GA,GG,AA,TG,GA,CC,CC,AG,GC,GG,GG,AA,TT,CC,CT,GG,GG,AG,CC,GG,GG,CT,GG,TT,GA,GG,CC,GG,AA,CC,TT,GG,GG,CG
tissue_marten,NA,NCali_M03.tr,Nextseq519,MACA_P9,M3A,a,lane1-s342-index--ATTATCCACT-TACGCACGTA-MACAP10_BMT10_a_S342.assembled,705749,671964,95.21,100%,91,NA,AA,AA,CT,CC,TT,GG,GG,AA,GG,CC,CC,TT,AA,TT,CC,TC,CT,CC,AG,AA,CC,CC,CA,AA,GG,CC,CC,AA,CC,AA,AA,GG,GA,CC,AG,AG,CC,CT,GG,GG,CC,GG,AA,AA,GT,CT,TC,AA,CT,TT,GG,TC,CT,GA,CT,CT,TT,TT,CC,GA,CA,CC,GC,TT,AA,CG,GG,CC,TT,TT,TA,GG,AA,GA,GG,CC,GA,GA,GT,AA,TT,GG,CG,CT,AA,GG,GG,GG,AA,TT,CC,TT,GG,GG,GG,CC,GG,GG,CC,GG,TT,GA,GG,CC,GG,AA,CC,TT,GG,GG,CG
tissue_marten,NA,NCali_M03.tr,Nextseq519,MACA_P9,M3A,b,lane1-s350-index--AAGCATCTTG-CATTCAACAA-MACAP10_BMT10_b_S350.assembled,840276,781243,92.97,100%,91,NA,AA,AA,CT,CC,TT,GG,GG,AA,GG,CC,CC,TT,AA,TT,CC,TC,CT,CC,AG,AA,CC,CC,CA,AA,GG,CC,CC,AA,CC,AA,AA,GG,GA,CC,AG,AG,CC,CT,GG,GG,CC,GG,AA,AA,GT,CT,TC,AA,CT,TT,GG,TC,CT,GA,CT,CT,TT,TT,CC,GA,CA,CC,GC,TT,AA,CG,GG,CC,TT,TT,TA,GG,AA,GA,GG,CC,GA,GA,GT,AA,TT,GG,CG,CT,AA,GG,GG,GG,AA,TT,CC,TT,GG,GG,GG,CC,GG,GG,CC,GG,TT,GA,GG,CC,GG,AA,CC,TT,GG,GG,CG
tissue_marten,0,NCali_M03.tr,Nextseq519,MACA_P9,M3A,2,CONSENSUS,773012.5,726603.5,94.09,100%,91,0,AA,AA,CT,CC,TT,GG,GG,AA,GG,CC,CC,TT,AA,TT,CC,TC,CT,CC,AG,AA,CC,CC,CA,AA,GG,CC,CC,AA,CC,AA,AA,GG,GA,CC,AG,AG,CC,CT,GG,GG,CC,GG,AA,AA,GT,CT,TC,AA,CT,TT,GG,TC,CT,GA,CT,CT,TT,TT,CC,GA,CA,CC,GC,TT,AA,CG,GG,CC,TT,TT,TA,GG,AA,GA,GG,CC,GA,GA,GT,AA,TT,GG,CG,CT,AA,GG,GG,GG,AA,TT,CC,TT,GG,GG,GG,CC,GG,GG,CC,GG,TT,GA,GG,CC,GG,AA,CC,TT,GG,GG,CG
tissue_marten,NA,NCali_M05.tr,Nextseq519,MACA_P9,M5A,a,lane1-s343-index--ATGGCGTGCC-CGCTTGAAGT-MACAP10_BMT11_a_S343.assembled,1518080,1372204,90.39,76%,69,NA,0,AC,TT,GC,TT,0,GG,AT,0,TT,0,0,AG,TC,CT,TT,CT,CG,GG,0,CC,CC,CC,AA,GG,TC,TC,0,0,AA,0,GA,AA,CC,AA,AA,TT,CC,GA,0,TC,AA,AG,AG,GG,CC,TC,0,CC,GT,GG,CC,CC,GG,CC,CT,CT,TT,CC,GG,CC,0,GC,TT,AG,0,GA,TT,TT,TT,0,GT,AA,GG,GG,CC,GG,GG,0,0,0,GG,0,CT,AG,GC,GG,GG,0,TC,0,0,0,GG,GG,CC,0,0,CT,GG,TC,GG,GG,CC,0,AA,CC,TT,GG,GG,0
tissue_marten,NA,NCali_M05.tr,Nextseq519,MACA_P9,M5A,b,lane1-s351-index--TCAGTCTCGT-CACGGATTAT-MACAP10_BMT11_b_S351.assembled,1749018,1613137,92.23,97%,88,NA,GA,AC,TT,GC,TT,GG,GG,AT,GG,TT,CC,TT,AA,TC,CT,TT,CT,CG,GG,AA,CC,CC,CC,AA,GG,TC,TC,GG,CC,AA,0,GA,AA,CC,AA,AA,TT,CC,GA,GA,TC,AA,AG,AG,GG,CC,TC,AA,CC,GT,GG,CC,CC,GG,CC,CT,CT,TT,CC,GG,CC,TT,GC,TT,AG,CG,GA,TT,TT,TT,0,GT,AA,GG,GG,CC,GG,GG,GG,AA,TT,GG,CC,CT,AG,GC,GG,GG,AA,TC,CC,CT,GG,GG,GG,CC,GG,GG,CT,GG,TC,GG,GG,CC,GG,AA,CC,TT,GG,GG,CG
tissue_marten,0.5,NCali_M05.tr,Nextseq519,MACA_P9,M5A,2,CONSENSUS,1633549,1492670.5,91.31,75%,68,0,0,AC,TT,GC,TT,0,GG,AT,0,TT,0,0,NA,TC,CT,TT,CT,CG,GG,0,CC,CC,CC,AA,GG,TC,TC,0,0,AA,0,GA,AA,CC,AA,AA,TT,CC,GA,0,TC,AA,AG,AG,GG,CC,TC,0,CC,GT,GG,CC,CC,GG,CC,CT,CT,TT,CC,GG,CC,0,GC,TT,AG,0,GA,TT,TT,TT,0,GT,AA,GG,GG,CC,GG,GG,0,0,0,GG,0,CT,AG,GC,GG,GG,0,TC,0,0,0,GG,GG,CC,0,0,CT,GG,TC,GG,GG,CC,0,AA,CC,TT,GG,GG,0
tissue_marten,NA,NCali_M06.tr,Nextseq519,MACA_P9,M6A,a,lane1-s344-index--TCCAGAGATC-CTGCACTTCA-MACAP10_WY30_a_S344.assembled,49418,45381,91.83,99%,90,NA,AA,CC,CC,CC,TT,GG,GG,AA,GG,CT,CC,TC,AA,TC,TT,CC,TT,CC,AG,AA,CT,CC,CA,AA,GG,TC,TC,GG,CC,AT,AA,GG,GA,CC,GG,AA,CC,CT,GG,GG,TC,GA,AA,AA,GG,CC,TC,AA,TT,GG,GC,TC,CT,GG,CT,TT,TT,TT,CC,GG,CA,CC,CC,TC,AA,GG,GA,CT,TT,TT,TA,GG,AT,AA,GG,CC,AA,AA,GG,AG,TT,GA,CC,CC,GG,GG,GT,GG,AA,TT,CC,TT,GG,GG,GG,CC,GG,GG,CT,GG,TT,AA,GG,CC,GG,AA,CC,TT,GG,GG,GG
tissue_marten,NA,NCali_M06.tr,Nextseq519,MACA_P9,M6A,b,lane1-s352-index--TGCAAGATAA-TTGAGGACGG-MACAP10_WY30_b_S352.assembled,302820,278029,91.81,100%,91,NA,AA,CC,CC,CC,TT,GG,GG,AA,GG,CT,CC,TC,AA,TC,TT,CC,TT,CC,AG,AA,CT,CC,CA,AA,GG,TC,TC,GG,CC,AT,AA,GG,GA,CC,GG,AA,CC,CT,GG,GG,TC,GA,AA,AA,GG,CC,TC,AA,TT,GG,GC,TC,CT,GG,CT,TT,TT,TT,CC,GG,CA,CC,CC,TC,AA,GG,GA,CT,TT,TT,TA,GG,AT,AA,GG,CC,AA,AA,GG,AG,TT,GA,CC,CC,GG,GG,GT,GG,AA,TT,CC,TT,GG,GG,GG,CC,GG,GG,CT,GG,TT,AA,GG,CC,GG,AA,CC,TT,GG,GG,GG
tissue_marten,0,NCali_M06.tr,Nextseq519,MACA_P9,M6A,2,CONSENSUS,176119,161705,91.82,99%,90,0,AA,CC,CC,CC,TT,GG,GG,AA,GG,CT,CC,TC,AA,TC,TT,CC,TT,CC,AG,AA,CT,CC,CA,AA,GG,TC,TC,GG,CC,AT,AA,GG,GA,CC,GG,AA,CC,CT,GG,GG,TC,GA,AA,AA,GG,CC,TC,AA,TT,GG,GC,TC,CT,GG,CT,TT,TT,TT,CC,GG,CA,CC,CC,TC,AA,GG,GA,CT,TT,TT,TA,GG,AT,AA,GG,CC,AA,AA,GG,AG,TT,GA,CC,CC,GG,GG,GT,GG,AA,TT,CC,TT,GG,GG,GG,CC,GG,GG,CT,GG,TT,AA,GG,CC,GG,AA,CC,TT,GG,GG,GG
tissue_marten,NA,SOreg_M07.tr,Nextseq519,MACA_P9,M7B,a,lane1-s353-index--GTAACAATCT-CTCTGTATAC-MACAP10_WY31_a_S353.assembled,63104,58232,92.28,99%,90,NA,GA,CC,TT,CC,TT,AA,GG,AT,GG,CT,CC,TT,AA,TT,CC,TT,CT,CC,AG,AA,CC,CA,CA,AA,GG,TT,TC,AA,CC,AA,AA,GG,GA,CC,AA,AA,CC,CC,AA,GA,TC,GA,AG,AG,GT,CC,TT,AG,CC,GT,GG,TT,TT,GG,TT,CT,CT,CT,CG,GG,CA,TC,GC,TT,AA,GG,AA,CC,TT,TT,TA,GT,AT,GA,GA,CC,GA,GA,GG,GG,TT,GA,CC,CC,AA,GG,GG,GG,AC,TC,CC,CC,GG,GG,AG,CT,GG,GA,CC,GG,TC,GG,GG,CC,GG,AA,CC,TT,GG,GG,GG
tissue_marten,NA,SOreg_M07.tr,Nextseq519,MACA_P9,M7B,b,lane1-s361-index--TACCGCCTCG-CCTCGCAACC-MACAP10_WY31_b_S361.assembled,83035,77517,93.35,98%,89,NA,GA,CC,TT,CC,TT,AA,GG,AT,GG,CT,CC,TT,AA,TT,CC,TT,CT,CC,AG,AA,CC,CA,CA,AA,GG,TT,TC,AA,CC,AA,AA,GG,GA,CC,AA,AA,CC,CC,AA,GA,TC,GA,0,AG,GT,CC,TT,AG,CC,GT,GG,TT,TT,GG,TT,CT,CT,CT,CG,GG,CA,TC,GC,TT,AA,GG,AA,CC,TT,TT,TA,GT,AT,GA,GA,CC,GA,GA,GG,GG,TT,GA,CC,CC,AA,GG,GG,GG,AC,TC,CC,CC,GG,GG,AG,CT,GG,GA,CC,GG,TC,GG,GG,CC,GG,AA,CC,TT,GG,GG,GG
tissue_marten,0,SOreg_M07.tr,Nextseq519,MACA_P9,M7B,2,CONSENSUS,73069.5,67874.5,92.815,98%,89,0,GA,CC,TT,CC,TT,AA,GG,AT,GG,CT,CC,TT,AA,TT,CC,TT,CT,CC,AG,AA,CC,CA,CA,AA,GG,TT,TC,AA,CC,AA,AA,GG,GA,CC,AA,AA,CC,CC,AA,GA,TC,GA,0,AG,GT,CC,TT,AG,CC,GT,GG,TT,TT,GG,TT,CT,CT,CT,CG,GG,CA,TC,GC,TT,AA,GG,AA,CC,TT,TT,TA,GT,AT,GA,GA,CC,GA,GA,GG,GG,TT,GA,CC,CC,AA,GG,GG,GG,AC,TC,CC,CC,GG,GG,AG,CT,GG,GA,CC,GG,TC,GG,GG,CC,GG,AA,CC,TT,GG,GG,GG
tissue_marten,NA,SOreg_M09.tr,Nextseq519,MACA_P9,M9B,a,lane1-s354-index--CAGCGGTAGA-GCAACAGGTG-MACAP10_ZM12561_a_S354.assembled,127897,120407,94.14,99%,90,NA,AA,AC,CC,GC,TT,GG,GG,AA,GG,CC,CC,TC,GG,CC,CC,CC,CT,CC,AA,AA,CC,CA,AA,AA,GG,TT,TT,AA,CC,AA,AA,GG,GG,CT,GG,GG,CT,CC,AA,AA,TC,GG,AA,AG,GT,CC,TT,AA,CT,GT,GG,TT,CT,GG,CT,CC,CT,TT,CG,AA,CA,TT,GG,TT,AA,CC,GG,CC,TT,TT,TT,GT,AA,GA,GG,CC,AA,AA,GG,GG,GG,GA,CG,CC,AG,GG,GG,GA,AA,TT,CC,TT,GG,GG,AG,CC,GG,GG,CC,GG,TC,GA,GA,CC,GG,AA,CC,TT,GG,GG,CC
tissue_marten,NA,SOreg_M09.tr,Nextseq519,MACA_P9,M9B,b,lane1-s362-index--CTGTTATATC-GTATAGCTGT-MACAP10_ZM12561_b_S362.assembled,107935,101936,94.44,99%,90,NA,AA,AC,CC,GC,TT,GG,GG,AA,GG,CC,CC,TC,GG,CC,CC,CC,CT,CC,AA,AA,CC,CA,AA,AA,GG,TT,TT,AA,CC,AA,AA,GG,GG,CT,GG,GG,CT,CC,AA,AA,TC,GG,AA,AG,GT,CC,TT,AA,CT,GT,GG,TT,CT,GG,CT,CC,CT,TT,CG,AA,CA,TT,GG,TT,AA,CC,GG,CC,TT,TT,TT,GT,AA,GA,GG,CC,AA,AA,GG,GG,GG,GA,CG,CC,AG,GG,GG,GA,AA,TT,CC,TT,GG,GG,AG,CC,GG,GG,CC,GG,TC,GA,GA,CC,GG,AA,CC,TT,GG,GG,CC
tissue_marten,0,SOreg_M09.tr,Nextseq519,MACA_P9,M9B,2,CONSENSUS,117916,111171.5,94.29,99%,90,0,AA,AC,CC,GC,TT,GG,GG,AA,GG,CC,CC,TC,GG,CC,CC,CC,CT,CC,AA,AA,CC,CA,AA,AA,GG,TT,TT,AA,CC,AA,AA,GG,GG,CT,GG,GG,CT,CC,AA,AA,TC,GG,AA,AG,GT,CC,TT,AA,CT,GT,GG,TT,CT,GG,CT,CC,CT,TT,CG,AA,CA,TT,GG,TT,AA,CC,GG,CC,TT,TT,TT,GT,AA,GA,GG,CC,AA,AA,GG,GG,GG,GA,CG,CC,AG,GG,GG,GA,AA,TT,CC,TT,GG,GG,AG,CC,GG,GG,CC,GG,TC,GA,GA,CC,GG,AA,CC,TT,GG,GG,CC
tissue_marten,NA,MACA_HU_F05,Nextseq519,MACA_P9,MACA_HU_F05,a,lane1-s312-index--CCGAAGCGCT-TGCTAACTAT-MACAP10_G40404_a_S312.assembled,61480,52834,85.94,96%,87,NA,AA,CC,CT,GC,TT,0,GG,AA,GG,CC,CC,TT,AA,TC,CT,CC,CT,CG,AA,AA,CC,AA,AA,AA,GG,TT,TT,AA,CC,AA,0,GG,AA,TT,AG,AG,CT,CC,GA,GA,CC,GG,AG,AA,GG,CC,TT,AA,TT,TT,GC,TT,CT,GG,CT,CT,CC,CT,CC,GG,AA,TT,GC,TC,AA,CC,GA,CT,TT,TT,TT,GG,AA,GA,GA,CC,AA,AA,GG,0,TT,GG,CC,CC,AG,GG,GG,GG,AC,TC,CC,CT,0,0,AA,CC,GG,GG,CC,GG,TT,AA,GG,CC,GG,AA,CC,TT,GG,GG,CC
tissue_marten,NA,MACA_HU_F05,Nextseq519,MACA_P9,MACA_HU_F05,b,lane1-s320-index--ACTCTATTGT-ATCGCATATG-MACAP10_G40404_b_S320.assembled,8643,7251,83.89,86%,78,NA,AA,CC,CT,GC,TT,0,GG,0,GG,CC,0,TT,AA,TC,CT,CC,CT,CG,AA,AA,CC,AA,AA,AA,GG,TT,TT,AA,CC,AA,0,GG,AA,TT,AG,AG,CT,CC,GA,GA,CC,GG,AG,AA,GG,CC,TT,AA,TT,TT,GC,TT,CT,GG,CT,CT,0,CT,CC,GG,AA,0,0,TC,AA,CC,GA,CT,TT,TT,0,GG,AA,GA,0,CC,AA,AA,GG,0,0,GG,CC,CC,AG,GG,GG,GG,0,TC,CC,CT,0,0,AA,CC,GG,GG,CC,GG,TT,AA,GG,CC,GG,AA,CC,TT,GG,GG,CC
tissue_marten,0,MACA_HU_F05,Nextseq519,MACA_P9,MACA_HU_F05,2,CONSENSUS,35061.5,30042.5,84.915,86%,78,0,AA,CC,CT,GC,TT,0,GG,0,GG,CC,0,TT,AA,TC,CT,CC,CT,CG,AA,AA,CC,AA,AA,AA,GG,TT,TT,AA,CC,AA,0,GG,AA,TT,AG,AG,CT,CC,GA,GA,CC,GG,AG,AA,GG,CC,TT,AA,TT,TT,GC,TT,CT,GG,CT,CT,0,CT,CC,GG,AA,0,0,TC,AA,CC,GA,CT,TT,TT,0,GG,AA,GA,0,CC,AA,AA,GG,0,0,GG,CC,CC,AG,GG,GG,GG,0,TC,CC,CT,0,0,AA,CC,GG,GG,CC,GG,TT,AA,GG,CC,GG,AA,CC,TT,GG,GG,CC
tissue_marten,NA,SDunes_F04.tr,Nextseq519,MACA_P9,MACA01,a,lane1-s322-index--CGCCATATCT-GACCGGAGAT-MACAP10_E40858_a_S322.assembled,246712,226980,92,100%,91,NA,AA,CC,TT,GC,TT,AG,GA,AT,GA,CC,CC,TT,GG,CC,CC,TT,CC,CC,AA,AA,CT,CC,AA,AA,GG,TT,TT,GA,CC,TT,AA,GA,GG,TT,AG,AA,CC,CC,GG,GG,CC,GG,AG,AA,GG,CC,TC,AA,CC,GG,GC,TT,CC,GG,CT,CC,CC,CC,CC,GG,CC,CC,GC,TC,AA,CC,AA,CT,TT,TT,TA,GG,AA,AA,GA,CC,AA,AA,GT,AA,TT,GG,CG,CT,GG,GG,TT,GA,AC,CC,CC,CT,0,0,GG,CC,GG,GG,CC,GG,TT,GG,GA,CC,GG,AA,CC,TT,GG,GG,CC
tissue_marten,NA,SDunes_F04.tr,Nextseq519,MACA_P9,MACA01,b,lane1-s330-index--CTGTGGTGAC-GACAGACAGG-MACAP10_E40858_b_S330.assembled,617454,567419,91.9,100%,91,NA,AA,CC,TT,GC,TT,AG,GA,AT,GA,CC,CC,TT,GG,CC,CC,TT,CC,CC,AA,AA,CT,CC,AA,AA,GG,TT,TT,GA,CC,TT,AA,GA,GG,TT,AG,AA,CC,CC,GG,GG,CC,GG,AG,AA,GG,CC,TC,AA,CC,GG,GC,TT,CC,GG,CT,CC,CC,CC,CC,GG,CC,CC,GC,TC,AA,CC,AA,CT,TT,TT,TA,GG,AA,AA,GA,CC,AA,AA,GT,AA,TT,GG,CG,CT,GG,GG,TT,GA,AC,CC,CC,CT,0,0,GG,CC,GG,GG,CC,GG,TT,GG,GA,CC,GG,AA,CC,TT,GG,GG,CC
tissue_marten,0,SDunes_F04.tr,Nextseq519,MACA_P9,MACA01,2,CONSENSUS,432083,397199.5,91.95,100%,91,0,AA,CC,TT,GC,TT,AG,GA,AT,GA,CC,CC,TT,GG,CC,CC,TT,CC,CC,AA,AA,CT,CC,AA,AA,GG,TT,TT,GA,CC,TT,AA,GA,GG,TT,AG,AA,CC,CC,GG,GG,CC,GG,AG,AA,GG,CC,TC,AA,CC,GG,GC,TT,CC,GG,CT,CC,CC,CC,CC,GG,CC,CC,GC,TC,AA,CC,AA,CT,TT,TT,TA,GG,AA,AA,GA,CC,AA,AA,GT,AA,TT,GG,CG,CT,GG,GG,TT,GA,AC,CC,CC,CT,0,0,GG,CC,GG,GG,CC,GG,TT,GG,GA,CC,GG,AA,CC,TT,GG,GG,CC
tissue_marten,NA,SDunes_F18.rk,Nextseq519,MACA_P9,MACA18,a,lane1-s323-index--GCTTCATATT-CGTTCAGCCT-MACAP10_C21_215_a_S323.assembled,73588,65807,89.43,98%,89,NA,GG,AA,CC,GG,TC,AA,AA,AA,GG,CC,CT,TT,AA,TC,CT,TC,CT,CG,AG,GG,CC,CC,CA,AA,GG,CC,CC,AA,CC,AA,AA,GA,GA,CT,AG,AG,CC,CC,GG,AA,TT,GA,AG,AA,GT,CT,TT,AG,CC,GT,GC,TT,CT,GA,CC,CC,CC,CT,CC,GA,CC,TC,GC,TT,AA,CC,GA,CC,CC,TG,TA,GG,AT,AA,GG,TT,AA,AA,TT,0,TT,GA,CC,CC,AA,GC,GT,GG,AA,TC,CC,CT,0,0,GG,CT,GG,GA,CT,GG,TT,GG,GG,CC,GG,AA,CC,TT,GG,GG,CC
tissue_marten,NA,SDunes_F18.rk,Nextseq519,MACA_P9,MACA18,b,lane1-s331-index--CTCCACTAAT-TGTACTTGTT-MACAP10_C21_215_b_S331.assembled,105138,94013,89.42,99%,90,NA,GG,AA,CC,GG,TC,AA,AA,AA,GG,CC,CT,TT,AA,TC,CT,TC,CT,CG,AG,GG,CC,CC,CA,AA,GG,CC,CC,AA,CC,AA,AA,GA,GA,CT,AG,AG,CC,CC,GG,AA,TT,GA,AG,AA,GT,CT,TT,AG,CC,GT,GC,TT,CT,GA,CC,CC,CC,CT,CC,GA,CC,TC,GC,TT,AA,CC,GA,CC,CC,TG,TA,GG,AT,AA,GG,TT,AA,AA,TT,0,TT,GA,CC,CC,AA,GC,GT,GG,AA,TC,CC,CT,0,0,GG,CT,GG,GA,CT,GG,TT,GG,GG,CC,GG,AA,CC,TT,GG,GG,CC
tissue_marten,0,SDunes_F18.rk,Nextseq519,MACA_P9,MACA18,2,CONSENSUS,89363,79910,89.425,98%,89,0,GG,AA,CC,GG,TC,AA,AA,AA,GG,CC,CT,TT,AA,TC,CT,TC,CT,CG,AG,GG,CC,CC,CA,AA,GG,CC,CC,AA,CC,AA,AA,GA,GA,CT,AG,AG,CC,CC,GG,AA,TT,GA,AG,AA,GT,CT,TT,AG,CC,GT,GC,TT,CT,GA,CC,CC,CC,CT,CC,GA,CC,TC,GC,TT,AA,CC,GA,CC,CC,TG,TA,GG,AT,AA,GG,TT,AA,AA,TT,0,TT,GA,CC,CC,AA,GC,GT,GG,AA,TC,CC,CT,0,0,GG,CT,GG,GA,CT,GG,TT,GG,GG,CC,GG,AA,CC,TT,GG,GG,CC
tissue_marten,NA,NDunes_F31_2.rk,Nextseq519,MACA_P9,MACA31,a,lane1-s321-index--TAGTGGAAGC-AGTACCTATA-MACAP10_AMMA8943_a_S321.assembled,106102,96454,90.91,98%,89,NA,AA,AA,TT,CC,TT,AG,GA,AA,GA,CC,TT,TT,AA,TT,CT,CC,CC,CC,AA,GA,TT,AA,AA,AA,0,TT,TT,AA,TT,AA,AA,GA,AA,CC,AG,AA,TT,TT,GA,AA,TT,AA,AG,GG,GT,CT,TC,AA,CC,TT,GG,TT,TT,GA,TT,CC,TT,CC,GG,AA,AA,TT,GG,CC,AA,CC,AA,CC,TT,GG,TT,GT,AA,GG,AA,TT,AA,AA,GT,AA,TT,GA,CC,CC,GG,GG,GG,GA,AC,TT,TT,CC,0,0,AA,CC,GG,GG,CC,GG,CC,GG,GA,CC,GG,AA,CC,TT,0,GG,CC
tissue_marten,NA,NDunes_F31_2.rk,Nextseq519,MACA_P9,MACA31,b,lane1-s329-index--TACAAGACTT-CAGGTGTTCA-MACAP10_AMMA8943_b_S329.assembled,203051,186736,91.97,100%,91,NA,AA,AA,TT,CC,TT,AG,GA,AA,GA,CC,TT,TT,AA,TT,CT,CC,CC,CC,AA,GA,TT,AA,AA,AA,AA,TT,TT,AA,TT,AA,AA,GA,AA,CC,AG,AA,TT,TT,GA,AA,TT,AA,AG,GG,GT,CT,TC,AA,CC,TT,GG,TT,TT,GA,TT,CC,TT,CC,GG,AA,AA,TT,GG,CC,AA,CC,AA,CC,TT,GG,TT,GT,AA,GG,AA,TT,AA,AA,GT,AA,TT,GA,CC,CC,GG,GG,GG,GA,AC,TT,TT,CC,0,0,AA,CC,GG,GG,CC,GG,CC,GG,GA,CC,GG,AA,CC,TT,0,GG,CC
tissue_marten,0,NDunes_F31_2.rk,Nextseq519,MACA_P9,MACA31,2,CONSENSUS,154576.5,141595,91.44,98%,89,0,AA,AA,TT,CC,TT,AG,GA,AA,GA,CC,TT,TT,AA,TT,CT,CC,CC,CC,AA,GA,TT,AA,AA,AA,0,TT,TT,AA,TT,AA,AA,GA,AA,CC,AG,AA,TT,TT,GA,AA,TT,AA,AG,GG,GT,CT,TC,AA,CC,TT,GG,TT,TT,GA,TT,CC,TT,CC,GG,AA,AA,TT,GG,CC,AA,CC,AA,CC,TT,GG,TT,GT,AA,GG,AA,TT,AA,AA,GT,AA,TT,GA,CC,CC,GG,GG,GG,GA,AC,TT,TT,CC,0,0,AA,CC,GG,GG,CC,GG,CC,GG,GA,CC,GG,AA,CC,TT,0,GG,CC
tissue_marten,NA,NA,Nextseq519,MACA_P9,MACAtail,a,lane1-s373-index--CGATCTGTGA-TAGGAAGACT-MACAP10_NTC10_a_S373.assembled,98744,74637,75.59,21%,19,NA,0,0,0,GG,0,0,0,0,0,0,CC,0,0,0,0,CC,0,CC,0,AA,0,CC,0,0,GG,0,0,0,0,0,AA,0,0,0,0,0,0,0,0,0,0,0,AA,0,0,TT,0,AA,0,0,0,0,0,0,0,0,0,0,0,0,0,0,CC,0,0,CC,0,0,0,TT,TT,0,AA,0,GG,CC,0,0,0,0,TT,GG,0,0,0,0,0,0,0,0,0,TT,0,0,GG,0,0,GG,0,0,0,0,0,0,0,AA,0,0,0,0,CC
tissue_marten,NA,NA,Nextseq519,MACA_P9,MACAtail,b,lane1-s381-index--TGATAACGAG-GTTCCGCAGG-MACAP10_NTC10_c_S381.assembled,182898,158319,86.56,12%,11,NA,0,0,0,0,0,GG,0,0,0,0,0,0,0,0,0,TT,0,CC,AG,0,0,CC,0,0,0,0,0,0,0,0,0,0,0,0,0,0,0,CC,0,0,0,0,0,GG,0,TT,0,GG,0,0,0,0,0,0,0,0,0,TT,GG,0,0,0,0,0,0,0,0,0,0,0,0,0,0,AA,0,0,0,0,0,0,0,0,0,0,0,0,GG,0,0,0,0,0,0,0,GG,0,0,AA,0,GG,CC,0,0,0,0,AA,0,0,0,0,0
tissue_marten,1,NA,Nextseq519,MACA_P9,MACAtail,2,CONSENSUS,140821,116478,81.075,1%,1,0,0,0,0,0,0,0,0,0,0,0,0,0,0,0,0,0,0,CC,0,0,0,CC,0,0,0,0,0,0,0,0,0,0,0,0,0,0,0,0,0,0,0,0,0,0,0,TT,0,NA,0,0,0,0,0,0,0,0,0,0,0,0,0,0,0,0,0,0,0,0,0,0,0,0,0,0,0,0,0,0,0,0,0,0,0,0,0,0,0,0,0,0,0,0,0,0,GG,0,0,NA,0,0,0,0,0,0,0,AA,0,0,0,0,0
tissue_marten,NA,NCali_M04.rk,Nextseq519,MACA_P9,NewtonPkwy23,a,lane1-s372-index--CTTCCTAGGA-CCTAGAGTAT-MACAP10_MH21_19_a_S372.assembled,95473,85685,89.75,99%,90,NA,GG,AC,CC,GC,TT,GG,GG,AA,GG,CC,CC,TC,AA,TC,CC,TT,CC,CG,GG,AA,CT,CA,CA,AA,GG,TC,TC,GA,CC,AA,AA,GG,GA,CT,GG,GG,CT,CC,GA,GA,CC,GA,AA,AG,GG,TT,TT,AA,TT,TT,GG,TC,CT,GG,CT,CC,CT,TT,CG,GG,CA,TT,CC,TC,GG,CG,GG,CT,TT,TT,TA,GT,AA,GG,GG,CC,AA,AA,GG,AA,TT,GG,CC,CC,GG,GG,GG,GG,AC,CC,CC,TT,GG,GG,AA,CC,GG,GG,CT,GG,TC,AA,GG,CC,GG,AA,CC,TT,GG,GG,CG
tissue_marten,NA,NCali_M04.rk,Nextseq519,MACA_P9,NewtonPkwy23,b,lane1-s380-index--AGCTGGAATG-ACGGAATGCG-MACAP10_MH21_19_b_S380.assembled,121190,107691,88.86,100%,91,NA,GG,AC,CC,GC,TT,GG,GG,AA,GG,CC,CC,TC,AA,TC,CC,TT,CC,CG,GG,AA,CT,CA,CA,AA,GG,TC,TC,GA,CC,AA,AA,GG,GA,CT,GG,GG,CT,CC,GA,GA,CC,GA,AA,AG,GG,TT,TT,AA,TT,TT,GG,TC,CT,GG,CT,CC,CT,TT,CG,GG,CA,TT,CC,TC,GG,CG,GG,CT,TT,TT,TA,GT,AA,GG,GG,CC,AA,AA,GG,AA,TT,GG,CC,CC,GG,GG,GG,GG,AC,CC,CC,TT,GG,GG,AA,CC,GG,GG,CT,GG,TC,AA,GG,CC,GG,AA,CC,TT,GG,GG,CG
tissue_marten,0,NCali_M04.rk,Nextseq519,MACA_P9,NewtonPkwy23,2,CONSENSUS,108331.5,96688,89.305,99%,90,0,GG,AC,CC,GC,TT,GG,GG,AA,GG,CC,CC,TC,AA,TC,CC,TT,CC,CG,GG,AA,CT,CA,CA,AA,GG,TC,TC,GA,CC,AA,AA,GG,GA,CT,GG,GG,CT,CC,GA,GA,CC,GA,AA,AG,GG,TT,TT,AA,TT,TT,GG,TC,CT,GG,CT,CC,CT,TT,CG,GG,CA,TT,CC,TC,GG,CG,GG,CT,TT,TT,TA,GT,AA,GG,GG,CC,AA,AA,GG,AA,TT,GG,CC,CC,GG,GG,GG,GG,AC,CC,CC,TT,GG,GG,AA,CC,GG,GG,CT,GG,TC,AA,GG,CC,GG,AA,CC,TT,GG,GG,CG
tissue_marten,NA,NCali_M15.rk,Nextseq519,MACA_P9,NewtonPkwy24,a,lane1-s374-index--GTGGACAAGT-CCGTGGCCTT-MACAP10_MYCA_a_S374.assembled,343021,328628,95.8,100%,91,NA,GA,AC,CT,GC,TT,GG,GG,AA,GG,CC,CC,TT,GG,TC,CC,TC,CC,CG,GG,AA,CT,CC,CA,AA,GG,TT,TT,GA,CC,AA,AA,GG,AA,CC,GG,AA,TT,CT,GG,GA,TT,GA,AA,AG,GG,CT,TT,AA,CC,TT,GG,TC,TT,GG,TT,CC,CT,TT,CG,GG,CA,TC,GC,TT,GG,CG,GG,CC,TC,TG,TT,GT,AT,GG,GG,CC,AA,AA,GT,AA,GG,GA,CG,CC,AG,GG,GG,GG,AA,CC,CC,TT,GG,GG,GG,CC,GG,GG,CC,GG,TC,GG,GG,CC,GG,AA,CC,TT,GG,GG,CG
tissue_marten,NA,NCali_M15.rk,Nextseq519,MACA_P9,NewtonPkwy24,b,lane1-s382-index--CATAGTAAGG-ACCAAGTTAC-MACAP10_MYCA_b_S382.assembled,740392,709799,95.87,100%,91,NA,GA,AC,CT,GC,TT,GG,GG,AA,GG,CC,CC,TT,GG,TC,CC,TC,CC,CG,GG,AA,CT,CC,CA,AA,GG,TT,TT,GA,CC,AA,AA,GG,AA,CC,GG,AA,TT,CT,GG,GA,TT,GA,AA,AG,GG,CT,TT,AA,CC,TT,GG,TC,TT,GG,TT,CC,CT,TT,CG,GG,CA,TC,GC,TT,GG,CG,GG,CC,TC,TG,TT,GT,AT,GG,GG,CC,AA,AA,GT,AA,GG,GA,CG,CC,AG,GG,GG,GG,AA,CC,CC,TT,GG,GG,GG,CC,GG,GG,CC,GG,TC,GG,GG,CC,GG,AA,CC,TT,GG,GG,CG
tissue_marten,0,NCali_M15.rk,Nextseq519,MACA_P9,NewtonPkwy24,2,CONSENSUS,541706.5,519213.5,95.835,100%,91,0,GA,AC,CT,GC,TT,GG,GG,AA,GG,CC,CC,TT,GG,TC,CC,TC,CC,CG,GG,AA,CT,CC,CA,AA,GG,TT,TT,GA,CC,AA,AA,GG,AA,CC,GG,AA,TT,CT,GG,GA,TT,GA,AA,AG,GG,CT,TT,AA,CC,TT,GG,TC,TT,GG,TT,CC,CT,TT,CG,GG,CA,TC,GC,TT,GG,CG,GG,CC,TC,TG,TT,GT,AT,GG,GG,CC,AA,AA,GT,AA,GG,GA,CG,CC,AG,GG,GG,GG,AA,CC,CC,TT,GG,GG,GG,CC,GG,GG,CC,GG,TC,GG,GG,CC,GG,AA,CC,TT,GG,GG,CG
blank,NA,NA,Nextseq519,MACA_P9,NTC_9b,a,,,,,-2%,-2,NA,0,0,0,0,0,0,0,0,0,0,0,0,NA,0,0,0,0,0,0,0,0,0,0,0,0,0,0,0,0,0,0,0,0,0,0,0,0,0,0,0,0,0,0,0,0,0,0,0,0,0,0,0,0,0,0,0,0,0,0,0,0,0,0,0,0,0,0,0,0,0,0,0,0,0,0,0,0,NA,0,0,0,0,0,0,0,0,0,0,0,0,0,0,0,0,0,0,0,0,0,0,0,0,0,0,0,0,0,0,0,0,0
blank,NA,NA,Nextseq519,MACA_P9,NTC_9b,b,,,,,-2%,-2,NA,0,0,0,0,0,0,0,0,0,0,0,0,NA,0,0,0,0,0,0,0,0,0,0,0,0,0,0,0,0,0,0,0,0,0,0,0,0,0,0,0,0,0,0,0,0,0,0,0,0,0,0,0,0,0,0,0,0,0,0,0,0,0,0,0,0,0,0,0,0,0,0,0,0,0,0,0,0,NA,0,0,0,0,0,0,0,0,0,0,0,0,0,0,0,0,0,0,0,0,0,0,0,0,0,0,0,0,0,0,0,0,0
blank,1,NA,Nextseq519,MACA_P9,NTC_9b,2,CONSENSUS,#DIV/0!,#DIV/0!,#DIV/0!,-2%,-2,0,0,0,0,0,0,0,0,0,0,0,0,0,0,0,0,0,0,0,0,0,0,0,0,0,0,0,0,0,0,0,0,0,0,0,0,0,0,0,0,0,0,0,0,0,0,0,0,0,0,0,0,0,0,0,0,0,0,0,0,0,0,0,0,0,0,0,0,0,0,0,0,0,0,0,0,0,0,0,0,0,0,0,0,0,0,0,0,0,0,0,0,0,0,0,0,0,0,0,0,0,0,0,0,0,0,0,0,0,0,0,0
blank,NA,NA,Nextseq519,MACA_P9,NTC9_a,a,lane1-s297-index--AACCGAGTTC-GATCTCTGGA-MACAP10_LssnM61_b_S297.assembled,10975,97,0.88,-2%,-2,NA,0,0,0,0,0,0,0,0,0,0,0,0,0,0,0,0,0,0,0,0,0,0,0,0,0,0,0,0,0,0,0,0,0,0,0,0,0,0,0,0,0,0,0,0,0,0,0,0,0,0,0,0,0,0,0,0,0,0,0,0,0,0,0,0,0,0,0,0,0,0,0,0,0,0,0,0,0,0,0,0,0,0,0,0,0,0,0,0,0,0,0,0,0,0,0,0,0,0,0,0,0,0,0,0,0,0,0,0,0,0,0
blank,NA,NA,Nextseq519,MACA_P9,NTC9_a,b,lane1-s298-index--TGTGATAACT-CAGGCGCCAT-MACAP10_LssnM64_b_S298.assembled,20816,93,0.45,-2%,-2,NA,0,0,0,0,0,0,0,0,0,0,0,0,0,0,0,0,0,0,0,0,0,0,0,0,0,0,0,0,0,0,0,0,0,0,0,0,0,0,0,0,0,0,0,0,0,0,0,0,0,0,0,0,0,0,0,0,0,0,0,0,0,0,0,0,0,0,0,0,0,0,0,0,0,0,0,0,0,0,0,0,0,0,0,0,0,0,0,0,0,0,0,0,0,0,0,0,0,0,0,0,0,0,0,0,0,0,0,0,0,0,0
blank,1,NA,Nextseq519,MACA_P9,NTC9_a,2,CONSENSUS,15895.5,95,0.665,-2%,-2,0,0,0,0,0,0,0,0,0,0,0,0,0,0,0,0,0,0,0,0,0,0,0,0,0,0,0,0,0,0,0,0,0,0,0,0,0,0,0,0,0,0,0,0,0,0,0,0,0,0,0,0,0,0,0,0,0,0,0,0,0,0,0,0,0,0,0,0,0,0,0,0,0,0,0,0,0,0,0,0,0,0,0,0,0,0,0,0,0,0,0,0,0,0,0,0,0,0,0,0,0,0,0,0,0,0,0,0,0,0,0,0
tissue_marten,0,NDunes_F01.tr,Nextseq519,MACA_P9,Sius_F01,a,lane1-s289-index--TCTCATGATA-AACACGTGGA-MACAP10_LssnM61_a_S289.assembled,30786,25762,83.68,97%,88,NA,GG,AA,CC,CC,TT,AA,AA,AA,GG,CC,TT,TC,AA,TC,CC,TC,CT,CC,AG,GG,TT,AA,AA,AA,0,TC,TT,AA,TT,AA,AA,GA,AA,CC,GG,GG,TT,CT,GG,AA,TT,AA,GG,AG,TT,TT,TT,AG,CT,GG,GG,TT,TT,AA,CT,CC,CC,CC,GG,AA,AA,TT,GG,TC,AG,CC,AA,CC,CC,GG,TT,GT,AA,GG,GA,CC,AA,AA,GG,AA,TT,GG,CC,CC,AG,GG,GG,GA,0,TT,CC,CC,0,0,AA,CC,GG,GA,CC,GG,TC,GA,GA,CC,GG,AA,CC,TT,GG,GG,CC
tissue_marten,0,NDunes_F01.tr,Nextseq519,MACA_P9,Sius_F01,1,CONSENSUS,30786,25762,83.68,97%,88,NA,GG,AA,CC,CC,TT,AA,AA,AA,GG,CC,TT,TC,AA,TC,CC,TC,CT,CC,AG,GG,TT,AA,AA,AA,0,TC,TT,AA,TT,AA,AA,GA,AA,CC,GG,GG,TT,CT,GG,AA,TT,AA,GG,AG,TT,TT,TT,AG,CT,GG,GG,TT,TT,AA,CT,CC,CC,CC,GG,AA,AA,TT,GG,TC,AG,CC,AA,CC,CC,GG,TT,GT,AA,GG,GA,CC,AA,AA,GG,AA,TT,GG,CC,CC,AG,GG,GG,GA,0,TT,CC,CC,0,0,AA,CC,GG,GA,CC,GG,TC,GA,GA,CC,GG,AA,CC,TT,GG,GG,CC
tissue_marten,0,NDunes_F02.tr,Nextseq519,MACA_P9,Sius_F02,a,lane1-s290-index--CGAGGCCAAG-GTGTTACCGG-MACAP10_LssnM64_a_S290.assembled,395718,371195,93.8,100%,91,NA,AA,AA,CT,CC,TC,AG,AA,AT,GA,CC,CT,CC,AA,TT,CC,CC,CC,CC,AA,GG,TT,AA,AA,AA,AA,TT,TT,AA,TT,AA,AA,AA,AA,CC,GG,AG,TT,CT,GA,GG,TT,AA,AG,GG,TT,CT,TC,AA,CC,GG,CC,TT,TT,GA,CC,CC,TT,TT,GG,AA,AA,TT,GG,TC,AG,CC,AA,CC,TC,GG,TT,GT,AA,GG,GA,CC,AA,AA,TT,AA,TT,GA,CC,CC,AA,GG,GG,GA,AC,TT,CT,CC,0,0,AA,CC,GG,GG,CC,GG,CC,GG,GA,CC,GG,AA,CC,TT,GG,GG,CC
tissue_marten,0,NDunes_F02.tr,Nextseq519,MACA_P9,Sius_F02,1,CONSENSUS,395718,371195,93.8,100%,91,NA,AA,AA,CT,CC,TC,AG,AA,AT,GA,CC,CT,CC,AA,TT,CC,CC,CC,CC,AA,GG,TT,AA,AA,AA,AA,TT,TT,AA,TT,AA,AA,AA,AA,CC,GG,AG,TT,CT,GA,GG,TT,AA,AG,GG,TT,CT,TC,AA,CC,GG,CC,TT,TT,GA,CC,CC,TT,TT,GG,AA,AA,TT,GG,TC,AG,CC,AA,CC,TC,GG,TT,GT,AA,GG,GA,CC,AA,AA,TT,AA,TT,GA,CC,CC,AA,GG,GG,GA,AC,TT,CT,CC,0,0,AA,CC,GG,GG,CC,GG,CC,GG,GA,CC,GG,AA,CC,TT,GG,GG,CC
tissue_marten,NA,NDunes_F03.tr,Nextseq519,MACA_P9,Sius_F03,a,lane1-s291-index--TTCACGAGAC-AGATTGTTAC-MACAP10_LssnM65_a_S291.assembled,111821,105942,94.74,99%,90,NA,AA,AA,CT,CC,TT,AG,GA,AT,GA,CC,TT,TC,AA,TT,CC,CC,CC,CC,AA,GA,TT,AA,AA,GG,AA,TT,TT,AA,TT,AA,AA,AA,AA,CC,AG,AG,TT,TT,GA,GA,TT,AA,AG,GG,GT,CT,TC,AA,CC,GT,GC,TT,TT,AA,CT,CC,TT,CT,GG,AA,AA,TT,GG,TC,AA,CC,AA,CC,TC,GG,TT,GT,AA,GG,GA,CT,AA,AA,GT,AA,TT,GG,CC,CC,AG,GG,GG,GA,AA,TT,CT,CC,0,0,AA,CC,GG,GG,CC,GG,CC,GG,GA,CC,GG,AA,CC,TT,GG,GG,CC
tissue_marten,NA,NDunes_F03.tr,Nextseq519,MACA_P9,Sius_F03,b,lane1-s299-index--AGTATGCTAC-TTAATAGACC-MACAP10_LssnM65_b_S299.assembled,197746,188090,95.12,99%,90,NA,AA,AA,CT,CC,TT,AG,GA,AT,GA,CC,TT,TC,AA,TT,CC,CC,CC,CC,AA,GA,TT,AA,AA,GG,0,TT,TT,AA,TT,AA,AA,AA,AA,CC,AG,AG,TT,TT,GA,GA,TT,AA,AG,GG,GT,CT,TC,AA,CC,GT,GC,TT,TT,AA,CT,CC,TT,CT,GG,AA,AA,TT,GG,TC,AA,CC,AA,CC,TC,GG,TT,GT,AA,GG,GA,CT,AA,AA,GT,AA,TT,GG,CC,CC,AG,GG,GG,GA,AA,TT,CT,CC,0,0,AA,CC,GG,GG,CC,GG,CC,GG,GA,CC,GG,AA,CC,TT,GG,GG,CC
tissue_marten,0,NDunes_F03.tr,Nextseq519,MACA_P9,Sius_F03,2,CONSENSUS,154783.5,147016,94.93,98%,89,0,AA,AA,CT,CC,TT,AG,GA,AT,GA,CC,TT,TC,AA,TT,CC,CC,CC,CC,AA,GA,TT,AA,AA,GG,0,TT,TT,AA,TT,AA,AA,AA,AA,CC,AG,AG,TT,TT,GA,GA,TT,AA,AG,GG,GT,CT,TC,AA,CC,GT,GC,TT,TT,AA,CT,CC,TT,CT,GG,AA,AA,TT,GG,TC,AA,CC,AA,CC,TC,GG,TT,GT,AA,GG,GA,CT,AA,AA,GT,AA,TT,GG,CC,CC,AG,GG,GG,GA,AA,TT,CT,CC,0,0,AA,CC,GG,GG,CC,GG,CC,GG,GA,CC,GG,AA,CC,TT,GG,GG,CC
tissue_marten,NA,SDunes_F05.sc,Nextseq519,MACA_P9,Sius_F05,a,lane1-s292-index--GCGTGGATGG-TTGACCAATG-MACAP10_LssnM66_a_S292.assembled,72788,63491,87.23,99%,90,NA,GA,AC,CT,GC,TT,GG,GA,AT,GG,CC,CC,TT,AA,CC,CT,TT,CC,CG,AA,AA,CT,CA,AA,AA,GG,TT,TC,GA,CC,AT,AA,AA,GG,TT,GG,AA,TT,CT,GG,GA,CC,GG,AG,AA,GG,CC,TC,AA,CT,GG,GC,TT,CT,GG,CC,CC,CC,CT,CC,AA,CA,TC,GC,TT,AA,CC,AA,CT,TC,TT,TA,GG,AA,AA,GA,CC,AA,AA,GT,AA,TT,GA,GG,CC,GG,CC,GT,GG,AC,CC,CC,CT,0,0,AG,CC,GG,GG,CC,GG,TT,GA,GG,CC,GG,AA,CC,TT,GG,GG,CC
tissue_marten,NA,SDunes_F05.sc,Nextseq519,MACA_P9,Sius_F05,b,lane1-s300-index--GTAACTGAAG-GGAGTCGCGA-MACAP10_LssnM67_b_S300.assembled,226546,203968,90.03,100%,91,NA,GA,AC,CT,GC,TT,GG,GA,AT,GG,CC,CC,TT,AA,CC,CT,TT,CC,CG,AA,AA,CT,CA,AA,AA,GG,TT,TC,GA,CC,AT,AA,AA,GG,TT,GG,AA,TT,CT,GG,GA,CC,GG,AG,AA,GG,CC,TC,AA,CT,GG,GC,TT,CT,GG,CC,CC,CC,CT,CC,AA,CA,TC,GC,TT,AA,CC,AA,CT,TC,TT,TA,GG,AA,AA,GA,CC,AA,AA,GT,AA,TT,GA,GG,CC,GG,CC,GT,GG,AC,CC,CC,CT,0,0,AG,CC,GG,GG,CC,GG,TT,GA,GG,CC,GG,AA,CC,TT,GG,GG,CC
tissue_marten,0,SDunes_F05.sc,Nextseq519,MACA_P9,Sius_F05,2,CONSENSUS,149667,133729.5,88.63,99%,90,0,GA,AC,CT,GC,TT,GG,GA,AT,GG,CC,CC,TT,AA,CC,CT,TT,CC,CG,AA,AA,CT,CA,AA,AA,GG,TT,TC,GA,CC,AT,AA,AA,GG,TT,GG,AA,TT,CT,GG,GA,CC,GG,AG,AA,GG,CC,TC,AA,CT,GG,GC,TT,CT,GG,CC,CC,CC,CT,CC,AA,CA,TC,GC,TT,AA,CC,AA,CT,TC,TT,TA,GG,AA,AA,GA,CC,AA,AA,GT,AA,TT,GA,GG,CC,GG,CC,GT,GG,AC,CC,CC,CT,0,0,AG,CC,GG,GG,CC,GG,TT,GA,GG,CC,GG,AA,CC,TT,GG,GG,CC
tissue_marten,NA,NDunes_F06.tr,Nextseq519,MACA_P9,Sius_F06,a,lane1-s293-index--TCCTGGTTGT-CTGACCGGCA-MACAP10_LssnM67_a_S293.assembled,1534071,1480348,96.5,100%,91,NA,GA,AC,CT,CC,TT,AG,GA,AA,GA,CC,TT,TC,AA,TC,CC,TC,CC,CC,AG,GG,TT,AA,AA,AA,GG,TT,TT,GA,TT,AA,AA,GA,AA,CC,AG,AA,TT,CT,AA,GG,TC,AA,GG,AG,TT,CT,TT,AG,CC,GT,GG,TT,TT,GA,TT,CC,CT,CT,GG,AA,AA,TT,GC,TC,AA,CC,AA,CC,CC,GG,TT,GT,AA,GG,GG,CT,AA,AA,GG,AA,TT,AA,CC,CC,AG,GG,GG,AA,AC,TT,CC,CC,0,0,AA,CC,GG,GA,CC,GG,TC,GG,AA,CC,GG,AA,CC,TT,GG,GG,CC
tissue_marten,NA,NDunes_F06.tr,Nextseq519,MACA_P9,Sius_F06,b,lane1-s301-index--TCCTCGGACT-AACGCCAGAG-MACAP10_LssnM67_b_S301.assembled,1790228,1727231,96.48,100%,91,NA,GA,AC,CT,CC,TT,AG,GA,AA,GA,CC,TT,TC,AA,TC,CC,TC,CC,CC,AG,GG,TT,AA,AA,AA,GG,TT,TT,GA,TT,AA,AA,GA,AA,CC,AG,AA,TT,CT,AA,GG,TC,AA,GG,AG,TT,CT,TT,AG,CC,GT,GG,TT,TT,GA,TT,CC,CT,CT,GG,AA,AA,TT,GC,TC,AA,CC,AA,CC,CC,GG,TT,GT,AA,GG,GG,CT,AA,AA,GG,AA,TT,AA,CC,CC,AG,GG,GG,AA,AC,TT,CC,CC,0,0,AA,CC,GG,GA,CC,GG,TC,GG,AA,CC,GG,AA,CC,TT,GG,GG,CC
tissue_marten,0,NDunes_F06.tr,Nextseq519,MACA_P9,Sius_F06,2,CONSENSUS,1662149.5,1603789.5,96.49,100%,91,0,GA,AC,CT,CC,TT,AG,GA,AA,GA,CC,TT,TC,AA,TC,CC,TC,CC,CC,AG,GG,TT,AA,AA,AA,GG,TT,TT,GA,TT,AA,AA,GA,AA,CC,AG,AA,TT,CT,AA,GG,TC,AA,GG,AG,TT,CT,TT,AG,CC,GT,GG,TT,TT,GA,TT,CC,CT,CT,GG,AA,AA,TT,GC,TC,AA,CC,AA,CC,CC,GG,TT,GT,AA,GG,GG,CT,AA,AA,GG,AA,TT,AA,CC,CC,AG,GG,GG,AA,AC,TT,CC,CC,0,0,AA,CC,GG,GA,CC,GG,TC,GG,AA,CC,GG,AA,CC,TT,GG,GG,CC
tissue_marten,NA,NDunes_F07.tr,Nextseq519,MACA_P9,Sius_F07,a,lane1-s294-index--TAATTCTGCT-TCTCATCAAT-MACAP10_LssnM01_a_S294.assembled,153862,147418,95.81,98%,89,NA,GA,AC,CC,CC,TC,AG,AA,AA,GA,CC,CT,CC,AA,TC,CC,TC,CC,CC,AG,GG,TT,AA,AA,GG,0,TT,TT,GA,TT,AA,AA,AA,AA,CC,GG,AG,TT,CT,GG,GG,TT,AA,GG,GG,TT,CT,TC,AA,CT,GG,CC,TT,TT,AA,CC,CC,CT,CT,GG,AA,AA,TT,GC,TT,AG,CC,AA,CC,CC,GG,TT,TT,AT,GG,GA,CC,AA,AA,GT,AA,TT,GG,CC,CC,AG,GG,GG,AA,CC,TT,CT,CC,0,0,AA,CC,GG,GG,CC,GG,CC,GA,AA,CC,GG,AA,CC,TT,GG,GG,CC
tissue_marten,NA,NDunes_F07.tr,Nextseq519,MACA_P9,Sius_F07,b,lane1-s302-index--CTGGAACTGT-CGTAATTAAC-MACAP10_LssnM01_b_S302.assembled,359126,345841,96.3,100%,91,NA,GA,AC,CC,CC,TC,AG,AA,AA,GA,CC,CT,CC,AA,TC,CC,TC,CC,CC,AG,GG,TT,AA,AA,GG,AA,TT,TT,GA,TT,AA,AA,AA,AA,CC,GG,AG,TT,CT,GG,GG,TT,AA,GG,GG,TT,CT,TC,AA,CT,GG,CC,TT,TT,AA,CC,CC,CT,CT,GG,AA,AA,TT,GC,TT,AG,CC,AA,CC,CC,GG,TT,TT,AT,GG,GA,CC,AA,AA,GT,AA,TT,GG,CC,CC,AG,GG,GG,AA,CC,TT,CT,CC,0,0,AA,CC,GG,GG,CC,GG,CC,GA,AA,CC,GG,AA,CC,TT,GG,GG,CC
tissue_marten,0,NDunes_F07.tr,Nextseq519,MACA_P9,Sius_F07,2,CONSENSUS,256494,246629.5,96.055,98%,89,0,GA,AC,CC,CC,TC,AG,AA,AA,GA,CC,CT,CC,AA,TC,CC,TC,CC,CC,AG,GG,TT,AA,AA,GG,0,TT,TT,GA,TT,AA,AA,AA,AA,CC,GG,AG,TT,CT,GG,GG,TT,AA,GG,GG,TT,CT,TC,AA,CT,GG,CC,TT,TT,AA,CC,CC,CT,CT,GG,AA,AA,TT,GC,TT,AG,CC,AA,CC,CC,GG,TT,TT,AT,GG,GA,CC,AA,AA,GT,AA,TT,GG,CC,CC,AG,GG,GG,AA,CC,TT,CT,CC,0,0,AA,CC,GG,GG,CC,GG,CC,GA,AA,CC,GG,AA,CC,TT,GG,GG,CC
tissue_marten,NA,SDunes_M01.tr,Nextseq519,MACA_P9,Sius_M01,a,lane1-s295-index--CGCACGACTG-GGACCAACAG-MACAP10_LssnM11_a_S295.assembled,752609,703869,93.52,65%,59,NA,0,AC,CT,GC,TT,0,0,0,0,0,0,0,AA,0,CC,0,CC,CC,AA,0,CT,CC,CA,AA,GG,TT,TC,0,0,0,AA,0,GG,0,AG,AG,CC,CT,GG,0,TC,GA,AA,AA,GG,CC,0,0,CC,GT,GG,TT,TT,GG,CC,CT,CT,CT,CC,GA,CC,0,GG,TT,AA,CC,GA,CT,TC,TT,0,GT,AA,GG,GG,CT,AA,AA,0,0,0,0,0,0,GG,GC,0,GG,0,CC,0,0,0,GG,GG,0,0,0,CC,GG,TT,GG,GG,CC,0,AA,CC,0,GG,GG,CC
tissue_marten,NA,SDunes_M01.tr,Nextseq519,MACA_P9,Sius_M01,b,lane1-s303-index--GAATATGCGG-ACGAGACTGA-MACAP10_LssnM11_b_S303.assembled,1171198,1090333,93.1,80%,73,NA,0,AC,CT,GC,TT,AG,0,0,0,CT,0,TT,AA,CC,CC,TT,CC,CC,AA,AA,CT,CC,CA,AA,GG,TT,TC,0,0,TT,AA,GG,GG,0,AG,AG,CC,CT,GG,0,TC,GA,AA,AA,GG,CC,0,0,CC,GT,GG,TT,TT,GG,CC,CT,CT,CT,CC,GA,CC,TT,GG,TT,AA,CC,GA,CT,TC,TT,0,GT,AA,GG,GG,CT,AA,AA,0,0,0,0,CG,CT,GG,GC,GT,GG,0,CC,CC,CC,0,GG,GG,0,0,0,CC,GG,TT,GG,GG,CC,GG,AA,CC,TT,GG,GG,CC
tissue_marten,0.5,SDunes_M01.tr,Nextseq519,MACA_P9,Sius_M01,2,CONSENSUS,961903.5,897101,93.31,65%,59,0,0,AC,CT,GC,TT,0,0,0,0,0,0,0,AA,0,CC,0,CC,CC,AA,0,CT,CC,CA,AA,GG,TT,TC,0,0,0,AA,0,GG,0,AG,AG,CC,CT,GG,0,TC,GA,AA,AA,GG,CC,0,0,CC,GT,GG,TT,TT,GG,CC,CT,CT,CT,CC,GA,CC,0,GG,TT,AA,CC,GA,CT,TC,TT,0,GT,AA,GG,GG,CT,AA,AA,0,0,0,0,0,0,GG,GC,0,GG,0,CC,0,0,0,GG,GG,0,0,0,CC,GG,TT,GG,GG,CC,0,AA,CC,0,GG,GG,CC
tissue_marten,NA,NDunes_M02.tr,Nextseq519,MACA_P9,Sius_M02,a,lane1-s296-index--GAGGTTAGAC-AATGTATTGC-MACAP10_LssnF02_a_S296.assembled,53015,47461,89.52,98%,89,NA,AA,AA,CT,CC,TT,AG,GA,AA,GA,CC,TT,TT,AA,TT,CT,CC,CC,CC,AA,GG,TT,AA,AA,AA,GG,TT,TT,AA,TT,AA,AA,GA,AA,CC,AG,AA,TT,TT,AA,GA,TT,AA,GG,GG,GT,CC,TT,AA,CC,TT,GC,TT,CT,GA,TT,CC,CT,CC,GG,AA,AA,TT,GC,CC,AA,CC,AA,CC,TC,GG,TT,TT,AA,GG,GA,TT,AA,AA,GG,AA,TT,GA,CC,CC,GG,GG,GG,GA,0,TT,CT,CC,0,GG,AA,CC,GG,GG,CC,GG,CC,GG,GA,CC,GG,AA,CC,TT,0,GG,CC
tissue_marten,NA,NDunes_M02.tr,Nextseq519,MACA_P9,Sius_M02,b,lane1-s304-index--GATCGGATAA-GTATCGGCCG-MACAP10_LssnF02_b_S304.assembled,49908,45136,90.44,98%,89,NA,AA,AA,CT,CC,TT,AG,GA,AA,GA,CC,TT,TT,AA,TT,CT,CC,CC,CC,AA,GG,TT,AA,AA,AA,GG,TT,TT,AA,TT,AA,AA,GA,AA,CC,AG,AA,TT,TT,AA,GA,TT,AA,GG,GG,GT,CC,TT,AA,CC,TT,GC,TT,CT,GA,TT,CC,CT,CC,GG,AA,AA,TT,GC,CC,AA,CC,AA,CC,TC,GG,0,TT,AA,GG,GA,TT,AA,AA,GG,AA,TT,GA,CC,CC,GG,GG,GG,GA,AC,TT,CT,CC,GG,GG,AA,CC,GG,GG,CC,GG,CC,GG,GA,CC,GG,AA,CC,TT,0,GG,CC
tissue_marten,0,NDunes_M02.tr,Nextseq519,MACA_P9,Sius_M02,2,CONSENSUS,51461.5,46298.5,89.98,97%,88,0,AA,AA,CT,CC,TT,AG,GA,AA,GA,CC,TT,TT,AA,TT,CT,CC,CC,CC,AA,GG,TT,AA,AA,AA,GG,TT,TT,AA,TT,AA,AA,GA,AA,CC,AG,AA,TT,TT,AA,GA,TT,AA,GG,GG,GT,CC,TT,AA,CC,TT,GC,TT,CT,GA,TT,CC,CT,CC,GG,AA,AA,TT,GC,CC,AA,CC,AA,CC,TC,GG,0,TT,AA,GG,GA,TT,AA,AA,GG,AA,TT,GA,CC,CC,GG,GG,GG,GA,0,TT,CT,CC,0,GG,AA,CC,GG,GG,CC,GG,CC,GG,GA,CC,GG,AA,CC,TT,0,GG,CC
tissue_marten,NA,NDunes_M03.tr,Nextseq519,MACA_P9,Sius_M03,a,lane1-s305-index--GCTAGACTAT-AATACGACAT-MACAP10_LssnM07_a_S305.assembled,72718,66181,91.01,98%,89,NA,AA,AA,CT,CC,TT,AG,AA,AA,GA,CC,TT,TC,AA,TC,CC,TC,CC,CC,AA,GG,TT,AA,AA,AA,0,TC,TT,AA,TT,AA,AA,AA,AA,CC,GG,AA,TT,CT,GA,GA,TT,AA,GG,GG,TT,CC,TT,AA,CT,GT,GC,TT,TT,GA,TT,CC,TT,CC,GG,AA,AA,TT,CC,CC,AG,CC,AA,CC,TC,GG,TT,GT,AT,GA,GA,CT,AA,AA,GG,AA,TT,GG,CC,CC,AG,GG,GG,GG,AC,TT,CT,CC,GG,GG,AA,CC,GG,GG,CC,GG,CC,GA,GG,CC,GG,AA,CC,TT,GG,GG,CC
tissue_marten,NA,NDunes_M03.tr,Nextseq519,MACA_P9,Sius_M03,b,lane1-s313-index--CACTATCAAC-TCAGTTAATG-MACAP10_LssnM07_b_S313.assembled,71551,64693,90.42,98%,89,NA,AA,AA,CT,CC,TT,AG,AA,AA,GA,CC,TT,TC,AA,TC,CC,TC,CC,CC,AA,GG,TT,AA,AA,AA,0,TC,TT,AA,TT,AA,AA,AA,AA,CC,GG,AA,TT,CT,GA,GA,TT,AA,GG,GG,TT,CC,TT,AA,CT,GT,GC,TT,TT,GA,TT,CC,TT,CC,GG,AA,AA,TT,CC,CC,AG,CC,AA,CC,TC,GG,TT,GT,AT,GA,GA,CT,AA,AA,GG,AA,TT,GG,CC,CC,AG,GG,GG,GG,AC,TT,CT,CC,GG,GG,AA,CC,GG,GG,CC,GG,CC,GA,GG,CC,GG,AA,CC,TT,GG,GG,CC
tissue_marten,0,NDunes_M03.tr,Nextseq519,MACA_P9,Sius_M03,2,CONSENSUS,72134.5,65437,90.715,98%,89,0,AA,AA,CT,CC,TT,AG,AA,AA,GA,CC,TT,TC,AA,TC,CC,TC,CC,CC,AA,GG,TT,AA,AA,AA,0,TC,TT,AA,TT,AA,AA,AA,AA,CC,GG,AA,TT,CT,GA,GA,TT,AA,GG,GG,TT,CC,TT,AA,CT,GT,GC,TT,TT,GA,TT,CC,TT,CC,GG,AA,AA,TT,CC,CC,AG,CC,AA,CC,TC,GG,TT,GT,AT,GA,GA,CT,AA,AA,GG,AA,TT,GG,CC,CC,AG,GG,GG,GG,AC,TT,CT,CC,GG,GG,AA,CC,GG,GG,CC,GG,CC,GA,GG,CC,GG,AA,CC,TT,GG,GG,CC
tissue_marten,NA,SDunes_M04.tr,Nextseq519,MACA_P9,Sius_M04,a,lane1-s306-index--AGCTACTATA-GTTATATGGC-MACAP10_LssnM08_a_S306.assembled,55578,49877,89.74,99%,90,NA,AA,CC,CT,GC,TT,AG,GG,AA,GA,CC,CC,TT,GG,CC,CC,TT,CC,CC,AA,AA,CT,CC,CA,AA,GG,TT,TC,GG,CC,TT,AA,GG,GA,TT,AG,AA,CC,CC,GG,GG,CC,GG,AA,AA,GG,CC,TT,AA,CC,GT,GG,TT,CT,GG,CC,CT,CT,CC,CG,GG,CC,TC,GG,TC,AA,CC,GA,CT,TT,TT,TA,GT,AT,GA,GA,CT,AA,AA,TT,AA,TT,GG,CC,CT,GG,GC,TT,GA,AA,CC,CC,CT,GG,GG,GG,CC,GG,GG,CC,GG,TT,GG,GA,CC,GG,AA,CC,TT,GG,GG,CC
tissue_marten,NA,SDunes_M04.tr,Nextseq519,MACA_P9,Sius_M04,b,lane1-s314-index--TTGCTCTATT-GTGACCTTGA-MACAP10_LssnM08_b_S314.assembled,63209,56585,89.52,99%,90,NA,AA,CC,CT,GC,TT,AG,GG,AA,GA,CC,CC,TT,GG,CC,CC,TT,CC,CC,AA,AA,CT,CC,CA,AA,GG,TT,TC,GG,CC,TT,AA,GG,GA,TT,AG,AA,CC,CC,GG,GG,CC,GG,AA,AA,GG,CC,TT,AA,CC,GT,GG,TT,CT,GG,CC,CT,CT,CC,CG,GG,CC,TC,GG,TC,AA,CC,GA,CT,TT,TT,TA,GT,AT,GA,GA,CT,AA,AA,TT,AA,TT,GG,CC,CT,GG,GC,TT,GA,AA,CC,CC,CT,GG,GG,GG,CC,GG,GG,CC,GG,TT,GG,GA,CC,GG,AA,CC,TT,GG,GG,CC
tissue_marten,0,SDunes_M04.tr,Nextseq519,MACA_P9,Sius_M04,2,CONSENSUS,59393.5,53231,89.63,99%,90,0,AA,CC,CT,GC,TT,AG,GG,AA,GA,CC,CC,TT,GG,CC,CC,TT,CC,CC,AA,AA,CT,CC,CA,AA,GG,TT,TC,GG,CC,TT,AA,GG,GA,TT,AG,AA,CC,CC,GG,GG,CC,GG,AA,AA,GG,CC,TT,AA,CC,GT,GG,TT,CT,GG,CC,CT,CT,CC,CG,GG,CC,TC,GG,TC,AA,CC,GA,CT,TT,TT,TA,GT,AT,GA,GA,CT,AA,AA,TT,AA,TT,GG,CC,CT,GG,GC,TT,GA,AA,CC,CC,CT,GG,GG,GG,CC,GG,GG,CC,GG,TT,GG,GA,CC,GG,AA,CC,TT,GG,GG,CC
tissue_marten,NA,NDunes_F31_2.rk,Nextseq519,MACA_P9,Sius_Rdk1,a,lane1-s307-index--CCACCGGAGT-GCCTGCCATG-MACAP10_D11_252_a_S307.assembled,69783,64606,92.58,98%,89,NA,AA,AA,TT,CC,TT,AG,GA,AA,GA,CC,TT,TT,AA,TT,CT,CC,CC,CC,AA,GA,TT,AA,AA,AA,0,TT,TT,AA,TT,AA,AA,GA,AA,CC,AG,AA,TT,TT,GA,AA,TT,AA,AG,GG,GT,CT,TC,AA,CC,TT,GG,TT,TT,GA,TT,CC,TT,CC,GG,AA,AA,TT,GG,CC,AA,CC,AA,CC,TT,GG,TT,GT,AA,GG,AA,TT,AA,AA,GT,AA,TT,GA,CC,CC,GG,GG,GG,GA,AC,TT,TT,CC,0,0,AA,CC,GG,GG,CC,GG,CC,GG,GA,CC,GG,AA,CC,TT,0,GG,CC
tissue_marten,NA,NDunes_F31_2.rk,Nextseq519,MACA_P9,Sius_Rdk1,b,lane1-s315-index--TTACAGTTAG-ACATGCATAT-MACAP10_D11_252_b_S315.assembled,114962,107460,93.47,99%,90,NA,AA,AA,TT,CC,TT,AG,GA,AA,GA,CC,TT,TT,AA,TT,CT,CC,CC,CC,AA,GA,TT,AA,AA,AA,0,TT,TT,AA,TT,AA,AA,GA,AA,CC,AG,AA,TT,TT,GA,AA,TT,AA,AG,GG,GT,CT,TC,AA,CC,TT,GG,TT,TT,GA,TT,CC,TT,CC,GG,AA,AA,TT,GG,CC,AA,CC,AA,CC,TT,GG,TT,GT,AA,GG,AA,TT,AA,AA,GT,AA,TT,GA,CC,CC,GG,GG,GG,GA,AC,TT,TT,CC,0,0,AA,CC,GG,GG,CC,GG,CC,GG,GA,CC,GG,AA,CC,TT,0,GG,CC
tissue_marten,0,NDunes_F31_2.rk,Nextseq519,MACA_P9,Sius_Rdk1,2,CONSENSUS,92372.5,86033,93.025,98%,89,0,AA,AA,TT,CC,TT,AG,GA,AA,GA,CC,TT,TT,AA,TT,CT,CC,CC,CC,AA,GA,TT,AA,AA,AA,0,TT,TT,AA,TT,AA,AA,GA,AA,CC,AG,AA,TT,TT,GA,AA,TT,AA,AG,GG,GT,CT,TC,AA,CC,TT,GG,TT,TT,GA,TT,CC,TT,CC,GG,AA,AA,TT,GG,CC,AA,CC,AA,CC,TT,GG,TT,GT,AA,GG,AA,TT,AA,AA,GT,AA,TT,GA,CC,CC,GG,GG,GG,GA,AC,TT,TT,CC,0,0,AA,CC,GG,GG,CC,GG,CC,GG,GA,CC,GG,AA,CC,TT,0,GG,CC
tissue_marten,NA,NDunes_F31_2.rk,Nextseq519,MACA_P9,Sius_Rdk1,b,lane1-s316-index--CTAAGTACGC-AACATACCTA-MACAP10_D11_258_b_S316.assembled,93081,85674,92.04,99%,90,NA,AA,CC,CC,GG,TT,AG,GG,AA,GA,CT,CC,TT,AA,CC,CC,TC,CT,CG,AA,GA,CC,CC,CC,AA,GG,TT,TT,GA,CT,AT,AA,GG,GG,CC,AG,AG,CC,CT,GG,GG,CC,GA,AA,AA,GG,CC,TT,AA,CC,GG,GG,TT,TT,GG,CC,CC,CC,CT,CG,GA,CC,TC,GG,TC,AA,CC,GG,CC,TT,TT,TT,GT,AA,GG,GA,CT,AA,AA,GT,AA,TT,AA,CC,CT,GG,GC,TT,GA,AA,CC,CC,CT,GG,GG,GG,CC,GG,GG,CC,GG,TT,GG,GA,CC,GG,AA,CC,TT,GG,GG,CC
tissue_marten,NA,SDunes_M6856rk_1,Nextseq519,MACA_P9,Sius_Rdk2,a,lane1-s308-index--CTTACCGCAC-TAAGACCTAT-MACAP10_D11_258_a_S308.assembled,46097,42670,92.57,99%,90,NA,AA,CC,CC,GG,TT,AG,GG,AA,GA,CT,CC,TT,AA,CC,CC,TC,CT,CG,AA,GA,CC,CC,CC,AA,GG,TT,TT,GA,CT,AT,AA,GG,GG,CC,AG,AG,CC,CT,GG,GG,CC,GA,AA,AA,GG,CC,TT,AA,CC,GG,GG,TT,TT,GG,CC,CC,CC,CT,CG,GA,CC,TC,GG,TC,AA,CC,GG,CC,TT,TT,TT,GT,AA,GG,GA,CT,AA,AA,GT,AA,TT,AA,CC,CT,GG,GC,TT,GA,AA,CC,CC,CT,GG,GG,GG,CC,GG,GG,CC,GG,TT,GG,GA,CC,GG,AA,CC,TT,GG,GG,CC
tissue_marten,0,SDunes_M6856rk_1,Nextseq519,MACA_P9,Sius_Rdk2,2,CONSENSUS,69589,64172,92.305,99%,90,0,AA,CC,CC,GG,TT,AG,GG,AA,GA,CT,CC,TT,AA,CC,CC,TC,CT,CG,AA,GA,CC,CC,CC,AA,GG,TT,TT,GA,CT,AT,AA,GG,GG,CC,AG,AG,CC,CT,GG,GG,CC,GA,AA,AA,GG,CC,TT,AA,CC,GG,GG,TT,TT,GG,CC,CC,CC,CT,CG,GA,CC,TC,GG,TC,AA,CC,GG,CC,TT,TT,TT,GT,AA,GG,GA,CT,AA,AA,GT,AA,TT,AA,CC,CT,GG,GC,TT,GA,AA,CC,CC,CT,GG,GG,GG,CC,GG,GG,CC,GG,TT,GG,GA,CC,GG,AA,CC,TT,GG,GG,CC
tissue_marten,NA,ORcasc_M02.tr,Nextseq519,MACA_P9,SWOR16-2,a,lane1-s309-index--TTAGGATATC-TATACCATGG-MACAP10_D11_259_a_S309.assembled,2215712,2074797,93.64,100%,91,NA,GG,AA,CT,GG,TC,AA,AA,AA,GA,TT,CT,CC,GG,TC,TT,TT,TT,CG,AG,GA,CT,CA,CA,AA,GG,TC,CC,GA,CC,AT,AA,GA,AA,TT,AA,AA,CC,CC,GG,GG,TC,GG,GG,GG,GT,CC,TC,AA,CC,GT,CC,TT,CC,GA,CT,CC,TT,CC,CC,GG,CA,TC,GG,TT,AA,CC,GG,CC,CC,TT,TT,GG,AA,AA,AA,CC,AA,AA,GT,AA,TG,GA,CC,CC,AA,GG,GT,GA,AC,TT,CC,CC,GG,GG,AG,CC,GG,GG,CT,GG,CC,GG,GA,CC,GG,AA,CC,TT,GG,GG,CC
tissue_marten,NA,ORcasc_M02.tr,Nextseq519,MACA_P9,SWOR16-2,b,lane1-s317-index--TAGTTCGGTA-CCATGTGTAG-MACAP10_D11_259_b_S317.assembled,1714752,1626136,94.83,98%,89,NA,GG,AA,CT,GG,TC,AA,AA,AA,GA,TT,CT,CC,GG,TC,TT,TT,TT,CG,AG,GA,CT,CA,CA,AA,0,TC,CC,GA,CC,AT,AA,GA,AA,TT,AA,AA,CC,CC,GG,GG,TC,GG,GG,GG,GT,CC,TC,AA,CC,GT,CC,TT,CC,GA,0,CC,TT,CC,CC,GG,CA,TC,GG,TT,AA,CC,GG,CC,CC,TT,TT,GG,AA,AA,AA,CC,AA,AA,GT,AA,TG,GA,CC,CC,AA,GG,GT,GA,AC,TT,CC,CC,GG,GG,AG,CC,GG,GG,0,GG,CC,GG,GA,CC,GG,AA,CC,TT,GG,GG,CC
tissue_marten,0,ORcasc_M02.tr,Nextseq519,MACA_P9,SWOR16-2,2,CONSENSUS,1965232,1850466.5,94.235,98%,89,0,GG,AA,CT,GG,TC,AA,AA,AA,GA,TT,CT,CC,GG,TC,TT,TT,TT,CG,AG,GA,CT,CA,CA,AA,0,TC,CC,GA,CC,AT,AA,GA,AA,TT,AA,AA,CC,CC,GG,GG,TC,GG,GG,GG,GT,CC,TC,AA,CC,GT,CC,TT,CC,GA,0,CC,TT,CC,CC,GG,CA,TC,GG,TT,AA,CC,GG,CC,CC,TT,TT,GG,AA,AA,AA,CC,AA,AA,GT,AA,TG,GA,CC,CC,AA,GG,GT,GA,AC,TT,CC,CC,GG,GG,AG,CC,GG,GG,0,GG,CC,GG,GA,CC,GG,AA,CC,TT,GG,GG,CC
scat_marten,NA,NA,Nextseq533,MACA_P11,04M03,a,lane1-s003-index--CTTCTAAGTC-CGGACAGTGA-MACAP11,48475,21960,45.3,9%,8,0,0,0,0,CC,TT,0,0,0,0,0,0,0,NA,0,0,0,0,CC,0,0,0,0,0,0,0,0,0,0,0,0,0,0,0,0,0,0,TT,0,0,0,TT,0,0,0,0,0,0,NA,0,0,0,0,0,0,0,0,0,0,0,0,0,0,0,0,AA,CC,0,0,0,0,0,0,0,GG,0,0,AA,NA,0,0,0,0,0,CC,0,0,0,0,0,0,0,0,0,0,NA,0,0,0,0,0,0,NA,NA,0,0,AA,0,TT,NA,0,CC
scat_marten,NA,NA,Nextseq533,MACA_P11,04M03,b,lane1-s011-index--TTCACTCACT-ATCTTACTGT-MACAP11,507290,299388,59.02,15%,14,0,0,0,0,0,TT,AA,0,0,0,0,0,0,0,0,CC,0,0,0,0,0,0,0,0,0,0,0,TT,0,0,0,0,0,0,0,0,0,0,0,0,0,0,0,0,0,GG,0,0,0,0,GG,0,0,0,0,0,0,0,0,GG,0,0,TT,0,0,0,0,AA,0,0,0,TT,0,AA,0,0,0,AA,0,0,0,0,0,0,0,0,0,GG,0,0,TT,CC,0,0,GG,0,0,0,0,0,GG,0,0,0,0,GG,AA,0,0,GG,0,0
scat_marten,NA,NA,Nextseq533,MACA_P11,04M03,c,lane1-s019-index--CACCTAGCAC-CGGCTAACGT-MACAP11,71836,49619,69.07,16%,15,0,AA,0,0,CC,0,0,AA,0,0,0,0,0,0,0,TT,0,0,0,0,0,0,0,AA,0,0,0,0,0,0,0,0,0,0,0,0,0,0,0,AA,0,0,0,0,0,0,CC,0,0,CC,TT,CC,0,0,0,0,0,0,CC,0,AA,0,0,0,0,AA,0,AA,0,0,GG,0,0,0,0,0,0,AA,0,0,0,0,GG,0,0,0,0,0,0,0,0,0,0,0,0,0,0,0,0,0,0,0,GG,0,CC,0,0,0,0,0,0,0
scat_marten,1,NA,Nextseq533,MACA_P11,04M03,3,CONSENSUS,209200,123656,57.8,3%,3,0,0,0,0,CC,TT,0,0,0,0,0,0,0,0,0,NA,0,0,0,0,0,0,0,0,0,0,0,0,0,0,0,0,0,0,0,0,0,0,0,0,0,0,0,0,0,0,0,0,0,0,0,0,0,0,0,0,0,0,0,0,0,0,0,0,0,AA,0,AA,0,0,0,0,0,0,0,0,0,AA,0,0,0,0,0,0,0,0,0,0,0,0,0,0,0,0,GG* (1 rep),0,0,0,0,0,0,0,0,0,0,0,AA,0,0,0,0,0
scat_marten,NA,SDunes_M14.sc,Nextseq533,MACA_P11,07M03,a,lane1-s002-index--TGTGGTCCGG-TTAAGTTGTG-MACAP11,31065,27338,88,92%,84,0,GA,CC,TT,GC,TT,GG,GA,AT,GG,0,CC,TT,AG,CC,CC,TT,CC,CC,0,AA,CC,CC,AA,AA,GG,0,TC,AA,CC,AT,AA,AA,GA,CT,AG,AA,CT,CC,GA,GG,CC,GA,AG,AA,GG,CC,TC,NA,CT,GT,GC,TT,CT,GG,CT,CC,CT,CC,CG,GG,CC,TC,GC,TT,AA,CC,AA,CC,0,TT,0,GG,AA,AA,GA,CT,AA,AA,GG,AA,TT,GG,CG,CC,GG,GC,GT,GA,0,CC,CC,CT,0,0,NA,CC,GG,GG,CC,GG,NA,NA,NA,CC,GG,AA,CC,TT,NA,GG,CC
scat_marten,NA,SDunes_M14.sc,Nextseq533,MACA_P11,07M03,b,lane1-s010-index--AGGAGTCGAG-GAGCGCAATA-MACAP11,196627,178625,90.84,97%,88,0,GA,CC,TT,GC,TT,GG,GA,AT,GG,CT,CC,TT,GG,CC,CC,TT,CC,CC,0,AA,CC,CC,AA,AA,GG,0,TC,AA,CC,AT,AA,AA,GA,CT,AG,AA,CT,CC,GA,GG,CC,GA,AG,AA,GG,CC,TC,AA,CT,GT,GC,TT,CT,GG,CT,CC,CT,CC,CG,GG,CC,TC,GC,TT,AA,CC,AA,CC,0,TT,TA,GG,AA,AA,GA,CT,AA,AA,GG,AA,TT,GG,CG,CC,GG,GC,GT,GA,AC,CC,CC,CT,0,0,GG,CC,GG,GG,CC,GG,TT,GA,GA,CC,GG,AA,CC,TT,GG,GG,CC
scat_marten,NA,SDunes_M14.sc,Nextseq533,MACA_P11,07M03,c,lane1-s018-index--TAGGTATGTT-GTTAATCTGA-MACAP11,951,777,81.7,15%,14,0,GA,0,0,GC,0,0,0,0,0,0,0,0,0,0,0,0,0,0,0,AA,0,0,AA,AA,0,0,0,0,CC,AT,0,0,0,0,0,0,0,0,0,GG,CC,0,0,0,0,CC,TC,0,0,0,0,0,0,GG,0,CC,0,0,0,0,CC,0,GC,0,0,0,0,0,0,TT,0,0,0,0,0,0,0,0,0,0,0,0,0,0,0,0,0,0,0,0,0,0,0,0,0,0,GG,0,0,0,0,0,0,0,0,0,0,0,0,GG,0
scat_marten,0,SDunes_M14.sc,Nextseq533,MACA_P11,07M03,2,CONSENSUS,76214,68913,86.85,92%,84,0,GA,CC,TT,GC,TT,GG,GA,AT,GG,0,CC,TT,NA,CC,CC,TT,CC,CC,0,AA,CC,CC,AA,AA,GG,0,TC,AA,CC,AT,AA,AA,GA,CT,AG,AA,CT,CC,GA,GG,CC,GA,AG,AA,GG,CC,TC,AA,CT,GT,GC,TT,CT,GG,CT,CC,CT,CC,CG,GG,CC,TC,GC,TT,AA,CC,AA,CC,0,TT,0,GG,AA,AA,GA,CT,AA,AA,GG,AA,TT,GG,CG,CC,GG,GC,GT,GA,0,CC,CC,CT,0,0,GG,CC,GG,GG,CC,GG,TT,GA,GA,CC,GG,AA,CC,TT,GG,GG,CC
scat_marten,NA,NA,Nextseq533,MACA_P11,08M03,a,lane1-s001-index--GAACAATTCC-CCTGATACAA-MACAP11,3143,1165,37.07,5%,5,0,0,0,0,0,0,0,0,0,0,0,0,0,NA,0,0,0,0,0,0,0,0,0,0,0,0,0,0,0,0,0,AA,0,0,0,0,0,0,0,0,0,0,0,0,0,0,0,0,NA,0,0,0,0,0,GG,0,0,0,TT,0,0,0,0,0,0,0,GG,0,0,0,0,0,GG,0,GG,0,0,0,NA,0,0,0,0,0,0,0,0,0,GG,0,0,0,0,0,0,NA,0,0,0,0,0,0,NA,NA,0,0,0,0,0,NA,0,GG
scat_marten,NA,NA,Nextseq533,MACA_P11,08M03,b,lane1-s009-index--GAAGACTAGA-TGTGATGTAT-MACAP11,39565,19759,49.94,13%,12,0,0,0,0,0,0,0,0,0,0,0,0,0,0,CC,0,0,0,0,0,0,0,0,0,AA,0,0,0,0,0,0,0,0,0,0,0,0,0,0,0,0,CC,GG,0,0,0,CC,0,NA,0,0,0,0,TT,0,0,0,0,0,0,0,CC,0,0,0,AA,CC,0,0,0,TT,0,0,0,0,0,0,0,0,GG,0,GG,0,0,0,0,0,0,0,AA,0,0,0,0,0,NA,0,0,0,0,0,0,NA,NA,0,0,0,0,0,NA,0,CC
scat_marten,NA,NA,Nextseq533,MACA_P11,08M03,c,lane1-s017-index--ATACATCACA-ACCGGCTCAG-MACAP11,52543,24138,45.94,21%,19,0,0,0,TT,0,0,0,0,0,GG,0,CC,TT,0,0,0,CC,0,0,0,0,0,0,AA,AA,0,0,0,0,CC,0,0,0,0,0,0,0,0,0,0,GG,0,0,0,0,0,0,0,0,0,0,0,TT,0,GG,0,CC,0,0,GG,0,CA,0,GC,0,0,0,0,0,0,TT,0,0,AA,GG,0,0,0,0,0,0,0,0,0,0,GG,GG,0,0,0,0,0,TT,0,0,0,0,GG,0,0,GG,0,0,0,0,0,0,0,0,0,GG,0
scat_marten,1,NA,Nextseq533,MACA_P11,08M03,3,CONSENSUS,31750,15021,44.32,2%,2,0,0,0,0,0,0,0,0,0,0,0,0,0,0,0,0,0,0,0,0,0,0,0,0,AA,0,0,0,0,0,0,0,0,0,0,0,0,0,0,0,0,0,0,0,0,0,0,0,0,0,0,0,0,0,GG,0,0,0,0,0,0,NA,0,0,0,0,NA,0,0,0,TT,0,0,0,GG,0,0,0,0,0,0,0,0,0,0,0,0,0,0,0,0,0,0,0,0,0,0,0,0,0,0,0,0,0,0,0,0,0,0,0,0,NA
scat_marten,NA,NA,Nextseq533,MACA_P11,12M01,a,lane1-s004-index--AATATTGCCA-GCACTACAAC-MACAP11,39281,178,0.45,1%,1,0,0,0,0,0,0,0,0,0,0,0,0,0,0,0,0,0,0,GG,0,0,0,0,CC,0,0,0,0,0,0,0,0,0,0,0,0,0,0,0,0,0,0,0,0,0,0,0,0,NA,0,0,0,0,0,0,0,0,0,0,0,0,0,0,0,0,0,0,0,0,0,0,0,0,AA,0,0,0,0,0,0,0,0,0,0,0,0,0,0,0,0,0,0,0,0,0,NA,0,0,0,0,0,0,NA,NA,0,0,AA,0,0,NA,0,0
scat_marten,NA,NA,Nextseq533,MACA_P11,12M01,b,lane1-s012-index--GGTCCGCTTC-ATGTCGTGGT-MACAP11,69831,186,0.27,0%,0,0,0,0,0,0,0,0,0,0,0,0,0,0,0,0,0,0,0,0,0,0,0,0,CC,0,0,0,0,0,0,0,0,0,0,0,0,0,0,0,0,0,0,0,0,0,0,0,0,0,0,0,0,0,0,0,0,0,0,0,0,0,0,CC,0,0,0,0,0,0,0,0,0,0,0,0,0,0,0,0,0,0,0,0,0,0,0,0,0,0,0,0,0,0,0,0,0,0,0,0,0,0,0,0,0,0,0,0,0,0,0,0,0
scat_marten,NA,NA,Nextseq533,MACA_P11,12M01,c,lane1-s020-index--TTCAAGTATG-TCCAAGAATT-MACAP11,26511,67,0.25,-2%,-2,0,0,0,0,0,0,0,0,0,0,0,0,0,0,0,0,0,0,0,0,0,0,0,0,0,0,0,0,0,0,0,0,0,0,0,0,0,0,0,0,0,0,0,0,0,0,0,0,0,0,0,0,0,0,0,0,0,0,0,0,0,0,0,0,0,0,0,0,0,0,0,0,0,0,0,0,0,0,0,0,0,0,0,0,0,0,0,0,0,0,0,0,0,0,0,0,0,0,0,0,0,0,0,0,0,0,0,0,0,0,0,0
scat_marten,1,NA,Nextseq533,MACA_P11,12M01,3,CONSENSUS,45208,144,0.32,-1%,-1,0,0,0,0,0,0,0,0,0,0,0,0,0,0,0,0,0,0,0,0,0,0,0,CC,0,0,0,0,0,0,0,0,0,0,0,0,0,0,0,0,0,0,0,0,0,0,0,0,0,0,0,0,0,0,0,0,0,0,0,0,0,0,0,0,0,0,0,0,0,0,0,0,0,0,0,0,0,0,0,0,0,0,0,0,0,0,0,0,0,0,0,0,0,0,0,0,0,0,0,0,0,0,0,0,0,0,0,0,0,0,0,0
nontarget,NA,MAAM_AK.sc,Nextseq533,MACA_P12,589B,a,lane1-s751-index--AGGTATGGCG-AGTTAAGAGC-MACAP12,147244,138781,94.25,87%,79,0,GG,AA,CC,GG,TT,GG,GG,AA,AA,CC,CC,0,GG,TT,CC,TT,CC,GG,0,AA,0,CC,CC,GG,AA,0,TT,GG,CC,AA,0,GG,GG,CC,GG,GG,0,CC,AA,GG,0,AA,GG,GG,GG,TT,CC,GG,TT,GG,GG,CC,CC,GG,CC,CC,CC,CC,CC,GG,CC,TT,CC,CC,0,GG,0,CC,0,GG,AA,GG,TT,GG,0,TT,AA,AA,GG,GG,TT,GG,CC,CC,AA,GG,GG,GG,AA,CC,CC,CC,GG,GG,GG,TT,GG,GG,TT,GG,CC,AA,GG,CC,GG,AA,CC,CC,GG,GG,GG
nontarget,NA,MAAM_AK.sc,Nextseq533,MACA_P12,589B,b,lane1-s759-index--TCTATTCAGT-GGATATATCC-MACAP12,165752,156032,94.14,87%,79,0,GG,AA,CC,GG,TT,GG,GG,AA,0,CC,CC,0,GG,TT,CC,TT,CC,GG,0,AA,0,CC,CC,GG,AA,0,TT,GG,CC,AA,0,GG,GG,CC,GG,GG,0,CC,AA,GG,0,AA,GG,GG,GG,TT,CC,GG,TT,GG,GG,CC,CC,GG,CC,CC,CC,CC,CC,GG,CC,TT,CC,CC,GG,GG,0,CC,0,GG,AA,GG,TT,GG,0,TT,AA,AA,GG,GG,TT,GG,CC,CC,AA,GG,GG,GG,AA,CC,CC,CC,GG,GG,GG,TT,GG,GG,TT,GG,CC,AA,GG,CC,GG,AA,CC,CC,GG,GG,GG
nontarget,NA,MAAM_AK.sc,Nextseq533,MACA_P12,589B,c,lane1-s767-index--TATGAACTTG-TGGCTCGCAG-MACAP12,250285,236067,94.32,89%,81,0,GG,AA,CC,GG,TT,GG,GG,AA,AA,CC,CC,0,GG,TT,CC,TT,CC,GG,0,AA,0,CC,CC,GG,AA,0,TT,GG,CC,AA,AG,GG,GG,CC,GG,GG,0,CC,AA,GG,0,AA,GG,GG,GG,TT,CC,GG,TT,GG,GG,CC,CC,GG,CC,CC,CC,CC,CC,GG,CC,TT,CC,CC,GG,GG,0,CC,0,GG,AA,GG,TT,GG,0,TT,AA,AA,GG,GG,TT,GG,CC,CC,AA,GG,GG,GG,AA,CC,CC,CC,GG,GG,GG,TT,GG,GG,TT,GG,CC,AA,GG,CC,GG,AA,CC,CC,GG,GG,GG
nontarget,0,MAAM_AK.sc,Nextseq533,MACA_P12,589B,3,CONSENSUS,187760,176960,94.24,88%,80,0,GG,AA,CC,GG,TT,GG,GG,AA,AA,CC,CC,0,GG,TT,CC,TT,CC,GG,0,AA,0,CC,CC,GG,AA,0,TT,GG,CC,AA,0,GG,GG,CC,GG,GG,0,CC,AA,GG,0,AA,GG,GG,GG,TT,CC,GG,TT,GG,GG,CC,CC,GG,CC,CC,CC,CC,CC,GG,CC,TT,CC,CC,GG,GG,0,CC,0,GG,AA,GG,TT,GG,0,TT,AA,AA,GG,GG,TT,GG,CC,CC,AA,GG,GG,GG,AA,CC,CC,CC,GG,GG,GG,TT,GG,GG,TT,GG,CC,AA,GG,CC,GG,AA,CC,CC,GG,GG,GG
scat_marten,NA,SDunes_M07.sc,Nextseq533,MACA_P11,BLM056,a,lane1-s006-index--AAGATACACG-TCCACGGCCT-MACAP11,94494,86315,91.34,78%,71,0,GA,0,0,GG,TT,0,0,AA,GA,0,CC,TT,0,0,CC,0,TT,CC,0,AA,CT,CC,CC,AA,GG,0,0,GG,CT,AT,AA,GG,GG,CC,GG,0,CC,TT,GG,GA,CC,GG,AA,AA,GG,CC,TT,NA,CC,GT,GG,TT,TT,0,0,CC,CC,TT,GG,0,CC,CC,GG,TT,AA,CC,GG,CC,0,TT,AA,GG,AA,GG,AA,TT,AA,0,GT,AA,TT,AA,CC,TT,GG,GC,TT,AA,0,0,CC,TT,0,GG,NA,CC,GG,GG,0,GG,NA,NA,NA,CC,GG,AA,CC,TT,NA,GG,CC
scat_marten,NA,SDunes_M07.sc,Nextseq533,MACA_P11,BLM056,b,lane1-s014-index--ATTGAGGTCC-TGGTTAAGAA-MACAP11,78374,70140,89.49,81%,74,0,0,CC,CC,GG,TT,0,GG,AA,AA,CC,CC,TT,AA,0,CC,0,CC,CC,0,AA,CT,CC,CC,AA,GG,0,0,GG,CT,0,AA,GG,0,CC,GG,AA,CC,TT,GG,AA,CC,GG,AA,AA,GG,CC,TT,AA,CC,GT,GC,TT,TT,GG,0,CC,CC,CT,0,0,CC,TC,GG,0,AA,CC,GG,CC,0,TT,TA,GG,AA,GG,AA,CT,0,0,TT,AA,TT,AA,CC,TT,GG,GC,TT,GG,0,CC,CC,CT,0,0,GG,CC,GG,GG,0,0,TT,GG,GG,CC,GG,AA,0,TT,GG,GG,CC
scat_marten,NA,SDunes_M07.sc,Nextseq533,MACA_P11,BLM056,c,lane1-s022-index--CACCTCTCTT-TAACCGCCGA-MACAP11,87550,79610,90.93,84%,76,0,GA,0,0,GG,TT,GG,GG,AA,GA,CC,CC,TT,AG,CC,CC,TT,0,CC,0,AA,0,CC,CC,AA,GG,0,TC,GG,CT,AT,AA,GG,GG,CC,0,GG,CC,0,GG,GA,CC,0,AA,AA,GG,CC,TT,AA,CC,TT,GG,TT,TT,GG,CC,CC,CC,CT,GG,GA,CC,TC,GG,CC,AA,CC,GG,CC,0,TT,TA,GG,AA,GG,AA,TT,AA,0,0,AA,TT,AA,CC,TT,GG,GC,TT,0,AA,0,CC,CT,0,GG,GG,CC,GG,GG,CC,GG,TT,GG,0,CC,GG,AA,CC,TT,GG,GG,CC
scat_marten,NA,SDunes_M07.sc,Nextseq552,MACA_P13,BLM056,a,lane1-s025-index--AGAGAACCTA-ACCACGTCTG-M13_BLM056_a_S25.assembled,63031,55193,87.56,87%,79,0,GA,CC,CC,GG,TT,0,GG,AA,0,CC,CC,TT,AA,CC,CC,TC,CT,CC,0,AA,0,CC,CC,AA,GG,0,TC,GG,0,AA,AA,GG,0,CC,GG,AA,,0,GG,GA,CC,GG,AA,AA,GG,CC,TT,AA,CC,TT,CC,TT,TT,GG,CC,CC,CC,CT,CC,GG,CC,TC,GG,TT,AA,CC,GG,CC,0,TT,0,GG,AA,GA,AA,TT,AA,AA,GT,AA,0,AA,CC,TT,GG,GC,TT,GA,AA,CC,CC,CT,0,GG,GG,CC,GG,0,CC,GG,TT,GG,GA,CC,GG,AA,0,TT,GG,GG,CC
scat_marten,NA,SDunes_M07.sc,Nextseq552,MACA_P13,BLM056,b,lane1-s033-index--TCTAGGCGCG-CCTCTTCGAA-M13_BLM056_b_S33.assembled,166129,150569,90.63,89%,81,0,GA,0,CT,GG,TT,0,GG,AA,GA,CC,CC,TT,AG,CC,CC,0,TT,CC,0,AA,CC,CC,CC,AA,GG,0,TC,GG,CT,AT,AA,GG,GG,CC,GG,AA,,0,GG,GA,CC,GG,AA,AA,GG,CC,TT,AA,CC,TT,CC,TT,TT,GG,0,CC,CC,CC,GG,GG,CC,TC,GG,TC,AA,CC,GG,CC,0,TT,TA,GG,AA,GG,AA,CC,AA,AA,GT,AA,TT,AA,CC,TT,GG,GC,TT,GG,AA,CC,CC,CT,GG,GG,GG,CC,GG,0,0,GG,TT,GG,GG,CC,GG,AA,CC,TT,GG,GG,CC
scat_marten,NA,SDunes_M07.sc,Nextseq552,MACA_P13,BLM056,c,lane1-s041-index--CCGGTTCCTA-AGGTTGCAGG-M13_BLM056_c_S41.assembled,166143,150477,90.57,78%,71,0,GA,0,CC,GG,0,AG,GG,AA,GA,0,CC,TT,AA,CC,CC,TC,CT,CC,0,AA,0,CC,CC,AA,GG,0,CC,GG,CT,AA,AA,GG,GG,CC,GG,0,,0,GG,GA,CC,GG,0,AA,GG,CC,TT,AA,CC,TT,0,TT,TT,GG,0,CC,CC,0,0,AA,CC,CC,GG,0,AA,CC,GG,CC,0,TT,AA,GG,AA,GG,AA,CC,AA,0,0,AA,TT,AA,CC,TT,GG,0,TT,AA,0,CC,CC,CT,0,GG,GG,CC,GG,0,0,0,TT,GG,AA,CC,GG,AA,CC,TT,GG,GG,CC
scat_marten,0,SDunes_M07.sc,Nextseq533,MACA_P11,BLM056,6,CONSENSUS,109287,98717,90.09,90%,82,0,GA,CC,NA,GG,TT,NA,GG,AA,GA,CC,CC,TT,AG,CC,CC,TC,CT,CC,0,AA,CT,CC,CC,AA,GG,0,TC,GG,CT,AT,AA,GG,GG,CC,GG,NA,CC,TT,GG,GA,CC,GG,AA,AA,GG,CC,TT,NA,CC,GT,GC,TT,TT,GG,CC,CC,CC,CT,NA,GA,CC,TC,GG,TC,AA,CC,GG,CC,0,TT,TA,GG,AA,NA,AA,CT,AA,AA,GT,AA,TT,AA,CC,TT,GG,GC,TT,GA,AA,CC,CC,CT,GG* (1 rep),GG,GG,CC,GG,GG,CC,GG,TT,NA,NA,CC,GG,AA,CC,TT,GG,GG,CC
scat_marten,NA,SDunes_F20.sc,Nextseq533,MACA_P11,Coos06,a,lane1-s005-index--TCGTGCATTC-TGGTGCCTGG-MACAP11,152033,143329,94.27,92%,84,0,AA,CC,CT,GG,TT,GG,GG,AA,GG,CC,CC,TT,GG,CC,CC,TC,CC,CC,0,AA,CC,CC,CA,AA,GG,0,TC,GA,CC,AA,AA,GA,AA,CT,0,AA,TT,TT,GG,GG,CC,GG,0,AA,GG,CC,TT,NA,CC,GT,GG,TT,TT,GG,CC,CC,CT,CC,0,AA,CC,TC,GG,TT,AA,CC,GA,CT,0,TT,TT,GG,AA,AA,GG,CC,AA,AA,GG,AA,TG,AA,CC,CT,GG,GG,GG,AA,AA,TC,CC,CT,0,0,NA,CC,GG,GG,CC,0,NA,NA,NA,CC,GG,AA,CC,TT,NA,GG,CC
scat_marten,NA,SDunes_F20.sc,Nextseq533,MACA_P11,Coos06,b,lane1-s013-index--CAACGAGAGC-GTAGCCATCA-MACAP11,57118,53111,92.98,92%,84,0,AA,CC,CC,GG,TT,GG,GG,AA,GG,CC,CC,TT,GG,CC,CC,CC,CC,CC,0,AA,CC,CC,CA,AA,GG,0,TC,GA,CC,AA,AA,0,GG,CT,AG,AA,TT,TT,GG,GG,CC,GG,AG,AA,GG,CC,TT,AA,0,GT,GG,TT,TT,GG,CC,CC,CC,CC,0,GA,CC,TC,GG,TT,AA,CC,GA,TT,0,TT,TT,GG,AA,AA,GG,CC,AA,AA,GG,AA,TG,AA,CC,CT,GG,GG,GG,AA,0,TC,CC,CT,0,0,GG,CC,GG,GG,CC,0,TT,0,AA,CC,GG,AA,CC,TT,GG,GG,CC
scat_marten,NA,SDunes_F20.sc,Nextseq533,MACA_P11,Coos06,c,lane1-s021-index--TTAAGACAAG-CCGAACGTTG-MACAP11,75952,70420,92.72,93%,85,0,AA,CC,CT,GG,TT,GG,GG,AA,GG,CC,CC,TT,GG,CC,CC,TC,CC,CC,0,AA,CC,CC,CA,AA,GG,0,TC,GG,CC,AA,AA,0,GA,CT,AG,AA,CT,TT,GG,GG,CC,GG,AG,AA,GG,CC,TT,AA,CC,GT,GG,TT,TT,GG,CC,CC,CC,CC,CG,0,CC,TC,GG,TT,AA,CC,GA,0,0,TT,TT,GG,AA,AA,GG,CC,AA,AA,GG,AA,TG,AA,CC,CT,GG,GG,GG,AA,AA,TC,CC,CT,0,0,GG,CC,GG,GG,CC,GG,TT,GG,AA,CC,GG,AA,CC,TT,GG,GG,CC
scat_marten,0,SDunes_F20.sc,Nextseq533,MACA_P11,Coos06,3,CONSENSUS,95034,88953,93.32,90%,82,0,AA,CC,CT,GG,TT,GG,GG,AA,GG,CC,CC,TT,GG,CC,CC,TC,CC,CC,0,AA,CC,CC,CA,AA,GG,0,TC,GA,CC,AA,AA,0,GA,CT,AG,AA,NA,TT,GG,GG,CC,GG,AG,AA,GG,CC,TT,AA,CC,GT,GG,TT,TT,GG,CC,CC,NA,CC,0,NA,CC,TC,GG,TT,AA,CC,GA,NA,0,TT,TT,GG,AA,AA,GG,CC,AA,AA,GG,AA,TG,AA,CC,CT,GG,GG,GG,AA,AA,TC,CC,CT,0,0,GG,CC,GG,GG,CC,0,TT,GG,GA,CC,GG,AA,CC,TT,GG,GG,CC
scat_marten,NA,Border_F04.sc,Nextseq533,MACA_P11,Lssn01,a,lane1-s007-index--TGCAATGAAT-TTGTAGTGTA-MACAP11,14377,12823,89.19,82%,75,0,AA,CC,TT,GC,TC,0,GG,AA,GG,0,CC,CC,AG,TT,CC,0,CT,CG,0,AA,0,CC,CA,AA,0,0,TC,AA,CC,AT,AA,GG,GA,CT,AG,GG,CT,0,AA,GG,CC,GA,AA,AA,GG,CT,CC,NA,CT,GT,GC,TC,CT,GG,CT,CT,CT,CT,0,AA,CC,TT,GG,TC,AA,CC,GG,CC,0,TT,0,GT,AT,GA,GG,CC,AA,AA,0,0,0,GA,CC,CC,AG,GC,GG,GG,0,TC,CC,CT,0,0,NA,CC,GG,0,CC,0,NA,NA,NA,CC,GG,AA,CC,TT,NA,GG,CC
scat_marten,NA,Border_F04.sc,Nextseq533,MACA_P11,Lssn01,b,lane1-s015-index--GGAGAGACTC-TGTTGTTCGT-MACAP11,8287,7177,86.61,68%,62,0,AA,0,TT,GC,TC,0,0,AA,GG,0,CC,CC,GG,TT,CC,0,CT,CG,0,AA,0,CC,CA,AA,0,0,TC,AA,CC,AT,0,0,GA,CT,AG,AG,CT,0,AA,GG,CC,0,AA,AA,0,CT,CC,0,CT,GT,GC,0,CT,GG,0,CT,CT,CT,0,GA,CC,TT,GG,TC,AA,CC,GG,CC,0,TT,0,GT,AT,GA,GG,CC,0,0,0,0,0,0,CC,CC,AG,GC,0,0,0,TC,CC,CT,0,0,GG,CC,GG,0,0,0,TT,GA,0,CC,GG,AA,CC,TT,GG,GG,CC
scat_marten,NA,Border_F04.sc,Nextseq533,MACA_P11,Lssn01,c,lane1-s023-index--TTCTCGTGCA-CTCCGTGCTG-MACAP11,12122,11002,90.76,81%,74,0,AA,CC,TT,GC,TC,0,0,AA,GG,0,CC,CC,AG,TT,CC,0,CT,CG,0,AA,CC,CC,CA,AA,0,0,TC,AA,CC,AT,AA,0,GA,CT,AG,GG,CT,0,AA,GG,CC,GA,AA,AA,GG,CT,CC,0,CT,GT,GC,TC,CT,GG,CT,CT,CT,CT,0,GA,CC,TT,GG,TC,AA,CC,GG,CC,0,TT,0,GT,AT,GA,GG,CC,AA,AA,0,0,0,GA,CC,CC,AG,GC,GG,GG,0,TC,CC,CT,0,0,GG,CC,GG,0,CC,0,TT,GA,GG,CC,GG,AA,CC,TT,GG,GG,CC
scat_marten,NA,Border_F04.sc,Nextseq552,MACA_P13,LSSN01,a,lane1-s026-index--GATATTGTGT-GTTGTACTCA-M13_LSSN01_a_S26.assembled,11166,10050,90.01,74%,67,0,AA,CC,TT,GC,TC,0,0,AA,GG,0,CC,CC,0,TT,CC,0,CT,CG,0,AA,0,CC,CA,AA,0,0,TC,AA,CC,AT,0,0,GA,CT,AG,GG,,0,AA,GG,CC,GA,AA,AA,GG,CT,CC,0,CT,GT,GC,TC,CT,GG,CT,CT,0,CT,GG,AA,CC,TT,GG,TC,AA,CC,GG,CC,0,TT,0,GT,AT,GA,GG,CC,AA,AA,0,0,0,0,0,CC,AG,GC,0,GG,0,TC,CC,CT,0,0,GG,CC,GG,0,CC,GG,TT,GA,GG,CC,GG,AA,CC,TT,GG,GG,CC
scat_marten,NA,Border_F04.sc,Nextseq552,MACA_P13,LSSN01,b,lane1-s034-index--ATAGCCAAGA-TCATCCTCTT-M13_LSSN01_b_S34.assembled,52809,48492,91.83,91%,83,0,AA,CC,TT,GC,TC,AG,GG,AA,GG,0,CC,CC,GG,TT,CC,TC,CT,CG,0,AA,CC,CC,CA,AA,0,0,TC,AA,CC,AT,AA,GG,GA,CT,AG,GG,,CT,AA,GG,CC,GA,AA,AA,GG,CT,CC,AG,CT,GT,GC,TC,CT,GG,CT,CT,CT,CT,GG,AA,CC,TT,GG,TC,AA,CC,GG,CC,0,TT,TA,GT,AT,GA,GG,CC,AA,AA,0,AG,TT,GA,CC,CC,AG,GC,GG,GG,0,TC,CC,CT,0,0,GG,CC,GG,0,CC,GG,TT,GA,GG,CC,GG,AA,CC,TT,GG,GG,CC
scat_marten,NA,Border_F04.sc,Nextseq552,MACA_P13,LSSN01,c,lane1-s042-index--GGCCAATATT-TAATACGGAG-M13_LSSN01_c_S42.assembled,62512,57513,92,95%,86,0,AA,CC,TT,GC,TC,AG,GG,AA,GG,CT,CC,CC,GG,TT,CC,TC,CT,CG,0,AA,CC,CC,CA,AA,0,0,TC,AA,CC,AT,AA,GG,GA,CT,AG,GG,,CT,AA,GG,CC,GA,AA,AA,GG,CT,CC,AG,CT,GT,GC,TC,CT,GG,CT,CT,CT,CT,GG,AA,CC,TT,GG,TC,AA,CC,GG,CC,0,TT,TA,GT,AT,GA,GG,CC,AA,AA,GG,AG,TT,GA,CC,CC,AG,GC,GG,GG,AA,TC,CC,CT,0,0,GG,CC,GG,0,CC,GG,TT,GA,GG,CC,GG,AA,CC,TT,GG,GG,CC
scat_marten,0,Border_F04.sc,Nextseq533,MACA_P11,Lssn01,6,CONSENSUS,26879,24510,90.07,90%,82,0,AA,CC,TT,GC,TC,AG,GG,AA,GG,0,CC,CC,AG,TT,CC,TC,CT,CG,0,AA,CC,CC,CA,AA,0,0,TC,AA,CC,AT,AA,GG,GA,CT,AG,NA,CT,CT,AA,GG,CC,GA,AA,AA,GG,CT,CC,NA,CT,GT,GC,TC,CT,GG,CT,CT,CT,CT,GG,GA,CC,TT,GG,TC,AA,CC,GG,CC,0,TT,TA,GT,AT,GA,GG,CC,AA,AA,0,AG,TT,GA,CC,CC,AG,GC,GG,GG,0,TC,CC,CT,0,0,GG,CC,GG,0,CC,GG,TT,NA,GG,CC,GG,AA,CC,TT,GG,GG,CC
scat_marten,NA,NA,Nextseq533,MACA_P11,Lssn02,a,lane1-s008-index--CTATGAAGGA-CCACGACACG-MACAP11,84624,81397,96.19,38%,35,0,GG,0,0,GG,CC,0,0,0,0,0,CC,0,0,0,0,CC,0,0,0,0,0,0,0,0,0,0,0,GG,0,0,AA,0,GA,0,0,GG,0,TT,GG,0,TT,GG,0,0,GG,0,0,NA,0,TT,GG,TT,0,0,CC,CC,CT,TT,0,0,CC,TC,0,TT,0,CC,0,CC,0,TT,TT,GG,AA,GG,GG,0,0,0,0,AA,0,0,CC,CC,AG,0,0,GG,0,0,0,0,0,0,NA,0,0,0,CC,0,0,NA,NA,CC,0,0,CC,TT,NA,GG,CC
scat_marten,NA,NA,Nextseq533,MACA_P11,Lssn02,b,lane1-s016-index--CCGCTCCGTT-CCAACAACAT-MACAP11,169561,144514,85.23,31%,28,0,0,0,0,CC,0,0,0,0,0,CC,0,TT,0,0,CC,0,0,0,0,0,CC,0,AA,0,0,0,0,0,CC,AA,AA,GG,0,0,GG,GG,CC,0,0,0,0,0,0,0,0,TT,TT,0,0,0,0,0,0,0,0,0,0,0,GG,0,CA,TT,0,0,AG,CC,GG,CC,0,TT,0,0,AA,GG,0,0,0,0,0,0,0,0,0,CC,0,GG,TT,0,0,TC,0,TT,0,0,0,0,0,0,0,GG,0,0,0,0,0,0,0,TT,0,0,CC
scat_marten,NA,NA,Nextseq533,MACA_P11,Lssn02,c,lane1-s024-index--GCTAGGAAGT-CATTCCAGCT-MACAP11,116792,111363,95.35,40%,36,0,0,0,TT,CC,CC,0,0,0,0,0,CC,TT,AA,0,CC,0,0,0,0,0,0,0,AA,0,0,0,CC,AA,0,0,0,GG,GG,CC,0,0,0,CC,0,0,CC,GG,0,0,GG,CC,TT,0,0,TT,GG,0,0,GG,CC,TT,CT,0,CC,0,CC,0,GG,0,0,0,GG,CC,0,TT,0,0,0,GG,0,0,0,0,0,0,0,0,0,CC,0,0,TT,0,0,TT,CC,CC,0,0,0,CC,0,0,CC,GG,0,0,0,CC,GG,0,CC,TT,GG,GG,0
scat_marten,1,NA,Nextseq533,MACA_P11,Lssn02,3,CONSENSUS,123659,112425,92.26,23%,21,0,0,0,0,NA,CC,0,0,0,0,0,CC,TT,0,0,CC,0,0,0,0,0,0,0,AA,0,0,0,0,NA,0,0,AA,GG,NA,0,0,GG,0,NA,0,0,NA,GG,0,0,GG,NA,TT,0,0,TT,GG,0,0,0,CC,NA,CT,0,NA,0,NA,NA,0,0,0,CC,GG,CC,0,TT,0,0,AA,GG,0,0,0,0,0,0,0,0,0,CC,0,0,TT,0,0,NA,0,NA,0,0,0,0,0,0,CC,GG,0,0,0,CC,0,0,CC,TT,0,GG,CC
scat_marten,NA,Border_F05.sc,Nextseq533,MACA_P11,Lssn03,a,lane1-s025-index--TTAATAGCAC-GGTTATGCTA-MACAP11,26507,23642,89.19,91%,83,0,GG,AC,CT,GC,TT,GG,GG,AA,GG,0,CC,TC,AA,TT,CT,CC,CT,CG,0,AA,CC,CA,AA,AA,0,0,TC,GA,CC,AT,AA,GG,GG,CC,AG,GG,CC,CC,GA,GG,TC,AA,GG,AA,GG,CC,TT,AG,CT,TT,GG,TT,CC,GG,CT,CC,TT,TT,CG,GA,CA,TT,CC,TT,AA,GG,GA,CT,0,TT,0,TT,AT,GG,GG,CC,AA,AA,GT,0,TG,GA,CC,CC,AA,GC,GG,GG,0,CC,CC,CT,0,0,AG,CC,GG,GA,CT,GG,TT,GA,GG,CC,GG,AA,CC,TT,GG,GG,GG
scat_marten,NA,Border_F05.sc,Nextseq533,MACA_P11,Lssn03,b,lane1-s033-index--TCGACGCTAG-CGAAGGTTAA-MACAP11,28011,26212,93.58,62%,56,0,GG,0,0,CC,TT,GG,GG,0,GG,0,CC,0,0,0,TT,CC,CC,GG,0,AA,0,0,0,0,0,0,0,0,CC,0,AA,GG,GG,0,0,GG,CC,0,GG,GG,TC,AA,GG,AA,GG,CC,TT,GG,CT,TT,0,TT,0,GG,0,CC,TT,0,0,0,CA,TT,CC,TT,AA,0,GA,0,0,TT,TT,TT,AT,0,GG,0,AA,AA,GG,0,TT,AA,CC,0,AA,CC,GG,GG,AA,CC,0,CC,0,0,0,0,GG,AA,0,0,TT,GA,GG,CC,0,AA,CC,0,GG,GG,0
scat_marten,NA,Border_F05.sc,Nextseq533,MACA_P11,Lssn03,c,lane1-s041-index--GAGCTTGCCG-TATATTCGAG-MACAP11,12917,11471,88.81,85%,77,0,GG,AC,CT,GC,TT,GG,GG,AA,GG,0,CC,TC,AA,TT,CT,CC,CT,CG,0,AA,CC,CA,AA,AA,0,0,TC,GA,CC,AT,0,0,GG,CC,AG,GG,CC,0,GA,GG,TC,AA,GG,AA,GG,CC,TT,AG,CT,TT,GG,TT,CC,GG,CT,CC,TT,TT,CG,GA,CA,TT,CC,TT,AA,GG,GA,CT,0,TT,0,TT,AT,GG,GG,CC,AA,AA,0,0,0,0,CC,CC,AA,GC,GG,GG,0,CC,CC,CT,0,0,AG,CC,GG,GA,CT,GG,TT,GA,GG,CC,GG,AA,CC,TT,GG,GG,GG
scat_marten,0,Border_F05.sc,Nextseq533,MACA_P11,Lssn03,2,CONSENSUS,22478,20442,90.53,87%,79,0,GG,AC,CT,GC,TT,GG,GG,AA,GG,0,CC,TC,AA,TT,CT,CC,CT,CG,0,AA,CC,CA,AA,AA,0,0,TC,GA,CC,AT,AA,GG,GG,CC,AG,GG,CC,0,GA,GG,TC,AA,GG,AA,GG,CC,TT,AG,CT,TT,GG,TT,CC,GG,CT,CC,TT,TT,CG,GA,CA,TT,CC,TT,AA,GG,GA,CT,0,TT,0,TT,AT,GG,GG,CC,AA,AA,NA,0,NA,NA,CC,CC,AA,GC,GG,GG,0,CC,CC,CT,0,0,AG,CC,GG,GA,CT,GG,TT,GA,GG,CC,GG,AA,CC,TT,GG,GG,GG
scat_marten,NA,Border_M02.sc,Nextseq533,MACA_P11,Lssn05,a,lane1-s026-index--CATTCACGCT-ACCACACGGT-MACAP11,33655,30016,89.19,92%,84,0,AA,CC,TT,CC,TT,AG,GG,AT,GG,0,CC,TT,AG,TC,CC,TC,CC,CG,0,AA,CC,CA,CA,AA,GG,0,CC,GA,CC,AT,AA,GG,AA,CT,GG,GG,TT,CT,AA,GG,CC,GG,AA,AG,GG,CT,TC,AG,CC,GG,GG,TC,TT,GG,CC,CT,CT,TT,CG,GA,CA,TT,GG,TT,AA,CG,GA,CT,0,TT,0,GT,AA,GA,GA,CC,AA,AA,GG,AA,0,GA,CC,TT,GG,CC,GG,GG,0,TC,CC,TT,0,GG,AG,CC,GG,GA,CC,GG,TC,GG,GG,CC,GG,AA,CC,TT,GG,GG,CG
scat_marten,NA,Border_M02.sc,Nextseq533,MACA_P11,Lssn05,b,lane1-s034-index--CTCGTAGGCA-AGTGCCACTG-MACAP11,112253,101365,90.3,97%,88,0,AA,CC,TT,CC,TT,AG,GG,AT,GG,CC,CC,TT,GG,TC,CC,TC,CC,CG,0,AA,CC,CA,CA,AA,GG,0,CC,GA,CC,AT,AA,GG,AA,CT,GG,GG,TT,CT,AA,GG,CC,GG,AA,AG,GG,CT,TC,AG,CC,GG,GG,TC,TT,GG,CC,CT,CT,TT,CG,GA,CA,TT,GG,TT,AA,CG,GA,CT,0,TT,TA,GT,AA,GA,GA,CC,AA,AA,GG,AA,TT,GA,CC,TT,GG,CC,GG,GG,AA,TC,CC,TT,0,GG,AG,CC,GG,GA,CC,GG,TC,GG,GG,CC,GG,AA,CC,TT,GG,GG,CG
scat_marten,NA,Border_M02.sc,Nextseq533,MACA_P11,Lssn05,c,lane1-s042-index--AGCTAGCTTC-CGGTCCGATA-MACAP11,19256,16726,86.86,84%,76,0,AA,CC,TT,CC,TT,0,GG,AT,GG,0,CC,TT,AG,TC,CC,0,CC,CG,0,AA,0,CA,CA,AA,GG,0,CC,GA,CC,AT,AA,0,AA,CT,GG,GG,TT,0,AA,GG,CC,GG,AA,AG,GG,CT,TC,0,CC,GG,GG,TC,TT,GG,CC,CT,CT,TT,CG,GA,CA,TT,GG,TT,AA,CG,GA,CT,0,TT,0,GT,AA,GA,GA,CC,AA,AA,0,0,0,GA,CC,TT,GG,CC,GG,GG,0,TC,CC,TT,0,GG,AG,CC,GG,0,CC,GG,TC,GG,GG,CC,GG,AA,CC,TT,GG,GG,CG
scat_marten,0,Border_M02.sc,Nextseq533,MACA_P11,Lssn05,3,CONSENSUS,55055,49369,88.78,92%,84,0,AA,CC,TT,CC,TT,AG,GG,AT,GG,0,CC,TT,AG,TC,CC,TC,CC,CG,0,AA,CC,CA,CA,AA,GG,0,CC,GA,CC,AT,AA,GG,AA,CT,GG,GG,TT,CT,AA,GG,CC,GG,AA,AG,GG,CT,TC,AG,CC,GG,GG,TC,TT,GG,CC,CT,CT,TT,CG,GA,CA,TT,GG,TT,AA,CG,GA,CT,0,TT,0,GT,AA,GA,GA,CC,AA,AA,GG,AA,0,GA,CC,TT,GG,CC,GG,GG,0,TC,CC,TT,0,GG,AG,CC,GG,GA,CC,GG,TC,GG,GG,CC,GG,AA,CC,TT,GG,GG,CG
scat_marten,NA,Border_M03.sc,Nextseq533,MACA_P11,Lssn06,a,lane1-s027-index--GGCACTAAGG-TAGGTTCTCT-MACAP11,35896,31103,86.65,93%,85,0,AA,AC,CT,GG,CC,GG,GG,AA,GG,0,CC,CC,GG,TT,CC,CC,TT,CG,0,AA,CT,CC,CA,AA,GG,0,TC,AA,CC,AT,AA,GG,AA,CT,AG,GG,CT,CC,GA,GG,TC,GA,AA,AG,GG,CC,TC,AG,TT,GG,GG,TC,CT,GG,CC,CC,CT,CT,CG,AA,CC,TT,GC,TC,AA,GG,GG,CC,0,TT,AA,GT,AT,GA,GA,CC,AA,AA,GG,AG,0,GG,CG,TT,AG,GG,GG,GG,0,TT,CC,TT,0,GG,GG,CC,GG,GA,CT,GG,TC,AA,GG,CC,GG,AA,CC,TT,GG,GG,GG
scat_marten,NA,Border_M03.sc,Nextseq533,MACA_P11,Lssn06,b,lane1-s035-index--AAGTTCTAGT-GAACAAGTAT-MACAP11,3012,2016,66.93,51%,46,0,AA,0,CT,GG,CC,0,0,0,0,0,0,0,0,TT,CC,0,TT,CG,0,AA,0,CC,CA,AA,0,0,0,0,CC,AT,0,0,AA,CT,AG,0,CT,0,GA,GG,TC,0,AA,AG,GG,CC,TC,0,0,GG,0,0,0,GG,CC,CC,0,CT,0,0,CC,0,GC,0,AA,GG,0,CC,0,TT,0,GT,AT,GA,0,CC,AA,AA,0,0,0,0,0,TT,0,GG,0,0,0,TT,CC,TT,0,GG,GG,CC,GG,0,CT,0,TC,0,0,CC,GG,AA,CC,TT,GG,GG,GG
scat_marten,NA,Border_M03.sc,Nextseq533,MACA_P11,Lssn06,c,lane1-s043-index--CAATCCTTGT-ACAATAGAGT-MACAP11,8714,7064,81.06,79%,72,0,AA,AC,CT,GG,CC,0,GG,AA,GG,0,CC,CC,GG,TT,CC,0,TT,CG,0,AA,0,CC,CA,AA,0,0,TC,AA,CC,AT,0,0,AA,CT,AG,GG,CT,0,GA,GG,TC,GA,AA,AG,GG,CC,TC,AG,TT,GG,GG,TC,CT,GG,CC,CC,0,CT,CG,AA,CC,TC,GC,TC,AA,GG,GG,CC,0,TT,0,GT,AT,GA,GA,CC,AA,AA,0,0,0,0,0,TT,AG,GG,GG,GG,0,TT,CC,TT,0,GG,GG,CC,GG,GA,CT,GG,TC,AA,GG,CC,GG,AA,CC,TT,GG,GG,GG
scat_marten,NA,Border_M03.sc,Nextseq552,MACA_P13,LSSN06,a,lane1-s027-index--CGTACAGGAA-TCAGGTCAAC-M13_LSSN06_a_S27.assembled,102622,91962,89.61,95%,86,0,AA,AC,CT,GG,CC,GG,GG,AA,GG,CT,CC,CC,GG,TT,CC,CC,TT,CG,0,AA,CT,CC,CA,AA,GG,0,TC,AA,CC,AT,AA,GG,AA,CT,AG,GG,,CC,GA,GG,TC,GA,AA,AG,GG,CC,TC,AG,TT,GG,GG,TC,CT,GG,CC,CC,CT,CT,CG,AA,CC,TT,GC,TC,AA,GG,GG,CC,0,TT,AA,GT,AT,GA,GA,CC,AA,AA,GG,0,TT,GG,CG,TT,AG,GG,GG,GG,AA,TT,CC,TT,0,GG,GG,CC,GG,0,CT,GG,TC,AA,GG,CC,GG,AA,CC,TT,GG,GG,GG
scat_marten,NA,Border_M03.sc,Nextseq552,MACA_P13,LSSN06,b,lane1-s035-index--TTCGGTGTGA-GGTAAGATAA-M13_LSSN06_b_S35.assembled,14427,12380,85.81,80%,73,0,AA,AC,CT,GG,CC,0,0,AA,GG,0,CC,CC,GG,TT,CC,0,TT,CG,0,AA,0,CC,CA,AA,0,0,TC,AA,CC,AT,AA,0,AA,CT,AG,GG,,0,GA,GG,TC,GA,AA,AG,GG,CC,TC,0,TT,GG,GG,TC,CT,GG,CC,CC,CT,CT,CG,AA,CC,TT,GC,TC,AA,GG,GG,CC,0,TT,0,GT,AT,GA,GA,CC,AA,AA,0,0,0,GG,CG,TT,AG,GG,GG,GG,0,TT,CC,TT,0,GG,GG,CC,GG,0,CT,GG,TC,AA,GG,CC,GG,AA,CC,TT,GG,GG,GG
scat_marten,NA,Border_M03.sc,Nextseq552,MACA_P13,LSSN06,c,lane1-s043-index--GAATACCTAT-CGAAGACGCA-M13_LSSN06_c_S43.assembled,18631,16091,86.37,87%,79,0,AA,AC,CT,GG,CC,GG,GG,AA,GG,0,CC,CC,GG,TT,CC,CC,TT,CG,0,AA,CT,CC,CA,AA,GG,0,TC,AA,CC,AT,AA,0,AA,CT,AG,GG,,CC,GA,GG,TC,GA,AA,AG,GG,CC,TC,0,TT,GG,GG,TC,CT,GG,CC,CC,CT,CT,CG,AA,CC,TT,GC,TC,AA,GG,GG,CC,0,TT,0,GT,AT,GA,GA,CC,AA,AA,0,0,0,GG,CG,TT,AG,GG,GG,GG,0,TT,CC,TT,0,GG,GG,CC,GG,0,CT,GG,TC,AA,GG,CC,GG,AA,CC,TT,GG,GG,GG
scat_marten,0,Border_M03.sc,Nextseq533,MACA_P11,Lssn06,6,CONSENSUS,30550,26769,83,91%,83,0,AA,AC,CT,GG,CC,GG,GG,AA,GG,0,CC,CC,GG,TT,CC,CC,TT,CG,0,AA,CT,CC,CA,AA,GG,0,TC,AA,CC,AT,AA,GG,AA,CT,AG,GG,CT,CC,GA,GG,TC,GA,AA,AG,GG,CC,TC,AG,TT,GG,GG,TC,CT,GG,CC,CC,CT,CT,CG,AA,CC,NA,GC,TC,AA,GG,GG,CC,0,TT,AA,GT,AT,GA,GA,CC,AA,AA,GG,0,0,GG,CG,TT,AG,GG,GG,GG,0,TT,CC,TT,0,GG,GG,CC,GG,GA,CT,GG,TC,AA,GG,CC,GG,AA,CC,TT,GG,GG,GG
scat_marten,NA,NA,Nextseq533,MACA_P11,Lssn09,a,lane1-s028-index--ATTCGGTACA-TATGGCTCGA-MACAP11,80634,1815,2.25,7%,6,0,AA,0,0,0,0,0,0,0,0,0,0,0,AA,0,0,0,0,0,0,0,0,0,AA,0,0,0,0,0,0,0,0,0,0,0,0,0,0,0,0,0,0,0,0,0,0,0,TT,0,0,0,0,0,0,0,0,0,0,0,CC,0,0,0,CC,0,0,0,0,0,0,0,0,0,0,0,0,0,AA,AA,0,0,0,0,0,0,0,0,0,0,0,0,0,0,0,0,0,0,0,0,0,GG,0,0,0,0,0,0,0,0,0,0,0
scat_marten,NA,NA,Nextseq533,MACA_P11,Lssn09,b,lane1-s036-index--CCAAGAGGTG-ACGATTGCTG-MACAP11,140391,3007,2.14,9%,8,0,0,0,0,0,0,0,0,0,0,0,0,0,0,0,0,0,0,0,0,0,0,0,AA,0,0,0,0,0,0,0,0,0,0,0,0,0,CC,0,0,GA,TT,0,0,0,0,0,0,0,0,GG,0,0,0,0,0,0,0,0,0,0,0,TT,CC,0,0,0,0,0,0,0,0,0,AA,0,0,0,AA,0,0,0,0,0,0,0,0,GG,0,0,0,0,0,0,0,0,0,0,GG,0,0,0,0,0,0,0,0,0,0,0,0,0,0
scat_marten,NA,NA,Nextseq533,MACA_P11,Lssn09,c,lane1-s044-index--CACCTGTTGC-CGGTTATTAG-MACAP11,84342,7653,9.07,11%,10,0,AA,0,CC,0,0,0,0,0,0,0,0,0,AA,0,0,0,0,0,0,0,0,0,0,0,0,0,0,0,0,0,0,0,0,0,0,0,0,0,0,0,0,0,0,0,0,0,0,0,0,0,0,0,0,GG,0,0,0,0,CC,0,0,0,CC,0,0,0,0,0,0,0,0,GT,0,0,GG,0,AA,AA,0,0,0,0,0,CC,AG,0,0,0,0,0,0,0,0,0,0,0,0,0,0,GG,0,0,0,0,0,0,0,TT,0,0,0
scat_marten,1,NA,Nextseq533,MACA_P11,Lssn09,3,CONSENSUS,101789,4158,4.49,5%,5,0,AA,0,0,0,0,0,0,0,0,0,0,0,AA,0,0,0,0,0,0,0,0,0,AA,0,0,0,0,0,0,0,0,0,0,0,0,0,0,0,0,0,0,0,0,0,0,0,0,0,0,0,0,0,0,0,0,0,0,0,CC,0,0,0,CC,0,0,0,0,0,0,0,0,0,0,0,0,0,AA,AA,0,0,0,0,0,0,0,0,0,0,0,0,0,0,0,0,0,0,0,0,0,GG,0,0,0,0,0,0,0,0,0,0,0
scat_marten,NA,Lssn_M67.tr,Nextseq533,MACA_P11,Lssn10,a,lane1-s029-index--ACTAATCTCC-CTCGTGCGTT-MACAP11,5986,5004,83.6,65%,59,0,GA,0,CT,GC,TT,AA,GG,0,GG,0,0,0,AG,TT,0,0,TT,CC,0,AA,0,CC,AA,AA,0,0,CC,GG,CC,TT,0,0,GA,CC,AG,0,CC,0,GG,GG,CC,0,AG,AA,0,CT,TC,AA,CT,GT,0,TT,TT,GA,0,CC,0,CC,0,GG,AA,TT,CC,TC,GG,CG,0,CC,0,TG,0,GT,0,GG,GG,CC,AA,AA,0,0,0,0,0,CC,0,CC,TT,GG,0,TC,CT,CC,0,GG,AG,CC,GG,GG,0,0,TT,GA,GG,CC,GG,AA,CC,TT,GG,GG,CG
scat_marten,NA,Lssn_M67.tr,Nextseq533,MACA_P11,Lssn10,b,lane1-s037-index--ATATCTGCTT-ATACCTGGAT-MACAP11,50805,44017,86.64,93%,85,0,GA,0,CC,GC,TT,AA,GG,AT,GG,CC,CC,TT,GG,0,TT,TT,CT,CC,0,AA,CC,CC,AA,AA,GG,0,CC,GG,CC,TT,AA,GG,GA,CC,AG,AA,CC,CC,GG,GG,CC,GG,AG,AA,TT,CT,TC,AA,CT,GG,CC,TT,TT,GA,CT,CC,CC,CC,CC,GG,AA,TT,CC,TC,GG,CG,0,CC,0,TG,TA,GT,AA,GG,GG,CC,AA,AA,GT,GG,GG,GA,CC,CC,AA,CC,TT,GG,CC,TC,CT,CC,0,GG,AG,CC,GG,GG,CC,GG,TT,GA,GG,CC,GG,AA,CC,TT,GG,GG,CG
scat_marten,NA,Lssn_M67.tr,Nextseq533,MACA_P11,Lssn10,c,lane1-s045-index--CGTCACCTTG-GATAACAAGT-MACAP11,29223,27113,92.78,88%,80,0,GA,0,0,GC,TT,AA,GG,AT,GG,0,CC,TT,GG,TT,TT,TT,CT,CC,0,AA,CC,CC,AA,AA,0,0,CC,GG,CC,TT,AA,GG,GA,CC,AG,AA,CC,CC,GG,GG,CC,GG,AG,AA,TT,CT,TC,0,CT,GT,CC,TT,TT,GA,CT,CC,CC,CC,CC,GG,AA,TT,CC,TC,GG,CG,0,CC,0,TG,TA,GT,AA,GG,GG,CC,AA,AA,GT,0,0,GA,CC,CC,AA,CC,TT,GG,CC,TC,CT,CC,0,GG,AG,CC,GG,0,CC,GG,TT,GA,GG,CC,GG,AA,CC,TT,GG,GG,CG
scat_marten,0,Lssn_M67.tr,Nextseq533,MACA_P11,Lssn10,3,CONSENSUS,28671,25378,87.67,88%,80,0,GA,0,NA,GC,TT,AA,GG,AT,GG,0,CC,TT,NA,TT,TT,TT,CT,CC,0,AA,CC,CC,AA,AA,0,0,CC,GG,CC,TT,AA,GG,GA,CC,AG,AA,CC,CC,GG,GG,CC,GG,AG,AA,TT,CT,TC,AA,CT,GT,CC,TT,TT,GA,CT,CC,CC,CC,CC,GG,AA,TT,CC,TC,GG,CG,0,CC,0,TG,TA,GT,AA,GG,GG,CC,AA,AA,GT,0,0,GA,CC,CC,AA,CC,TT,GG,CC,TC,CT,CC,0,GG,AG,CC,GG,GG,CC,GG,TT,GA,GG,CC,GG,AA,CC,TT,GG,GG,CG
known_scat,NA,Lssn_M66.tr,Nextseq533,MACA_P11,Lssn11,a,lane1-s030-index--TGTGTTAGTA-CCAGTTGGCA-MACAP11,68988,61254,88.79,89%,81,0,GG,CC,TT,0,TT,AA,0,0,GG,CC,CC,CC,AA,TT,TT,TT,CC,GG,0,AA,CC,CC,AA,AA,GG,0,CC,GA,CC,TT,AA,GG,GG,CC,AG,AA,CC,CC,GG,GG,TT,AA,GG,AA,TT,TT,TT,AA,0,GT,CC,TC,CT,GA,CT,CC,0,CC,CC,GG,CC,TT,GC,TT,AA,CG,GG,CC,0,TG,AA,GG,AA,GG,GG,CC,AA,AA,GT,0,TG,AA,CC,CC,AA,0,TT,GG,CC,TT,CT,CC,0,GG,AG,TT,GG,GG,CT,GG,TT,0,GG,CC,GG,AA,CC,TT,GG,GG,CG
known_scat,NA,Lssn_M66.tr,Nextseq533,MACA_P11,Lssn11,b,lane1-s038-index--TGGATCTGGC-TCCAATTCTA-MACAP11,210032,194950,92.82,95%,86,0,GG,CC,TT,GC,TC,AA,GG,AA,GG,0,0,CC,AA,TT,TT,TT,CC,GG,0,AA,CC,CC,AA,AA,GG,0,CC,GA,CC,TT,AA,GG,GG,CC,AG,AG,CC,CC,GG,GG,TT,AA,GG,AA,TT,TT,TT,AA,CT,TT,CC,CC,CT,GA,CT,CC,CC,CC,CC,GG,CC,TT,GC,TT,AA,CG,GG,CC,0,TG,AA,GG,AA,GG,GG,CC,AA,AA,GT,GG,TG,AA,CC,CC,AA,GG,TT,GG,CC,TC,CC,CC,GG,GG,AG,TT,GG,GG,CT,GG,TT,GA,GG,CC,GG,AA,CC,TT,GG,GG,CG
known_scat,NA,Lssn_M66.tr,Nextseq533,MACA_P11,Lssn11,c,lane1-s046-index--AATGACTGGT-AGTTATCACA-MACAP11,74355,68982,92.77,96%,87,0,GG,CC,TT,GC,TC,AA,GG,TT,GG,CC,CT,CC,AA,TT,TT,TT,CC,GG,0,AA,CC,CC,AA,AA,GG,0,CC,GA,CC,TT,AA,GG,GG,CC,AG,AG,CC,CC,GG,GG,TT,AA,GG,AA,TT,TT,TT,AA,CC,TT,CC,TC,CC,GA,CT,CC,CC,CC,CC,GG,CC,TT,0,TT,AA,CG,GG,CC,0,TG,AA,GG,AA,GG,GG,CC,AA,AA,GT,GG,TG,AA,CC,CC,AA,GC,TT,GG,CC,TC,CT,CC,GG,GG,AG,TT,GG,GG,CT,GG,TT,GG,GG,CC,GG,AA,CC,TT,GG,GG,CG
known_scat,0,Lssn_M66.tr,Nextseq533,MACA_P11,Lssn11,3,CONSENSUS,117792,108395,91.46,91%,83,0,GG,CC,TT,GC,TC,AA,GG,NA,GG,CC,NA,CC,AA,TT,TT,TT,CC,GG,0,AA,CC,CC,AA,AA,GG,0,CC,GA,CC,TT,AA,GG,GG,CC,AG,AG,CC,CC,GG,GG,TT,AA,GG,AA,TT,TT,TT,AA,NA,NA,CC,TC,CT,GA,CT,CC,CC,CC,CC,GG,CC,TT,GC,TT,AA,CG,GG,CC,0,TG,AA,GG,AA,GG,GG,CC,AA,AA,GT,GG,TG,AA,CC,CC,AA,NA,TT,GG,CC,TC,CT,CC,GG,GG,AG,TT,GG,GG,CT,GG,TT,NA,GG,CC,GG,AA,CC,TT,GG,GG,CG
scat_marten,NA,SOreg_M10.tr,Nextseq533,MACA_P12,MACA25,a,lane1-s749-index--GGTGAGTAAT-TAGGAGCGCA-MACAP12,302676,272533,90.04,97%,88,0,AA,AC,CT,GG,TT,AG,GG,AA,GG,CC,CC,TT,AA,TC,CC,TC,CC,CC,0,AA,CC,CC,AA,AA,GG,0,TC,AA,CC,AA,AA,GG,GA,TT,GG,AG,CT,CT,AA,AA,TC,GG,AA,AA,GT,CC,TT,AA,CT,TT,GG,TT,CT,GG,TT,CT,CC,CT,CG,GA,CA,TT,GC,TT,AA,CC,GG,CC,0,TG,TT,GT,AA,GA,GG,CT,AA,AA,GG,GG,TG,GG,CG,CC,AG,GC,GG,GG,AC,TC,CC,CT,0,GG,GG,CC,GG,GG,CC,GG,TT,GA,GG,CC,GG,AA,CC,TT,GG,GG,CC
scat_marten,NA,SOreg_M10.tr,Nextseq533,MACA_P12,MACA25,b,lane1-s757-index--GTTGCGTTCA-TAGGAAGACT-MACAP12,253044,223120,88.17,96%,87,0,AA,AC,CT,GG,TT,AG,GG,AA,GG,CC,CC,TT,AA,TC,CC,TC,CC,CC,0,AA,CC,CC,AA,AA,GG,0,TC,AA,CC,AA,AA,GG,GA,TT,GG,AG,CT,CT,AA,AA,TC,GG,AA,AA,GT,CC,TT,AA,CT,TT,GG,TT,CT,GG,TT,CT,CC,CT,CG,GA,CA,TT,GC,TT,AA,CC,GG,CC,0,TG,0,GT,AA,GA,GG,CT,AA,AA,GG,GG,TG,GG,CG,CC,AG,GC,GG,GG,AC,TC,CC,CT,0,GG,GG,CC,GG,GG,CC,GG,TT,GA,GG,CC,GG,AA,CC,TT,GG,GG,CC
scat_marten,NA,SOreg_M10.tr,Nextseq533,MACA_P12,MACA25,c,lane1-s765-index--TGGTTCTCAT-GTTCCGCAGG-MACAP12,186584,165348,88.62,95%,86,0,AA,0,CT,GG,TT,AG,GG,AA,GG,CC,CC,TT,AA,TC,CC,TC,CC,CC,0,AA,CC,CC,AA,AA,GG,0,TC,AA,CC,AA,AA,GG,GA,TT,GG,AG,CT,CT,AA,AA,TC,GG,AA,AA,GT,CC,TT,AA,CT,TT,GG,TT,CT,GG,TT,CT,CC,CT,CG,GA,CA,TT,GC,TT,AA,CC,GG,CC,0,TG,0,GT,AA,GA,GG,CT,AA,AA,GG,GG,TG,GG,CG,CC,AG,GC,GG,GG,AC,TC,CC,CT,0,GG,GG,CC,GG,GG,CC,GG,TT,GA,GG,CC,GG,AA,CC,TT,GG,GG,CC
scat_marten,0,SOreg_M10.tr,Nextseq533,MACA_P12,MACA25,3,CONSENSUS,247435,220334,88.94,96%,87,0,AA,AC,CT,GG,TT,AG,GG,AA,GG,CC,CC,TT,AA,TC,CC,TC,CC,CC,0,AA,CC,CC,AA,AA,GG,0,TC,AA,CC,AA,AA,GG,GA,TT,GG,AG,CT,CT,AA,AA,TC,GG,AA,AA,GT,CC,TT,AA,CT,TT,GG,TT,CT,GG,TT,CT,CC,CT,CG,GA,CA,TT,GC,TT,AA,CC,GG,CC,0,TG,0,GT,AA,GA,GG,CT,AA,AA,GG,GG,TG,GG,CG,CC,AG,GC,GG,GG,AC,TC,CC,CT,0,GG,GG,CC,GG,GG,CC,GG,TT,GA,GG,CC,GG,AA,CC,TT,GG,GG,CC
known_scat,NA,SOreg_M13.tr,Nextseq533,MACA_P11,MACA28,a,lane1-s031-index--CAACGACCTA-TGTTCGCATT-MACAP11,364544,333737,91.55,56%,51,0,AA,0,0,GG,TT,0,0,AA,0,0,CC,0,AA,CC,0,TT,0,CC,0,AA,CC,CA,CA,AA,GG,0,TT,GG,CC,0,0,0,0,0,0,AA,0,CC,GA,GA,CC,0,AA,0,0,CC,TT,0,0,0,0,0,CC,GG,0,TT,CC,0,CC,0,CC,TT,CC,CC,AA,0,GG,0,0,TT,TT,GG,AA,0,GG,CC,AA,AA,0,0,0,GG,0,CC,AA,GG,GG,0,0,TT,CC,TT,0,GG,AG,0,GG,0,0,GG,0,0,0,0,GG,AA,0,TT,0,GG,0
known_scat,NA,SOreg_M13.tr,Nextseq533,MACA_P11,MACA28,b,lane1-s039-index--TTGAATCCAA-TGAGACAGCG-MACAP11,229541,207118,90.23,55%,50,0,AA,0,0,GG,0,0,0,AA,GG,0,CC,TT,AA,0,0,TT,CC,0,0,AA,CC,AA,CC,0,GG,0,TT,GG,CC,0,0,0,GG,TT,0,0,CC,0,AA,GA,CC,0,0,0,0,CC,TT,AA,TT,0,0,TT,0,GG,0,TT,CC,CC,0,0,CA,0,CC,0,0,CC,GG,0,0,TT,TT,GG,AA,GG,GG,0,AA,0,0,0,0,GG,GG,CC,0,GG,GG,0,CC,TT,CC,TT,0,0,AA,CC,GG,GG,0,0,0,AA,0,0,GG,0,CC,TT,0,GG,CC
known_scat,NA,SOreg_M13.tr,Nextseq533,MACA_P11,MACA28,c,lane1-s047-index--ATGATTCCGG-TTCCAGGTAA-MACAP11,218440,197540,90.43,59%,54,0,AA,0,0,GG,TT,0,GG,0,0,0,CC,TT,AA,0,TT,CC,0,0,0,AA,CC,0,0,AA,GG,0,TT,AA,CC,AA,GG,0,AA,TT,0,0,CC,CC,AA,AA,CC,GG,0,AA,0,CC,TT,0,0,0,GC,0,0,0,0,CC,CC,TT,0,0,AA,0,CC,TC,AA,CC,GG,CC,0,TT,TT,0,AA,0,GG,0,AA,AA,0,0,TT,0,GG,0,AA,GG,GG,GG,0,TT,CC,TT,0,GG,0,CC,GG,0,0,0,TT,0,GG,0,GG,0,CC,0,0,GG,CC
known_scat,NA,SOreg_M13.tr,Nextseq552,MACA_P13,MACA28,a,lane1-s031-index--GCTGACGTTG-GCGACTCGAT-M13_MACA28_a_S31.assembled,403149,379512,94.14,62%,56,0,0,AA,TT,GC,0,0,GG,AA,GG,0,0,TT,AA,CC,CC,TT,TT,0,0,AA,0,0,CC,AA,0,0,TT,AA,CC,0,GG,0,0,TT,0,GG,,CC,0,AA,CC,GG,AA,0,TT,CC,TT,AA,TT,TT,0,TT,CC,0,0,CC,CC,CC,CC,GG,AA,TT,CC,0,AA,CC,GG,0,0,TT,TT,TT,AA,GG,GG,CC,0,0,GG,0,0,0,0,CC,AA,GG,0,0,0,TT,0,0,GG,GG,0,CC,GG,0,0,GG,0,AA,0,CC,0,0,0,TT,GG,GG,CC
known_scat,NA,SOreg_M13.tr,Nextseq552,MACA_P13,MACA28,b,lane1-s039-index--TGGCCTCTGT-GTCACGGTGT-M13_MACA28_b_S39.assembled,430407,397595,92.38,59%,54,0,0,AA,CC,CC,TT,0,0,0,0,0,CC,0,AA,CC,CC,0,0,CC,0,0,0,AA,CC,AA,0,0,TT,0,CC,0,0,GG,0,CC,0,GG,,0,0,GA,CC,GG,AA,0,TT,CC,TT,0,0,TT,CC,0,CT,0,0,TT,CC,CC,0,0,CA,TT,CC,TT,AA,CC,GG,CC,0,TT,0,TT,AA,GG,GG,CC,AA,AA,0,0,0,0,0,CC,AA,GG,GG,GG,AA,TT,CC,TT,0,GG,AA,CC,GG,0,0,0,0,0,GG,CC,GG,AA,0,TT,GG,GG,CC
known_scat,NA,SOreg_M13.tr,Nextseq552,MACA_P13,MACA28,c,lane1-s047-index--GTTGGATGAA-CTCTGACGTG-M13_MACA28_c_S47.assembled,422892,389936,92.21,64%,58,0,0,0,0,GG,TT,0,GG,0,GG,0,CC,TT,AA,0,0,TC,0,CC,0,AA,CC,0,AA,AA,GG,0,TT,0,CC,AA,0,0,0,CC,AA,GG,,CC,AA,0,CC,GG,0,0,GG,CC,TT,0,TT,TT,0,TT,CC,GG,CC,TT,CC,CT,0,GG,CA,TT,CC,0,AA,CC,GG,TT,0,TT,TT,GT,AA,GG,GG,CC,0,0,0,0,TT,GG,GG,CC,0,GG,GG,GG,CC,0,0,TT,0,0,0,CC,GG,0,CC,0,0,AA,GG,CC,0,AA,0,TT,GG,GG,CC
known_scat,0.5,SOreg_M13.tr,Nextseq533,MACA_P11,MACA28,6,CONSENSUS,344829,317573,92,74%,67,0,AA,AA,NA,NA,TT,0,GG,AA,GG,0,CC,TT,AA,CC,NA,TC,NA,CC,0,AA,CC,NA,CA,AA,GG,0,TT,GA,CC,AA,GG,0,NA,CT,0,NA,CC,CC,NA,GA,CC,GG,AA,0,NA,CC,TT,AA,TT,TT,NA,TT,NA,GG,0,CT,CC,CT,CC,GG,CA,TT,CC,TC,AA,CC,GG,NA,0,TT,TT,GT,AA,GG,GG,CC,AA,AA,0,0,TT,GG,GG,CC,AA,GG,GG,GG,NA,TT,CC,TT,GG* (1 rep),GG,NA,CC,GG,0,0,GG,0,AA,GG,CC,GG,AA,CC,TT,GG,GG,CC
scat_marten,NA,NA,Nextseq533,MACA_P11,MACA31s,a,lane1-s032-index--CGGTCGGCAT-AACCGCATCG-MACAP11,348997,92045,26.37,7%,6,0,0,0,0,0,0,0,0,0,0,0,0,0,AA,0,0,0,0,0,0,0,0,0,0,0,0,0,0,0,0,0,AA,0,0,0,0,0,0,0,0,0,0,0,0,0,0,0,0,0,0,0,0,0,TT,0,0,0,0,0,0,0,AA,0,0,0,0,0,0,0,0,TT,0,0,0,0,0,0,AA,0,0,0,0,GG,0,0,GG,0,0,0,0,0,0,0,0,0,0,0,0,0,0,0,0,0,0,0,0,0,0,0,0,0,0
scat_marten,NA,NA,Nextseq533,MACA_P11,MACA31s,b,lane1-s040-index--CACGGCTAGT-ACGCTAATTA-MACAP11,516782,180447,34.92,9%,8,0,0,0,0,0,0,0,0,0,0,0,0,TT,0,0,0,0,CC,0,0,0,0,0,AA,AA,0,0,0,0,0,0,AA,0,0,0,0,0,0,0,0,AA,0,0,0,0,0,0,0,0,0,0,0,0,TT,0,0,0,0,0,0,0,0,0,0,0,0,0,0,0,0,0,0,0,0,0,0,0,AA,0,0,0,0,0,0,CC,0,0,GG,0,0,0,0,0,0,0,0,0,GG,0,0,0,0,0,0,0,0,0,0,TT,0,0,0
scat_marten,NA,NA,Nextseq533,MACA_P11,MACA31s,c,lane1-s048-index--TTAGGCTCAA-CATGTAGAGG-MACAP11,196038,25141,12.82,3%,3,0,AA,0,0,0,0,0,0,0,0,0,0,0,0,0,0,0,0,0,0,0,0,0,AA,0,0,0,0,0,0,0,0,0,0,0,0,0,0,0,0,0,0,0,0,0,0,0,0,0,0,GG,0,0,0,0,0,0,0,0,0,0,0,0,GG,0,0,0,0,0,0,0,0,0,0,0,GG,0,0,0,0,0,0,0,0,0,0,0,0,0,0,0,0,0,0,0,0,0,0,0,0,0,0,0,0,0,0,0,0,0,GG,0,0
scat_marten,1,NA,Nextseq533,MACA_P11,MACA31s,3,CONSENSUS,353939,99211,24.7,2%,2,0,0,0,0,0,0,0,0,0,0,0,0,0,0,0,0,0,0,0,0,0,0,0,AA,0,0,0,0,0,0,0,AA,0,0,0,0,0,0,0,0,0,0,0,0,0,0,0,0,0,0,0,0,0,TT,0,0,0,0,0,0,0,0,0,0,0,0,0,0,0,0,0,0,0,0,0,0,0,AA,0,0,0,0,0,0,0,0,0,0,0,0,0,0,0,0,0,0,0,0,0,0,0,0,0,0,0,0,0,0,0,0,0,0
known_scat,NA,NA,Nextseq533,MACA_P11,MACA42,a,lane1-s049-index--TGTAAGGTGG-GATTGTCATA-MACAP11,121580,104193,85.7,37%,34,0,GG,0,CT,CC,TT,0,0,AA,0,0,CC,0,GG,0,CC,0,0,0,0,AA,0,0,AA,GG,0,0,CC,0,0,0,0,0,0,0,0,0,CC,0,AA,AA,TT,0,AG,0,GG,CC,TT,0,0,0,0,0,0,0,CC,CC,CC,CC,0,0,CC,TT,GG,0,AA,0,GA,CT,0,TT,0,GG,TT,0,GG,CC,0,0,0,0,0,0,0,0,GG,0,0,0,0,0,0,0,0,0,0,0,GG,0,CC,0,0,0,0,0,0,0,0,0,0,GG,0
known_scat,NA,NA,Nextseq533,MACA_P11,MACA42,b,lane1-s057-index--CTGAATTAGT-TATTCCTCAG-MACAP11,380141,357662,94.09,30%,27,0,AA,0,TT,0,TT,0,0,AA,0,0,0,TT,GG,CC,CC,0,0,CG,0,AA,0,0,AA,0,GG,0,0,AA,CC,0,AA,0,0,0,0,0,0,0,0,AA,CC,0,0,0,0,CC,0,0,0,0,0,0,0,0,0,CC,CC,0,0,0,AA,0,0,0,0,0,GG,CC,0,TT,0,0,0,0,GA,0,0,0,0,GG,0,0,0,0,0,GG,0,0,0,0,CC,CT,0,GG,0,0,GG,0,0,0,0,0,0,0,GG,AA,0,0,0,GG,0
known_scat,NA,NA,Nextseq533,MACA_P11,MACA42,c,lane1-s065-index--GATATCACAC-CTTCAGTTAC-MACAP11,344701,323691,93.9,29%,26,0,GG,AA,CC,0,0,0,0,AA,0,0,0,0,GG,0,CC,0,0,0,0,AA,0,0,AA,0,GG,0,0,AA,CC,AA,0,GG,0,0,0,0,0,0,AA,0,CC,0,0,0,0,0,TT,0,0,0,0,TT,0,0,0,0,TT,CC,0,0,0,TT,0,0,0,0,AA,0,0,TT,TT,0,AA,0,GG,0,0,0,0,0,0,0,0,0,GG,0,0,0,0,0,CC,TT,0,0,0,0,0,0,0,0,0,0,0,0,GG,0,0,0,0,0,0
known_scat,1,NA,Nextseq533,MACA_P11,MACA42,3,CONSENSUS,282141,261849,91.23,21%,19,0,NA,0,CT,0,TT,0,0,AA,0,0,0,0,GG,0,CC,0,0,0,0,AA,0,0,AA,0,GG,0,0,AA,CC,0,0,0,0,0,0,0,0,0,AA,AA,NA,0,0,0,0,CC,TT,0,0,0,0,0,0,0,0,CC,NA,CC,0,0,NA,TT,0,0,0,0,GA,NA,0,TT,0,0,NA,0,NA,0,0,0,0,0,0,0,0,0,GG,0,0,0,0,0,CC,NA,0,0,0,0,GG,0,0,0,0,0,0,0,GG,0,0,0,0,GG,0
scat_marten,NA,NA,Nextseq533,MACA_P12,MACA54B,a,lane1-s748-index--AGTTAATGCT-TACGAATCTT-MACAP12,709543,680324,95.88,90%,82,0,0,AC,CT,CC,TT,0,GG,TT,GG,CC,CC,CC,AA,TC,CC,TC,CT,CG,0,AA,TT,CC,CA,AA,GG,0,TT,AA,CC,AA,AA,GG,GG,TT,GG,AG,CT,CC,AA,GA,TC,GG,GG,0,GT,TT,TT,AA,TT,GG,GG,TC,0,GG,TT,CC,TT,TT,GG,GG,CA,TT,0,TT,GG,CC,GG,TT,0,TG,TT,GG,AA,GA,GG,CC,GG,GG,GG,AA,TT,GA,CC,CC,AG,GG,GG,GG,CC,0,CC,TT,0,GG,GG,CC,GG,GG,CC,GG,0,AA,GG,CC,GG,AA,CC,TT,GG,GG,CC
scat_marten,NA,NA,Nextseq533,MACA_P12,MACA54B,b,lane1-s756-index--AACGGTCTAT-CCTAGAGTAT-MACAP12,452029,429780,95.08,93%,85,0,GA,0,CT,CC,TT,0,GG,AT,GG,CC,CC,CC,AA,TC,CC,TC,CC,CG,0,AA,TT,CC,CA,AA,GG,0,TC,AA,CC,AA,AA,GG,GG,TT,GG,AG,CC,CC,AA,GA,TC,GG,AG,GG,0,TT,TT,AA,TT,GG,GG,CC,CT,GG,TT,CT,TT,TT,GG,GG,CA,TT,GC,TT,GG,CC,GG,TT,0,TG,TT,GG,AA,GA,GG,CC,GG,GG,GG,AA,TT,GA,CC,CC,AG,GG,GG,GG,CC,TC,CC,TT,GG,GG,GG,CC,GG,GG,CC,GG,CC,AA,GG,CC,GG,AA,CC,TT,GG,GG,CC
scat_marten,NA,NA,Nextseq533,MACA_P12,MACA54B,c,lane1-s764-index--GGATTATGGA-ACGGAATGCG-MACAP12,566537,525408,92.74,92%,84,0,GA,AA,CT,CC,TT,0,GG,AT,GG,CC,CC,CC,AA,CC,CC,TC,CC,CG,0,AA,TT,CC,CA,AA,GG,0,TC,AA,CC,AA,AA,GG,GG,TT,GG,AG,CT,CC,AA,AA,TC,GG,AG,AG,GT,TT,TT,AA,TT,GG,GG,0,CT,GG,TT,CC,TT,TT,GG,GG,CA,TT,GC,TT,GG,CC,GG,TT,0,TG,TT,GG,AA,GA,GG,CC,GG,GG,GG,AA,TT,GA,CC,CC,0,GG,GG,GG,CC,TC,0,CT,GG,GG,GG,CC,GG,GG,CC,GG,TC,AA,GG,CC,0,AA,CC,TT,GG,GG,CC
scat_marten,0,NA,Nextseq533,MACA_P12,MACA54B,3,CONSENSUS,576036,545171,94.57,89%,81,0,GA,NA,CT,CC,TT,0,GG,AT,GG,CC,CC,CC,AA,TC,CC,TC,NA,CG,0,AA,TT,CC,CA,AA,GG,0,TC,AA,CC,AA,AA,GG,GG,TT,GG,AG,CT,CC,AA,GA,TC,GG,AG,NA,GT,TT,TT,AA,TT,GG,GG,NA,CT,GG,TT,NA,TT,TT,GG,GG,CA,TT,GC,TT,GG,CC,GG,TT,0,TG,TT,GG,AA,GA,GG,CC,GG,GG,GG,AA,TT,GA,CC,CC,AG,GG,GG,GG,CC,TC,CC,NA,GG,GG,GG,CC,GG,GG,CC,GG,NA,AA,GG,CC,GG,AA,CC,TT,GG,GG,CC
known_scat,NA,NA,Nextseq533,MACA_P12,MACA55B,a,lane1-s747-index--TGTCTGGCCT-GCTACATTAG-MACAP12,352869,330966,93.79,97%,88,0,GG,AC,CT,CC,TT,AA,GA,AA,GG,CT,CC,TT,GG,TT,CC,TT,CC,CC,0,AA,CT,CC,CA,AA,GG,0,TT,AA,CC,AA,AA,GG,GA,CT,AG,AG,CT,CT,GA,GA,TT,AA,GG,AG,GG,CC,TT,AA,TT,GT,GG,TT,TT,GG,CC,CT,CT,TT,CC,GG,CC,TT,GC,TC,AA,CG,AA,CC,0,TG,TT,GT,AT,GG,GA,CC,AA,GA,GG,GG,TT,GA,CG,CC,AA,GG,GG,GG,AC,TC,CC,CC,GG,GG,GG,CC,GG,GG,CC,GG,TC,AA,GG,CC,GG,AA,CC,TT,GG,GG,CG
known_scat,NA,NA,Nextseq533,MACA_P12,MACA55B,b,lane1-s755-index--CTGAGCCGGT-ATTAATACGC-MACAP12,181674,168290,92.63,97%,88,0,GG,AC,CT,CC,TT,AA,GA,AA,GG,CT,CC,TT,GG,TT,CC,TT,CC,CC,0,AA,CT,CC,CA,AA,GG,0,TT,AA,CC,AA,AA,GG,GA,CT,AG,AG,CT,CT,GA,GA,TT,AA,GG,AG,GG,CC,TT,AA,TT,GT,GG,TT,TT,GG,CC,CT,CT,TT,CC,GG,CC,TT,GC,TC,AA,CG,AA,CC,0,TG,TT,GT,AT,GG,GA,CC,AA,GA,GG,GG,TT,GA,CG,CC,AA,GG,GG,GG,AC,TC,CC,CC,GG,GG,GG,CC,GG,GG,CC,GG,TC,AA,GG,CC,GG,AA,CC,TT,GG,GG,CG
known_scat,NA,NA,Nextseq533,MACA_P12,MACA55B,c,lane1-s763-index--ATTGATACTG-TCTTGGCTAT-MACAP12,150167,138102,91.97,97%,88,0,GG,AC,CT,CC,TT,AA,GA,AA,GG,CT,CC,TT,GG,TT,CC,TT,CC,CC,0,AA,CT,CC,CA,AA,GG,0,TT,AA,CC,AA,AA,GG,GA,CT,AG,AG,CT,CT,GA,GA,TT,AA,GG,AG,GG,CC,TT,AA,TT,GT,GG,TT,TT,GG,CC,CT,CT,TT,CC,GG,CC,TT,GC,TC,AA,CG,AA,CC,0,TG,TT,GT,AT,GG,GA,CC,AA,GA,GG,GG,TT,GA,CG,CC,AA,GG,GG,GG,AC,TC,CC,CC,GG,GG,GG,CC,GG,GG,CC,GG,TC,AA,GG,CC,GG,AA,CC,TT,GG,GG,CG
known_scat,0,NA,Nextseq533,MACA_P12,MACA55B,3,CONSENSUS,228237,212453,92.8,97%,88,0,GG,AC,CT,CC,TT,AA,GA,AA,GG,CT,CC,TT,GG,TT,CC,TT,CC,CC,0,AA,CT,CC,CA,AA,GG,0,TT,AA,CC,AA,AA,GG,GA,CT,AG,AG,CT,CT,GA,GA,TT,AA,GG,AG,GG,CC,TT,AA,TT,GT,GG,TT,TT,GG,CC,CT,CT,TT,CC,GG,CC,TT,GC,TC,AA,CG,AA,CC,0,TG,TT,GT,AT,GG,GA,CC,AA,GA,GG,GG,TT,GA,CG,CC,AA,GG,GG,GG,AC,TC,CC,CC,GG,GG,GG,CC,GG,GG,CC,GG,TC,AA,GG,CC,GG,AA,CC,TT,GG,GG,CG
scat_marten,NA,Lssn_M61.tr,Nextseq533,MACA_P12,MACA62,a,lane1-s746-index--ACCTGGCCAA-GTATAGCTGT-MACAP12,475296,441889,92.97,93%,85,0,GG,0,TT,GC,TC,AA,GG,AT,GG,CT,CC,TT,AA,TC,TT,TT,CC,CG,0,AA,CC,CC,AA,AA,GG,0,CC,GG,CC,TT,AA,GG,GA,CC,AA,AA,CC,CC,GG,GG,TC,GG,AA,AA,TT,TT,TC,AA,0,GT,CC,TT,TT,GA,0,CC,CC,CC,CC,GG,CA,TT,CC,TT,AG,CG,GG,CC,0,TT,AA,GG,AA,GG,GG,CC,AA,AA,GG,GG,TG,GA,CC,CC,AA,GC,TT,GG,CC,TC,CT,CC,GG,GG,AA,CT,GG,GG,CC,GG,TT,0,GG,CC,GG,AA,CC,TT,GG,GG,CG
scat_marten,NA,Lssn_M61.tr,Nextseq533,MACA_P12,MACA62,b,lane1-s754-index--AGTGCGAGTG-CTAGTCCGGA-MACAP12,218098,206426,94.65,93%,85,0,GG,AC,TT,GC,TC,AA,GG,AT,GG,CT,CC,TT,0,TC,TT,TT,CC,CG,0,AA,CC,CC,AA,AA,GG,0,CC,GG,CC,TT,AA,GG,GA,CC,AA,AA,CC,CC,GG,GG,TC,GG,AA,AA,TT,TT,TC,AA,CT,GT,CC,TT,TT,GG,CT,CC,CC,CC,CC,GG,CA,TT,CC,TT,0,CG,GG,CC,0,TT,AA,GG,AA,GG,GG,CC,AA,AA,GG,GG,TG,0,CC,CC,AA,GC,TT,GG,CC,TC,CT,CC,GG,GG,AA,CT,GG,GG,CC,GG,TT,GA,GG,CC,GG,AA,CC,TT,GG,GG,CG
scat_marten,NA,Lssn_M61.tr,Nextseq533,MACA_P12,MACA62,c,lane1-s762-index--CCGCGGTTCT-CGGCAAGCTC-MACAP12,163223,154572,94.7,93%,85,0,GG,0,TT,GC,TC,AA,0,AT,GG,CT,CC,TT,AA,TC,TT,TT,CC,CG,0,AA,CC,CC,AA,AA,GG,0,CC,GG,CC,TT,AA,GG,GG,CC,AA,AA,CC,CC,GG,GG,TC,GG,AA,AA,TT,TT,TC,AA,TT,GT,CC,TT,TT,GA,CT,CC,CC,CC,CC,GG,CA,TT,CC,TT,AG,CG,GG,CC,0,TT,AA,GG,AA,GG,GG,CC,AA,AA,GG,GG,0,GA,CC,CC,AA,GC,TT,GG,CC,TC,CT,CC,GG,GG,AA,CT,GG,GG,CC,GG,TT,AA,GG,CC,GG,AA,CC,TT,GG,GG,CG
scat_marten,0,Lssn_M61.tr,Nextseq533,MACA_P12,MACA62,3,CONSENSUS,285539,267629,94.11,95%,86,0,GG,0,TT,GC,TC,AA,GG,AT,GG,CT,CC,TT,AA,TC,TT,TT,CC,CG,0,AA,CC,CC,AA,AA,GG,0,CC,GG,CC,TT,AA,GG,GA,CC,AA,AA,CC,CC,GG,GG,TC,GG,AA,AA,TT,TT,TC,AA,NA,GT,CC,TT,TT,GA,CT,CC,CC,CC,CC,GG,CA,TT,CC,TT,AG,CG,GG,CC,0,TT,AA,GG,AA,GG,GG,CC,AA,AA,GG,GG,TG,GA,CC,CC,AA,GC,TT,GG,CC,TC,CT,CC,GG,GG,AA,CT,GG,GG,CC,GG,TT,NA,GG,CC,GG,AA,CC,TT,GG,GG,CG
scat_marten,NA,Lssn_F34.sc,Nextseq533,MACA_P12,MACA64,a,lane1-s745-index--GTGTACCTTC-CCTCGCAACC-MACAP12,636634,577147,90.66,97%,88,0,AA,CC,CC,CC,TC,AA,GG,AT,GG,CC,CC,TC,GG,TT,CT,TT,TT,CG,0,AA,CC,CC,AA,AA,GG,0,CC,GG,CC,AT,AA,GG,GG,CC,AG,AG,CC,CC,GG,GG,TC,GG,GG,AA,TT,CT,TT,AA,TT,GT,GC,TC,TT,GA,CT,CC,CC,CC,CC,GG,CA,TT,GC,CC,AG,CG,GG,CC,0,GG,TA,GT,AA,GA,GG,CC,AA,AA,GT,GG,TG,GG,CC,CC,AA,CC,TT,GG,CC,TC,CT,CC,0,0,GG,CC,GG,GG,CC,GG,TT,AA,GG,CC,GG,AA,CC,TT,GG,GG,CG
scat_marten,NA,Lssn_F34.sc,Nextseq533,MACA_P12,MACA64,b,lane1-s753-index--GCCATATAAC-GAGTGTGCCG-MACAP12,293728,263798,89.81,97%,88,0,AA,CC,CC,CC,TC,AA,GG,AT,GG,CC,CC,TC,GG,TT,CT,TT,TT,CG,0,AA,CC,CC,AA,AA,GG,0,CC,GG,CC,AT,AA,GG,GG,CC,AG,AG,CC,CC,GG,GG,TC,GG,GG,AA,TT,CT,TT,AA,TT,GT,GC,TC,TT,GA,CT,CC,CC,CC,CC,GG,CA,TT,GC,CC,AG,CG,GG,CC,0,GG,TA,GT,AA,GA,GG,CC,AA,AA,GT,GG,TG,GG,CC,CC,AA,CC,TT,GG,CC,TC,CT,CC,0,0,GG,CC,GG,GG,CC,GG,TT,AA,GG,CC,GG,AA,CC,TT,GG,GG,CG
scat_marten,NA,Lssn_F34.sc,Nextseq533,MACA_P12,MACA64,c,lane1-s761-index--TGAGTACAAC-AACGTTACAT-MACAP12,1300169,1191326,91.63,97%,88,0,AA,CC,CC,CC,TC,AA,GG,AT,GG,CC,CC,TC,GG,TT,CT,TT,TT,CG,0,AA,CC,CC,AA,AA,GG,0,CC,GG,CC,AT,AA,GG,GG,CC,AG,AG,CC,CC,GG,GG,TC,GG,GG,AA,TT,CT,TT,AA,TT,GT,GC,TC,TT,GA,CT,CC,CC,CC,CC,GG,CA,TT,GC,CC,AG,CG,GG,CC,0,GG,TA,GT,AA,GA,GG,CC,AA,AA,GT,GG,TG,GG,CC,CC,AA,CC,TT,GG,CC,TC,CT,CC,0,0,GG,CC,GG,GG,CC,GG,TT,AA,GG,CC,GG,AA,CC,TT,GG,GG,CG
scat_marten,0,Lssn_F34.sc,Nextseq533,MACA_P12,MACA64,3,CONSENSUS,743510,677424,90.7,97%,88,0,AA,CC,CC,CC,TC,AA,GG,AT,GG,CC,CC,TC,GG,TT,CT,TT,TT,CG,0,AA,CC,CC,AA,AA,GG,0,CC,GG,CC,AT,AA,GG,GG,CC,AG,AG,CC,CC,GG,GG,TC,GG,GG,AA,TT,CT,TT,AA,TT,GT,GC,TC,TT,GA,CT,CC,CC,CC,CC,GG,CA,TT,GC,CC,AG,CG,GG,CC,0,GG,TA,GT,AA,GA,GG,CC,AA,AA,GT,GG,TG,GG,CC,CC,AA,CC,TT,GG,CC,TC,CT,CC,0,0,GG,CC,GG,GG,CC,GG,TT,AA,GG,CC,GG,AA,CC,TT,GG,GG,CG
scat_marten,NA,Lssn_F35.sc,Nextseq533,MACA_P12,MACA65,a,lane1-s728-index--AGCTGATGTC-CTGCACTTCA-MACAP12,502150,463197,92.24,92%,84,0,GG,CC,CT,GC,TT,AA,GA,AA,GG,TT,CT,TC,GG,TT,CT,TT,CT,0,0,AA,CC,CC,AA,AA,AA,0,TC,GG,CC,TT,AA,AA,GG,CT,AA,GG,CC,CC,GG,GG,TC,GA,AG,AA,GT,CT,TT,AA,TT,TT,CC,TT,TT,0,TT,CC,CC,CC,CC,GG,CA,TT,GC,TC,AA,CC,GG,CT,0,TT,AA,GG,AA,GA,GG,CC,0,0,GG,AG,GG,GA,CC,CC,AA,GC,GT,GA,CC,CC,CC,CT,0,0,AG,CT,GG,GG,CC,GG,TT,AA,GA,CC,GG,AA,CC,TT,GG,GG,CC
scat_marten,NA,Lssn_F35.sc,Nextseq533,MACA_P12,MACA65,b,lane1-s736-index--CGCATTCCGT-TTGAGGACGG-MACAP12,543305,469388,86.39,90%,82,0,GG,0,CT,GC,TT,AA,AA,AA,GG,CT,CT,TC,GG,TT,CT,TT,CC,CG,0,0,CC,CC,AA,AA,0,0,TC,0,CC,TT,AA,GA,GG,CT,AA,GG,CC,CC,GG,GG,TC,GG,GG,AA,GT,CT,TT,AA,TT,TT,CC,TT,TT,GG,TT,CC,CC,CC,CC,GG,CA,TT,GC,0,AA,CC,GG,CT,0,TT,TA,GG,AA,GA,GG,CC,AA,AA,GG,AA,GG,GA,CC,CC,AA,0,GT,GA,CC,CC,CC,CT,0,0,GG,CT,GG,GG,CC,GG,TT,AA,GA,CC,GG,AA,CC,TT,GG,GG,CC
scat_marten,NA,Lssn_F35.sc,Nextseq533,MACA_P12,MACA65,c,lane1-s744-index--CGACAAGGAT-CCACCTGTGT-MACAP12,2122181,1892953,89.2,91%,83,0,GG,CC,0,0,TT,AA,0,AA,GG,CT,CT,0,GG,TT,CT,TT,TT,CG,0,0,CC,CC,AA,AA,AA,0,TC,GG,CC,TT,AA,GA,GG,CT,AA,GG,CC,CC,GG,GG,TC,GA,AA,AA,GT,CT,TT,AA,CC,TT,CC,TT,TT,GA,TT,CC,CC,CC,CC,GG,CA,TT,GC,TT,AA,CC,GG,CT,0,TT,TA,GG,AA,GA,GG,CC,AA,AA,GG,AG,GG,GA,CC,CC,AA,GC,GT,AA,CC,CC,CC,CT,0,0,AG,CT,GG,GG,CC,GG,TT,GG,AA,CC,GG,AA,CC,TT,GG,GG,CC
scat_marten,0,Lssn_F35.sc,Nextseq533,MACA_P12,MACA65,3,CONSENSUS,1055879,941846,89.28,91%,83,0,GG,CC,CT,GC,TT,AA,NA,AA,GG,CT,CT,TC,GG,TT,CT,TT,CT,CG,0,0,CC,CC,AA,AA,AA,0,TC,GG,CC,TT,AA,GA,GG,CT,AA,GG,CC,CC,GG,GG,TC,GA,AG,AA,GT,CT,TT,AA,NA,TT,CC,TT,TT,NA,TT,CC,CC,CC,CC,GG,CA,TT,GC,NA,AA,CC,GG,CT,0,TT,TA,GG,AA,GA,GG,CC,AA,AA,GG,AG,GG,GA,CC,CC,AA,GC,GT,GA,CC,CC,CC,CT,0,0,AG,CT,GG,GG,CC,GG,TT,NA,GA,CC,GG,AA,CC,TT,GG,GG,CC
known_scat,NA,Lssn_M64.tr,Nextseq533,MACA_P12,MACA69,a,lane1-s727-index--TCTTACGCCG-CGCTTGAAGT-MACAP12,412750,392711,95.15,79%,72,0,GG,0,TT,GG,0,0,0,AA,GG,0,CC,TT,GG,TT,TT,TT,TT,CG,0,AA,0,CC,AA,AA,GG,0,CC,GG,CC,TT,AA,GG,AA,CC,GG,AA,CC,0,GG,GG,TT,GG,AG,AA,TT,TT,TT,0,CC,GG,0,TT,TT,AA,0,CC,CC,CC,CC,GG,CA,TT,CC,0,GG,GG,0,CC,0,TG,AA,0,AT,GG,GG,CC,AA,AA,TT,GG,TT,GG,0,CC,AA,GC,GT,GG,0,CC,0,CC,0,0,AA,CC,GG,0,0,GG,TT,GG,GG,CC,0,AA,CC,TT,GG,GG,GG
known_scat,NA,Lssn_M64.tr,Nextseq533,MACA_P12,MACA69,b,lane1-s735-index--ACTTACTTCA-CACGGATTAT-MACAP12,234662,208380,88.8,79%,72,0,GG,CC,TT,GG,TT,AA,GG,AA,GG,0,CT,TT,GG,0,TT,TT,CT,CG,0,AA,CC,CC,AA,AA,GG,0,0,GG,CC,TT,AA,GG,0,0,GG,AG,CC,0,GG,GG,TT,GG,AA,AA,0,TT,CC,AA,0,GT,0,TT,CC,AA,CC,CC,CC,CC,CC,0,CA,TT,CC,TT,GG,0,0,CC,0,TG,AA,GG,AA,GG,GG,CC,AA,AA,GG,GG,0,GG,0,CC,AA,GC,0,GG,0,CC,CC,CC,GG,GG,AA,0,GG,GG,CC,GG,TT,0,GG,CC,GG,AA,0,TT,GG,GG,0
known_scat,NA,Lssn_M64.tr,Nextseq533,MACA_P12,MACA69,c,lane1-s743-index--TCGTTGCTGC-TTGAGCCTAA-MACAP12,1391598,1289207,92.64,65%,59,0,GG,0,CT,GG,0,AA,GG,AA,GG,0,CC,TT,GG,0,TT,TT,CC,0,0,AA,0,0,AA,AA,GG,0,0,GG,CC,TT,AA,GG,GG,CC,0,0,CC,CC,GG,GG,TT,0,AA,0,TT,TT,TT,AA,CC,0,0,0,0,0,CC,CC,CC,CC,0,GG,AA,TT,CC,0,AA,GG,0,CC,0,0,AA,GG,AT,GG,GG,CC,0,0,GT,GG,TT,GG,0,CC,0,GG,0,GG,0,CC,0,CC,0,0,0,CC,GG,GG,CC,0,0,GG,GG,0,0,0,CC,TT,0,GG,GG
known_scat,NA,Lssn_M64.tr,Nextseq552,MACA_P13,MACA69,a,lane1-s078-index--ATTGTTCGTC-CCTTACTATG-M13_MACA69_a_S78.assembled,541736,524156,96.75,63%,57,0,GG,CC,CC,GG,TT,AA,0,AA,GG,0,CC,TT,GG,TT,TT,TT,0,GG,0,AA,0,0,AA,0,GG,0,CC,GG,CC,TT,0,GG,0,CC,AA,0,,CC,GG,GG,TT,GG,0,0,TT,TT,TT,AA,CC,GG,CC,0,0,GG,0,CC,CC,CC,0,GG,CA,TT,CC,CC,GG,0,0,CC,0,TT,AA,0,AT,GG,GG,0,0,0,0,GG,0,GG,0,0,0,GC,0,0,0,CC,CC,CC,0,GG,0,CC,GG,0,0,0,0,GG,0,CC,GG,AA,0,0,GG,GG,0
known_scat,NA,Lssn_M64.tr,Nextseq552,MACA_P13,MACA69,b,lane1-s086-index--AATTCTTGGA-TTATGCGCCT-M13_MACA69_b_S86.assembled,469360,434159,92.5,66%,60,0,GG,0,CT,GG,TT,0,0,AA,GG,CT,CC,TT,GG,TT,TT,TT,CC,CG,0,AA,CC,0,0,AA,GG,0,CC,GG,CC,0,AA,GG,0,CC,GG,0,,CC,GG,GG,TT,GG,AA,AA,TT,0,TC,0,0,0,CC,TT,0,0,CC,CC,CC,CC,CC,GG,CA,TT,CC,0,GG,GG,0,CC,0,0,AA,0,AT,GG,GG,CC,AA,AA,0,GG,0,0,CC,CC,0,GC,0,0,0,CC,0,CC,0,0,0,CC,GG,0,CC,GG,TT,0,0,0,0,AA,0,TT,0,GG,GG
known_scat,NA,Lssn_M64.tr,Nextseq552,MACA_P13,MACA69,c,lane1-s094-index--CACCTTAATC-CAAGTTCATA-M13_MACA69_c_S94.assembled,686821,641443,93.39,58%,53,0,GG,0,0,GG,0,0,0,AA,0,0,CC,TT,GG,TT,TT,0,0,GG,0,AA,CC,0,AA,AA,GG,0,0,GG,CC,0,AA,0,GA,CC,0,0,,CC,GG,GG,TT,0,0,0,TT,TT,0,AA,CC,0,CC,0,TT,0,0,CC,CC,CC,CC,GG,CA,TT,CC,0,0,GG,0,CC,0,GG,AA,GG,0,GG,GG,CC,0,0,0,GG,0,GG,0,CC,AA,GG,0,GG,AA,0,CC,CC,0,GG,0,CC,GG,0,0,GG,0,GG,GG,0,GG,AA,CC,TT,0,GG,GG
known_scat,0.5,Lssn_M64.tr,Nextseq533,MACA_P12,MACA69,6,CONSENSUS,622821,581676,93,80%,73,0,GG,CC,CT,GG,TT,AA,GG,AA,GG,0,NA,TT,GG,TT,TT,TT,CT,CG,0,AA,CC,CC,AA,AA,GG,0,CC,GG,CC,TT,AA,GG,GA,CC,NA,NA,CC,CC,GG,GG,TT,GG,NA,AA,TT,TT,TC,AA,CC,NA,CC,TT,NA,NA,CC,CC,CC,CC,CC,GG,CA,TT,CC,NA,NA,GG,0,CC,0,TG,AA,GG,AT,GG,GG,CC,AA,AA,GT,GG,TT,GG,0,CC,AA,GC,0,GG,0,CC,0,CC,GG* (1 rep),GG* (3/6 reps),NA,CC,GG,GG,CC,GG,TT,GG,GG,CC,GG,AA,CC,TT,0,GG,GG
blank,NA,NA,Nextseq533,MACA_P12,NTC12,a,lane1-s752-index--TCCAGCCTGC-TCGCGTATAA-MACAP12,8946,11,0.12,-2%,-2,0,0,0,0,0,0,0,0,0,0,0,0,0,NA,0,0,0,0,0,0,0,0,0,0,0,0,0,0,0,0,0,0,0,0,0,0,0,0,0,0,0,0,0,0,0,0,0,0,NA,0,0,0,0,0,0,0,0,0,0,0,0,0,0,0,0,0,0,0,0,0,0,0,0,0,0,0,0,0,NA,0,0,0,0,0,0,0,0,0,0,0,0,0,0,0,0,NA,0,0,0,0,0,0,NA,NA,0,0,0,0,0,NA,0,0
blank,NA,NA,Nextseq533,MACA_P12,NTC12,b,lane1-s760-index--CAAGACGTCC-CACCTCTTGG-MACAP12,9057,4,0.04,-2%,-2,0,0,0,0,0,0,0,0,0,0,0,0,0,NA,0,0,0,0,0,0,0,0,0,0,0,0,0,0,0,0,0,0,0,0,0,0,0,0,0,0,0,0,0,0,0,0,0,0,NA,0,0,0,0,0,0,0,0,0,0,0,0,0,0,0,0,0,0,0,0,0,0,0,0,0,0,0,0,0,NA,0,0,0,0,0,0,0,0,0,0,0,0,0,0,0,0,NA,0,0,0,0,0,0,NA,NA,0,0,0,0,0,NA,0,0
blank,NA,NA,Nextseq533,MACA_P12,NTC12,c,lane1-s768-index--AGTGGTTAAG-AACTAACGTT-MACAP12,30908,12,0.04,-2%,-2,0,0,0,0,0,0,0,0,0,0,0,0,0,NA,0,0,0,0,0,0,0,0,0,0,,0,0,0,,0,0,0,0,0,0,0,0,,0,0,0,0,0,0,0,0,0,0,NA,0,0,0,0,0,0,0,0,0,0,0,0,0,0,0,0,0,0,0,0,0,0,0,0,0,0,0,0,0,NA,0,0,0,0,0,0,0,0,0,0,0,0,0,0,0,0,NA,,0,,0,0,0,NA,NA,0,0,,0,,NA,,0
blank,1,NA,Nextseq533,MACA_P12,NTC12,3,CONSENSUS,16304,9,0.07,-2%,-2,0,0,0,0,0,0,0,0,0,0,0,0,0,0,0,0,0,0,0,0,0,0,0,0,0,0,0,0,0,0,0,0,0,0,0,0,0,0,0,0,0,0,0,0,0,0,0,0,0,0,0,0,0,0,0,0,0,0,0,0,0,0,0,0,0,0,0,0,0,0,0,0,0,0,0,0,0,0,0,0,0,0,0,0,0,0,0,0,0,0,0,0,0,0,0,0,0,0,0,0,0,0,0,0,0,0,0,0,0,0,0,0
blank,NA,NA,Nextseq533,MACA_P11,NTC11,a,lane1-s080-index--TCCAGCCTGC-GATAAGCTCT-MACAP11,69247,9,0.01,-2%,-2,0,0,0,0,0,0,0,0,0,0,0,0,0,NA,0,0,0,0,0,0,0,0,0,0,0,0,0,0,0,0,0,0,0,0,0,0,0,0,0,0,0,0,0,0,0,0,0,0,NA,0,0,0,0,0,0,0,0,0,0,0,0,0,0,0,0,0,0,0,0,0,0,0,0,0,0,0,0,0,NA,0,0,0,0,0,0,0,0,0,0,0,0,0,0,0,0,NA,0,0,0,0,0,0,NA,NA,0,0,0,0,0,NA,0,0
blank,NA,NA,Nextseq533,MACA_P11,NTC11,b,lane1-s088-index--CAAGACGTCC-CAACGTCAGC-MACAP11,26944,2,0.01,-2%,-2,0,0,0,0,0,0,0,0,0,0,0,0,0,NA,0,0,0,0,0,0,0,0,0,0,,0,0,0,,0,0,0,0,0,0,0,0,,0,0,0,0,0,0,0,0,0,0,NA,0,0,0,0,0,0,0,0,0,0,0,0,0,0,0,0,0,0,0,0,0,0,0,0,0,0,0,0,0,NA,0,0,0,0,0,0,0,0,0,0,0,0,0,0,0,0,NA,,0,,0,0,0,NA,NA,0,0,,0,,NA,,0
blank,NA,NA,Nextseq533,MACA_P11,NTC11,c,lane1-s096-index--AGTGGTTAAG-GAGTTGTACT-MACAP11,28059,6,0.02,-2%,-2,0,0,0,0,0,0,0,0,0,0,0,0,0,NA,0,0,0,0,0,0,0,0,0,0,0,0,0,0,0,0,0,0,0,0,0,0,0,0,0,0,0,0,0,0,0,0,0,0,NA,0,0,0,0,0,0,0,0,0,0,0,0,0,0,0,0,0,0,0,0,0,0,0,0,0,0,0,0,0,NA,0,0,0,0,0,0,0,0,0,0,0,0,0,0,0,0,NA,0,0,0,0,0,0,NA,NA,0,0,0,0,0,NA,0,0
blank,1,NA,Nextseq533,MACA_P11,NTC11,3,CONSENSUS,41417,6,0.01,-2%,-2,0,0,0,0,0,0,0,0,0,0,0,0,0,0,0,0,0,0,0,0,0,0,0,0,0,0,0,0,0,0,0,0,0,0,0,0,0,0,0,0,0,0,0,0,0,0,0,0,0,0,0,0,0,0,0,0,0,0,0,0,0,0,0,0,0,0,0,0,0,0,0,0,0,0,0,0,0,0,0,0,0,0,0,0,0,0,0,0,0,0,0,0,0,0,0,0,0,0,0,0,0,0,0,0,0,0,0,0,0,0,0,0
scat_marten,NA,NA,Nextseq533,MACA_P12,TNF-594B,a,lane1-s750-index--TACTCTGCGC-GTACTGGCGT-MACAP12,525487,430331,81.89,23%,21,0,GG,0,CC,0,TT,0,0,AA,0,0,0,0,0,TC,0,TT,CC,CC,0,0,0,0,CC,0,0,0,TT,0,0,0,0,0,0,0,0,0,0,CC,0,0,0,AA,0,0,0,CC,CC,NA,0,0,CC,0,0,0,0,0,CC,0,0,0,0,0,0,0,0,0,0,0,0,GG,0,0,TT,0,0,0,AA,AA,0,0,0,0,0,CC,AA,0,0,GG,0,0,0,0,0,0,NA,0,0,0,0,0,0,NA,NA,0,0,AA,0,CC,NA,0,0
scat_marten,NA,NA,Nextseq533,MACA_P12,TNF-594B,b,lane1-s758-index--CTTCAACCAC-CCGTGGCCTT-MACAP12,246154,178479,72.51,26%,24,0,0,0,CC,0,TT,GG,0,0,0,0,0,0,0,0,0,0,0,0,0,AA,CC,0,CC,AA,0,0,0,0,CC,0,0,GG,0,0,0,0,0,0,0,0,0,0,AA,0,0,0,CC,NA,0,GG,0,0,0,0,0,0,0,CC,0,GG,0,TT,CC,CC,0,0,0,0,0,0,0,GG,0,GG,0,0,AA,0,GG,0,TT,0,CC,CC,AA,0,0,0,AA,0,0,0,0,0,NA,0,0,0,0,0,0,NA,NA,CC,0,0,0,CC,NA,0,0
scat_marten,NA,NA,Nextseq533,MACA_P12,TNF-594B,c,lane1-s766-index--TCAACCACGA-ACCAAGTTAC-MACAP12,53698,42421,79,20%,18,0,0,0,0,0,TT,0,0,0,0,0,0,0,0,0,0,0,0,0,0,0,0,0,0,0,0,0,0,0,0,AA,0,0,0,0,AA,0,0,0,0,0,0,0,GG,0,GG,0,0,NA,0,0,0,CC,CC,0,0,CC,0,0,0,0,CC,0,0,CC,0,0,0,0,0,GG,AA,0,TT,0,AA,0,AA,AA,0,GG,0,GG,CC,0,AA,0,0,0,0,0,0,0,0,0,NA,0,0,0,0,0,0,NA,NA,0,0,0,0,0,NA,GG,0
scat_marten,1,NA,Nextseq533,MACA_P12,TNF-594B,3,CONSENSUS,275113,217077,77.8,11%,10,0,0,0,CC,0,TT,0,0,0,0,0,0,0,0,0,0,0,0,0,0,0,0,0,CC,0,0,0,0,0,0,0,0,0,0,0,0,0,0,0,0,0,0,0,NA,0,0,0,CC,0,0,0,0,0,0,0,0,0,0,0,0,0,0,0,0,CC,0,0,0,0,0,GG,0,0,TT,0,0,0,AA,AA,0,0,0,0,CC,CC,AA,0,0,0,0,0,0,0,0,0,0,0,0,0,0,0,0,0,0,0,0,0,0,CC,0,0,0
scat_marten,NA,NA,Nextseq552,MACA_P13,BL002,a,lane1-s077-index--GTCCACCGCT-AACATCTAGT-M13_BL002_a_S77.assembled,1176861,1123750,95.49,91%,83,0,GA,CC,CC,GG,TT,AA,GG,AT,GG,TT,CC,TC,GG,TC,0,TT,CC,CC,0,GG,TT,CC,CA,AA,GG,0,TC,GA,CC,AT,0,AA,0,CC,GG,AA,,CC,GG,GG,TC,GG,GG,GG,GG,TT,TC,AG,CC,GG,GC,TT,CC,GG,CC,CC,CC,CC,CC,GA,CC,CC,GG,TC,AA,GG,GA,CC,0,GG,TA,GG,0,GA,GG,CC,AA,AA,GG,GG,TT,GG,CC,TT,AA,CC,GG,GG,CC,CC,CC,CT,0,0,GG,CC,GG,0,CT,GG,CC,GG,GG,CC,GG,AA,0,TT,GG,GG,GG
scat_marten,NA,NA,Nextseq552,MACA_P13,BL002,b,lane1-s085-index--AATGCGAACA-GTTGCAGTTG-M13_BL002_b_S85.assembled,680915,653456,95.97,93%,85,0,GA,CC,TT,GG,TT,AA,GG,AT,GG,TT,CC,TC,GG,TC,CT,TT,CT,CG,0,GG,0,CC,CA,AA,GG,0,TC,GA,CC,AT,0,GA,GA,CC,GG,AA,,CC,GG,GG,TC,GG,GG,GG,GG,TT,TC,AA,CC,GG,GC,TT,CC,GG,CC,CC,CC,CC,CC,GA,CC,CC,GG,TC,AA,GG,GA,CC,0,GG,TA,GG,AT,GA,GG,CC,AA,AA,GG,GG,TT,GG,CC,TT,AA,CC,GG,GG,CC,CC,CC,CT,GG,GG,GG,CC,GG,0,CT,GG,CC,GG,GG,CC,GG,AA,CC,TT,GG,GG,GG
scat_marten,NA,NA,Nextseq552,MACA_P13,BL002,c,lane1-s093-index--CAACACCGCA-CTCAAGGCCG-M13_BL002_c_S93.assembled,569040,545333,95.83,90%,82,0,GA,CC,CT,GG,TT,AA,GG,AA,GG,TT,CC,TC,GG,0,0,TT,CT,CC,0,GG,TT,CC,CA,AA,GG,0,TT,AA,CC,AT,0,GG,GA,CC,GG,0,,CC,GG,GG,TC,GG,GG,GG,GG,TT,TC,GG,CC,GG,GC,TT,CT,GG,CC,CC,CC,CC,CC,GA,CC,CC,GG,TC,AA,GG,GA,CC,0,GG,TA,GG,AT,AA,GG,CC,AA,AA,GG,GG,TT,GG,CC,TT,AA,CC,GG,GG,CC,CC,CC,CT,GG,GG,GG,CC,GG,0,CT,GG,CC,GG,GG,CC,GG,AA,CC,TT,GG,GG,GG
scat_marten,0,NA,Nextseq552,MACA_P13,BL002,3,CONSENSUS,808939,774180,95.76,90%,82,0,GA,CC,CT,GG,TT,AA,GG,AT,GG,TT,CC,TC,GG,TC,0,TT,CT,NA,0,GG,TT,CC,CA,AA,GG,0,TC,GA,CC,AT,0,GA,GA,CC,GG,AA,0,CC,GG,GG,TC,GG,GG,GG,GG,TT,TC,AG,CC,GG,GC,TT,NA,GG,CC,CC,CC,CC,CC,GA,CC,CC,GG,TC,AA,GG,GA,CC,0,GG,TA,GG,AT,GA,GG,CC,AA,AA,GG,GG,TT,GG,CC,TT,AA,CC,GG,GG,CC,CC,CC,CT,GG,GG,GG,CC,GG,0,CT,GG,CC,GG,GG,CC,GG,AA,CC,TT,GG,GG,GG
scat_marten,NA,NA,Nextseq552,MACA_P13,BL100,a,lane1-s076-index--CCTCCGGTTG-ACTGCAGCCG-M13_BL100_a_S76.assembled,214,2,0.93,-2%,-2,0,0,0,0,0,0,0,0,0,0,0,0,0,NA,0,0,0,0,0,0,0,0,0,0,0,0,0,0,,0,0,0,0,0,0,0,0,,0,0,0,0,0,0,0,0,0,0,NA,0,0,0,0,0,0,0,0,0,0,0,0,0,0,0,0,0,0,0,0,0,0,0,0,0,0,0,0,0,NA,0,0,0,0,0,0,0,0,0,0,0,0,0,0,0,0,NA,0,0,0,0,,0,NA,NA,0,0,,0,,NA,,0
scat_marten,NA,NA,Nextseq552,MACA_P13,BL100,b,lane1-s084-index--CGCTGTCTCA-CTATACGCGG-M13_BL100_b_S84.assembled,492,1,0.2,-2%,-2,0,0,0,0,0,0,0,0,0,0,0,0,0,NA,0,0,0,0,0,0,0,0,0,0,0,0,0,0,,0,0,0,0,0,0,0,0,,0,0,0,0,0,0,0,0,0,0,NA,0,0,0,0,0,0,0,0,0,0,0,0,0,0,0,0,0,0,0,0,0,0,0,0,0,0,0,0,0,NA,0,0,0,0,0,0,0,0,0,0,0,0,0,0,0,0,NA,0,0,0,0,,0,NA,NA,0,0,,0,,NA,,0
scat_marten,1,NA,Nextseq552,MACA_P13,BL100,3,CONSENSUS,269882,2,0.57,-2%,-2,0,0,0,0,0,0,0,0,0,0,0,0,0,0,0,0,0,0,0,0,0,0,0,0,0,0,0,0,0,0,0,0,0,0,0,0,0,0,0,0,0,0,0,0,0,0,0,0,0,0,0,0,0,0,0,0,0,0,0,0,0,0,0,0,0,0,0,0,0,0,0,0,0,0,0,0,0,0,0,0,0,0,0,0,0,0,0,0,0,0,0,0,0,0,0,0,0,0,0,0,0,0,0,0,0,0,0,0,0,0,0,0
scat_marten,NA,NA,Nextseq552,MACA_P13,KM060,a,lane1-s049-index--TATGATGGCC-AAGGCCTTGG-M13_KM060_a_S49.assembled,183449,166688,90.86,82%,75,0,AA,AA,0,CC,CC,AA,AA,AA,GG,CC,TT,CC,AA,0,CC,TC,CT,CC,0,GG,TT,AA,AA,AA,0,0,TT,GA,TT,AA,AA,0,AA,CC,0,GG,,CT,GA,GA,TT,GA,GG,0,GT,CC,TT,GG,TT,GG,GC,TT,0,0,TT,CC,CT,CT,0,0,AA,TT,GC,TC,GG,CC,AA,CC,0,GG,TT,GG,AT,AA,GA,CC,0,0,TT,AA,TT,GA,CC,CC,AA,GG,GG,GG,CC,TT,CC,CC,0,0,AA,CC,GG,0,CC,0,0,AA,GG,CC,GG,AA,CC,TT,GG,GG,CC
scat_marten,NA,NA,Nextseq552,MACA_P13,KM060,b,lane1-s057-index--CCACGCTGAA-AATTCGATCG-M13_KM060_b_S57.assembled,184151,168977,91.76,70%,64,0,AA,0,CC,CC,CC,0,AA,AA,GG,0,TT,CC,AA,TT,CC,0,0,CC,0,GG,0,AA,AA,AA,0,0,TT,GA,TT,AA,AA,0,AA,CC,GG,AG,,0,GG,GA,TT,0,AG,0,0,CC,TT,AG,0,GG,0,TT,TT,GG,0,CC,CT,CT,GG,AA,AA,TT,GC,CC,GG,CC,AA,CC,0,GG,0,GG,AT,GA,GA,CC,0,0,0,AA,TT,GA,0,CC,0,GG,GG,GA,0,TT,CC,CC,0,0,AA,CC,GG,0,0,GG,0,0,GA,CC,GG,AA,CC,TT,GG,GG,CC
scat_marten,NA,NA,Nextseq552,MACA_P13,KM060,c,lane1-s065-index--AATTCCATCT-GACTATATGT-M13_KM060_c_S65.assembled,209344,190629,91.06,74%,67,0,AA,0,CC,CC,CC,AA,AA,AA,0,0,TT,CC,AA,TT,CC,TT,0,CC,0,GG,0,AA,AA,0,0,0,TT,GA,TT,AA,AA,AA,AA,CC,GG,0,,CC,0,GA,TT,GA,0,GG,GG,CC,TT,GG,0,GG,0,TT,TT,GG,0,CC,CT,CT,0,AA,AA,TT,GC,TC,GG,CC,AA,CC,0,GG,TT,GG,AT,AA,GA,CC,0,0,0,AA,0,GA,CC,CC,GG,GG,0,AA,AA,0,CC,CC,0,0,AA,CC,GG,0,0,0,CC,0,AA,CC,GG,AA,CC,TT,GG,GG,CC
scat_marten,0.5,NA,Nextseq552,MACA_P13,KM060,3,CONSENSUS,192315,175431,91.23,69%,63,0,AA,0,CC,CC,CC,AA,AA,AA,GG,0,TT,CC,AA,TT,CC,NA,0,CC,0,GG,0,AA,AA,AA,0,0,TT,GA,TT,AA,AA,0,AA,CC,GG,NA,0,NA,NA,GA,TT,GA,NA,0,NA,CC,TT,NA,0,GG,0,TT,TT,GG,0,CC,CT,CT,0,AA,AA,TT,GC,TC,GG,CC,AA,CC,0,GG,TT,GG,AT,NA,GA,CC,0,0,0,AA,TT,GA,CC,CC,NA,GG,GG,GA,NA,TT,CC,CC,0,0,AA,CC,GG,0,0,0,0,0,GA,CC,GG,AA,CC,TT,GG,GG,CC
scat_marten,NA,Applegate_M01.sc,Nextseq552,MACA_P13,KM55,a,lane1-s030-index--AGGAGGTATC-TACTCTGTTA-M13_KM55_a_S30.assembled,259245,245795,94.81,86%,78,0,GA,CC,0,CC,TT,AA,GG,AT,GG,CT,CC,TT,GG,TT,CC,CC,CC,0,0,0,TT,0,CA,0,GG,0,TT,AA,CC,0,AA,0,GA,TT,AG,AA,,TT,AA,AA,TC,GG,GG,AA,0,CC,TT,GG,CC,TT,GC,TC,CC,GG,CT,CC,CT,CT,CC,AA,CA,TT,CC,CC,AA,CC,GA,CC,0,TT,TA,TT,AA,AA,GG,CT,AA,AA,GG,AA,TT,GG,CG,CC,GG,GC,0,GG,AA,CC,CC,TT,0,GG,0,CC,GG,0,CC,GG,TT,GG,GG,CC,GG,0,CC,TT,GG,GG,CC
scat_marten,NA,Applegate_M01.sc,Nextseq552,MACA_P13,KM55,b,lane1-s038-index--TGGTGTTATG-CAATGCTGAA-M13_KM55_b_S38.assembled,548694,526962,96.04,95%,86,0,AA,CC,TT,CC,TT,AA,GG,AA,GG,CC,CC,TT,GG,TT,CC,CC,CC,CC,0,AA,CT,CA,CA,GG,GG,0,TC,GA,CC,AT,AA,GG,AA,TT,GG,AA,,TT,AA,AA,TC,GG,GG,AA,TT,CC,TT,AG,CC,TT,GC,TT,CC,GG,TT,CC,0,CT,CC,AA,CA,TT,CC,TC,AA,CC,GA,CC,0,TT,TA,GT,AA,AA,GG,CC,AA,AA,GG,AG,TT,GG,CG,CC,GG,GC,TT,GG,AA,CC,CC,CT,GG,GG,AG,CC,GG,0,CC,GG,TT,GG,GG,CC,GG,AA,CC,TT,GG,GG,CC
scat_marten,NA,Applegate_M01.sc,Nextseq552,MACA_P13,KM55,c,lane1-s046-index--ACAACTACTG-TCTCACGCGT-M13_KM55_c_S46.assembled,460247,439654,95.53,88%,80,0,GA,CC,TT,CC,TT,AA,GG,TT,GG,CT,CC,TT,GG,TT,CC,CC,CC,CC,0,AA,CT,CC,0,GG,GG,0,TC,GA,CC,AT,AA,GA,0,TT,0,AA,,TT,AA,AA,TT,GG,GG,AA,TT,CC,TT,0,CC,TT,GG,TT,CC,GG,CC,CC,0,TT,CC,AA,CA,TT,CC,0,AA,CC,GA,CC,0,TT,0,GG,AA,AA,GG,TT,AA,AA,GG,AA,TT,GG,CG,CC,GG,GG,TT,GG,AA,CC,CC,CT,GG,GG,GG,CC,GG,0,CC,GG,TT,GG,GG,CC,GG,AA,CC,TT,GG,GG,CC
scat_marten,0,Applegate_M01.sc,Nextseq552,MACA_P13,KM55,3,CONSENSUS,422729,404137,95.46,86%,78,0,GA,CC,TT,CC,TT,AA,GG,AT,GG,CT,CC,TT,GG,TT,CC,CC,CC,CC,0,AA,CT,NA,CA,GG,GG,0,TC,GA,CC,AT,AA,NA,NA,TT,NA,AA,0,TT,AA,AA,TC,GG,GG,AA,TT,CC,TT,NA,CC,TT,GC,NA,CC,GG,CT,CC,0,CT,CC,AA,CA,TT,CC,NA,AA,CC,GA,CC,0,TT,TA,GT,AA,AA,GG,CT,AA,AA,GG,NA,TT,GG,CG,CC,GG,GC,TT,GG,AA,CC,CC,CT,GG,GG,NA,CC,GG,0,CC,GG,TT,GG,GG,CC,GG,AA,CC,TT,GG,GG,CC
scat_marten,NA,NA,Nextseq552,MACA_P13,KM64,a,lane1-s050-index--CGCAGCAATT-TGAACGCAAC-M13_KM64_a_S50.assembled,8621,3,0.03,-2%,-2,0,0,0,0,0,0,0,0,0,0,0,0,0,NA,0,0,0,0,0,0,0,0,0,0,0,0,0,0,0,0,0,0,0,0,0,0,0,,0,0,0,0,0,0,0,0,0,0,NA,0,0,0,0,0,0,0,0,0,0,0,0,0,0,0,0,0,0,0,0,0,0,0,0,0,0,0,0,0,NA,0,0,0,0,0,0,0,0,0,0,0,0,0,0,0,0,NA,0,0,0,0,0,0,NA,NA,0,0,0,0,0,NA,0,0
scat_marten,NA,NA,Nextseq552,MACA_P13,KM64,b,lane1-s058-index--GTTCGGAGTT-TTCCGACATT-M13_KM64_b_S58.assembled,8736,971,11.11,-1%,-1,0,0,0,0,0,0,0,0,0,0,0,0,0,NA,0,0,0,0,0,0,0,0,0,0,0,0,0,0,0,0,0,0,0,0,0,0,0,,0,0,0,0,0,0,0,0,0,0,NA,0,0,0,0,0,0,0,0,0,0,CC,0,0,0,0,0,0,0,0,0,0,0,0,0,0,0,0,0,0,NA,0,0,0,0,0,0,0,0,0,0,0,0,0,0,0,0,NA,0,0,0,0,GG,0,NA,NA,0,0,0,0,0,NA,0,0
scat_marten,NA,NA,Nextseq552,MACA_P13,KM64,c,lane1-s066-index--TTAACGGTGT-CGTTCGGAAC-M13_KM64_c_S66.assembled,13829,4084,29.53,-1%,-1,0,0,0,0,0,0,0,0,0,0,0,0,0,NA,0,0,0,0,0,0,0,0,0,0,0,0,0,0,,0,0,0,0,0,0,0,0,,0,0,0,0,0,0,0,0,0,0,NA,0,0,0,0,0,0,0,0,0,0,0,0,0,0,0,0,0,0,0,0,0,0,0,0,0,0,0,0,AA,NA,0,0,0,0,0,0,0,0,0,0,0,0,0,0,0,0,NA,0,0,0,0,0,0,NA,NA,0,0,,0,,NA,,0
scat_marten,1,NA,Nextseq552,MACA_P13,KM64,3,CONSENSUS,10395,1686,13.56,-2%,-2,0,0,0,0,0,0,0,0,0,0,0,0,0,0,0,0,0,0,0,0,0,0,0,0,0,0,0,0,0,0,0,0,0,0,0,0,0,0,0,0,0,0,0,0,0,0,0,0,0,0,0,0,0,0,0,0,0,0,0,0,0,0,0,0,0,0,0,0,0,0,0,0,0,0,0,0,0,0,0,0,0,0,0,0,0,0,0,0,0,0,0,0,0,0,0,0,0,0,0,0,0,0,0,0,0,0,0,0,0,0,0,0
scat_marten,NA,NDunes_F10.sc,Nextseq552,MACA_P13,KM65,a,lane1-s051-index--ACGTTCCTTA-CCGCTTAGCT-M13_KM65_a_S51.assembled,174685,166630,95.39,92%,84,0,AA,AA,TT,CC,TT,AA,GA,AA,0,CC,TT,TT,AA,TT,CT,CC,CC,CC,0,GG,TT,AA,AA,AA,AA,0,TT,AA,CT,AA,AA,AA,AA,CC,AG,AA,,TT,AA,GG,TT,AA,GG,GG,TT,TT,TT,AA,CC,TT,CC,TT,TT,AA,CT,CC,TT,CT,GG,AA,AA,TT,GC,TC,AA,CC,AA,CC,0,GG,TT,GG,AA,GG,AA,0,AA,AA,GG,AA,TT,GG,CC,CC,AG,GG,0,GG,CC,TT,TT,CC,0,0,AA,CC,GG,0,CC,GG,CC,GG,GG,CC,GG,AA,CC,TT,0,GG,CC
scat_marten,NA,NDunes_F10.sc,Nextseq552,MACA_P13,KM65,b,lane1-s059-index--ATAGCGGAAT-TGGCACGACC-M13_KM65_b_S59.assembled,233531,219833,94.13,91%,83,0,AA,AA,TT,CC,TT,AA,GA,AA,GG,CC,TT,TT,AA,TT,CT,CC,CC,0,0,GG,TT,AA,AA,0,0,0,TT,AA,TT,AA,AA,AA,AA,CC,AG,AA,,TT,GA,GG,TT,AA,GG,GG,GT,CT,TT,AA,CC,TT,CC,TT,TT,AA,CC,CC,TT,TT,0,AA,AA,TT,GC,CC,AA,CC,AA,CC,0,GG,TT,GT,AA,GG,AA,CC,AA,AA,GT,AA,TT,GG,CC,CC,GG,GG,GG,GG,AC,TT,TT,CC,0,0,AA,CC,GG,0,CC,0,CC,GG,GG,CC,GG,0,CC,TT,0,GG,CC
scat_marten,NA,NDunes_F10.sc,Nextseq552,MACA_P13,KM65,c,lane1-s067-index--ACTTGTTATC-TCGATACTAG-M13_KM65_c_S67.assembled,277952,263677,94.86,91%,83,0,AA,AA,TT,CC,TT,0,GA,AA,GA,CC,TT,TT,AA,TT,TT,CC,CC,CC,0,GG,TT,AA,AA,AA,0,0,TT,AA,TT,AA,AA,AA,AA,CC,0,AA,,TT,GA,GG,TT,AA,GG,GG,GT,CT,TT,AA,CC,TT,CC,TT,TT,AA,TT,CC,TT,CC,GG,AA,AA,TT,GC,TC,AA,CC,AA,CC,0,GG,TT,GG,AA,GG,AA,CT,AA,AA,GG,AA,TT,GG,CC,CC,0,GG,GG,GG,AC,TT,TT,CC,0,0,AA,CC,GG,0,CC,GG,CC,GG,GG,CC,GG,AA,CC,TT,0,GG,CC
scat_marten,0,NDunes_F10.sc,Nextseq552,MACA_P13,KM65,3,CONSENSUS,228723,216713,94.79,88%,80,0,AA,AA,TT,CC,TT,AA,GA,AA,NA,CC,TT,TT,AA,TT,CT,CC,CC,CC,0,GG,TT,AA,AA,AA,0,0,TT,AA,NA,AA,AA,AA,AA,CC,AG,AA,0,TT,GA,GG,TT,AA,GG,GG,GT,CT,TT,AA,CC,TT,CC,TT,TT,AA,CT,CC,TT,CT,GG,AA,AA,TT,GC,TC,AA,CC,AA,CC,0,GG,TT,NA,AA,GG,AA,NA,AA,AA,NA,AA,TT,GG,CC,CC,NA,GG,GG,GG,AC,TT,TT,CC,0,0,AA,CC,GG,0,CC,GG,CC,GG,GG,CC,GG,AA,CC,TT,0,GG,CC
scat_marten,NA,NDunes_F11.sc,Nextseq552,MACA_P13,KM67,a,lane1-s052-index--CCGCGTATAG-CACCGAGGAA-M13_KM67_a_S52.assembled,402402,387415,96.28,87%,79,0,AA,AA,CC,CC,TC,AG,AA,AA,0,CC,CT,CC,AA,CC,CC,0,0,CC,0,GG,TT,AA,AA,GG,0,0,TT,GA,TT,AA,AA,AA,AA,CC,0,AG,,CC,GG,GG,TT,AA,GG,GG,TT,TT,TC,AA,TT,GG,CC,TT,TT,AA,CC,CC,TT,TT,0,AA,AA,TT,GC,TT,AA,CC,AA,CC,0,GG,TT,TT,0,GG,GA,CC,AA,AA,TT,AA,TT,GG,CC,CC,AG,GG,GG,AA,CC,TT,0,CC,0,0,AA,CC,GG,0,CC,0,CC,AA,AA,CC,0,AA,CC,TT,GG,GG,CC
scat_marten,NA,NDunes_F11.sc,Nextseq552,MACA_P13,KM67,b,lane1-s060-index--GCAATATTCA-GCCACAGCAC-M13_KM67_b_S60.assembled,499070,472512,94.68,80%,73,0,GA,0,CC,CC,TC,AG,AA,AA,0,CC,CT,CC,AA,CC,CC,TC,CC,CC,0,GG,0,AA,AA,GG,0,0,TT,GA,TT,AA,AA,AA,0,CC,GG,0,,0,GG,GG,TT,AA,GG,GG,TT,CC,0,AA,0,GG,CC,0,TT,AA,CC,0,TT,TT,GG,AA,AA,TT,CC,TT,0,CC,AA,CC,0,GG,TT,TT,AT,GG,GA,CC,AA,AA,0,AA,0,GG,CC,CC,AG,GG,GG,AA,CC,TT,CT,CC,0,0,AA,CC,GG,0,CC,GG,CC,0,AA,CC,GG,AA,0,TT,GG,0,CC
scat_marten,NA,NDunes_F11.sc,Nextseq552,MACA_P13,KM67,c,lane1-s068-index--CGTGTACCAG-TACCACAATG-M13_KM67_c_S68.assembled,811791,784184,96.6,87%,79,0,GG,AA,CC,CC,TC,0,AA,AA,0,CC,CT,CC,AA,0,CC,TC,CC,CC,0,GG,TT,AA,AA,0,AA,0,TT,GA,TT,AA,AA,AA,AA,CC,GG,0,,CT,GG,GG,TT,AA,GG,GG,TT,CT,TC,AA,CT,GG,CC,TT,TT,AA,CC,CC,CT,CT,GG,AA,AA,TT,0,TT,AG,CC,AA,CC,0,GG,TT,TT,AA,GG,GA,CC,AA,AA,TT,AA,TT,GG,0,CC,AA,GG,GG,AA,CC,TT,CT,0,0,0,AA,CC,GG,0,CC,GG,CC,GA,AA,CC,GG,AA,CC,TT,GG,GG,CC
scat_marten,0,NDunes_F11.sc,Nextseq552,MACA_P13,KM67,3,CONSENSUS,571088,548037,95.85,85%,77,0,GA,AA,CC,CC,TC,AG,AA,AA,0,CC,CT,CC,AA,CC,CC,TC,CC,CC,0,GG,TT,AA,AA,GG,0,0,TT,GA,TT,AA,AA,AA,AA,CC,GG,0,0,NA,GG,GG,TT,AA,GG,GG,TT,CT,TC,AA,NA,GG,CC,TT,TT,AA,CC,CC,NA,NA,GG,AA,AA,TT,NA,TT,NA,CC,AA,CC,0,GG,TT,TT,NA,GG,GA,CC,AA,AA,TT,AA,TT,GG,CC,CC,AG,GG,GG,AA,CC,TT,CT,CC,0,0,AA,CC,GG,0,CC,GG,CC,NA,AA,CC,GG,AA,CC,TT,GG,GG,CC
scat_marten,NA,NDunes_M06.sc,Nextseq552,MACA_P13,KM68,a,lane1-s053-index--GATTCTGAAT-CGTATAATCA-M13_KM68_a_S53.assembled,617387,589482,95.48,92%,84,0,AA,AA,CT,CC,TT,AG,AA,AA,GA,CC,TT,TC,AA,TC,CC,TC,CC,CC,0,GG,TT,AA,AA,0,AA,0,TT,AA,0,AA,AA,AA,AA,CC,GG,AA,,CT,GA,GA,TT,AA,GG,GG,TT,CC,TT,AA,CT,GT,GC,TT,TT,0,TT,CC,TT,CC,GG,AA,AA,TT,CC,CC,AG,CC,AA,CC,0,GG,TT,GT,AT,GA,GA,CT,AA,AA,GG,AA,TT,GG,CC,CC,GG,GG,GG,GG,AC,TT,CT,CC,GG,GG,AA,CC,GG,0,CC,GG,CC,GA,GG,CC,GG,AA,CC,TT,GG,GG,CC
scat_marten,NA,NDunes_M06.sc,Nextseq552,MACA_P13,KM68,b,lane1-s061-index--CTAGATTGCG-CAGTAGTTGT-M13_KM68_b_S61.assembled,590197,565277,95.78,93%,85,0,AA,AA,CC,CC,TT,AG,AA,AA,GA,CC,TT,TC,AA,TC,CC,TC,CC,CC,0,GG,TT,AA,AA,AA,AA,0,TT,AA,TT,AA,AA,AA,AA,CC,GG,AA,,0,GA,GA,TT,AA,GG,GG,TT,CC,TT,AA,0,GT,GC,TT,TT,GA,TT,CC,TT,CC,GG,AA,AA,TT,CC,CC,AG,CC,AA,CC,0,GG,TT,GT,AT,GA,GA,CT,AA,AA,GG,AA,TT,GG,CC,CC,AG,GG,GG,GG,AC,TT,CT,CC,0,GG,AA,CC,GG,0,CC,GG,CC,0,GG,CC,GG,AA,CC,TT,GG,GG,CC
scat_marten,NA,NDunes_M06.sc,Nextseq552,MACA_P13,KM68,c,lane1-s069-index--TTAACCTTCG-TGGTATACCA-M13_KM68_c_S69.assembled,737751,697922,94.6,90%,82,0,AA,AA,CC,CC,TT,AG,AA,AA,0,CC,TT,TC,AA,TC,CC,TC,CC,CC,0,GG,TT,AA,AA,0,AA,0,TT,AA,TT,AA,AA,AA,AA,CC,GG,AA,,CT,GA,GA,TT,AA,GG,GG,TT,CC,TT,AA,CT,GT,GC,TT,TT,GA,TT,CC,TT,CC,0,AA,AA,TT,CC,CC,AG,CC,AA,CC,0,GG,TT,GT,AT,GA,GA,CT,0,0,GG,AA,TT,GG,CC,CC,AG,GG,GG,GG,CC,TT,CT,CC,GG,GG,AA,CC,GG,0,CC,GG,CC,GA,GG,CC,GG,AA,CC,TT,GG,GG,CC
scat_marten,0,NDunes_M06.sc,Nextseq552,MACA_P13,KM68,3,CONSENSUS,648445,617560,95.29,93%,85,0,AA,AA,NA,CC,TT,AG,AA,AA,GA,CC,TT,TC,AA,TC,CC,TC,CC,CC,0,GG,TT,AA,AA,0,AA,0,TT,AA,TT,AA,AA,AA,AA,CC,GG,AA,0,CT,GA,GA,TT,AA,GG,GG,TT,CC,TT,AA,CT,GT,GC,TT,TT,GA,TT,CC,TT,CC,GG,AA,AA,TT,CC,CC,AG,CC,AA,CC,0,GG,TT,GT,AT,GA,GA,CT,AA,AA,GG,AA,TT,GG,CC,CC,AG,GG,GG,GG,AC,TT,CT,CC,GG,GG,AA,CC,GG,0,CC,GG,CC,GA,GG,CC,GG,AA,CC,TT,GG,GG,CC
scat_marten,NA,NDunes_M06.sc,Nextseq552,MACA_P13,KM70,a,lane1-s054-index--TAGAGAATAC-ATGACAGAAC-M13_KM70_a_S54.assembled,107522,102074,94.93,95%,86,0,AA,AA,CT,CC,TT,AG,AA,AA,GA,CC,TT,TC,AA,TC,CC,TC,CC,CC,0,GG,TT,AA,AA,AA,0,0,TT,AA,TT,AA,AA,AA,AA,CC,GG,AA,,CT,GA,GA,TT,AA,GG,GG,TT,CC,TT,AA,CT,GT,GC,TT,TT,GA,TT,CC,TT,CC,GG,AA,AA,TT,CC,CC,AG,CC,AA,CC,0,GG,TT,GT,AT,GA,GA,CT,AA,AA,GG,AA,TT,GG,CC,CC,AG,GG,GG,GG,AC,TT,CT,CC,GG,GG,AA,CC,GG,0,CC,GG,CC,GA,GG,CC,GG,AA,CC,TT,GG,GG,CC
scat_marten,NA,NDunes_M06.sc,Nextseq552,MACA_P13,KM70,b,lane1-s062-index--CGATGCGGTT-AGCTCTCAAG-M13_KM70_b_S62.assembled,350784,329807,94.02,96%,87,0,AA,AA,CT,CC,TT,AG,AA,AA,GA,CC,TT,TC,AA,TC,CC,TC,CC,CC,0,GG,TT,AA,AA,AA,AA,0,TT,AA,TT,AA,AA,AA,AA,CC,GG,AA,,CT,GA,GA,TT,AA,GG,GG,TT,CC,TT,AA,CT,GT,GC,TT,TT,GA,TT,CC,TT,CC,GG,AA,AA,TT,CC,CC,AG,CC,AA,CC,0,GG,TT,GT,AT,GA,GA,CT,AA,AA,GG,AA,TT,GG,CC,CC,AG,GG,GG,GG,AC,TT,CT,CC,GG,GG,AA,CC,GG,0,CC,GG,CC,GA,GG,CC,GG,AA,CC,TT,GG,GG,CC
scat_marten,NA,NDunes_M06.sc,Nextseq552,MACA_P13,KM70,c,lane1-s070-index--CATATGCGAT-GCTCTCGTTG-M13_KM70_c_S70.assembled,365986,341200,93.23,95%,86,0,AA,AA,CT,CC,TT,AG,AA,AA,GA,CC,TT,TC,AA,TC,CC,TC,CC,CC,0,GG,TT,AA,AA,AA,AA,0,TT,AA,TT,AA,AA,AA,AA,CC,GG,AA,,CT,GA,GA,TT,AA,GG,GG,TT,CC,TT,AA,CT,GT,GC,TT,TT,GA,TT,CC,TT,CC,GG,AA,AA,TT,CC,CC,AG,CC,AA,CC,0,GG,TT,GT,AT,GA,GA,CT,AA,AA,GG,AA,TT,GG,CC,CC,AG,GG,GG,GG,AC,0,CT,CC,GG,GG,AA,CC,GG,0,CC,GG,CC,GA,GG,CC,GG,AA,CC,TT,GG,GG,CC
scat_marten,0,NDunes_M06.sc,Nextseq552,MACA_P13,KM70,3,CONSENSUS,274764,257694,94.06,96%,87,0,AA,AA,CT,CC,TT,AG,AA,AA,GA,CC,TT,TC,AA,TC,CC,TC,CC,CC,0,GG,TT,AA,AA,AA,AA,0,TT,AA,TT,AA,AA,AA,AA,CC,GG,AA,0,CT,GA,GA,TT,AA,GG,GG,TT,CC,TT,AA,CT,GT,GC,TT,TT,GA,TT,CC,TT,CC,GG,AA,AA,TT,CC,CC,AG,CC,AA,CC,0,GG,TT,GT,AT,GA,GA,CT,AA,AA,GG,AA,TT,GG,CC,CC,AG,GG,GG,GG,AC,TT,CT,CC,GG,GG,AA,CC,GG,0,CC,GG,CC,GA,GG,CC,GG,AA,CC,TT,GG,GG,CC
scat_marten,NA,NDunes_F12.sc,Nextseq552,MACA_P13,KM72,a,lane1-s055-index--TTGTATCAGG-ATTCATTGCA-M13_KM72_a_S55.assembled,280396,256596,91.51,96%,87,0,GA,AC,CT,CC,TT,AG,GA,AA,GA,CC,TT,TC,AA,TC,CC,TC,CC,CC,0,GG,TT,AA,AA,AA,GG,0,TT,GA,TT,AA,AA,GA,AA,CC,AG,AA,,CT,AA,GG,TC,AA,GG,AG,TT,CT,TT,AG,CC,GT,GG,TT,TT,GA,TT,CC,CT,CT,GG,AA,AA,TT,GC,TC,AA,CC,AA,CC,0,GG,TT,GT,AA,GG,GG,CT,AA,AA,GG,AA,TT,AA,CC,CC,AG,GG,GG,AA,AC,TT,CC,CC,0,0,AA,CC,GG,0,CC,GG,TC,GG,AA,CC,GG,AA,CC,TT,GG,GG,CC
scat_marten,NA,NDunes_F12.sc,Nextseq552,MACA_P13,KM72,b,lane1-s063-index--TCCGGACTAG-TCTGGAATTA-M13_KM72_b_S63.assembled,351675,325835,92.65,96%,87,0,GA,AC,CT,CC,TT,AG,GA,AA,GA,CC,TT,TC,AA,TC,CC,TC,CC,CC,0,GG,TT,AA,AA,AA,GG,0,TT,GA,TT,AA,AA,GA,AA,CC,AG,AA,,CT,AA,GG,TC,AA,GG,AG,TT,CT,TT,AG,CC,GT,GG,TT,TT,GA,TT,CC,CT,CT,GG,AA,AA,TT,GC,TC,AA,CC,AA,CC,0,GG,TT,GT,AA,GG,GG,CT,AA,AA,GG,AA,TT,AA,CC,CC,AG,GG,GG,AA,AC,TT,CC,CC,0,0,AA,CC,GG,0,CC,GG,TC,GG,AA,CC,GG,AA,CC,TT,GG,GG,CC
scat_marten,NA,NDunes_F12.sc,Nextseq552,MACA_P13,KM72,c,lane1-s071-index--AGCCTATGAT-GTCTCGTGAA-M13_KM72_c_S71.assembled,280736,257671,91.78,96%,87,0,GA,AC,CT,CC,TT,AG,GA,AA,GA,CC,TT,TC,AA,TC,CC,TC,CC,CC,0,GG,TT,AA,AA,AA,GG,0,TT,GA,TT,AA,AA,GA,AA,CC,AG,AA,,CT,AA,GG,TC,AA,GG,AG,TT,CT,TT,AG,CC,GT,GG,TT,TT,GA,TT,CC,CT,CT,GG,AA,AA,TT,GC,TC,AA,CC,AA,CC,0,GG,TT,GT,AA,GG,GG,CT,AA,AA,GG,AA,TT,AA,CC,CC,AG,GG,GG,AA,AC,TT,CC,CC,0,0,AA,CC,GG,0,CC,GG,TC,GG,AA,CC,GG,AA,CC,TT,GG,GG,CC
scat_marten,0,NDunes_F12.sc,Nextseq552,MACA_P13,KM72,3,CONSENSUS,304269,280034,91.98,96%,87,0,GA,AC,CT,CC,TT,AG,GA,AA,GA,CC,TT,TC,AA,TC,CC,TC,CC,CC,0,GG,TT,AA,AA,AA,GG,0,TT,GA,TT,AA,AA,GA,AA,CC,AG,AA,0,CT,AA,GG,TC,AA,GG,AG,TT,CT,TT,AG,CC,GT,GG,TT,TT,GA,TT,CC,CT,CT,GG,AA,AA,TT,GC,TC,AA,CC,AA,CC,0,GG,TT,GT,AA,GG,GG,CT,AA,AA,GG,AA,TT,AA,CC,CC,AG,GG,GG,AA,AC,TT,CC,CC,0,0,AA,CC,GG,0,CC,GG,TC,GG,AA,CC,GG,AA,CC,TT,GG,GG,CC
scat_marten,NA,NA,Nextseq552,MACA_P13,KM81,a,lane1-s056-index--CACAGCGGTC-TCATGTCCTG-M13_KM81_a_S56.assembled,1123414,1044541,92.98,79%,72,0,AA,AA,TT,CC,TT,GG,0,AA,AA,0,TT,TC,AA,TT,0,0,CC,CC,0,GG,TT,AA,AA,AA,AA,0,0,AA,TT,AA,AA,AA,AA,CC,GG,AA,,TT,GG,GG,TT,AA,GG,GG,TT,CC,TT,AA,0,0,0,0,TT,AA,TT,CC,TT,CC,0,AA,AA,TT,CC,0,AG,CC,AA,CC,0,GG,TT,GT,AT,GG,GA,CT,AA,AA,0,AA,TT,GG,0,0,GG,GG,GG,GG,0,TT,CT,CC,0,GG,AA,CC,GG,0,CC,0,CC,0,GG,0,GG,AA,CC,0,0,GG,CC
scat_marten,NA,NA,Nextseq552,MACA_P13,KM81,b,lane1-s064-index--GTGACGGAGC-ATTAGTGGAG-M13_KM81_b_S64.assembled,867314,797019,91.9,69%,63,0,AA,0,0,CC,0,AA,0,AA,AA,CC,TT,TT,AA,TT,CC,0,0,CC,0,GG,TT,0,AA,0,AA,0,0,AA,TT,AA,AA,AA,AA,CC,0,0,,TT,AA,GA,TT,AA,GG,GG,TT,CC,TT,0,CC,GT,0,TT,0,GG,0,0,TT,CC,0,AA,AA,TT,CC,0,GG,CC,AA,CC,0,GG,TT,GG,AA,GG,GA,CC,AA,0,GG,AA,0,GG,0,CC,GG,GG,GG,GG,0,TT,0,CC,0,GG,0,CC,GG,0,0,0,CC,GG,GG,CC,0,AA,CC,TT,GG,0,CC
scat_marten,NA,NA,Nextseq552,MACA_P13,KM81,c,lane1-s072-index--TATGACAATC-AAGGCCACCT-M13_KM81_c_S72.assembled,974079,911634,93.59,73%,66,0,AA,0,0,CC,0,AA,AA,AA,0,CC,TT,TC,AA,CC,CC,TT,CC,CC,0,GG,TT,AA,AA,AA,AA,0,0,AA,TT,AA,AA,AA,AA,CC,0,0,,0,GA,GA,TT,0,GG,0,TT,CC,TT,AA,CC,GG,0,TT,TT,AA,TT,CC,TT,CC,GG,AA,AA,TT,CC,0,AA,CC,AA,CC,0,GG,TT,GT,AT,0,GA,0,0,0,GG,AA,0,GG,0,0,AA,GG,GG,GG,0,TT,0,CC,0,GG,AA,CC,GG,0,CC,GG,0,GG,GG,CC,0,AA,CC,0,GG,GG,CC
scat_marten,0.5,NA,Nextseq552,MACA_P13,KM81,3,CONSENSUS,988269,917731,92.82,70%,64,0,AA,0,0,CC,0,NA,0,AA,AA,CC,TT,TC,AA,NA,CC,0,CC,CC,0,GG,TT,AA,AA,AA,AA,0,0,AA,TT,AA,AA,AA,AA,CC,0,0,0,TT,GA,GA,TT,AA,GG,GG,TT,CC,TT,AA,CC,NA,0,TT,TT,NA,TT,CC,TT,CC,0,AA,AA,TT,CC,0,AG,CC,AA,CC,0,GG,TT,GT,AT,GG,GA,NA,AA,0,GG,AA,0,GG,0,0,NA,GG,GG,GG,0,TT,0,CC,0,GG,AA,CC,GG,0,CC,0,CC,GG,GG,CC,0,AA,CC,0,GG,GG,CC
scat_marten,NA,NA,Nextseq552,MACA_P13,KM98,a,lane1-s073-index--ATGTTGTTGG-CTGTGAGCTA-M13_KM98_a_S73.assembled,8552,1,0.01,-2%,-2,0,0,0,0,0,0,0,0,0,0,0,0,0,NA,0,0,0,0,0,0,0,0,0,0,0,0,0,0,,0,0,0,0,0,0,0,0,,0,0,0,0,0,0,0,0,0,0,0,0,0,0,0,0,0,0,0,0,0,0,0,0,0,0,0,0,0,0,0,0,0,0,0,0,0,0,0,0,NA,0,0,0,0,0,0,0,0,0,0,0,0,0,0,0,0,NA,0,0,0,0,0,0,NA,NA,,0,,0,,NA,,0
scat_marten,NA,NA,Nextseq552,MACA_P13,KM98,b,lane1-s081-index--CTCGAATATA-ACACAATATC-M13_KM98_b_S81.assembled,13051,6580,50.42,-1%,-1,0,0,0,0,0,0,0,0,0,0,0,0,0,NA,0,0,0,0,0,0,0,0,0,0,0,0,0,0,,0,0,0,0,0,0,0,0,,0,0,0,0,0,0,0,0,0,0,0,0,0,0,0,0,0,0,0,0,0,0,0,0,0,0,0,0,0,0,0,0,0,0,0,0,0,0,0,AA,NA,0,0,0,0,0,0,0,0,0,0,0,0,0,0,0,0,NA,0,0,0,0,0,0,NA,NA,,0,,0,,NA,,0
scat_marten,NA,NA,Nextseq552,MACA_P13,KM98,c,lane1-s089-index--ACGGTCCAAC-ACGCTTGGAC-M13_KM98_c_S89.assembled,23424,21153,90.3,2%,2,0,0,0,0,0,0,0,0,0,0,0,0,0,NA,0,0,0,CC,0,0,0,0,0,0,0,AA,0,0,0,0,0,0,0,0,0,0,0,,0,0,0,0,0,0,0,0,0,0,0,0,0,0,0,0,0,0,0,0,0,0,0,0,0,0,0,AA,0,0,0,0,0,0,0,0,0,0,0,AA,NA,0,0,0,0,0,0,0,0,0,0,0,0,0,0,0,0,NA,0,0,0,0,0,0,NA,NA,0,0,0,0,0,NA,0,0
scat_marten,1,NA,Nextseq552,MACA_P13,KM98,3,CONSENSUS,15009,9245,46.91,1%,1,4,0,0,0,0,0,0,0,0,0,0,0,0,0,0,0,0,FALSE,0,0,0,0,0,0,0,FALSE,0,0,0,0,0,0,0,0,0,0,0,0,0,0,0,0,0,0,0,0,0,0,0,0,0,0,0,0,0,0,0,0,0,0,0,0,0,0,0,0,0,0,0,0,0,0,0,0,0,0,0,FALSE,0,0,0,0,0,0,0,0,0,0,0,0,0,0,0,0,0,0,0,0,0,0,0,0,0,0,0,0,0,0,0,0,0,0
blank,NA,NA,Nextseq552,MACA_P13,NTC13A,a,lane1-s032-index--CTAATAACCG-CTAGGCAAGG-M13_NTC13A_a_S32.assembled,41110,2,0,-2%,-2,0,0,0,0,0,0,0,0,0,0,0,0,0,NA,0,0,0,0,0,0,0,0,0,0,0,0,0,0,0,0,0,0,0,0,0,0,0,,0,0,0,0,0,0,0,0,0,0,0,0,0,0,0,0,0,0,0,0,0,0,0,0,0,0,0,0,0,0,0,0,0,0,0,0,0,0,0,0,NA,0,0,0,0,0,0,0,0,0,0,0,0,0,0,0,0,NA,0,0,0,0,0,0,NA,NA,0,0,0,0,0,NA,0,0
blank,NA,NA,Nextseq552,MACA_P13,NTC13A,b,lane1-s040-index--CCAGGCACCA-GGTGTACAAG-M13_NTC13A_b_S40.assembled,16180,3,0.02,-2%,-2,0,0,0,0,0,0,0,0,0,0,0,0,0,NA,0,0,0,0,0,0,0,0,0,0,0,0,0,0,0,0,0,0,0,0,0,0,0,,0,0,0,0,0,0,0,0,0,0,0,0,0,0,0,0,0,0,0,0,0,0,0,0,0,0,0,0,0,0,0,0,0,0,0,0,0,0,0,0,NA,0,0,0,0,0,0,0,0,0,0,0,0,0,0,0,0,0,0,0,0,0,0,0,0,0,0,0,0,0,0,0,0,0
blank,NA,NA,Nextseq552,MACA_P13,NTC13A,c,lane1-s048-index--AATCCAATTG-TCGAATGGAA-M13_NTC13A_c_S48.assembled,1494,1,0.07,-2%,-2,0,0,0,0,0,0,0,0,0,0,0,0,0,NA,0,0,0,0,0,0,0,0,0,0,,0,0,0,,0,0,0,0,0,0,0,0,,0,0,0,0,0,0,0,0,0,0,0,0,0,0,0,0,0,0,0,0,0,0,0,0,0,0,0,0,0,0,0,0,0,0,0,0,0,0,0,0,NA,0,0,0,0,0,0,0,0,0,0,0,0,0,0,0,0,NA,0,0,0,0,0,0,NA,NA,0,0,,0,,NA,,0
blank,1,NA,Nextseq552,MACA_P13,NTC13A,3,CONSENSUS,19595,2,0.03,-2%,-2,0,0,0,0,0,0,0,0,0,0,0,0,0,0,0,0,0,0,0,0,0,0,0,0,0,0,0,0,0,0,0,0,0,0,0,0,0,0,0,0,0,0,0,0,0,0,0,0,0,0,0,0,0,0,0,0,0,0,0,0,0,0,0,0,0,0,0,0,0,0,0,0,0,0,0,0,0,0,0,0,0,0,0,0,0,0,0,0,0,0,0,0,0,0,0,0,0,0,0,0,0,0,0,0,0,0,0,0,0,0,0,0
blank,NA,NA,Nextseq552,MACA_P13,NTC13B,a,lane1-s080-index--CCTTCTAACA-GCCAGATCCA-M13_NTC13B_a_S80.assembled,2711,155,5.72,0%,0,0,0,0,0,0,0,0,0,0,0,0,0,0,0,0,0,0,0,0,0,0,0,0,AA,0,0,0,0,0,0,0,0,0,0,0,0,0,,0,0,0,0,0,0,0,0,0,0,0,0,0,0,0,0,0,0,0,0,0,0,0,0,0,CC,0,0,0,0,0,0,0,0,0,0,0,0,0,0,0,0,0,0,0,0,0,0,0,0,0,0,0,0,0,0,0,0,0,0,0,0,0,0,0,0,0,0,0,0,0,0,0,0
blank,NA,NA,Nextseq552,MACA_P13,NTC13B,b,lane1-s088-index--ATCCAGGTAT-AGTATACGGA-M13_NTC13B_b_S88.assembled,2710,4,0.15,-2%,-2,0,0,0,0,0,0,0,0,0,0,0,0,0,NA,0,0,0,0,0,0,0,0,0,0,0,0,0,0,0,0,0,0,0,0,0,0,0,,0,0,0,0,0,0,0,0,0,0,0,0,0,0,0,0,0,0,0,0,0,0,0,0,0,0,0,0,0,0,0,0,0,0,0,0,0,0,0,0,NA,0,0,0,0,0,0,0,0,0,0,0,0,0,0,0,0,NA,0,0,0,0,0,0,NA,NA,0,0,0,0,0,NA,0,0
blank,1,NA,Nextseq552,MACA_P13,NTC13B,3,CONSENSUS,8339,80,2.94,0%,0,2,0,0,0,0,0,0,0,0,0,0,0,0,0,0,0,0,0,0,0,0,0,0,FALSE,0,0,0,0,0,0,0,0,0,0,0,0,0,0,0,0,0,0,0,0,0,0,0,0,0,0,0,0,0,0,0,0,0,0,0,0,0,0,0,FALSE,0,0,0,0,0,0,0,0,0,0,0,0,0,0,0,0,0,0,0,0,0,0,0,0,0,0,0,0,0,0,0,0,0,0,0,0,0,0,0,0,0,0,0,0,0,0,0,0
scat_marten,NA,NA,Nextseq552,MACA_P13,PM16,a,lane1-s075-index--AGGCGTTCGC-AGAAGCCAAT-M13_PM16_a_S75.assembled,6975,5426,77.79,4%,4,0,AA,0,0,0,0,0,0,AA,0,0,0,CC,NA,0,0,0,0,0,0,GG,0,0,0,0,0,0,0,,0,0,0,0,0,0,0,0,,0,0,0,0,0,0,0,0,0,0,0,0,0,0,0,0,0,0,0,0,0,0,0,0,0,0,0,0,0,0,0,0,0,0,0,0,AA,0,0,0,NA,0,0,0,0,0,0,0,0,0,GG,0,0,0,0,0,0,0,0,0,0,0,0,0,0,GG,0,0,,0,,0,,0
scat_marten,NA,NA,Nextseq552,MACA_P13,PM16,b,lane1-s083-index--TATCCGAGGC-CCTTCACGTA-M13_PM16_b_S83.assembled,22286,21349,95.8,4%,4,0,0,0,0,0,0,0,0,0,0,0,0,0,NA,0,0,0,0,0,0,GG,0,0,0,0,0,0,0,0,CC,0,0,0,0,0,0,0,,0,0,0,0,0,0,0,0,0,0,0,0,0,0,0,0,0,TT,0,0,TT,0,0,0,0,0,0,AA,0,0,0,0,0,0,0,0,0,0,0,0,NA,0,0,0,0,0,0,0,0,GG,0,0,0,0,0,0,0,NA,0,0,0,CC,0,0,NA,NA,0,0,0,0,0,NA,0,0
scat_marten,NA,NA,Nextseq552,MACA_P13,PM16,c,lane1-s091-index--AGCGCCACAC-TACACGCTCC-M13_PM16_c_S91.assembled,27211,24669,90.66,3%,3,0,0,0,0,0,0,0,0,0,0,0,0,0,NA,0,0,0,0,0,0,0,0,0,0,0,0,0,0,,0,0,0,0,0,0,0,0,,0,0,0,TT,0,0,0,0,CC,TT,0,0,0,0,0,0,0,0,0,TT,0,0,0,0,TT,0,0,0,0,0,0,0,0,0,0,0,0,0,0,0,NA,0,0,0,0,0,0,0,0,0,0,0,0,0,0,0,0,NA,0,0,0,0,0,0,NA,NA,0,0,,0,,NA,,0
scat_marten,1,NA,Nextseq552,MACA_P13,PM16,3,CONSENSUS,18824,17148,88.08,13%,12,15,FALSE,0,0,0,0,0,0,FALSE,0,0,0,FALSE,0,0,0,0,0,0,0,FALSE,0,0,0,0,0,0,0,0,FALSE,0,0,0,0,0,0,0,0,0,0,0,FALSE,0,0,0,0,FALSE,FALSE,0,0,0,0,0,0,0,FALSE,0,FALSE,FALSE,0,0,0,FALSE,0,0,FALSE,0,0,0,0,0,0,0,0,FALSE,0,0,0,0,0,0,0,0,0,0,0,0,0,0,0,0,0,0,0,0,0,0,0,0,FALSE,0,0,0,0,0,0,0,0,0,0,0,0
scat_marten,NA,ORcasc_M01.sc,Nextseq552,MACA_P13,SCC155,a,lane1-s074-index--GCACCACCAA-TCACAGATCG-M13_SCC155_a_S74.assembled,419904,370648,88.27,96%,87,0,GG,AC,CT,GG,TC,AA,GA,AA,GG,CC,TT,TT,GG,TT,TT,TT,CC,CG,0,GG,CC,CC,CA,AA,GG,0,CC,AA,CC,AT,AA,GG,GA,CT,AA,GG,,CC,GA,GG,CC,GA,GG,GG,GG,CC,TT,AA,CC,GT,CC,TT,CC,GA,CC,CC,TT,CC,CC,GG,CA,TC,GC,TT,AA,CC,GG,CC,0,TT,TT,GG,AA,GG,GG,CC,AA,AA,GT,AG,TT,GG,CC,CC,AA,CC,GT,GG,CC,TC,CT,CC,0,GG,GG,CT,GG,0,CC,GG,CC,GG,GG,CC,GG,AA,CC,TT,GG,GG,CC
scat_marten,NA,ORcasc_M01.sc,Nextseq552,MACA_P13,SCC155,b,lane1-s082-index--GATCGTCGCG-TGGAGGTAAT-M13_SCC155_b_S82.assembled,53217,45796,86.06,91%,83,0,GG,AC,CT,GG,TC,AA,GA,AA,GG,0,TT,TT,GG,TT,TT,TT,CC,CG,0,GG,CC,CC,CA,AA,GG,0,CC,AA,CC,AT,AA,GG,GA,CT,AA,GG,,CC,GA,GG,CC,GA,GG,GG,GG,CC,TT,AA,CC,GT,CC,TT,CC,GA,CC,CC,TT,CC,CC,GG,CA,TC,GC,TT,AA,CC,GG,CC,0,TT,TT,GG,AA,GG,GG,CC,AA,AA,GT,0,0,GG,CC,CC,AA,CC,GT,GG,0,TC,CT,CC,0,GG,GG,CT,GG,0,CC,GG,CC,GG,GG,CC,GG,AA,CC,TT,GG,GG,CC
scat_marten,NA,ORcasc_M01.sc,Nextseq552,MACA_P13,SCC155,c,lane1-s090-index--GTAACTTGGT-GGAGTAGATT-M13_SCC155_c_S90.assembled,251743,223757,88.88,96%,87,0,GG,AC,CT,GG,TC,AA,GA,AA,GG,CC,TT,TT,GG,TT,TT,TT,CC,CG,0,GG,CC,CC,CA,AA,GG,0,CC,AA,CC,AT,AA,GG,GA,CT,AA,GG,,CC,GA,GG,CC,GA,GG,GG,GG,CC,TT,AA,CC,GT,CC,TT,CC,GA,CC,CC,TT,CC,CC,GG,CA,TC,GC,TT,AA,CC,GG,CC,0,TT,TT,GG,AA,GG,GG,CC,AA,AA,GT,AG,TT,GG,CC,CC,AA,CC,GT,GG,CC,TC,CT,CC,0,GG,GG,CT,GG,0,CC,GG,CC,GG,GG,CC,GG,AA,CC,TT,GG,GG,CC
scat_marten,0,ORcasc_M01.sc,Nextseq552,MACA_P13,SCC155,3,CONSENSUS,241621,213400,87.74,96%,87,0,GG,AC,CT,GG,TC,AA,GA,AA,GG,CC,TT,TT,GG,TT,TT,TT,CC,CG,0,GG,CC,CC,CA,AA,GG,0,CC,AA,CC,AT,AA,GG,GA,CT,AA,GG,0,CC,GA,GG,CC,GA,GG,GG,GG,CC,TT,AA,CC,GT,CC,TT,CC,GA,CC,CC,TT,CC,CC,GG,CA,TC,GC,TT,AA,CC,GG,CC,0,TT,TT,GG,AA,GG,GG,CC,AA,AA,GT,AG,TT,GG,CC,CC,AA,CC,GT,GG,CC,TC,CT,CC,0,GG,GG,CT,GG,0,CC,GG,CC,GG,GG,CC,GG,AA,CC,TT,GG,GG,CC